MSSubClass,MSZoning,LotFrontage,LotArea,Street,Alley,LotShape,LandContour,Utilities,LotConfig,LandSlope,Neighborhood,Condition1,Condition2,BldgType,HouseStyle,OverallQual,OverallCond,YearBuilt,YearRemodAdd,RoofStyle,RoofMatl,Exterior1st,Exterior2nd,MasVnrType,MasVnrArea,ExterQual,ExterCond,Foundation,BsmtQual,BsmtCond,BsmtExposure,BsmtFinType1,BsmtFinSF1,BsmtFinType2,BsmtFinSF2,BsmtUnfSF,TotalBsmtSF,Heating,HeatingQC,CentralAir,Electrical,1stFlrSF,2ndFlrSF,LowQualFinSF,GrLivArea,BsmtFullBath,BsmtHalfBath,FullBath,HalfBath,BedroomAbvGr,KitchenAbvGr,KitchenQual,TotRmsAbvGrd,Functional,Fireplaces,FireplaceQu,GarageType,GarageYrBlt,GarageFinish,GarageCars,GarageArea,GarageQual,GarageCond,PavedDrive,WoodDeckSF,OpenPorchSF,EnclosedPorch,3SsnPorch,ScreenPorch,PoolArea,PoolQC,Fence,MiscFeature,MiscVal,MoSold,YrSold,SaleType,SaleCondition,TotalSF,HouseAge,RemodAge,TotalBath,TotalPorchSF,HasGarage,HasBasement,HasFireplace,HasPool,QualityIndex,SalePrice
60,RL,65.0,8450,Pave,nan,4,Lvl,AllPub,Inside,3,CollgCr,Norm,Norm,1Fam,2Story,7,5,2003,2003,Gable,CompShg,VinylSd,VinylSd,BrkFace,196.0,4,3,PConc,4,3,1,6,706,1,0,150,856,GasA,5,1,SBrkr,856,854,0,1710,1,0,2,1,3,1,4,8,Typ,0,0,Attchd,2003.0,2,2,548,3,3,Y,0,61,0,0,0,0,0,nan,nan,0,2,2008,WD,Normal,2566,5,5,3.5,61,1,1,0,0,6.0,208500
20,RL,80.0,9600,Pave,nan,4,Lvl,AllPub,FR2,3,Veenker,Feedr,Norm,1Fam,1Story,6,8,1976,1976,Gable,CompShg,MetalSd,MetalSd,BrkFace,0.0,3,3,CBlock,4,3,4,5,978,1,0,284,1262,GasA,5,1,SBrkr,1262,0,0,1262,0,1,2,0,3,1,3,6,Typ,1,3,Attchd,1976.0,2,2,460,3,3,Y,298,0,0,0,0,0,0,nan,nan,0,5,2007,WD,Normal,2524,31,31,2.5,0,1,1,1,0,7.0,181500
60,RL,68.0,11250,Pave,nan,3,Lvl,AllPub,Inside,3,CollgCr,Norm,Norm,1Fam,2Story,7,5,2001,2002,Gable,CompShg,VinylSd,VinylSd,BrkFace,162.0,4,3,PConc,4,3,2,6,486,1,0,434,920,GasA,5,1,SBrkr,920,866,0,1786,1,0,2,1,3,1,4,6,Typ,1,3,Attchd,2001.0,2,2,608,3,3,Y,0,42,0,0,0,0,0,nan,nan,0,9,2008,WD,Normal,2706,7,6,3.5,42,1,1,1,0,6.0,223500
70,RL,60.0,9550,Pave,nan,3,Lvl,AllPub,Corner,3,Crawfor,Norm,Norm,1Fam,2Story,7,5,1915,1970,Gable,CompShg,Wd Sdng,Wd Shng,BrkFace,0.0,3,3,BrkTil,3,4,1,5,216,1,0,540,756,GasA,4,1,SBrkr,961,756,0,1717,1,0,1,0,3,1,4,7,Typ,1,4,Detchd,1998.0,1,3,642,3,3,Y,0,35,272,0,0,0,0,nan,nan,0,2,2006,WD,Abnorml,2473,91,36,2.0,307,1,1,1,0,6.0,140000
60,RL,84.0,14260,Pave,nan,3,Lvl,AllPub,FR2,3,NoRidge,Norm,Norm,1Fam,2Story,8,5,2000,2000,Gable,CompShg,VinylSd,VinylSd,BrkFace,350.0,4,3,PConc,4,3,3,6,655,1,0,490,1145,GasA,5,1,SBrkr,1145,1053,0,2198,1,0,2,1,4,1,4,9,Typ,1,3,Attchd,2000.0,2,3,836,3,3,Y,192,84,0,0,0,0,0,nan,nan,0,12,2008,WD,Normal,3343,8,8,3.5,84,1,1,1,0,6.5,250000
50,RL,85.0,14115,Pave,nan,3,Lvl,AllPub,Inside,3,Mitchel,Norm,Norm,1Fam,1.5Fin,5,5,1993,1995,Gable,CompShg,VinylSd,VinylSd,BrkFace,0.0,3,3,Wood,4,3,1,6,732,1,0,64,796,GasA,5,1,SBrkr,796,566,0,1362,1,0,1,1,1,1,3,5,Typ,0,0,Attchd,1993.0,1,2,480,3,3,Y,40,30,0,320,0,0,0,MnPrv,Shed,700,10,2009,WD,Normal,2158,16,14,2.5,350,1,1,0,0,5.0,143000
20,RL,75.0,10084,Pave,nan,4,Lvl,AllPub,Inside,3,Somerst,Norm,Norm,1Fam,1Story,8,5,2004,2005,Gable,CompShg,VinylSd,VinylSd,Stone,186.0,4,3,PConc,5,3,3,6,1369,1,0,317,1686,GasA,5,1,SBrkr,1694,0,0,1694,1,0,2,0,3,1,4,7,Typ,1,4,Attchd,2004.0,2,2,636,3,3,Y,255,57,0,0,0,0,0,nan,nan,0,8,2007,WD,Normal,3380,3,2,3.0,57,1,1,1,0,6.5,307000
60,RL,69.0,10382,Pave,nan,3,Lvl,AllPub,Corner,3,NWAmes,PosN,Norm,1Fam,2Story,7,6,1973,1973,Gable,CompShg,HdBoard,HdBoard,Stone,240.0,3,3,CBlock,4,3,2,5,859,4,32,216,1107,GasA,5,1,SBrkr,1107,983,0,2090,1,0,2,1,3,1,3,7,Typ,2,3,Attchd,1973.0,2,2,484,3,3,Y,235,204,228,0,0,0,0,nan,Shed,350,11,2009,WD,Normal,3197,36,36,3.5,432,1,1,1,0,6.5,200000
50,RM,51.0,6120,Pave,nan,4,Lvl,AllPub,Inside,3,OldTown,Artery,Norm,1Fam,1.5Fin,7,5,1931,1950,Gable,CompShg,BrkFace,Wd Shng,BrkFace,0.0,3,3,BrkTil,3,3,1,1,0,1,0,952,952,GasA,4,1,FuseF,1022,752,0,1774,0,0,2,0,2,2,3,8,Min1,2,3,Detchd,1931.0,1,2,468,2,3,Y,90,0,205,0,0,0,0,nan,nan,0,4,2008,WD,Abnorml,2726,77,58,2.0,205,1,1,1,0,6.0,129900
190,RL,50.0,7420,Pave,nan,4,Lvl,AllPub,Corner,3,BrkSide,Artery,Artery,2fmCon,1.5Unf,5,6,1939,1950,Gable,CompShg,MetalSd,MetalSd,BrkFace,0.0,3,3,BrkTil,3,3,1,6,851,1,0,140,991,GasA,5,1,SBrkr,1077,0,0,1077,1,0,1,0,2,2,3,5,Typ,2,3,Attchd,1939.0,2,1,205,4,3,Y,0,4,0,0,0,0,0,nan,nan,0,1,2008,WD,Normal,2068,69,58,2.0,4,1,1,1,0,5.5,118000
20,RL,70.0,11200,Pave,nan,4,Lvl,AllPub,Inside,3,Sawyer,Norm,Norm,1Fam,1Story,5,5,1965,1965,Hip,CompShg,HdBoard,HdBoard,BrkFace,0.0,3,3,CBlock,3,3,1,3,906,1,0,134,1040,GasA,5,1,SBrkr,1040,0,0,1040,1,0,1,0,3,1,3,5,Typ,0,0,Detchd,1965.0,1,1,384,3,3,Y,0,0,0,0,0,0,0,nan,nan,0,2,2008,WD,Normal,2080,43,43,2.0,0,1,1,0,0,5.0,129500
60,RL,85.0,11924,Pave,nan,3,Lvl,AllPub,Inside,3,NridgHt,Norm,Norm,1Fam,2Story,9,5,2005,2006,Hip,CompShg,WdShing,Wd Shng,Stone,286.0,5,3,PConc,5,3,1,6,998,1,0,177,1175,GasA,5,1,SBrkr,1182,1142,0,2324,1,0,3,0,4,1,5,11,Typ,2,4,BuiltIn,2005.0,3,3,736,3,3,Y,147,21,0,0,0,0,0,nan,nan,0,7,2006,New,Partial,3499,1,0,4.0,21,1,1,1,0,7.0,345000
20,RL,69.0,12968,Pave,nan,2,Lvl,AllPub,Inside,3,Sawyer,Norm,Norm,1Fam,1Story,5,6,1962,1962,Hip,CompShg,HdBoard,Plywood,BrkFace,0.0,3,3,CBlock,3,3,1,5,737,1,0,175,912,GasA,3,1,SBrkr,912,0,0,912,1,0,1,0,2,1,3,4,Typ,0,0,Detchd,1962.0,1,1,352,3,3,Y,140,0,0,0,176,0,0,nan,nan,0,9,2008,WD,Normal,1824,46,46,2.0,176,1,1,0,0,5.5,144000
20,RL,91.0,10652,Pave,nan,3,Lvl,AllPub,Inside,3,CollgCr,Norm,Norm,1Fam,1Story,7,5,2006,2007,Gable,CompShg,VinylSd,VinylSd,Stone,306.0,4,3,PConc,4,3,3,1,0,1,0,1494,1494,GasA,5,1,SBrkr,1494,0,0,1494,0,0,2,0,3,1,4,7,Typ,1,4,Attchd,2006.0,2,3,840,3,3,Y,160,33,0,0,0,0,0,nan,nan,0,8,2007,New,Partial,2988,1,0,2.0,33,1,1,1,0,6.0,279500
20,RL,69.0,10920,Pave,nan,3,Lvl,AllPub,Corner,3,NAmes,Norm,Norm,1Fam,1Story,6,5,1960,1960,Hip,CompShg,MetalSd,MetalSd,BrkFace,212.0,3,3,CBlock,3,3,1,4,733,1,0,520,1253,GasA,3,1,SBrkr,1253,0,0,1253,1,0,1,1,2,1,3,5,Typ,1,2,Attchd,1960.0,2,1,352,3,3,Y,0,213,176,0,0,0,0,GdWo,nan,0,5,2008,WD,Normal,2506,48,48,2.5,389,1,1,1,0,5.5,157000
45,RM,51.0,6120,Pave,nan,4,Lvl,AllPub,Corner,3,BrkSide,Norm,Norm,1Fam,1.5Unf,7,8,1929,2001,Gable,CompShg,Wd Sdng,Wd Sdng,BrkFace,0.0,3,3,BrkTil,3,3,1,1,0,1,0,832,832,GasA,5,1,FuseA,854,0,0,854,0,0,1,0,2,1,3,5,Typ,0,0,Detchd,1991.0,1,2,576,3,3,Y,48,112,0,0,0,0,0,GdPrv,nan,0,7,2007,WD,Normal,1686,78,6,1.0,112,1,1,0,0,7.5,132000
20,RL,69.0,11241,Pave,nan,3,Lvl,AllPub,CulDSac,3,NAmes,Norm,Norm,1Fam,1Story,6,7,1970,1970,Gable,CompShg,Wd Sdng,Wd Sdng,BrkFace,180.0,3,3,CBlock,3,3,1,5,578,1,0,426,1004,GasA,5,1,SBrkr,1004,0,0,1004,1,0,1,0,2,1,3,5,Typ,1,3,Attchd,1970.0,3,2,480,3,3,Y,0,0,0,0,0,0,0,nan,Shed,700,3,2010,WD,Normal,2008,40,40,2.0,0,1,1,1,0,6.5,149000
90,RL,72.0,10791,Pave,nan,4,Lvl,AllPub,Inside,3,Sawyer,Norm,Norm,Duplex,1Story,4,5,1967,1967,Gable,CompShg,MetalSd,MetalSd,BrkFace,0.0,3,3,Slab,0,0,0,0,0,0,0,0,0,GasA,3,1,SBrkr,1296,0,0,1296,0,0,2,0,2,2,3,6,Typ,0,0,CarPort,1967.0,1,2,516,3,3,Y,0,0,0,0,0,0,0,nan,Shed,500,10,2006,WD,Normal,1296,39,39,2.0,0,1,0,0,0,4.5,90000
20,RL,66.0,13695,Pave,nan,4,Lvl,AllPub,Inside,3,SawyerW,RRAe,Norm,1Fam,1Story,5,5,2004,2004,Gable,CompShg,VinylSd,VinylSd,BrkFace,0.0,3,3,PConc,3,3,1,6,646,1,0,468,1114,GasA,5,1,SBrkr,1114,0,0,1114,1,0,1,1,3,1,4,6,Typ,0,0,Detchd,2004.0,1,2,576,3,3,Y,0,102,0,0,0,0,0,nan,nan,0,6,2008,WD,Normal,2228,4,4,2.5,102,1,1,0,0,5.0,159000
20,RL,70.0,7560,Pave,nan,4,Lvl,AllPub,Inside,3,NAmes,Norm,Norm,1Fam,1Story,5,6,1958,1965,Hip,CompShg,BrkFace,Plywood,BrkFace,0.0,3,3,CBlock,3,3,1,2,504,1,0,525,1029,GasA,3,1,SBrkr,1339,0,0,1339,0,0,1,0,3,1,3,6,Min1,0,0,Attchd,1958.0,1,1,294,3,3,Y,0,0,0,0,0,0,0,MnPrv,nan,0,5,2009,COD,Abnorml,2368,51,44,1.0,0,1,1,0,0,5.5,139000
60,RL,101.0,14215,Pave,nan,3,Lvl,AllPub,Corner,3,NridgHt,Norm,Norm,1Fam,2Story,8,5,2005,2006,Gable,CompShg,VinylSd,VinylSd,BrkFace,380.0,4,3,PConc,5,3,3,1,0,1,0,1158,1158,GasA,5,1,SBrkr,1158,1218,0,2376,0,0,3,1,4,1,4,9,Typ,1,4,BuiltIn,2005.0,2,3,853,3,3,Y,240,154,0,0,0,0,0,nan,nan,0,11,2006,New,Partial,3534,1,0,3.5,154,1,1,1,0,6.5,325300
45,RM,57.0,7449,Pave,Grvl,4,Bnk,AllPub,Inside,3,IDOTRR,Norm,Norm,1Fam,1.5Unf,7,7,1930,1950,Gable,CompShg,Wd Sdng,Wd Sdng,BrkFace,0.0,3,3,PConc,3,3,1,1,0,1,0,637,637,GasA,5,1,FuseF,1108,0,0,1108,0,0,1,0,3,1,4,6,Typ,1,4,Attchd,1930.0,1,1,280,3,3,N,0,0,205,0,0,0,0,GdPrv,nan,0,6,2007,WD,Normal,1745,77,57,1.0,205,1,1,1,0,7.0,139400
20,RL,75.0,9742,Pave,nan,4,Lvl,AllPub,Inside,3,CollgCr,Norm,Norm,1Fam,1Story,8,5,2002,2002,Hip,CompShg,VinylSd,VinylSd,BrkFace,281.0,4,3,PConc,4,3,1,1,0,1,0,1777,1777,GasA,5,1,SBrkr,1795,0,0,1795,0,0,2,0,3,1,4,7,Typ,1,4,Attchd,2002.0,2,2,534,3,3,Y,171,159,0,0,0,0,0,nan,nan,0,9,2008,WD,Normal,3572,6,6,2.0,159,1,1,1,0,6.5,230000
120,RM,44.0,4224,Pave,nan,4,Lvl,AllPub,Inside,3,MeadowV,Norm,Norm,TwnhsE,1Story,5,7,1976,1976,Gable,CompShg,CemntBd,CmentBd,BrkFace,0.0,3,3,PConc,4,3,1,6,840,1,0,200,1040,GasA,3,1,SBrkr,1060,0,0,1060,1,0,1,0,3,1,3,6,Typ,1,3,Attchd,1976.0,1,2,572,3,3,Y,100,110,0,0,0,0,0,nan,nan,0,6,2007,WD,Normal,2100,31,31,2.0,110,1,1,1,0,6.0,129900
20,RL,69.0,8246,Pave,nan,3,Lvl,AllPub,Inside,3,Sawyer,Norm,Norm,1Fam,1Story,5,8,1968,2001,Gable,CompShg,Plywood,Plywood,BrkFace,0.0,3,4,CBlock,3,3,2,3,188,5,668,204,1060,GasA,5,1,SBrkr,1060,0,0,1060,1,0,1,0,3,1,4,6,Typ,1,3,Attchd,1968.0,1,1,270,3,3,Y,406,90,0,0,0,0,0,MnPrv,nan,0,5,2010,WD,Normal,2120,42,9,2.0,90,1,1,1,0,6.5,154000
20,RL,110.0,14230,Pave,nan,4,Lvl,AllPub,Corner,3,NridgHt,Norm,Norm,1Fam,1Story,8,5,2007,2007,Gable,CompShg,VinylSd,VinylSd,Stone,640.0,4,3,PConc,4,3,1,1,0,1,0,1566,1566,GasA,5,1,SBrkr,1600,0,0,1600,0,0,2,0,3,1,4,7,Typ,1,4,Attchd,2007.0,2,3,890,3,3,Y,0,56,0,0,0,0,0,nan,nan,0,7,2009,WD,Normal,3166,2,2,2.0,56,1,1,1,0,6.5,256300
20,RL,60.0,7200,Pave,nan,4,Lvl,AllPub,Corner,3,NAmes,Norm,Norm,1Fam,1Story,5,7,1951,2000,Gable,CompShg,Wd Sdng,Wd Sdng,BrkFace,0.0,3,3,CBlock,3,3,2,4,234,3,486,180,900,GasA,3,1,SBrkr,900,0,0,900,0,1,1,0,3,1,4,5,Typ,0,0,Detchd,2005.0,1,2,576,3,3,Y,222,32,0,0,0,0,0,nan,nan,0,5,2010,WD,Normal,1800,59,10,1.5,32,1,1,0,0,6.0,134800
20,RL,98.0,11478,Pave,nan,4,Lvl,AllPub,Inside,3,NridgHt,Norm,Norm,1Fam,1Story,8,5,2007,2008,Gable,CompShg,VinylSd,VinylSd,Stone,200.0,4,3,PConc,5,3,1,6,1218,1,0,486,1704,GasA,5,1,SBrkr,1704,0,0,1704,1,0,2,0,3,1,4,7,Typ,1,4,Attchd,2008.0,2,3,772,3,3,Y,0,50,0,0,0,0,0,nan,nan,0,5,2010,WD,Normal,3408,3,2,3.0,50,1,1,1,0,6.5,306000
20,RL,47.0,16321,Pave,nan,3,Lvl,AllPub,CulDSac,3,NAmes,Norm,Norm,1Fam,1Story,5,6,1957,1997,Gable,CompShg,MetalSd,MetalSd,BrkFace,0.0,3,3,CBlock,3,3,4,4,1277,1,0,207,1484,GasA,3,1,SBrkr,1600,0,0,1600,1,0,1,0,2,1,3,6,Typ,2,4,Attchd,1957.0,2,1,319,3,3,Y,288,258,0,0,0,0,0,nan,nan,0,12,2006,WD,Normal,3084,49,9,2.0,258,1,1,1,0,5.5,207500
30,RM,60.0,6324,Pave,nan,3,Lvl,AllPub,Inside,3,BrkSide,Feedr,RRNn,1Fam,1Story,4,6,1927,1950,Gable,CompShg,MetalSd,MetalSd,BrkFace,0.0,3,3,BrkTil,3,3,1,1,0,1,0,520,520,GasA,2,0,SBrkr,520,0,0,520,0,0,1,0,1,1,2,4,Typ,0,0,Detchd,1920.0,1,1,240,2,3,Y,49,0,87,0,0,0,0,nan,nan,0,5,2008,WD,Normal,1040,81,58,1.0,87,1,1,0,0,5.0,68500
70,C (all),50.0,8500,Pave,Pave,4,Lvl,AllPub,Inside,3,IDOTRR,Feedr,Norm,1Fam,2Story,4,4,1920,1950,Gambrel,CompShg,BrkFace,BrkFace,BrkFace,0.0,3,2,BrkTil,3,3,1,1,0,1,0,649,649,GasA,3,0,SBrkr,649,668,0,1317,0,0,1,0,3,1,3,6,Typ,0,0,Detchd,1920.0,1,1,250,3,2,N,0,54,172,0,0,0,0,MnPrv,nan,0,7,2008,WD,Normal,1966,88,58,1.0,226,1,1,0,0,4.0,40000
20,RL,69.0,8544,Pave,nan,3,Lvl,AllPub,CulDSac,3,Sawyer,Norm,Norm,1Fam,1Story,5,6,1966,2006,Gable,CompShg,HdBoard,HdBoard,BrkFace,0.0,3,3,CBlock,3,3,1,1,0,1,0,1228,1228,GasA,4,1,SBrkr,1228,0,0,1228,0,0,1,1,3,1,4,6,Typ,0,0,Attchd,1966.0,1,1,271,3,3,Y,0,65,0,0,0,0,0,MnPrv,nan,0,6,2008,WD,Normal,2456,42,2,1.5,65,1,1,0,0,5.5,149350
20,RL,85.0,11049,Pave,nan,4,Lvl,AllPub,Corner,3,CollgCr,Norm,Norm,1Fam,1Story,8,5,2007,2007,Gable,CompShg,VinylSd,VinylSd,BrkFace,0.0,4,3,PConc,5,3,3,1,0,1,0,1234,1234,GasA,5,1,SBrkr,1234,0,0,1234,0,0,2,0,3,1,4,7,Typ,0,0,Attchd,2007.0,2,2,484,3,3,Y,0,30,0,0,0,0,0,nan,nan,0,1,2008,WD,Normal,2468,1,1,2.0,30,1,1,0,0,6.5,179900
20,RL,70.0,10552,Pave,nan,3,Lvl,AllPub,Inside,3,NAmes,Norm,Norm,1Fam,1Story,5,5,1959,1959,Hip,CompShg,BrkFace,BrkFace,BrkFace,0.0,3,3,CBlock,3,3,1,3,1018,1,0,380,1398,GasA,4,1,SBrkr,1700,0,0,1700,0,1,1,1,4,1,4,6,Typ,1,4,Attchd,1959.0,2,2,447,3,3,Y,0,38,0,0,0,0,0,nan,nan,0,4,2010,WD,Normal,3098,51,51,2.0,38,1,1,1,0,5.0,165500
120,RL,60.0,7313,Pave,nan,4,Lvl,AllPub,Inside,3,NridgHt,Norm,Norm,TwnhsE,1Story,9,5,2005,2005,Hip,CompShg,MetalSd,MetalSd,BrkFace,246.0,5,3,PConc,5,3,1,6,1153,1,0,408,1561,GasA,5,1,SBrkr,1561,0,0,1561,1,0,2,0,2,1,5,6,Typ,1,4,Attchd,2005.0,3,2,556,3,3,Y,203,47,0,0,0,0,0,nan,nan,0,8,2007,WD,Normal,3122,2,2,3.0,47,1,1,1,0,7.0,277500
60,RL,108.0,13418,Pave,nan,4,Lvl,AllPub,Inside,3,NridgHt,Norm,Norm,1Fam,2Story,8,5,2004,2005,Gable,CompShg,VinylSd,VinylSd,Stone,132.0,4,3,PConc,5,3,3,1,0,1,0,1117,1117,GasA,5,1,SBrkr,1132,1320,0,2452,0,0,3,1,4,1,4,9,Typ,1,4,BuiltIn,2004.0,3,3,691,3,3,Y,113,32,0,0,0,0,0,nan,nan,0,9,2006,WD,Normal,3569,2,1,3.5,32,1,1,1,0,6.5,309000
20,RL,112.0,10859,Pave,nan,4,Lvl,AllPub,Corner,3,CollgCr,Norm,Norm,1Fam,1Story,5,5,1994,1995,Gable,CompShg,VinylSd,VinylSd,BrkFace,0.0,3,3,PConc,4,3,1,1,0,1,0,1097,1097,GasA,5,1,SBrkr,1097,0,0,1097,0,0,1,1,3,1,3,6,Typ,0,0,Attchd,1995.0,1,2,672,3,3,Y,392,64,0,0,0,0,0,nan,nan,0,6,2009,WD,Normal,2194,15,14,1.5,64,1,1,0,0,5.0,145000
20,RL,74.0,8532,Pave,nan,4,Lvl,AllPub,Inside,3,NAmes,Norm,Norm,1Fam,1Story,5,6,1954,1990,Hip,CompShg,Wd Sdng,Wd Sdng,BrkFace,650.0,3,3,CBlock,3,3,1,3,1213,1,0,84,1297,GasA,4,1,SBrkr,1297,0,0,1297,0,1,1,0,3,1,3,5,Typ,1,3,Attchd,1954.0,3,2,498,3,3,Y,0,0,0,0,0,0,0,nan,nan,0,10,2009,WD,Normal,2594,55,19,1.5,0,1,1,1,0,5.5,153000
20,RL,68.0,7922,Pave,nan,4,Lvl,AllPub,Inside,3,NAmes,Norm,Norm,1Fam,1Story,5,7,1953,2007,Gable,CompShg,VinylSd,VinylSd,BrkFace,0.0,3,4,CBlock,3,3,1,6,731,1,0,326,1057,GasA,3,1,SBrkr,1057,0,0,1057,1,0,1,0,3,1,4,5,Typ,0,0,Detchd,1953.0,1,1,246,3,3,Y,0,52,0,0,0,0,0,nan,nan,0,1,2010,WD,Abnorml,2114,57,3,2.0,52,1,1,0,0,6.0,109000
90,RL,65.0,6040,Pave,nan,4,Lvl,AllPub,Inside,3,Edwards,Norm,Norm,Duplex,1Story,4,5,1955,1955,Gable,CompShg,AsbShng,Plywood,BrkFace,0.0,3,3,PConc,0,0,0,0,0,0,0,0,0,GasA,3,0,FuseP,1152,0,0,1152,0,0,2,0,2,2,2,6,Typ,0,0,nan,1980.0,0,0,0,0,0,N,0,0,0,0,0,0,0,nan,nan,0,6,2008,WD,AdjLand,1152,53,53,2.0,0,0,0,0,0,4.5,82000
20,RL,84.0,8658,Pave,nan,4,Lvl,AllPub,Inside,3,NAmes,Norm,Norm,1Fam,1Story,6,5,1965,1965,Gable,CompShg,Wd Sdng,Wd Sdng,BrkFace,101.0,3,3,CBlock,3,3,1,3,643,1,0,445,1088,GasA,5,1,SBrkr,1324,0,0,1324,0,0,2,0,3,1,3,6,Typ,1,3,Attchd,1965.0,2,2,440,3,3,Y,0,138,0,0,0,0,0,GdWo,nan,0,12,2006,WD,Abnorml,2412,41,41,2.0,138,1,1,1,0,5.5,160000
20,RL,115.0,16905,Pave,nan,4,Lvl,AllPub,Inside,3,Timber,Norm,Norm,1Fam,1Story,5,6,1959,1959,Gable,CompShg,VinylSd,VinylSd,BrkFace,0.0,3,4,CBlock,3,3,4,4,967,1,0,383,1350,GasA,4,1,SBrkr,1328,0,0,1328,0,1,1,1,2,1,3,5,Typ,2,4,Attchd,1959.0,2,1,308,3,3,P,0,104,0,0,0,0,0,nan,nan,0,7,2007,WD,Normal,2678,48,48,2.0,104,1,1,1,0,5.5,170000
85,RL,69.0,9180,Pave,nan,3,Lvl,AllPub,CulDSac,3,SawyerW,Norm,Norm,1Fam,SFoyer,5,7,1983,1983,Gable,CompShg,HdBoard,HdBoard,BrkFace,0.0,3,3,CBlock,4,3,3,5,747,2,93,0,840,GasA,4,1,SBrkr,884,0,0,884,1,0,1,0,2,1,4,5,Typ,0,0,Attchd,1983.0,2,2,504,3,4,Y,240,0,0,0,0,0,0,MnPrv,nan,0,12,2007,WD,Normal,1724,24,24,2.0,0,1,1,0,0,6.0,144000
20,RL,69.0,9200,Pave,nan,3,Lvl,AllPub,CulDSac,3,CollgCr,Norm,Norm,1Fam,1Story,5,6,1975,1980,Hip,CompShg,VinylSd,VinylSd,BrkFace,0.0,3,3,CBlock,4,3,3,2,280,4,491,167,938,GasA,3,1,SBrkr,938,0,0,938,1,0,1,0,3,1,3,5,Typ,0,0,Detchd,1977.0,1,1,308,3,3,Y,145,0,0,0,0,0,0,MnPrv,nan,0,7,2008,WD,Normal,1876,33,28,2.0,0,1,1,0,0,5.5,130250
20,RL,70.0,7945,Pave,nan,4,Lvl,AllPub,Inside,3,NAmes,Norm,Norm,1Fam,1Story,5,6,1959,1959,Gable,CompShg,BrkFace,Wd Sdng,BrkFace,0.0,3,3,CBlock,3,3,1,5,179,4,506,465,1150,GasA,5,1,FuseA,1150,0,0,1150,1,0,1,0,3,1,3,6,Typ,0,0,Attchd,1959.0,2,1,300,3,3,Y,0,0,0,0,0,0,0,nan,nan,0,5,2006,WD,Normal,2300,47,47,2.0,0,1,1,0,0,5.5,141000
120,RL,61.0,7658,Pave,nan,4,Lvl,AllPub,Inside,3,NridgHt,Norm,Norm,TwnhsE,1Story,9,5,2005,2005,Hip,CompShg,MetalSd,MetalSd,BrkFace,412.0,5,3,PConc,5,3,1,6,456,1,0,1296,1752,GasA,5,1,SBrkr,1752,0,0,1752,1,0,2,0,2,1,5,6,Typ,1,4,Attchd,2005.0,2,2,576,3,3,Y,196,82,0,0,0,0,0,nan,nan,0,2,2010,WD,Normal,3504,5,5,3.0,82,1,1,1,0,7.0,319900
50,RL,48.0,12822,Pave,nan,3,Lvl,AllPub,CulDSac,3,Mitchel,Norm,Norm,1Fam,1.5Fin,7,5,2003,2003,Gable,CompShg,VinylSd,VinylSd,BrkFace,0.0,4,3,PConc,5,3,1,6,1351,1,0,83,1434,GasA,5,1,SBrkr,1518,631,0,2149,1,0,1,1,1,1,4,6,Typ,1,5,Attchd,2003.0,2,2,670,3,3,Y,168,43,0,0,198,0,0,nan,nan,0,8,2009,WD,Abnorml,3583,6,6,2.5,241,1,1,1,0,6.0,239686
20,FV,84.0,11096,Pave,nan,4,Lvl,AllPub,Inside,3,Somerst,Norm,Norm,1Fam,1Story,8,5,2006,2006,Gable,CompShg,VinylSd,VinylSd,BrkFace,0.0,4,3,PConc,4,3,3,6,24,1,0,1632,1656,GasA,5,1,SBrkr,1656,0,0,1656,0,0,2,0,3,1,4,7,Typ,0,0,Attchd,2006.0,2,3,826,3,3,Y,0,146,0,0,0,0,0,nan,nan,0,7,2007,WD,Normal,3312,1,1,2.0,146,1,1,0,0,6.5,249700
190,RM,33.0,4456,Pave,nan,4,Lvl,AllPub,Inside,3,OldTown,Norm,Norm,2fmCon,2Story,4,5,1920,2008,Gable,CompShg,MetalSd,MetalSd,BrkFace,0.0,3,3,BrkTil,3,3,1,1,0,1,0,736,736,GasA,4,1,SBrkr,736,716,0,1452,0,0,2,0,2,3,3,8,Typ,0,0,nan,1980.0,0,0,0,0,0,N,0,0,102,0,0,0,0,nan,nan,0,6,2009,New,Partial,2188,89,1,2.0,102,0,1,0,0,4.5,113000
20,RL,66.0,7742,Pave,nan,4,Lvl,AllPub,Inside,3,Sawyer,Norm,Norm,1Fam,1Story,5,7,1966,1966,Gable,CompShg,HdBoard,HdBoard,BrkFace,0.0,3,3,CBlock,3,3,1,4,763,1,0,192,955,GasA,5,1,SBrkr,955,0,0,955,1,0,1,0,3,1,3,6,Typ,0,0,Attchd,1966.0,1,1,386,3,3,Y,0,0,0,0,0,0,0,MnPrv,nan,0,1,2007,WD,Normal,1910,41,41,2.0,0,1,1,0,0,6.0,127000
60,RL,69.0,13869,Pave,nan,2,Lvl,AllPub,Corner,3,Gilbert,Norm,Norm,1Fam,2Story,6,6,1997,1997,Gable,CompShg,VinylSd,VinylSd,BrkFace,0.0,3,3,PConc,4,3,3,6,182,1,0,612,794,GasA,4,1,SBrkr,794,676,0,1470,0,1,2,0,3,1,3,6,Typ,0,0,Attchd,1997.0,3,2,388,3,3,Y,0,75,0,0,0,0,0,nan,nan,0,7,2007,WD,Normal,2264,10,10,2.5,75,1,1,0,0,6.0,177000
50,RM,52.0,6240,Pave,nan,4,Lvl,AllPub,Inside,3,BrkSide,Norm,Norm,1Fam,1.5Fin,6,6,1934,1950,Gable,CompShg,Wd Sdng,Wd Sdng,BrkFace,0.0,3,3,PConc,3,3,1,1,0,1,0,816,816,GasA,3,1,SBrkr,816,0,360,1176,0,0,1,0,3,1,3,6,Typ,1,4,Detchd,1985.0,1,2,528,3,3,Y,112,0,0,0,0,0,0,MnPrv,Shed,400,9,2006,WD,Normal,1632,72,56,1.0,0,1,1,1,0,6.0,114500
90,RM,110.0,8472,Grvl,nan,2,Bnk,AllPub,Corner,2,IDOTRR,RRNn,Norm,Duplex,1Story,5,5,1963,1963,Gable,CompShg,Wd Sdng,Wd Sdng,BrkFace,0.0,2,3,CBlock,4,3,4,2,104,6,712,0,816,GasA,3,0,SBrkr,816,0,0,816,1,0,1,0,2,1,3,5,Typ,0,0,CarPort,1963.0,1,2,516,3,3,Y,106,0,0,0,0,0,0,nan,nan,0,5,2010,WD,Normal,1632,47,47,2.0,0,1,1,0,0,5.0,110000
20,RL,68.0,50271,Pave,nan,3,Low,AllPub,Inside,3,Veenker,Norm,Norm,1Fam,1Story,9,5,1981,1987,Gable,WdShngl,WdShing,Wd Shng,BrkFace,0.0,4,3,CBlock,5,3,4,6,1810,1,0,32,1842,GasA,4,1,SBrkr,1842,0,0,1842,2,0,0,1,0,1,4,5,Typ,1,4,Attchd,1981.0,3,3,894,3,3,Y,857,72,0,0,0,0,0,nan,nan,0,11,2006,WD,Normal,3684,25,19,2.5,72,1,1,1,0,7.0,385000
80,RL,60.0,7134,Pave,nan,4,Bnk,AllPub,Inside,2,NAmes,Norm,Norm,1Fam,SLvl,5,5,1955,1955,Gable,CompShg,MetalSd,MetalSd,BrkFace,0.0,3,3,CBlock,3,3,1,5,384,1,0,0,384,GasA,3,1,SBrkr,1360,0,0,1360,0,0,1,0,3,1,3,6,Min1,1,3,Detchd,1962.0,1,2,572,3,3,Y,0,50,0,0,0,0,0,MnPrv,nan,0,2,2007,WD,Normal,1744,52,52,1.0,50,1,1,1,0,5.0,130000
20,RL,100.0,10175,Pave,nan,3,Lvl,AllPub,Inside,3,NAmes,Norm,Norm,1Fam,1Story,6,5,1964,1964,Gable,CompShg,HdBoard,Plywood,BrkFace,272.0,3,3,CBlock,3,3,1,4,490,1,0,935,1425,GasA,4,1,SBrkr,1425,0,0,1425,0,0,2,0,3,1,3,7,Typ,1,4,Attchd,1964.0,2,2,576,3,3,Y,0,0,0,407,0,0,0,nan,nan,0,7,2008,WD,Normal,2850,44,44,2.0,407,1,1,1,0,5.5,180500
160,FV,24.0,2645,Pave,Pave,4,Lvl,AllPub,Inside,3,Somerst,Norm,Norm,Twnhs,2Story,8,5,1999,2000,Gable,CompShg,MetalSd,MetalSd,BrkFace,456.0,4,3,PConc,4,3,1,6,649,1,0,321,970,GasA,5,1,SBrkr,983,756,0,1739,1,0,2,1,3,1,4,7,Typ,0,0,Attchd,1999.0,3,2,480,3,3,Y,115,0,0,0,0,0,0,nan,nan,0,8,2009,WD,Abnorml,2709,10,9,3.5,0,1,1,0,0,6.5,172500
60,RL,89.0,11645,Pave,nan,3,Lvl,AllPub,Corner,3,CollgCr,Norm,Norm,1Fam,2Story,7,5,2004,2004,Gable,CompShg,VinylSd,VinylSd,BrkFace,0.0,4,3,PConc,4,3,1,1,0,1,0,860,860,GasA,5,1,SBrkr,860,860,0,1720,0,0,2,1,3,1,4,7,Typ,0,0,Attchd,2004.0,2,2,565,3,3,Y,0,70,0,0,0,0,0,nan,nan,0,8,2006,WD,Normal,2580,2,2,2.5,70,1,1,0,0,6.0,196500
60,RL,66.0,13682,Pave,nan,2,HLS,AllPub,CulDSac,3,StoneBr,Norm,Norm,1Fam,2Story,10,5,2006,2006,Hip,CompShg,VinylSd,VinylSd,BrkFace,1031.0,5,3,PConc,5,3,4,1,0,1,0,1410,1410,GasA,5,1,SBrkr,1426,1519,0,2945,0,0,3,1,3,1,4,10,Typ,1,4,BuiltIn,2006.0,3,3,641,3,3,Y,192,0,37,0,0,0,0,nan,nan,0,10,2006,New,Partial,4355,0,0,3.5,37,1,1,1,0,7.5,438780
20,RL,60.0,7200,Pave,nan,4,Bnk,AllPub,Inside,3,CollgCr,Norm,Norm,1Fam,1Story,5,7,1972,1972,Gable,CompShg,HdBoard,HdBoard,BrkFace,0.0,3,3,CBlock,3,3,3,5,632,1,0,148,780,GasA,5,1,SBrkr,780,0,0,780,0,0,1,0,2,1,3,4,Typ,0,0,Detchd,1973.0,1,1,352,3,3,Y,196,0,0,0,0,0,0,MnPrv,nan,0,1,2008,WD,Normal,1560,36,36,1.0,0,1,1,0,0,6.0,124900
20,RL,63.0,13072,Pave,nan,4,Lvl,AllPub,Inside,3,SawyerW,RRAe,Norm,1Fam,1Story,6,5,2004,2004,Gable,CompShg,VinylSd,VinylSd,BrkFace,0.0,3,3,PConc,4,3,1,5,941,1,0,217,1158,GasA,5,1,SBrkr,1158,0,0,1158,1,0,1,1,3,1,4,5,Typ,0,0,Detchd,2006.0,1,2,576,3,3,Y,0,50,0,0,0,0,0,nan,nan,0,5,2006,New,Partial,2316,2,2,2.5,50,1,1,0,0,5.5,158000
75,RM,60.0,7200,Pave,nan,4,Lvl,AllPub,Inside,3,IDOTRR,Norm,Norm,1Fam,2.5Unf,5,7,1920,1996,Gable,CompShg,MetalSd,MetalSd,BrkFace,0.0,3,3,BrkTil,3,2,1,1,0,1,0,530,530,GasA,3,0,SBrkr,581,530,0,1111,0,0,1,0,3,1,2,6,Typ,0,0,Detchd,1935.0,1,1,288,3,3,N,0,0,144,0,0,0,0,nan,nan,0,3,2007,WD,Normal,1641,87,11,1.0,144,1,1,0,0,6.0,101000
120,RL,44.0,6442,Pave,nan,3,Lvl,AllPub,Inside,3,NridgHt,Norm,Norm,TwnhsE,1Story,8,5,2006,2006,Gable,CompShg,VinylSd,VinylSd,Stone,178.0,4,3,PConc,4,4,2,6,24,1,0,1346,1370,GasA,5,1,SBrkr,1370,0,0,1370,0,0,2,0,2,1,4,6,Typ,1,4,Attchd,2006.0,2,2,484,3,3,Y,120,49,0,0,0,0,0,nan,nan,0,10,2007,WD,Normal,2740,1,1,2.0,49,1,1,1,0,6.5,202500
70,RM,50.0,10300,Pave,nan,3,Bnk,AllPub,Inside,3,OldTown,RRAn,Feedr,1Fam,2Story,7,6,1921,1950,Gable,CompShg,Stucco,Stucco,BrkFace,0.0,3,3,BrkTil,3,3,1,1,0,1,0,576,576,GasA,4,1,SBrkr,902,808,0,1710,0,0,2,0,3,1,3,9,Typ,0,0,Detchd,1990.0,1,2,480,3,3,Y,12,11,64,0,0,0,0,GdPrv,nan,0,4,2010,WD,Normal,2286,89,60,2.0,75,1,1,0,0,6.5,140000
60,RL,69.0,9375,Pave,nan,4,Lvl,AllPub,Inside,3,CollgCr,Norm,Norm,1Fam,2Story,7,5,1997,1998,Gable,CompShg,VinylSd,VinylSd,BrkFace,573.0,3,3,PConc,4,3,1,6,739,1,0,318,1057,GasA,5,1,SBrkr,1057,977,0,2034,1,0,2,1,3,1,4,8,Typ,0,0,Attchd,1998.0,2,2,645,3,3,Y,576,36,0,0,0,0,0,GdPrv,nan,0,2,2009,WD,Normal,3091,12,11,3.5,36,1,1,0,0,6.0,219500
60,RL,76.0,9591,Pave,nan,4,Lvl,AllPub,Inside,3,NridgHt,Norm,Norm,1Fam,2Story,8,5,2004,2005,Gable,CompShg,VinylSd,VinylSd,BrkFace,344.0,4,3,PConc,5,3,3,1,0,1,0,1143,1143,GasA,5,1,SBrkr,1143,1330,0,2473,0,0,2,1,4,1,4,9,Typ,1,4,BuiltIn,2004.0,2,3,852,3,3,Y,192,151,0,0,0,0,0,nan,nan,0,10,2007,WD,Normal,3616,3,2,2.5,151,1,1,1,0,6.5,317000
20,RL,69.0,19900,Pave,nan,4,Lvl,AllPub,Inside,3,NAmes,PosA,Norm,1Fam,1Story,7,5,1970,1989,Gable,CompShg,Plywood,Plywood,BrkFace,287.0,3,3,CBlock,4,3,4,6,912,1,0,1035,1947,GasA,3,1,SBrkr,2207,0,0,2207,1,0,2,0,3,1,3,7,Min1,1,4,Attchd,1970.0,2,2,576,3,3,Y,301,0,0,0,0,0,0,nan,nan,0,7,2010,WD,Normal,4154,40,21,3.0,0,1,1,1,0,6.0,180000
20,RL,72.0,10665,Pave,nan,3,Lvl,AllPub,Inside,3,CollgCr,Norm,Norm,1Fam,1Story,7,5,2003,2003,Gable,CompShg,VinylSd,VinylSd,BrkFace,167.0,4,3,PConc,4,3,3,6,1013,1,0,440,1453,GasA,5,1,SBrkr,1479,0,0,1479,1,0,2,0,3,1,4,7,Typ,0,0,Attchd,2003.0,2,2,558,3,3,Y,144,29,0,0,0,0,0,nan,nan,0,6,2007,WD,Normal,2932,4,4,3.0,29,1,1,0,0,6.0,226000
30,RM,47.0,4608,Pave,nan,4,Lvl,AllPub,Corner,3,OldTown,Artery,Norm,1Fam,1Story,4,6,1945,1950,Gable,CompShg,MetalSd,MetalSd,BrkFace,0.0,3,4,CBlock,3,3,1,1,0,1,0,747,747,GasA,3,1,SBrkr,747,0,0,747,0,0,1,0,2,1,3,4,Typ,0,0,Attchd,1945.0,1,1,220,3,3,Y,0,0,0,0,0,0,0,nan,nan,0,6,2010,WD,Normal,1494,65,60,1.0,0,1,1,0,0,5.0,80000
50,RL,81.0,15593,Pave,nan,4,Lvl,AllPub,Corner,3,ClearCr,Norm,Norm,1Fam,1.5Fin,7,4,1953,1953,Gable,CompShg,BrkFace,AsbShng,BrkFace,0.0,4,3,CBlock,3,3,1,4,603,1,0,701,1304,GasW,3,1,SBrkr,1304,983,0,2287,0,0,2,0,3,1,3,7,Typ,1,3,Attchd,1953.0,3,2,667,3,3,Y,0,21,114,0,0,0,0,nan,nan,0,7,2006,WD,Normal,3591,53,53,2.0,135,1,1,1,0,5.5,225000
20,RL,95.0,13651,Pave,nan,3,Lvl,AllPub,Inside,3,NAmes,Norm,Norm,1Fam,1Story,7,6,1973,1973,Gable,CompShg,Plywood,Plywood,BrkFace,1115.0,3,4,CBlock,4,3,4,5,1880,1,0,343,2223,GasA,5,1,SBrkr,2223,0,0,2223,1,0,2,0,3,1,3,8,Typ,2,4,Attchd,1973.0,3,2,516,3,3,Y,300,0,0,0,0,0,0,nan,nan,0,2,2007,WD,Normal,4446,34,34,3.0,0,1,1,1,0,6.5,244000
20,RL,69.0,7599,Pave,nan,4,Lvl,AllPub,Corner,3,Mitchel,Norm,Norm,1Fam,1Story,4,6,1982,2006,Gable,CompShg,HdBoard,Plywood,BrkFace,0.0,3,3,CBlock,3,3,1,5,565,1,0,280,845,GasA,3,1,SBrkr,845,0,0,845,1,0,1,0,2,1,3,4,Typ,0,0,Detchd,1987.0,1,2,360,3,3,Y,0,0,0,0,0,0,0,nan,nan,0,6,2007,WD,Normal,1690,25,1,2.0,0,1,1,0,0,5.0,129500
60,RL,74.0,10141,Pave,nan,3,Lvl,AllPub,Corner,3,Gilbert,Norm,Norm,1Fam,2Story,7,5,1998,1998,Gable,CompShg,VinylSd,VinylSd,BrkFace,40.0,3,3,PConc,4,3,1,1,0,1,0,832,832,GasA,4,1,SBrkr,885,833,0,1718,0,0,2,1,3,1,3,7,Typ,1,3,Attchd,1998.0,3,2,427,3,3,Y,0,94,0,0,291,0,0,nan,nan,0,12,2009,WD,Normal,2550,11,11,2.5,385,1,1,1,0,6.0,185000
20,RL,85.0,10200,Pave,nan,4,Lvl,AllPub,Inside,3,NAmes,Norm,Norm,1Fam,1Story,5,7,1954,2003,Gable,CompShg,Wd Sdng,Wd Sdng,BrkFace,104.0,3,3,CBlock,3,3,1,5,320,4,362,404,1086,GasA,4,1,SBrkr,1086,0,0,1086,1,0,1,0,3,1,3,6,Typ,0,0,Attchd,1989.0,1,2,490,3,3,Y,0,0,0,0,0,0,0,GdWo,nan,0,5,2010,WD,Normal,2172,56,7,2.0,0,1,1,0,0,6.0,144900
50,RM,60.0,5790,Pave,nan,4,Lvl,AllPub,Corner,3,OldTown,Norm,Norm,1Fam,2Story,3,6,1915,1950,Gambrel,CompShg,VinylSd,VinylSd,BrkFace,0.0,4,4,CBlock,2,3,1,1,0,1,0,840,840,GasA,4,0,SBrkr,840,765,0,1605,0,0,2,0,3,2,3,8,Typ,0,0,Detchd,1915.0,1,1,379,3,3,Y,0,0,202,0,0,0,0,nan,nan,0,5,2010,WD,Normal,2445,95,60,2.0,202,1,1,0,0,4.5,107400
180,RM,21.0,1596,Pave,nan,4,Lvl,AllPub,Inside,3,MeadowV,Norm,Norm,Twnhs,SLvl,4,5,1973,1973,Gable,CompShg,CemntBd,CmentBd,BrkFace,0.0,3,3,CBlock,4,3,4,6,462,1,0,0,462,GasA,3,1,SBrkr,526,462,0,988,1,0,1,0,2,1,3,5,Typ,0,0,BuiltIn,1973.0,1,1,297,3,3,Y,120,101,0,0,0,0,0,GdWo,nan,0,11,2009,WD,Normal,1450,36,36,2.0,101,1,1,0,0,4.5,91000
20,RL,69.0,8475,Pave,nan,3,Lvl,AllPub,Inside,3,NAmes,Norm,Norm,1Fam,1Story,4,7,1956,1956,Gable,CompShg,VinylSd,VinylSd,BrkFace,0.0,3,3,CBlock,3,3,1,5,228,1,0,724,952,GasA,5,1,FuseA,952,0,0,952,0,0,1,0,2,1,3,4,Typ,0,0,Detchd,1956.0,1,1,283,3,3,Y,0,0,0,0,0,0,0,nan,nan,0,4,2008,WD,Normal,1904,52,52,1.0,0,1,1,0,0,5.5,135750
50,RM,50.0,8635,Pave,nan,4,Lvl,AllPub,Inside,3,BrkSide,Norm,Norm,1Fam,1.5Fin,5,5,1948,2001,Gable,CompShg,Wd Sdng,Wd Sdng,BrkFace,0.0,3,3,CBlock,3,3,1,4,336,6,41,295,672,GasA,3,1,SBrkr,1072,213,0,1285,1,0,1,0,2,1,3,6,Min1,0,0,Detchd,1948.0,1,1,240,3,3,Y,0,0,0,0,0,0,0,MnPrv,nan,0,1,2008,WD,Normal,1957,60,7,2.0,0,1,1,0,0,5.0,127000
90,RL,72.0,10778,Pave,nan,4,Lvl,AllPub,Inside,3,Sawyer,Norm,Norm,Duplex,1Story,4,5,1968,1968,Hip,CompShg,HdBoard,HdBoard,BrkFace,0.0,3,3,CBlock,3,3,1,1,0,1,0,1768,1768,GasA,3,0,SBrkr,1768,0,0,1768,0,0,2,0,4,2,3,8,Typ,0,0,nan,1980.0,0,0,0,0,0,Y,0,0,0,0,0,0,0,nan,nan,0,4,2010,WD,Normal,3536,42,42,2.0,0,0,1,0,0,4.5,136500
50,RM,60.0,10440,Pave,Grvl,4,Lvl,AllPub,Corner,3,OldTown,Norm,Norm,1Fam,2Story,5,6,1910,1981,Gable,CompShg,Wd Sdng,Wd Sdng,BrkFace,0.0,3,3,PConc,3,3,1,1,0,1,0,440,440,GasA,4,1,SBrkr,682,548,0,1230,0,0,1,1,2,1,3,5,Typ,0,0,Detchd,1966.0,1,2,440,3,3,Y,74,0,128,0,0,0,0,MnPrv,nan,0,5,2009,WD,Normal,1670,99,28,1.5,128,1,1,0,0,5.5,110000
60,RL,100.0,13000,Pave,nan,4,Lvl,AllPub,Corner,3,NAmes,Norm,Norm,1Fam,2Story,6,6,1968,1968,Gable,CompShg,VinylSd,VinylSd,BrkFace,576.0,3,4,CBlock,4,3,1,3,448,1,0,448,896,GasA,3,1,SBrkr,1182,960,0,2142,0,0,2,1,4,1,4,8,Typ,1,4,Attchd,1968.0,3,1,509,3,3,Y,0,72,0,0,252,0,0,nan,nan,0,6,2009,WD,Normal,3038,41,41,2.5,324,1,1,1,0,6.0,193500
120,RM,32.0,4500,Pave,nan,4,Lvl,AllPub,FR2,3,Mitchel,Norm,Norm,TwnhsE,1Story,6,5,1998,1998,Hip,CompShg,VinylSd,VinylSd,BrkFace,443.0,3,4,PConc,5,4,1,6,1201,1,0,36,1237,GasA,5,1,SBrkr,1337,0,0,1337,1,0,2,0,2,1,3,5,Typ,0,0,Attchd,1998.0,3,2,405,3,3,Y,0,199,0,0,0,0,0,nan,nan,0,3,2006,WD,Normal,2574,8,8,3.0,199,1,1,0,0,5.5,153500
20,RL,78.0,10206,Pave,nan,4,Lvl,AllPub,Inside,3,Somerst,Norm,Norm,1Fam,1Story,8,5,2007,2007,Gable,CompShg,VinylSd,VinylSd,Stone,468.0,3,3,PConc,4,3,1,6,33,1,0,1530,1563,GasA,5,1,SBrkr,1563,0,0,1563,0,0,2,0,3,1,4,6,Typ,1,4,Attchd,2007.0,2,3,758,3,3,Y,144,99,0,0,0,0,0,nan,nan,0,10,2008,WD,Normal,3126,1,1,2.0,99,1,1,1,0,6.5,245000
20,RL,80.0,8892,Pave,nan,3,Lvl,AllPub,Inside,3,NAmes,Norm,Norm,1Fam,1Story,5,5,1960,1960,Gable,CompShg,MetalSd,MetalSd,BrkCmn,66.0,3,3,CBlock,3,3,1,1,0,1,0,1065,1065,GasA,4,1,SBrkr,1065,0,0,1065,0,0,1,1,3,1,3,6,Typ,0,0,Detchd,1974.0,1,2,461,3,3,Y,74,0,0,0,0,0,0,nan,nan,0,7,2007,COD,Normal,2130,47,47,1.5,0,1,1,0,0,5.0,126500
80,RL,69.0,8530,Pave,nan,3,Lvl,AllPub,Inside,3,Gilbert,Norm,Norm,1Fam,SLvl,7,5,1995,1996,Gable,CompShg,HdBoard,HdBoard,BrkFace,22.0,3,3,PConc,4,3,1,1,0,1,0,384,384,GasA,4,1,SBrkr,804,670,0,1474,0,0,2,1,3,1,3,7,Typ,1,3,BuiltIn,1995.0,3,2,400,3,3,Y,120,72,0,0,0,0,0,nan,Shed,700,5,2009,WD,Normal,1858,14,13,2.5,72,1,1,1,0,6.0,168500
60,RL,121.0,16059,Pave,nan,4,Lvl,AllPub,Corner,3,NoRidge,Norm,Norm,1Fam,2Story,8,5,1991,1992,Hip,CompShg,HdBoard,HdBoard,BrkFace,284.0,4,3,CBlock,4,3,1,1,0,1,0,1288,1288,GasA,5,1,SBrkr,1301,1116,0,2417,0,0,2,1,4,1,4,9,Typ,1,3,Attchd,1991.0,1,2,462,3,3,Y,127,82,0,0,0,0,0,nan,nan,0,4,2006,WD,Normal,3705,15,14,2.5,82,1,1,1,0,6.5,260000
60,RL,122.0,11911,Pave,nan,2,Lvl,AllPub,Inside,3,Gilbert,Norm,Norm,1Fam,2Story,6,5,2005,2005,Gable,CompShg,VinylSd,VinylSd,BrkFace,0.0,4,3,PConc,4,3,3,1,0,1,0,684,684,GasA,5,1,SBrkr,684,876,0,1560,0,0,2,1,3,1,4,6,Typ,1,4,BuiltIn,2005.0,3,2,400,3,3,Y,100,38,0,0,0,0,0,nan,nan,0,3,2009,WD,Normal,2244,4,4,2.5,38,1,1,1,0,5.5,174000
160,FV,40.0,3951,Pave,Pave,4,Lvl,AllPub,Corner,3,Somerst,Norm,Norm,TwnhsE,2Story,6,5,2009,2009,Gable,CompShg,VinylSd,VinylSd,Stone,76.0,4,3,PConc,4,3,3,1,0,1,0,612,612,GasA,5,1,SBrkr,612,612,0,1224,0,0,2,1,2,1,4,4,Typ,0,0,Detchd,2009.0,2,2,528,3,3,Y,0,234,0,0,0,0,0,nan,nan,0,6,2009,New,Partial,1836,0,0,2.5,234,1,1,0,0,5.5,164500
50,C (all),105.0,8470,Pave,nan,3,Lvl,AllPub,Corner,3,IDOTRR,Feedr,Feedr,1Fam,1.5Fin,3,2,1915,1982,Hip,CompShg,Plywood,Plywood,BrkFace,0.0,2,2,CBlock,3,2,1,1,0,1,0,1013,1013,GasA,3,0,SBrkr,1013,0,513,1526,0,0,1,0,2,1,2,6,Typ,0,0,nan,1980.0,0,0,0,0,0,N,0,0,156,0,0,0,0,MnPrv,nan,0,10,2009,ConLD,Abnorml,2026,94,27,1.0,156,0,1,0,0,2.5,85000
20,RL,60.0,8070,Pave,nan,4,Lvl,AllPub,Inside,3,CollgCr,Norm,Norm,1Fam,1Story,4,5,1994,1995,Gable,CompShg,VinylSd,VinylSd,BrkFace,0.0,3,3,PConc,4,3,1,6,588,1,0,402,990,GasA,5,1,SBrkr,990,0,0,990,1,0,1,0,3,1,3,5,Typ,0,0,nan,1980.0,0,0,0,0,0,Y,0,0,0,0,0,0,0,nan,nan,0,8,2007,WD,Normal,1980,13,12,2.0,0,0,1,0,0,4.5,123600
20,RL,60.0,7200,Pave,nan,4,Lvl,AllPub,Inside,3,NAmes,Norm,Norm,1Fam,1Story,4,5,1950,1950,Gable,CompShg,BrkFace,Wd Sdng,BrkFace,0.0,3,3,Slab,0,0,0,0,0,0,0,0,0,GasA,3,1,FuseA,1040,0,0,1040,0,0,1,0,2,1,3,4,Typ,0,0,Detchd,1950.0,1,2,420,3,3,Y,0,29,0,0,0,0,0,nan,nan,0,7,2006,WD,Normal,1040,56,56,1.0,29,1,0,0,0,4.5,109900
20,RL,85.0,8500,Pave,nan,4,Lvl,AllPub,Inside,3,NAmes,Norm,Norm,1Fam,1Story,5,3,1961,1961,Hip,CompShg,HdBoard,HdBoard,BrkCmn,203.0,3,3,CBlock,3,3,1,3,600,1,0,635,1235,GasA,3,1,SBrkr,1235,0,0,1235,0,0,1,0,2,1,3,6,Typ,0,0,Attchd,1961.0,1,2,480,3,3,Y,0,0,0,0,0,0,0,GdWo,nan,0,12,2006,WD,Abnorml,2470,45,45,1.0,0,1,1,0,0,4.0,98600
30,RL,80.0,13360,Pave,Grvl,3,HLS,AllPub,Inside,3,Crawfor,Norm,Norm,1Fam,1Story,5,7,1921,2006,Gable,CompShg,Wd Sdng,Wd Sdng,BrkFace,0.0,3,4,BrkTil,4,3,1,5,713,1,0,163,876,GasA,5,1,SBrkr,964,0,0,964,1,0,1,0,2,1,3,5,Typ,0,0,Detchd,1921.0,1,2,432,3,3,Y,0,0,44,0,0,0,0,nan,nan,0,8,2009,WD,Normal,1840,88,3,2.0,44,1,1,0,0,6.0,163500
190,C (all),60.0,7200,Pave,nan,4,Lvl,AllPub,Corner,3,OldTown,Norm,Norm,2fmCon,2.5Unf,6,6,1910,1998,Hip,CompShg,MetalSd,MetalSd,BrkFace,0.0,3,3,BrkTil,3,2,2,3,1046,1,0,168,1214,GasW,5,0,SBrkr,1260,1031,0,2291,0,1,2,0,4,2,3,9,Typ,1,4,Detchd,1900.0,1,2,506,3,3,Y,0,0,0,0,99,0,0,nan,nan,0,11,2007,WD,Normal,3505,97,9,2.5,99,1,1,1,0,6.0,133900
60,RL,69.0,9337,Pave,nan,3,Lvl,AllPub,Inside,3,CollgCr,Norm,Norm,1Fam,2Story,6,5,1997,1997,Gable,CompShg,VinylSd,VinylSd,BrkFace,0.0,3,4,PConc,4,3,1,6,648,1,0,176,824,GasA,5,1,SBrkr,905,881,0,1786,1,0,2,1,3,1,4,7,Typ,0,0,Attchd,1997.0,2,2,684,3,3,Y,0,162,0,0,0,0,0,nan,nan,0,5,2007,WD,Normal,2610,10,10,3.5,162,1,1,0,0,5.5,204750
60,RL,69.0,9765,Pave,nan,2,Lvl,AllPub,Corner,3,Gilbert,Norm,Norm,1Fam,2Story,6,8,1993,1993,Gable,CompShg,VinylSd,VinylSd,BrkFace,68.0,5,4,PConc,4,4,1,5,310,1,0,370,680,GasA,4,1,SBrkr,680,790,0,1470,0,0,2,1,3,1,3,6,Typ,1,3,BuiltIn,1993.0,3,2,420,3,3,Y,232,63,0,0,0,0,0,nan,Shed,480,4,2009,WD,Normal,2150,16,16,2.5,63,1,1,1,0,7.0,185000
20,RL,78.0,10264,Pave,nan,3,Lvl,AllPub,Inside,3,CollgCr,Norm,Norm,1Fam,1Story,7,5,1999,1999,Gable,CompShg,VinylSd,VinylSd,BrkFace,183.0,4,3,PConc,4,3,3,5,1162,1,0,426,1588,GasA,5,1,SBrkr,1588,0,0,1588,0,0,2,0,3,1,4,6,Typ,0,0,Attchd,1999.0,2,2,472,3,3,Y,158,29,0,0,0,0,0,nan,nan,0,8,2006,WD,Normal,3176,7,7,2.0,29,1,1,0,0,6.0,214000
20,RL,73.0,10921,Pave,nan,4,HLS,AllPub,Inside,3,Edwards,Norm,Norm,1Fam,1Story,4,5,1965,1965,Hip,CompShg,HdBoard,HdBoard,BrkFace,48.0,3,3,CBlock,3,3,1,3,520,1,0,440,960,GasA,3,1,FuseF,960,0,0,960,1,0,1,0,3,1,3,6,Typ,0,0,Attchd,1965.0,3,1,432,3,3,P,120,0,0,0,0,0,0,nan,nan,0,5,2007,WD,Normal,1920,42,42,2.0,0,1,1,0,0,4.5,94750
30,RL,85.0,10625,Pave,nan,4,Lvl,AllPub,Corner,3,Edwards,Norm,Norm,1Fam,1Story,5,5,1920,1950,Gable,CompShg,Wd Sdng,Wd Sdng,BrkFace,0.0,3,3,BrkTil,3,3,1,5,108,1,0,350,458,GasA,2,0,SBrkr,835,0,0,835,0,0,1,0,2,1,3,5,Typ,0,0,Basment,1920.0,1,1,366,2,3,Y,0,0,77,0,0,0,0,nan,Shed,400,5,2010,COD,Abnorml,1293,90,60,1.0,77,1,1,0,0,5.0,83000
20,RL,77.0,9320,Pave,nan,3,Lvl,AllPub,Inside,3,NAmes,Norm,Norm,1Fam,1Story,4,5,1959,1959,Gable,CompShg,Plywood,Plywood,BrkFace,0.0,3,3,CBlock,3,3,1,5,569,1,0,381,950,GasA,2,1,SBrkr,1225,0,0,1225,1,0,1,1,3,1,3,6,Typ,0,0,nan,1980.0,0,0,0,0,0,Y,352,0,0,0,0,0,0,nan,Shed,400,1,2010,WD,Normal,2175,51,51,2.5,0,0,1,0,0,4.5,128950
20,RL,69.0,10603,Pave,nan,3,Lvl,AllPub,Inside,3,NWAmes,Norm,Norm,1Fam,1Story,6,7,1977,2001,Gable,CompShg,Plywood,Plywood,BrkFace,28.0,3,3,PConc,3,3,2,5,1200,1,0,410,1610,GasA,4,1,SBrkr,1610,0,0,1610,1,0,2,0,3,1,4,6,Typ,2,3,Attchd,1977.0,2,2,480,3,3,Y,168,68,0,0,0,0,0,nan,nan,0,2,2010,WD,Normal,3220,33,9,3.0,68,1,1,1,0,6.5,205000
60,RL,77.0,9206,Pave,nan,4,Lvl,AllPub,Inside,3,SawyerW,Norm,Norm,1Fam,2Story,6,5,1985,1985,Gable,CompShg,HdBoard,HdBoard,BrkFace,336.0,4,3,CBlock,4,3,1,1,0,1,0,741,741,GasA,3,1,SBrkr,977,755,0,1732,0,0,2,1,3,1,4,7,Typ,1,3,Attchd,1985.0,3,2,476,3,3,Y,192,46,0,0,0,0,0,nan,nan,0,6,2010,WD,Normal,2473,25,25,2.5,46,1,1,1,0,5.5,178000
90,RL,64.0,7018,Pave,nan,4,Bnk,AllPub,Inside,3,SawyerW,Norm,Norm,Duplex,1Story,5,5,1979,1979,Gable,CompShg,HdBoard,HdBoard,BrkFace,0.0,3,2,Slab,0,0,0,0,0,0,0,0,0,GasA,3,1,SBrkr,1535,0,0,1535,0,0,2,0,4,2,3,8,Typ,0,0,Attchd,1979.0,1,2,410,3,3,Y,0,0,0,0,0,0,0,nan,nan,0,6,2009,WD,Alloca,1535,30,30,2.0,0,1,0,0,0,5.0,118964
20,RL,94.0,10402,Pave,nan,3,Lvl,AllPub,Corner,3,CollgCr,Norm,Norm,1Fam,1Story,7,5,2009,2009,Gable,CompShg,VinylSd,VinylSd,BrkFace,0.0,3,3,PConc,4,3,1,1,0,1,0,1226,1226,GasA,5,1,SBrkr,1226,0,0,1226,0,0,2,0,3,1,4,6,Typ,0,0,Attchd,2009.0,2,3,740,3,3,Y,0,36,0,0,0,0,0,nan,nan,0,5,2010,WD,Normal,2452,1,1,2.0,36,1,1,0,0,6.0,198900
50,RM,69.0,7758,Pave,nan,4,Lvl,AllPub,Corner,3,IDOTRR,Norm,Norm,1Fam,1.5Fin,7,4,1931,1950,Gable,CompShg,Stucco,Stucco,BrkFace,600.0,3,2,PConc,3,3,1,2,224,1,0,816,1040,GasA,5,1,FuseF,1226,592,0,1818,0,0,1,1,4,1,3,7,Typ,2,3,Detchd,1951.0,1,1,240,3,3,Y,0,0,0,0,184,0,0,nan,nan,0,6,2007,WD,Normal,2858,76,57,1.5,184,1,1,1,0,5.5,169500
60,FV,75.0,9375,Pave,nan,4,Lvl,AllPub,Inside,3,Somerst,Norm,Norm,1Fam,2Story,8,5,2003,2004,Hip,CompShg,VinylSd,VinylSd,BrkFace,768.0,4,3,PConc,5,3,1,1,0,1,0,1053,1053,GasA,5,1,SBrkr,1053,939,0,1992,0,0,2,1,3,1,4,9,Typ,1,4,Attchd,2003.0,2,2,648,3,3,Y,140,45,0,0,0,0,0,nan,nan,0,8,2008,WD,Normal,3045,5,4,2.5,45,1,1,1,0,6.5,250000
30,RM,60.0,10800,Pave,Grvl,4,Lvl,AllPub,Inside,3,OldTown,Norm,Norm,1Fam,1Story,4,7,1885,1995,Mansard,CompShg,VinylSd,VinylSd,BrkFace,0.0,3,3,BrkTil,2,3,1,1,0,1,0,641,641,GasA,4,1,SBrkr,1047,0,0,1047,0,0,1,0,2,1,3,6,Typ,0,0,Detchd,1954.0,1,1,273,2,2,N,0,0,0,0,0,0,0,nan,Shed,450,8,2007,WD,Normal,1688,122,12,1.0,0,1,1,0,0,5.5,100000
20,RM,50.0,6000,Pave,nan,4,Lvl,AllPub,Inside,3,OldTown,Norm,Norm,1Fam,1Story,5,5,1948,1950,Gable,CompShg,VinylSd,VinylSd,BrkFace,0.0,3,3,CBlock,3,3,1,5,104,4,169,516,789,GasA,5,1,SBrkr,789,0,0,789,0,0,1,0,2,1,3,5,Typ,0,0,Detchd,1948.0,1,1,250,3,3,Y,0,0,0,0,0,0,0,nan,nan,0,4,2008,WD,Partial,1578,60,58,1.0,0,1,1,0,0,5.0,115000
50,RM,85.0,8500,Pave,nan,4,Lvl,AllPub,Corner,3,IDOTRR,Artery,Norm,1Fam,1.5Fin,5,7,1919,2005,Gable,CompShg,CemntBd,CmentBd,BrkFace,0.0,3,3,CBlock,3,3,1,1,0,1,0,793,793,GasW,3,0,FuseF,997,520,0,1517,0,0,2,0,3,1,2,7,Typ,0,0,nan,1980.0,0,0,0,0,0,N,0,0,144,0,0,0,0,nan,nan,0,8,2007,WD,Normal,2310,88,2,2.0,144,0,1,0,0,6.0,115000
20,RL,105.0,11751,Pave,nan,3,Lvl,AllPub,Inside,3,NWAmes,Norm,Norm,1Fam,1Story,6,6,1977,1977,Hip,CompShg,Plywood,Plywood,BrkFace,480.0,3,3,CBlock,4,3,1,4,705,1,0,1139,1844,GasA,5,1,SBrkr,1844,0,0,1844,0,0,2,0,3,1,3,7,Typ,1,3,Attchd,1977.0,2,2,546,3,3,Y,0,122,0,0,0,0,0,MnPrv,nan,0,1,2010,COD,Normal,3688,33,33,2.0,122,1,1,1,0,6.0,190000
50,RL,75.0,9525,Pave,nan,4,Lvl,AllPub,Inside,3,Edwards,Norm,Norm,1Fam,1.5Fin,6,4,1954,1972,Gable,CompShg,Wd Sdng,Wd Sdng,BrkFace,0.0,3,3,CBlock,3,2,1,3,444,1,0,550,994,GasA,4,1,SBrkr,1216,639,0,1855,0,0,2,0,4,1,3,7,Typ,0,0,Attchd,1954.0,1,1,325,3,3,Y,182,0,0,0,0,0,0,nan,nan,0,10,2006,WD,Normal,2849,52,34,2.0,0,1,1,0,0,5.0,136900
80,RL,69.0,7750,Pave,nan,3,Lvl,AllPub,Inside,3,Gilbert,Norm,Norm,1Fam,SLvl,7,5,2000,2000,Gable,CompShg,VinylSd,VinylSd,BrkFace,0.0,3,3,PConc,4,3,1,6,250,1,0,134,384,GasA,5,1,SBrkr,774,656,0,1430,0,0,2,1,3,1,3,7,Typ,1,3,BuiltIn,2000.0,3,2,400,3,3,Y,180,0,0,0,0,0,0,nan,nan,0,4,2010,WD,Normal,1814,10,10,2.5,0,1,1,1,0,6.0,180000
60,RL,77.0,9965,Pave,nan,4,Lvl,AllPub,Inside,3,CollgCr,Norm,Norm,1Fam,2Story,7,5,2007,2007,Gable,CompShg,VinylSd,VinylSd,Stone,220.0,4,3,PConc,5,3,3,6,984,1,0,280,1264,GasA,5,1,SBrkr,1282,1414,0,2696,1,0,2,1,4,1,5,10,Typ,1,4,BuiltIn,2007.0,3,3,792,3,3,Y,120,184,0,0,168,0,0,nan,nan,0,10,2007,New,Partial,3960,0,0,3.5,352,1,1,1,0,6.0,383970
20,RL,69.0,21000,Pave,nan,4,Bnk,AllPub,Corner,3,Crawfor,Norm,Norm,1Fam,1Story,6,5,1953,1953,Hip,CompShg,Wd Sdng,Wd Sdng,BrkFace,184.0,3,4,CBlock,4,3,2,5,35,3,869,905,1809,GasA,3,1,SBrkr,2259,0,0,2259,1,0,2,0,3,1,4,7,Typ,2,4,Basment,1953.0,1,2,450,3,3,Y,166,120,192,0,0,0,0,MnPrv,nan,0,10,2007,COD,Abnorml,4068,54,54,3.0,312,1,1,1,0,5.5,217000
70,RL,61.0,7259,Pave,nan,3,Lvl,AllPub,Inside,2,Crawfor,Norm,Norm,1Fam,2Story,6,8,1945,2002,Gambrel,CompShg,Wd Sdng,Wd Sdng,BrkFace,0.0,3,3,CBlock,3,3,1,5,774,2,150,104,1028,GasA,5,1,SBrkr,1436,884,0,2320,1,0,2,1,3,1,4,9,Typ,1,3,Detchd,1945.0,1,1,180,3,3,Y,224,0,0,0,0,0,0,MnPrv,nan,0,7,2007,WD,Normal,3348,62,5,3.5,0,1,1,1,0,7.0,259500
160,FV,34.0,3230,Pave,Pave,4,Lvl,AllPub,Corner,3,Somerst,Norm,Norm,TwnhsE,2Story,6,5,1999,1999,Gable,CompShg,MetalSd,MetalSd,BrkFace,1129.0,3,3,PConc,4,3,1,6,419,1,0,310,729,GasA,4,1,SBrkr,729,729,0,1458,0,0,2,1,2,1,3,5,Typ,1,2,Detchd,1999.0,1,2,440,3,3,Y,0,32,0,0,0,0,0,nan,nan,0,6,2007,WD,Normal,2187,8,8,2.5,32,1,1,1,0,5.5,176000
20,RL,69.0,11616,Pave,nan,4,Lvl,AllPub,Inside,3,Sawyer,Norm,Norm,1Fam,1Story,5,5,1962,1962,Gable,CompShg,Wd Sdng,Wd Sdng,BrkFace,116.0,3,3,CBlock,3,3,1,2,170,4,670,252,1092,GasA,3,1,SBrkr,1092,0,0,1092,0,1,1,0,3,1,3,6,Typ,1,1,Attchd,1962.0,1,1,288,3,3,Y,0,20,144,0,0,0,0,nan,nan,0,9,2009,WD,Normal,2184,47,47,1.5,164,1,1,1,0,5.0,139000
20,RL,74.0,8536,Pave,nan,4,Lvl,AllPub,Corner,3,Edwards,Norm,Norm,1Fam,1Story,5,5,2006,2007,Gable,CompShg,VinylSd,VinylSd,BrkFace,0.0,3,3,PConc,4,3,1,1,0,1,0,1125,1125,GasA,4,1,SBrkr,1125,0,0,1125,0,0,1,1,2,1,3,5,Typ,0,0,Attchd,2007.0,1,2,430,3,3,Y,80,64,0,0,0,0,0,nan,nan,0,4,2007,New,Partial,2250,1,0,1.5,64,1,1,0,0,5.0,155000
60,RL,90.0,12376,Pave,nan,4,Lvl,AllPub,Corner,3,SawyerW,Norm,Norm,1Fam,2Story,7,5,1990,1990,Hip,CompShg,Plywood,Plywood,BrkFace,0.0,3,3,PConc,4,3,2,6,1470,1,0,203,1673,GasA,4,1,SBrkr,1699,1523,0,3222,1,0,3,0,5,1,4,11,Typ,2,3,Attchd,1990.0,1,3,594,3,3,Y,367,0,0,0,0,0,0,nan,nan,0,5,2010,WD,Normal,4895,20,20,4.0,0,1,1,1,0,6.0,320000
60,RL,65.0,8461,Pave,nan,4,Lvl,AllPub,Inside,3,CollgCr,Norm,Norm,1Fam,2Story,6,5,2005,2006,Gable,CompShg,VinylSd,VinylSd,BrkFace,0.0,4,3,PConc,4,3,1,1,0,1,0,728,728,GasA,5,1,SBrkr,728,728,0,1456,0,0,2,1,3,1,4,8,Typ,1,4,Attchd,2005.0,3,2,390,3,3,Y,0,24,0,0,0,0,0,nan,nan,0,7,2006,New,Partial,2184,1,0,2.5,24,1,1,1,0,5.5,163990
80,RL,69.0,21453,Pave,nan,3,Low,AllPub,CulDSac,1,ClearCr,Norm,Norm,1Fam,SLvl,6,5,1969,1969,Flat,Metal,Plywood,Plywood,BrkFace,0.0,3,3,CBlock,3,3,4,5,938,1,0,0,938,GasA,5,1,SBrkr,988,0,0,988,1,0,1,0,1,1,3,4,Typ,2,3,Attchd,1969.0,1,2,540,3,3,Y,0,130,0,130,0,0,0,nan,nan,0,10,2006,WD,Normal,1926,37,37,2.0,260,1,1,1,0,5.5,180000
50,RM,50.0,6060,Pave,nan,4,Lvl,AllPub,Inside,3,IDOTRR,Norm,Norm,1Fam,1.5Fin,4,5,1939,1950,Gable,CompShg,AsbShng,AsbShng,BrkFace,0.0,3,3,PConc,3,3,1,1,0,1,0,732,732,GasA,4,1,SBrkr,772,351,0,1123,0,0,1,0,3,1,3,4,Typ,0,0,Detchd,1979.0,1,1,264,3,3,P,0,0,140,0,0,0,0,MnPrv,nan,0,6,2007,WD,Normal,1855,68,57,1.0,140,1,1,0,0,4.5,100000
20,RL,75.0,9464,Pave,nan,4,Lvl,AllPub,Corner,3,NAmes,Norm,Norm,1Fam,1Story,6,7,1958,1958,Hip,CompShg,MetalSd,MetalSd,BrkFace,135.0,3,4,CBlock,3,3,1,4,570,1,0,510,1080,GasA,4,1,SBrkr,1080,0,0,1080,0,0,1,0,3,1,3,5,Typ,0,0,Attchd,1958.0,1,1,288,3,3,Y,0,0,0,0,130,0,0,nan,nan,0,6,2008,WD,Normal,2160,50,50,1.0,130,1,1,0,0,6.5,136000
120,RL,55.0,7892,Pave,nan,4,Lvl,AllPub,Inside,3,SawyerW,Norm,Norm,TwnhsE,1Story,6,5,1993,1993,Gable,CompShg,Plywood,Plywood,BrkFace,0.0,4,3,PConc,4,3,1,6,300,1,0,899,1199,GasA,5,1,SBrkr,1199,0,0,1199,0,0,2,0,2,1,4,5,Typ,0,0,Attchd,1993.0,2,2,530,3,3,Y,0,63,0,0,0,0,0,nan,nan,0,3,2008,WD,Normal,2398,15,15,2.0,63,1,1,0,0,5.5,153900
20,RL,48.0,17043,Pave,nan,3,Lvl,AllPub,CulDSac,3,NWAmes,Norm,Norm,1Fam,1Story,6,5,1979,1998,Gable,CompShg,HdBoard,HdBoard,BrkFace,0.0,3,4,CBlock,4,2,1,1,0,1,0,1362,1362,GasA,3,1,SBrkr,1586,0,0,1586,0,0,2,0,3,1,3,7,Typ,1,3,Attchd,1979.0,1,2,435,3,3,Y,192,0,0,0,0,0,0,nan,nan,0,1,2009,WD,Normal,2948,30,11,2.0,0,1,1,1,0,5.5,181000
190,RM,60.0,6780,Pave,nan,4,Lvl,AllPub,Inside,3,IDOTRR,Norm,Norm,2fmCon,1.5Fin,6,8,1935,1982,Gable,CompShg,Wd Sdng,Wd Sdng,BrkFace,0.0,3,2,CBlock,3,3,3,6,490,1,0,30,520,GasA,4,0,SBrkr,520,0,234,754,1,0,1,0,2,1,3,5,Typ,0,0,nan,1980.0,0,0,0,0,0,N,53,0,0,0,0,0,0,nan,nan,0,6,2006,WD,Normal,1040,71,24,2.0,0,0,1,0,0,7.0,84500
120,RL,69.0,4928,Pave,nan,3,Lvl,AllPub,Inside,3,NPkVill,Norm,Norm,TwnhsE,1Story,6,5,1976,1976,Gable,CompShg,Plywood,Plywood,BrkFace,0.0,3,3,CBlock,4,3,1,5,120,1,0,958,1078,GasA,3,1,SBrkr,958,0,0,958,0,0,2,0,2,1,3,5,Typ,1,3,Attchd,1977.0,2,2,440,3,3,Y,0,205,0,0,0,0,0,nan,nan,0,2,2007,WD,Normal,2036,31,31,2.0,205,1,1,1,0,5.5,128000
45,RM,55.0,4388,Pave,nan,3,Bnk,AllPub,Inside,3,OldTown,Feedr,Norm,1Fam,1.5Unf,5,7,1930,1950,Gable,CompShg,WdShing,Wd Sdng,BrkFace,0.0,3,4,BrkTil,3,3,1,2,116,1,0,556,672,GasA,5,1,SBrkr,840,0,0,840,0,0,1,0,3,1,3,5,Typ,1,3,nan,1980.0,0,0,0,0,0,N,0,0,0,0,0,0,0,nan,nan,0,6,2007,WD,Normal,1512,77,57,1.0,0,0,1,1,0,6.0,87000
60,RL,69.0,7590,Pave,nan,4,Lvl,AllPub,Inside,3,NAmes,PosN,Norm,1Fam,2Story,6,5,1966,1966,Gable,CompShg,VinylSd,VinylSd,BrkFace,266.0,3,3,CBlock,3,3,1,4,512,1,0,148,660,GasA,3,1,SBrkr,660,688,0,1348,0,0,1,1,3,1,3,6,Typ,1,2,Attchd,1966.0,2,2,453,3,3,Y,188,108,0,0,0,0,0,nan,nan,0,7,2006,WD,Normal,2008,40,40,1.5,108,1,1,1,0,5.5,155000
20,RL,69.0,8973,Pave,nan,4,Lvl,AllPub,Inside,3,NAmes,Norm,Norm,1Fam,1Story,5,7,1958,1991,Gable,CompShg,Plywood,Plywood,BrkFace,85.0,3,3,CBlock,3,3,1,3,567,4,28,413,1008,GasA,3,1,FuseA,1053,0,0,1053,0,1,1,1,3,1,5,6,Typ,0,0,2Types,1998.0,2,2,750,3,3,Y,0,80,0,180,0,0,0,MnWw,nan,0,7,2006,WD,Abnorml,2061,48,15,2.0,260,1,1,0,0,6.0,150000
60,RL,88.0,14200,Pave,nan,4,Lvl,AllPub,Corner,3,NAmes,Norm,Norm,1Fam,2Story,7,6,1966,1966,Gable,CompShg,MetalSd,MetalSd,BrkFace,309.0,3,3,CBlock,3,3,1,3,445,1,0,479,924,GasA,5,1,SBrkr,1216,941,0,2157,0,0,2,1,4,1,4,8,Typ,2,4,Attchd,1966.0,3,2,487,3,3,Y,105,66,0,0,0,0,0,GdPrv,nan,0,5,2006,WD,Normal,3081,40,40,2.5,66,1,1,1,0,6.5,226000
60,RL,69.0,12224,Pave,nan,3,Lvl,AllPub,Corner,3,Gilbert,Norm,Norm,1Fam,2Story,6,5,2000,2000,Gable,CompShg,VinylSd,VinylSd,BrkFace,40.0,4,3,PConc,4,3,1,6,695,1,0,297,992,GasA,5,1,SBrkr,1022,1032,0,2054,1,0,2,1,3,1,4,7,Typ,1,3,BuiltIn,2000.0,2,2,390,3,3,Y,24,48,0,0,0,0,0,nan,nan,0,7,2009,WD,Normal,3046,9,9,3.5,48,1,1,1,0,5.5,244000
20,RL,75.0,7388,Pave,nan,4,Lvl,AllPub,Corner,3,NAmes,Norm,Norm,1Fam,1Story,5,6,1959,2002,Gable,CompShg,MetalSd,MetalSd,BrkFace,0.0,3,3,CBlock,3,3,1,3,405,1,0,658,1063,GasA,4,1,SBrkr,1327,0,0,1327,1,0,1,0,3,1,4,7,Typ,0,0,Detchd,1974.0,1,2,624,3,3,Y,0,0,0,0,0,0,0,nan,nan,0,7,2007,WD,Normal,2390,48,5,2.0,0,1,1,0,0,5.5,150750
20,RL,69.0,6853,Pave,nan,3,Lvl,AllPub,Inside,3,Timber,Norm,Norm,1Fam,1Story,8,5,2001,2002,Gable,CompShg,VinylSd,VinylSd,BrkFace,136.0,4,3,PConc,5,3,1,6,1005,1,0,262,1267,GasA,5,1,SBrkr,1296,0,0,1296,1,0,2,0,2,1,4,6,Typ,0,0,Attchd,2001.0,3,2,471,3,3,Y,192,25,0,0,0,0,0,nan,nan,0,6,2009,WD,Normal,2563,8,7,3.0,25,1,1,0,0,6.5,220000
20,RL,78.0,10335,Pave,nan,3,Lvl,AllPub,Inside,3,Sawyer,Norm,Norm,1Fam,1Story,5,6,1968,1993,Gable,CompShg,Plywood,Plywood,BrkFace,0.0,3,3,CBlock,3,3,1,3,570,1,0,891,1461,GasA,4,1,SBrkr,1721,0,0,1721,0,0,2,1,3,1,3,7,Min1,1,3,Attchd,1968.0,2,2,440,3,3,Y,0,96,180,0,0,0,0,MnPrv,nan,0,7,2006,WD,Normal,3182,38,13,2.5,276,1,1,1,0,5.5,180000
20,RL,80.0,10400,Pave,nan,4,Lvl,AllPub,Inside,3,NWAmes,Norm,Norm,1Fam,1Story,7,6,1970,1970,Hip,CompShg,Plywood,Plywood,BrkFace,288.0,3,3,PConc,3,3,1,1,0,1,0,1304,1304,GasA,4,1,SBrkr,1682,0,0,1682,0,0,2,0,3,1,3,7,Typ,1,4,Attchd,1970.0,1,2,530,3,3,Y,98,0,0,0,0,0,0,MnPrv,nan,0,5,2008,WD,Normal,2986,38,38,2.0,0,1,1,1,0,6.5,174000
20,RL,69.0,10355,Pave,nan,3,Lvl,AllPub,Corner,3,NAmes,Norm,Norm,1Fam,1Story,5,5,1967,1967,Gable,CompShg,MetalSd,MetalSd,BrkFace,196.0,3,3,CBlock,3,3,1,4,695,1,0,519,1214,GasA,3,1,SBrkr,1214,0,0,1214,0,0,2,0,3,1,3,5,Typ,1,2,Attchd,1967.0,2,1,318,3,3,Y,0,111,0,0,0,0,0,nan,nan,0,7,2007,WD,Normal,2428,40,40,2.0,111,1,1,1,0,5.0,143000
90,RL,82.0,11070,Pave,nan,4,Lvl,AllPub,Inside,3,Mitchel,Norm,Norm,Duplex,1Story,7,5,1988,1989,Gable,CompShg,VinylSd,VinylSd,BrkFace,70.0,3,3,CBlock,3,3,1,1,0,1,0,1907,1907,GasA,4,1,SBrkr,1959,0,0,1959,0,0,3,0,5,2,3,9,Typ,0,0,2Types,1989.0,1,3,766,3,3,Y,0,0,0,0,0,0,0,nan,nan,0,7,2006,WD,Family,3866,18,17,3.0,0,1,1,0,0,6.0,171000
60,RL,73.0,9066,Pave,nan,3,Lvl,AllPub,Inside,3,CollgCr,Norm,Norm,1Fam,2Story,8,5,1999,2000,Gable,CompShg,VinylSd,VinylSd,BrkFace,320.0,4,3,PConc,4,3,2,6,668,1,0,336,1004,GasA,5,1,SBrkr,1004,848,0,1852,0,0,2,1,3,1,4,7,Typ,2,3,Attchd,1999.0,3,3,660,3,3,Y,224,106,0,0,0,0,0,GdPrv,nan,0,12,2008,WD,Normal,2856,9,8,2.5,106,1,1,1,0,6.5,230000
60,RL,65.0,15426,Pave,nan,3,Lvl,AllPub,Inside,3,CollgCr,Norm,Norm,1Fam,2Story,6,5,1997,1997,Gable,CompShg,VinylSd,VinylSd,BrkFace,0.0,3,3,PConc,4,3,1,6,821,1,0,107,928,GasA,5,1,SBrkr,928,836,0,1764,1,0,2,1,3,1,4,7,Typ,0,0,Attchd,1997.0,2,2,470,3,3,Y,276,99,0,0,0,0,0,MnPrv,nan,0,8,2009,WD,Normal,2692,12,12,3.5,99,1,1,0,0,5.5,231500
20,RL,70.0,10500,Pave,nan,4,Lvl,AllPub,FR2,3,NAmes,Norm,Norm,1Fam,1Story,4,5,1971,1971,Gable,CompShg,HdBoard,HdBoard,BrkFace,0.0,3,3,CBlock,3,3,1,5,432,1,0,432,864,GasA,3,1,SBrkr,864,0,0,864,0,0,1,0,3,1,3,5,Typ,1,1,nan,1980.0,0,0,0,0,0,Y,0,0,0,0,0,0,0,nan,nan,0,4,2010,ConLI,Normal,1728,39,39,1.0,0,0,1,1,0,4.5,115000
20,RL,78.0,11645,Pave,nan,4,Lvl,AllPub,Inside,3,CollgCr,Norm,Norm,1Fam,1Story,7,5,2005,2005,Gable,CompShg,VinylSd,VinylSd,BrkFace,0.0,4,3,PConc,4,3,3,6,1300,1,0,434,1734,GasA,5,1,SBrkr,1734,0,0,1734,1,0,2,0,3,1,4,7,Typ,0,0,Attchd,2005.0,3,2,660,3,3,Y,160,24,0,0,0,0,0,nan,nan,0,1,2006,WD,Normal,3468,1,1,3.0,24,1,1,0,0,6.0,260000
50,RL,71.0,8520,Pave,nan,4,Lvl,AllPub,Corner,3,NAmes,Artery,Norm,1Fam,1.5Fin,5,4,1952,1952,Gable,CompShg,BrkFace,Wd Sdng,BrkFace,0.0,3,2,CBlock,3,3,1,3,507,1,0,403,910,GasA,2,1,SBrkr,910,475,0,1385,0,0,2,0,4,1,3,6,Typ,0,0,Detchd,2000.0,1,2,720,3,3,Y,0,0,0,0,0,0,0,MnPrv,nan,0,6,2010,WD,Normal,2295,58,58,2.0,0,1,1,0,0,4.5,166000
20,RL,78.0,10335,Pave,nan,3,Lvl,AllPub,Inside,3,CollgCr,Norm,Norm,1Fam,1Story,7,5,1999,1999,Gable,CompShg,VinylSd,VinylSd,BrkFace,183.0,4,3,PConc,4,3,4,6,679,1,0,811,1490,GasA,5,1,SBrkr,1501,0,0,1501,1,0,2,0,3,1,4,6,Typ,0,0,Attchd,1999.0,2,2,577,3,3,Y,144,29,0,0,0,0,0,nan,nan,0,6,2009,WD,Normal,2991,10,10,3.0,29,1,1,0,0,6.0,204000
90,RM,70.0,9100,Pave,nan,4,Lvl,AllPub,Inside,3,Sawyer,RRAe,Norm,Duplex,1Story,5,5,1963,1963,Gable,CompShg,HdBoard,HdBoard,BrkFace,336.0,3,3,CBlock,3,3,1,3,1332,1,0,396,1728,GasA,3,1,SBrkr,1728,0,0,1728,1,0,2,0,6,2,3,10,Typ,0,0,Detchd,1963.0,1,2,504,3,3,Y,0,0,0,0,0,0,0,nan,nan,0,11,2006,ConLI,Abnorml,3456,43,43,3.0,0,1,1,0,0,5.0,125000
160,RM,24.0,2522,Pave,nan,4,Lvl,AllPub,Inside,3,Edwards,Norm,Norm,Twnhs,2Story,6,5,2004,2006,Gable,CompShg,VinylSd,VinylSd,Stone,50.0,4,3,PConc,4,3,1,1,0,1,0,970,970,GasA,5,1,SBrkr,970,739,0,1709,0,0,2,0,3,1,4,7,Maj1,0,0,Detchd,2004.0,1,2,380,3,3,Y,0,40,0,0,0,0,0,nan,nan,0,4,2006,WD,Normal,2679,2,0,2.0,40,1,1,0,0,5.5,130000
30,RM,51.0,6120,Pave,nan,4,Lvl,AllPub,Corner,3,BrkSide,Norm,Norm,1Fam,1Story,5,7,1931,1993,Gable,CompShg,Wd Sdng,Wd Sdng,BrkFace,0.0,3,3,BrkTil,3,3,1,4,209,1,0,506,715,GasA,3,1,FuseA,875,0,0,875,1,0,1,0,2,1,3,5,Typ,0,0,Detchd,1931.0,1,1,180,2,3,Y,48,0,0,0,0,0,0,nan,nan,0,11,2009,WD,Normal,1590,78,16,2.0,0,1,1,0,0,6.0,105000
60,RL,69.0,9505,Pave,nan,3,Lvl,AllPub,CulDSac,3,Gilbert,Norm,Norm,1Fam,2Story,7,5,2001,2001,Gable,CompShg,VinylSd,VinylSd,BrkFace,180.0,4,3,PConc,4,3,1,1,0,1,0,884,884,GasA,5,1,SBrkr,884,1151,0,2035,0,0,2,1,3,1,4,8,Typ,1,4,BuiltIn,2001.0,3,2,434,3,3,Y,144,48,0,0,0,0,0,nan,nan,0,5,2010,WD,Normal,2919,9,9,2.5,48,1,1,1,0,6.0,222500
20,RL,63.0,7500,Pave,nan,4,Lvl,AllPub,Inside,3,SawyerW,Norm,Norm,1Fam,1Story,7,5,2004,2005,Gable,CompShg,VinylSd,VinylSd,BrkFace,120.0,3,3,PConc,4,3,1,6,680,1,0,400,1080,GasA,5,1,SBrkr,1080,0,0,1080,1,0,1,0,3,1,4,6,Typ,0,0,nan,1980.0,0,0,0,0,0,Y,0,0,0,0,0,0,0,nan,nan,0,4,2008,WD,Normal,2160,4,3,2.0,0,0,1,0,0,6.0,141000
50,RM,69.0,6240,Pave,nan,4,Lvl,AllPub,Inside,3,BrkSide,Norm,Norm,1Fam,1.5Fin,5,4,1936,1950,Gable,CompShg,MetalSd,MetalSd,BrkFace,0.0,3,3,BrkTil,4,3,1,1,0,1,0,896,896,GasA,4,1,FuseA,896,448,0,1344,0,0,1,0,3,1,3,7,Typ,0,0,Detchd,1936.0,1,1,240,2,3,Y,200,114,0,0,0,0,0,nan,nan,0,4,2006,WD,Normal,2240,70,56,1.0,114,1,1,0,0,4.5,115000
20,RL,120.0,10356,Pave,nan,4,Lvl,AllPub,Corner,3,CollgCr,Norm,Norm,1Fam,1Story,5,6,1975,1975,Gable,CompShg,HdBoard,HdBoard,BrkFace,0.0,3,3,CBlock,3,3,3,4,716,1,0,253,969,GasA,3,1,SBrkr,969,0,0,969,0,0,1,1,3,1,3,5,Typ,0,0,Attchd,1975.0,1,2,440,3,3,Y,0,0,0,0,0,0,0,MnPrv,nan,0,1,2007,WD,Normal,1938,32,32,1.5,0,1,1,0,0,5.5,122000
20,RL,107.0,13891,Pave,nan,4,Lvl,AllPub,Inside,3,NridgHt,Norm,Norm,1Fam,1Story,8,5,2007,2008,Hip,CompShg,VinylSd,VinylSd,Stone,436.0,4,3,PConc,5,3,4,6,1400,1,0,310,1710,GasA,5,1,SBrkr,1710,0,0,1710,1,0,2,0,2,1,4,6,Typ,1,4,Attchd,2007.0,2,3,866,3,3,Y,0,102,0,0,0,0,0,nan,nan,0,1,2008,New,Partial,3420,1,0,3.0,102,1,1,1,0,6.5,372402
60,RL,69.0,14803,Pave,nan,3,Lvl,AllPub,CulDSac,3,NWAmes,Norm,Norm,1Fam,2Story,6,5,1971,1971,Gable,CompShg,HdBoard,HdBoard,BrkFace,252.0,3,3,CBlock,3,3,1,3,416,1,0,409,825,GasA,4,1,SBrkr,1097,896,0,1993,0,0,2,1,4,1,3,8,Typ,1,4,Attchd,1971.0,2,2,495,3,3,Y,0,66,0,0,0,0,0,GdWo,nan,0,6,2006,WD,Normal,2818,35,35,2.5,66,1,1,1,0,5.5,190000
20,RL,69.0,13500,Pave,nan,4,Lvl,AllPub,Inside,3,ClearCr,Norm,Norm,1Fam,1Story,6,7,1960,1975,Flat,CompShg,BrkFace,Plywood,BrkFace,0.0,3,3,CBlock,4,3,4,4,429,5,1080,93,1602,GasA,4,1,SBrkr,1252,0,0,1252,1,0,1,0,1,1,3,4,Typ,1,4,Attchd,1960.0,2,2,564,3,3,Y,409,0,0,0,0,0,0,nan,nan,0,3,2008,WD,Normal,2854,48,33,2.0,0,1,1,1,0,6.5,235000
30,RM,84.0,11340,Pave,nan,4,Lvl,AllPub,Corner,3,OldTown,Norm,Norm,1Fam,1Story,6,5,1923,1950,Gable,CompShg,Wd Sdng,Wd Sdng,BrkFace,0.0,3,3,BrkTil,3,3,1,1,0,1,0,1200,1200,GasA,3,1,FuseA,1200,0,0,1200,0,0,1,0,4,1,3,7,Typ,0,0,Detchd,1923.0,1,1,312,2,2,Y,0,0,228,0,0,0,0,nan,nan,0,3,2006,WD,Family,2400,83,56,1.0,228,1,1,0,0,5.5,125000
50,RL,60.0,9600,Pave,nan,4,Lvl,AllPub,Corner,3,Edwards,Artery,Norm,1Fam,1.5Fin,6,5,1924,1950,Gable,CompShg,Wd Sdng,Wd Sdng,BrkFace,0.0,3,3,BrkTil,3,3,1,1,0,1,0,572,572,Grav,2,0,FuseF,572,524,0,1096,0,0,1,0,2,1,3,5,Typ,0,0,nan,1980.0,0,0,0,0,0,N,0,8,128,0,0,0,0,nan,nan,0,4,2008,WD,Normal,1668,84,58,1.0,136,0,1,0,0,5.5,79000
20,RL,60.0,7200,Pave,nan,4,Lvl,AllPub,Inside,3,NAmes,Norm,Norm,1Fam,1Story,5,7,1950,1950,Hip,CompShg,Wd Sdng,Wd Sdng,BrkFace,0.0,3,3,CBlock,0,0,0,0,0,0,0,0,0,GasA,3,1,FuseF,1040,0,0,1040,0,0,1,0,2,1,3,5,Typ,0,0,Detchd,1950.0,1,2,625,3,3,Y,0,0,0,0,0,0,0,nan,nan,0,6,2006,WD,Normal,1040,56,56,1.0,0,1,0,0,0,6.0,109500
60,RL,92.0,12003,Pave,nan,4,Lvl,AllPub,Corner,3,Timber,Norm,Norm,1Fam,2Story,8,5,2009,2010,Gable,CompShg,VinylSd,VinylSd,BrkFace,84.0,4,3,PConc,5,3,1,1,0,1,0,774,774,GasA,5,1,SBrkr,774,1194,0,1968,0,0,2,1,4,1,5,8,Typ,1,4,BuiltIn,2009.0,3,3,680,3,3,Y,0,75,0,0,0,0,0,nan,nan,0,5,2010,New,Partial,2742,1,0,2.5,75,1,1,1,0,6.5,269500
60,FV,100.0,12552,Pave,nan,4,Lvl,AllPub,Corner,3,Somerst,Norm,Norm,1Fam,2Story,7,5,2004,2005,Gable,CompShg,VinylSd,VinylSd,BrkFace,0.0,4,3,PConc,4,3,1,6,222,1,0,769,991,GasA,5,1,SBrkr,991,956,0,1947,0,0,2,1,3,1,4,8,Typ,1,4,Attchd,2004.0,2,2,678,3,3,Y,0,136,0,0,0,0,0,GdWo,nan,0,5,2010,WD,Normal,2938,6,5,2.5,136,1,1,1,0,6.0,254900
60,RL,134.0,19378,Pave,nan,3,HLS,AllPub,Corner,3,Gilbert,Norm,Norm,1Fam,2Story,7,5,2005,2006,Gable,CompShg,VinylSd,VinylSd,BrkFace,456.0,4,3,PConc,4,3,2,6,57,1,0,1335,1392,GasA,5,1,SBrkr,1392,1070,0,2462,1,0,2,1,4,1,4,9,Typ,1,4,Attchd,2006.0,2,2,576,3,3,Y,239,132,0,168,0,0,0,nan,nan,0,3,2006,New,Partial,3854,1,0,3.5,300,1,1,1,0,6.0,320000
20,RL,69.0,11120,Pave,nan,3,Lvl,AllPub,CulDSac,3,Veenker,Norm,Norm,1Fam,1Story,6,6,1984,1984,Gable,CompShg,Plywood,Plywood,BrkFace,0.0,3,3,PConc,4,3,1,4,660,1,0,572,1232,GasA,3,1,SBrkr,1232,0,0,1232,0,0,2,0,3,1,3,6,Typ,0,0,Attchd,1984.0,1,2,516,3,3,Y,0,0,0,0,0,0,0,nan,nan,0,6,2008,WD,Normal,2464,24,24,2.0,0,1,1,0,0,6.0,162500
60,RL,110.0,13688,Pave,nan,3,Lvl,AllPub,Inside,3,NridgHt,Norm,Norm,1Fam,2Story,9,5,2003,2004,Gable,CompShg,VinylSd,VinylSd,BrkFace,664.0,4,3,PConc,5,3,3,6,1016,1,0,556,1572,GasA,5,1,SBrkr,1572,1096,0,2668,1,0,2,1,3,1,5,10,Typ,2,4,BuiltIn,2003.0,3,3,726,3,3,Y,400,0,0,0,0,0,0,nan,nan,0,3,2008,WD,Normal,4240,5,4,3.5,0,1,1,1,0,7.0,412500
20,RL,95.0,12182,Pave,nan,4,Lvl,AllPub,Corner,3,NridgHt,Norm,Norm,1Fam,1Story,7,5,2005,2005,Gable,CompShg,VinylSd,VinylSd,BrkFace,226.0,4,3,PConc,4,3,2,4,1201,1,0,340,1541,GasA,5,1,SBrkr,1541,0,0,1541,0,0,2,0,3,1,4,7,Typ,1,4,Attchd,2005.0,2,2,532,3,3,Y,0,70,0,0,0,0,0,nan,nan,0,5,2010,New,Partial,3082,5,5,2.0,70,1,1,1,0,6.0,220000
45,RL,55.0,5500,Pave,nan,4,Lvl,AllPub,Inside,3,OldTown,Norm,Norm,1Fam,1.5Unf,4,6,1956,1956,Gable,CompShg,MetalSd,MetalSd,BrkFace,0.0,3,3,CBlock,3,3,1,1,0,1,0,882,882,GasA,5,1,SBrkr,882,0,0,882,0,0,1,0,1,1,3,4,Typ,0,0,nan,1980.0,0,0,0,0,0,Y,0,0,0,0,0,0,0,MnPrv,nan,0,4,2007,WD,Normal,1764,51,51,1.0,0,0,1,0,0,5.0,103200
40,RM,40.0,5400,Pave,Pave,4,Lvl,AllPub,Corner,3,OldTown,Norm,Norm,1Fam,1Story,6,7,1926,2004,Gable,CompShg,MetalSd,MetalSd,BrkFace,0.0,3,4,BrkTil,3,3,2,2,370,1,0,779,1149,GasA,4,1,FuseA,1149,467,0,1616,0,0,2,0,3,1,4,5,Typ,0,0,Detchd,1926.0,1,1,216,3,3,Y,0,0,183,0,0,0,0,nan,nan,0,10,2007,WD,Normal,2765,81,3,2.0,183,1,1,0,0,6.5,152000
190,RL,62.0,10106,Pave,nan,4,Lvl,AllPub,Inside,3,Edwards,Norm,Norm,2fmCon,1.5Fin,5,7,1940,1999,Gable,CompShg,Wd Sdng,Wd Sdng,BrkFace,0.0,3,4,BrkTil,3,3,1,5,351,3,181,112,644,GasA,4,1,SBrkr,808,547,0,1355,1,0,2,0,4,2,3,6,Typ,0,0,nan,1980.0,0,0,0,0,0,Y,140,0,0,0,0,0,0,nan,nan,0,9,2008,WD,Normal,1999,68,9,3.0,0,0,1,0,0,6.0,127500
20,RL,69.0,10708,Pave,nan,3,Lvl,AllPub,Inside,3,ClearCr,Norm,Norm,1Fam,1Story,5,5,1955,1993,Hip,CompShg,Wd Sdng,Wd Sdng,BrkFace,0.0,4,3,CBlock,3,3,1,2,379,4,768,470,1617,GasA,5,1,FuseA,1867,0,0,1867,1,0,1,0,2,1,3,7,Typ,3,4,Attchd,1955.0,3,1,303,3,3,Y,476,0,0,0,142,0,0,GdWo,nan,0,11,2009,COD,Normal,3484,54,16,2.0,142,1,1,1,0,5.0,190000
60,RL,86.0,10562,Pave,nan,4,Lvl,AllPub,Inside,3,NridgHt,Norm,Norm,1Fam,2Story,8,5,2007,2007,Gable,CompShg,VinylSd,VinylSd,Stone,300.0,4,3,PConc,5,3,1,6,1288,1,0,294,1582,GasA,5,1,SBrkr,1610,551,0,2161,1,0,1,1,3,1,5,8,Typ,1,4,Attchd,2007.0,3,3,789,3,3,Y,178,120,0,0,0,0,0,nan,nan,0,11,2007,New,Partial,3743,0,0,2.5,120,1,1,1,0,6.5,325624
60,RL,62.0,8244,Pave,nan,3,Lvl,AllPub,Inside,3,Gilbert,Norm,Norm,1Fam,2Story,7,5,2004,2004,Gable,CompShg,VinylSd,VinylSd,BrkFace,0.0,4,3,PConc,4,3,1,1,0,1,0,840,840,GasA,5,1,SBrkr,840,880,0,1720,0,0,2,1,3,1,4,7,Typ,1,4,Attchd,2004.0,3,2,440,3,3,Y,100,48,0,0,0,0,0,nan,nan,0,5,2007,WD,Normal,2560,3,3,2.5,48,1,1,1,0,6.0,183500
20,RL,69.0,16669,Pave,nan,3,Lvl,AllPub,Corner,3,Timber,Norm,Norm,1Fam,1Story,8,6,1981,1981,Hip,WdShake,Plywood,Plywood,BrkFace,653.0,4,3,CBlock,4,3,1,1,0,1,0,1686,1686,GasA,3,1,SBrkr,1707,0,0,1707,0,0,2,1,2,1,3,6,Typ,1,3,Attchd,1981.0,2,2,511,3,3,Y,574,64,0,0,0,0,0,nan,nan,0,1,2006,WD,Normal,3393,25,25,2.5,64,1,1,1,0,7.0,228000
50,RM,69.0,12358,Pave,nan,3,Lvl,AllPub,Inside,3,OldTown,Feedr,Norm,1Fam,1.5Fin,5,6,1941,1950,Gable,CompShg,MetalSd,MetalSd,BrkFace,0.0,3,3,CBlock,3,3,1,3,360,1,0,360,720,GasA,3,1,SBrkr,854,0,528,1382,0,0,1,1,2,1,3,7,Typ,0,0,Detchd,1991.0,1,2,660,3,3,Y,237,0,0,0,0,0,0,nan,nan,0,5,2007,WD,Normal,1574,66,57,1.5,0,1,1,0,0,5.5,128500
20,RL,141.0,31770,Pave,nan,3,Lvl,AllPub,Corner,3,NAmes,Norm,Norm,1Fam,1Story,6,5,1960,1960,Hip,CompShg,BrkFace,Plywood,Stone,112.0,3,3,CBlock,3,4,4,4,639,1,0,441,1080,GasA,2,1,SBrkr,1656,0,0,1656,1,0,1,0,3,1,3,7,Typ,2,4,Attchd,1960.0,3,2,528,3,3,P,210,62,0,0,0,0,0,nan,nan,0,5,2010,WD,Normal,2736,50,50,2.0,62,1,1,1,0,5.5,215000
160,RL,44.0,5306,Pave,nan,3,Lvl,AllPub,Inside,3,StoneBr,Norm,Norm,TwnhsE,2Story,7,7,1987,1987,Gable,CompShg,HdBoard,HdBoard,BrkFace,0.0,4,4,PConc,4,4,1,6,495,3,215,354,1064,GasA,4,1,SBrkr,1064,703,0,1767,1,0,2,0,2,1,4,5,Typ,1,3,Attchd,1987.0,2,2,504,4,3,Y,441,35,0,0,0,0,0,nan,nan,0,6,2006,WD,Normal,2831,19,19,3.0,35,1,1,1,0,7.0,239000
20,RL,80.0,10197,Pave,nan,3,Lvl,AllPub,Inside,3,NAmes,Norm,Norm,1Fam,1Story,6,5,1961,1961,Gable,CompShg,WdShing,Wd Shng,BrkCmn,491.0,3,3,CBlock,3,3,1,5,288,3,374,700,1362,GasA,3,1,SBrkr,1362,0,0,1362,1,0,1,1,3,1,3,6,Typ,1,3,Attchd,1961.0,1,2,504,3,3,Y,0,20,0,0,0,0,0,nan,nan,0,6,2008,COD,Normal,2724,47,47,2.5,20,1,1,1,0,5.5,163000
20,RL,47.0,12416,Pave,nan,3,Lvl,AllPub,Inside,3,Timber,Norm,Norm,1Fam,1Story,6,5,1986,1986,Gable,CompShg,VinylSd,Plywood,Stone,132.0,3,3,CBlock,4,2,1,5,1398,2,208,0,1606,GasA,3,1,SBrkr,1651,0,0,1651,1,0,2,0,3,1,3,7,Min2,1,3,Attchd,1986.0,3,2,616,3,3,Y,192,0,0,0,0,0,0,nan,nan,0,11,2008,WD,Normal,3257,22,22,3.0,0,1,1,1,0,5.5,184000
20,RL,84.0,12615,Pave,nan,4,Lvl,AllPub,Corner,3,Edwards,Norm,Norm,1Fam,1Story,6,7,1950,2001,Gable,CompShg,WdShing,Wd Shng,BrkFace,0.0,3,3,CBlock,3,4,3,5,477,1,0,725,1202,GasA,3,1,SBrkr,2158,0,0,2158,1,0,2,0,4,1,4,7,Typ,1,4,Attchd,1950.0,1,2,576,3,3,Y,0,29,39,0,0,0,0,MnPrv,nan,0,6,2007,WD,Normal,3360,57,6,3.0,68,1,1,1,0,6.5,243000
60,RL,97.0,10029,Pave,nan,3,Lvl,AllPub,Corner,3,ClearCr,Norm,Norm,1Fam,2Story,6,5,1988,1989,Gable,CompShg,Plywood,Plywood,BrkFace,268.0,4,3,PConc,4,3,1,6,831,1,0,320,1151,GasA,3,1,SBrkr,1164,896,0,2060,0,1,2,1,4,1,3,8,Typ,1,3,Attchd,1988.0,1,2,521,3,3,Y,0,228,0,0,192,0,0,nan,nan,0,9,2007,WD,Normal,3211,19,18,3.0,420,1,1,1,0,5.5,211000
50,RL,69.0,13650,Pave,nan,4,Lvl,AllPub,Inside,3,Sawyer,Norm,Norm,1Fam,1.5Fin,5,5,1958,1958,Gable,CompShg,MetalSd,MetalSd,BrkFace,0.0,4,4,CBlock,3,3,1,5,57,4,441,554,1052,GasA,5,1,SBrkr,1252,668,0,1920,1,0,2,0,4,1,4,8,Typ,1,4,Attchd,1958.0,1,2,451,3,3,Y,0,0,0,0,0,0,0,nan,nan,0,7,2006,WD,Normal,2972,48,48,3.0,0,1,1,1,0,5.0,172500
20,RL,63.0,17423,Pave,nan,3,Lvl,AllPub,CulDSac,3,StoneBr,Norm,Norm,1Fam,1Story,9,5,2008,2009,Hip,CompShg,VinylSd,VinylSd,Stone,748.0,5,3,PConc,5,3,1,6,1904,1,0,312,2216,GasA,5,1,SBrkr,2234,0,0,2234,1,0,2,0,1,1,5,9,Typ,1,4,Attchd,2009.0,3,3,1166,3,3,Y,0,60,0,0,0,0,0,nan,nan,0,7,2009,New,Partial,4450,1,0,3.0,60,1,1,1,0,7.0,501837
30,RM,60.0,8520,Pave,nan,4,Lvl,AllPub,Inside,3,OldTown,Norm,Norm,1Fam,1Story,5,6,1923,2006,Gable,CompShg,Wd Sdng,Wd Sdng,BrkFace,0.0,4,3,CBlock,3,3,1,1,0,1,0,968,968,GasA,3,1,SBrkr,968,0,0,968,0,0,1,0,2,1,3,5,Typ,0,0,Detchd,1935.0,1,2,480,2,3,N,0,0,184,0,0,0,0,nan,nan,0,7,2007,WD,Normal,1936,84,1,1.0,184,1,1,0,0,5.5,100000
160,FV,69.0,2117,Pave,nan,4,Lvl,AllPub,Inside,3,Somerst,Norm,Norm,Twnhs,2Story,6,5,2000,2000,Gable,CompShg,MetalSd,MetalSd,BrkFace,456.0,4,3,PConc,4,3,1,6,436,1,0,320,756,GasA,5,1,SBrkr,769,756,0,1525,0,0,2,1,3,1,4,5,Typ,1,3,Detchd,2000.0,1,2,440,3,3,Y,0,0,0,0,0,0,0,nan,nan,0,6,2007,WD,Normal,2281,7,7,2.5,0,1,1,1,0,5.5,177000
70,RL,54.0,7588,Pave,nan,4,Lvl,AllPub,Inside,3,Crawfor,Norm,Norm,1Fam,2Story,7,6,1920,1950,Gable,CompShg,Stucco,Stucco,BrkFace,0.0,3,3,BrkTil,2,3,1,2,352,1,0,441,793,GasA,4,1,SBrkr,901,901,0,1802,0,0,1,1,4,1,3,9,Typ,1,4,Detchd,1920.0,1,1,216,2,3,Y,0,0,40,0,0,0,0,nan,nan,0,7,2006,WD,Normal,2595,86,56,1.5,40,1,1,1,0,6.5,200100
20,RL,60.0,9060,Pave,nan,4,Lvl,AllPub,Inside,3,Edwards,Artery,Norm,1Fam,1Story,5,6,1957,2006,Hip,CompShg,Wd Sdng,Wd Sdng,BrkFace,98.0,3,3,PConc,0,0,0,0,0,0,0,0,0,GasA,5,1,SBrkr,1340,0,0,1340,0,0,1,0,3,1,3,7,Typ,1,4,Attchd,1957.0,2,1,252,3,3,Y,116,0,0,180,0,0,0,MnPrv,nan,0,6,2007,WD,Normal,1340,50,1,1.0,180,1,0,1,0,5.5,120000
50,RM,63.0,11426,Pave,nan,4,Lvl,AllPub,Inside,3,OldTown,Norm,Norm,1Fam,1.5Fin,7,5,2003,2003,Gable,CompShg,VinylSd,VinylSd,BrkFace,0.0,3,3,PConc,4,3,1,1,0,1,0,1362,1362,GasA,5,1,SBrkr,1362,720,0,2082,0,0,2,1,3,1,4,6,Mod,0,0,Detchd,2003.0,1,2,484,3,3,N,280,238,0,0,0,0,0,nan,nan,0,6,2008,WD,Normal,3444,5,5,2.5,238,1,1,0,0,6.0,200000
50,RL,92.0,7438,Pave,nan,3,Lvl,AllPub,Inside,3,BrkSide,RRAn,Feedr,1Fam,1.5Fin,5,8,1908,1991,Gable,CompShg,AsbShng,Plywood,BrkFace,0.0,3,3,PConc,2,3,1,1,0,1,0,504,504,GasA,4,1,SBrkr,936,316,0,1252,0,0,1,0,3,1,3,5,Typ,0,0,Attchd,1986.0,1,2,576,3,3,Y,104,0,0,0,0,0,0,MnPrv,nan,0,6,2006,WD,Normal,1756,98,15,1.0,0,1,1,0,0,6.5,127000
75,RM,90.0,22950,Pave,nan,2,Lvl,AllPub,Inside,3,OldTown,Artery,Norm,1Fam,2.5Fin,10,9,1892,1993,Gable,WdShngl,Wd Sdng,Wd Sdng,BrkFace,0.0,4,4,BrkTil,3,3,2,1,0,1,0,1107,1107,GasA,5,1,SBrkr,1518,1518,572,3608,0,0,2,1,4,1,5,12,Typ,2,3,Detchd,1993.0,1,3,840,5,3,Y,0,260,0,0,410,0,0,GdPrv,nan,0,6,2006,WD,Normal,4143,114,13,2.5,670,1,1,1,0,9.5,475000
80,RL,69.0,9947,Pave,nan,3,Lvl,AllPub,CulDSac,3,Mitchel,Norm,Norm,1Fam,SLvl,7,5,1990,1991,Gable,CompShg,HdBoard,HdBoard,BrkFace,0.0,3,3,PConc,4,3,3,6,611,1,0,577,1188,GasA,5,1,SBrkr,1217,0,0,1217,1,0,2,0,3,1,4,6,Typ,0,0,Attchd,1990.0,1,2,497,3,3,Y,168,27,0,0,0,0,0,GdPrv,nan,0,6,2009,WD,Normal,2405,19,18,3.0,27,1,1,0,0,6.0,173000
50,RL,60.0,10410,Pave,nan,4,Lvl,AllPub,Inside,3,OldTown,Norm,Norm,1Fam,1.5Fin,5,7,1916,1987,Gable,CompShg,HdBoard,HdBoard,BrkFace,0.0,3,3,CBlock,2,3,1,1,0,1,0,660,660,GasA,5,1,SBrkr,808,704,144,1656,0,0,2,1,3,1,3,8,Min2,0,0,Detchd,1916.0,1,1,180,2,2,N,0,0,0,140,0,0,0,MnPrv,nan,0,8,2009,WD,Normal,2172,93,22,2.5,140,1,1,0,0,6.0,135000
90,RL,64.0,7018,Pave,nan,4,Bnk,AllPub,Inside,3,SawyerW,Feedr,Norm,Duplex,SFoyer,5,5,1979,1979,Gable,CompShg,Plywood,Plywood,Stone,275.0,3,3,CBlock,4,3,3,6,1086,1,0,0,1086,GasA,3,1,SBrkr,1224,0,0,1224,2,0,0,2,2,2,3,6,Typ,2,3,Detchd,1979.0,1,2,528,3,3,Y,120,0,0,0,0,0,0,nan,nan,0,6,2009,WD,Alloca,2310,30,30,3.0,0,1,1,1,0,5.0,153337
120,RL,41.0,4923,Pave,nan,4,Lvl,AllPub,Inside,3,StoneBr,Norm,Norm,TwnhsE,1Story,8,5,2001,2002,Gable,CompShg,CemntBd,CmentBd,BrkFace,0.0,4,3,PConc,5,3,3,6,1153,1,0,440,1593,GasA,5,1,SBrkr,1593,0,0,1593,1,0,1,1,0,1,5,5,Typ,1,4,Attchd,2001.0,3,2,682,3,3,Y,0,120,0,0,224,0,0,nan,nan,0,8,2008,WD,Normal,3186,7,6,2.5,344,1,1,1,0,6.5,286000
70,RL,70.0,10570,Pave,nan,4,Bnk,AllPub,Inside,2,Crawfor,Norm,Norm,1Fam,2Story,8,8,1932,1994,Hip,CompShg,BrkFace,BrkFace,BrkFace,0.0,4,3,CBlock,4,4,1,3,297,1,0,556,853,GasA,3,1,SBrkr,1549,1178,0,2727,0,0,2,1,3,1,4,10,Maj1,2,3,Detchd,1932.0,1,2,440,3,3,Y,0,74,0,0,0,0,0,nan,nan,0,12,2007,WD,Normal,3580,75,13,2.5,74,1,1,1,0,8.0,315000
60,RL,69.0,7472,Pave,nan,3,Lvl,AllPub,CulDSac,3,NAmes,Norm,Norm,1Fam,2Story,7,9,1972,2004,Gable,CompShg,HdBoard,HdBoard,BrkFace,138.0,3,3,CBlock,3,3,1,5,626,1,0,99,725,GasA,4,1,SBrkr,725,754,0,1479,1,0,1,1,4,1,4,7,Typ,0,0,Attchd,1972.0,3,2,484,3,3,Y,0,32,0,0,0,0,0,nan,nan,0,6,2007,WD,Normal,2204,35,3,2.5,32,1,1,0,0,8.0,184000
20,RL,68.0,9017,Pave,nan,3,Lvl,AllPub,Inside,3,CollgCr,Norm,Norm,1Fam,1Story,7,5,1999,1999,Gable,CompShg,VinylSd,VinylSd,BrkFace,0.0,4,3,PConc,4,3,3,6,560,1,0,871,1431,GasA,5,1,SBrkr,1431,0,0,1431,1,0,2,0,3,1,4,6,Typ,0,0,Attchd,1999.0,3,2,666,3,3,Y,0,35,0,0,0,0,0,nan,nan,0,9,2009,WD,Normal,2862,10,10,3.0,35,1,1,0,0,6.0,192000
160,RM,24.0,2522,Pave,nan,4,Lvl,AllPub,Inside,3,Edwards,Norm,Norm,Twnhs,2Story,7,5,2004,2004,Gable,CompShg,VinylSd,VinylSd,Stone,50.0,4,3,PConc,4,3,1,1,0,1,0,970,970,GasA,5,1,SBrkr,970,739,0,1709,0,0,2,0,3,1,4,7,Maj1,0,0,Detchd,2004.0,1,2,380,3,3,Y,0,40,0,0,0,0,0,nan,nan,0,5,2006,WD,Normal,2679,2,2,2.0,40,1,1,0,0,6.0,130000
20,RL,60.0,7180,Pave,nan,3,Lvl,AllPub,Inside,3,CollgCr,Norm,Norm,1Fam,1Story,5,7,1972,1972,Hip,CompShg,HdBoard,HdBoard,BrkFace,0.0,3,3,CBlock,3,3,3,5,390,1,0,474,864,GasA,3,1,SBrkr,864,0,0,864,0,0,1,0,3,1,3,5,Typ,0,0,Detchd,1989.0,1,1,352,3,3,Y,0,0,0,0,0,0,0,nan,nan,0,5,2008,WD,Normal,1728,36,36,1.0,0,1,1,0,0,6.0,127000
160,RL,24.0,2280,Pave,nan,4,Lvl,AllPub,FR2,3,NPkVill,Norm,Norm,Twnhs,2Story,6,6,1976,1976,Gable,CompShg,Plywood,Brk Cmn,BrkFace,0.0,3,3,CBlock,4,3,1,5,566,1,0,289,855,GasA,3,1,SBrkr,855,601,0,1456,0,0,2,1,3,1,3,7,Typ,1,3,Attchd,1976.0,1,2,440,3,3,Y,87,0,0,0,0,0,0,nan,nan,0,7,2009,WD,Normal,2311,33,33,2.5,0,1,1,1,0,6.0,148500
20,RL,79.0,9416,Pave,nan,4,Lvl,AllPub,Inside,3,Somerst,Norm,Norm,1Fam,1Story,7,5,2007,2007,Hip,CompShg,CemntBd,CmentBd,Stone,205.0,5,3,PConc,5,3,1,6,1126,1,0,600,1726,GasA,5,1,SBrkr,1726,0,0,1726,1,0,2,0,3,1,5,8,Typ,1,4,Attchd,2007.0,3,3,786,3,3,Y,171,138,0,0,266,0,0,nan,nan,0,9,2007,New,Partial,3452,0,0,3.0,404,1,1,1,0,6.0,311872
75,RL,174.0,25419,Pave,nan,4,Lvl,AllPub,Corner,3,NAmes,Artery,Norm,1Fam,2Story,8,4,1918,1990,Gable,CompShg,Stucco,Stucco,BrkFace,0.0,4,4,PConc,3,3,1,6,1036,2,184,140,1360,GasA,4,1,SBrkr,1360,1360,392,3112,1,1,2,0,4,1,4,8,Typ,1,5,Detchd,1918.0,1,2,795,3,3,Y,0,16,552,0,0,512,4,GdPrv,nan,0,3,2006,WD,Abnorml,4080,88,16,3.5,568,1,1,1,1,6.0,235000
75,RM,92.0,5520,Pave,nan,4,Lvl,AllPub,Corner,3,OldTown,Norm,Norm,1Fam,2.5Fin,6,6,1912,1950,Gable,CompShg,Wd Sdng,Wd Sdng,BrkFace,0.0,3,3,CBlock,3,3,1,1,0,1,0,755,755,GasA,5,1,SBrkr,929,929,371,2229,0,0,1,0,5,1,3,8,Typ,0,0,nan,1980.0,0,0,0,0,0,Y,0,198,30,0,0,0,0,MnPrv,nan,0,7,2009,WD,Abnorml,2613,97,59,1.0,228,0,1,0,0,6.0,104000
20,RL,76.0,9591,Pave,nan,4,Lvl,AllPub,Inside,3,NridgHt,Norm,Norm,1Fam,1Story,8,5,2004,2005,Hip,CompShg,VinylSd,VinylSd,BrkFace,262.0,4,3,PConc,5,3,3,6,1088,1,0,625,1713,GasA,5,1,SBrkr,1713,0,0,1713,1,0,2,0,3,1,5,7,Typ,1,4,Attchd,2004.0,3,3,856,3,3,Y,0,26,0,0,170,0,0,nan,nan,0,1,2009,WD,Normal,3426,5,4,3.0,196,1,1,1,0,6.5,274900
20,RM,80.0,8546,Pave,nan,4,Lvl,AllPub,Corner,3,Edwards,Norm,Norm,1Fam,1Story,4,5,2003,2004,Gable,CompShg,VinylSd,VinylSd,BrkFace,0.0,3,3,PConc,4,3,1,1,0,1,0,1121,1121,GasA,5,1,SBrkr,1121,0,0,1121,0,0,2,0,2,1,3,5,Typ,0,0,Attchd,2003.0,2,2,440,3,3,Y,132,64,0,0,0,0,0,nan,nan,0,3,2010,WD,Normal,2242,7,6,2.0,64,1,1,0,0,4.5,140000
20,RL,75.0,10125,Pave,nan,4,Lvl,AllPub,Inside,3,Mitchel,Norm,Norm,1Fam,1Story,6,6,1977,1977,Gable,CompShg,Plywood,Plywood,BrkFace,0.0,3,3,CBlock,3,3,1,5,641,2,279,276,1196,GasA,3,1,SBrkr,1279,0,0,1279,0,1,2,0,3,1,3,6,Typ,2,2,Detchd,1980.0,1,2,473,3,3,Y,238,83,0,0,0,0,0,MnPrv,nan,0,2,2008,WD,Normal,2475,31,31,2.5,83,1,1,1,0,6.0,171500
50,RL,50.0,7000,Pave,nan,4,Lvl,AllPub,Corner,3,OldTown,Artery,Norm,1Fam,1.5Fin,6,6,1924,1950,Gable,CompShg,MetalSd,MetalSd,BrkFace,0.0,3,4,BrkTil,2,3,1,2,617,1,0,0,617,GasA,4,1,SBrkr,865,445,0,1310,0,0,2,0,2,1,3,6,Min1,0,0,Attchd,1924.0,1,1,398,3,3,Y,0,0,126,0,0,0,0,nan,nan,0,5,2006,COD,Normal,1927,82,56,2.0,126,1,1,0,0,6.0,112000
120,RM,69.0,4438,Pave,nan,4,Lvl,AllPub,Inside,3,CollgCr,Norm,Norm,TwnhsE,1Story,6,5,2004,2004,Gable,CompShg,VinylSd,VinylSd,BrkFace,205.0,4,3,PConc,4,3,3,6,662,1,0,186,848,GasA,5,1,SBrkr,848,0,0,848,1,0,1,0,1,1,4,3,Typ,1,4,Attchd,2004.0,2,2,420,3,3,Y,149,0,0,0,0,0,0,nan,nan,0,1,2008,WD,Normal,1696,4,4,2.0,0,1,1,1,0,5.5,149000
50,RM,50.0,3500,Pave,Grvl,4,Lvl,AllPub,Inside,3,OldTown,Norm,Norm,1Fam,1.5Fin,5,7,1947,1950,Gable,CompShg,AsbShng,AsbShng,BrkFace,0.0,3,3,CBlock,3,3,1,2,312,1,0,408,720,GasA,3,1,SBrkr,720,564,0,1284,0,0,1,1,2,1,3,5,Typ,0,0,Detchd,1948.0,1,1,240,3,3,Y,0,35,0,0,0,0,0,MnWw,nan,0,4,2009,WD,Normal,2004,62,59,1.5,35,1,1,0,0,6.0,110000
20,RL,99.0,11851,Pave,nan,4,Lvl,AllPub,Corner,3,Gilbert,Norm,Norm,1Fam,1Story,7,5,1990,1990,Gable,CompShg,HdBoard,HdBoard,BrkFace,0.0,3,3,PConc,4,3,1,1,0,1,0,1424,1424,GasA,5,1,SBrkr,1442,0,0,1442,0,0,2,0,3,1,3,5,Typ,0,0,Attchd,1990.0,2,2,500,3,3,Y,0,34,0,508,0,0,0,nan,nan,0,5,2009,WD,Normal,2866,19,19,2.0,542,1,1,0,0,6.0,180500
20,RL,40.0,13673,Pave,nan,3,Lvl,AllPub,CulDSac,3,Sawyer,RRAe,Norm,1Fam,1Story,5,5,1962,1962,Gable,CompShg,HdBoard,HdBoard,BrkFace,0.0,3,4,CBlock,3,3,1,1,0,1,0,1140,1140,GasA,3,1,SBrkr,1696,0,0,1696,0,0,1,1,3,1,3,8,Min2,1,3,Attchd,1962.0,2,1,349,3,3,Y,0,30,0,0,0,0,0,nan,nan,0,3,2007,WD,Normal,2836,45,45,1.5,30,1,1,1,0,5.0,143900
20,RL,69.0,12493,Pave,nan,3,Lvl,AllPub,Inside,3,NAmes,Norm,Norm,1Fam,1Story,4,5,1960,1960,Gable,CompShg,Wd Sdng,Wd Sdng,BrkFace,0.0,3,3,PConc,3,3,1,5,419,3,306,375,1100,GasA,3,1,SBrkr,1100,0,0,1100,1,0,1,0,3,1,3,6,Typ,1,1,Attchd,1960.0,2,1,312,3,3,Y,355,0,0,0,0,0,0,GdWo,nan,0,4,2008,WD,Normal,2200,48,48,2.0,0,1,1,1,0,4.5,141000
60,RL,69.0,14364,Pave,nan,3,Low,AllPub,Inside,2,SawyerW,Norm,Norm,1Fam,2Story,7,5,1988,1989,Gable,CompShg,Plywood,Plywood,BrkFace,128.0,4,3,CBlock,4,3,4,6,1065,1,0,92,1157,GasA,5,1,SBrkr,1180,882,0,2062,1,0,2,1,3,1,3,7,Typ,1,4,Attchd,1988.0,3,2,454,3,3,Y,60,55,0,0,154,0,0,nan,nan,0,4,2007,WD,Normal,3219,19,18,3.5,209,1,1,1,0,6.0,277000
20,RL,75.0,8250,Pave,nan,4,Lvl,AllPub,Inside,3,NAmes,Norm,Norm,1Fam,1Story,6,7,1964,1964,Hip,CompShg,HdBoard,HdBoard,Stone,260.0,3,3,CBlock,4,3,1,3,787,1,0,305,1092,GasA,5,1,SBrkr,1092,0,0,1092,1,0,1,0,3,1,3,6,Typ,0,0,Attchd,1964.0,2,2,504,3,4,Y,0,0,0,0,0,0,0,MnPrv,nan,0,7,2008,WD,Normal,2184,44,44,2.0,0,1,1,0,0,6.5,145000
30,RL,67.0,5604,Pave,nan,4,Lvl,AllPub,Inside,3,Edwards,Norm,Norm,1Fam,1Story,5,6,1925,1950,Gable,CompShg,Stucco,Stucco,BrkFace,0.0,3,3,CBlock,3,3,1,3,468,1,0,396,864,GasA,3,0,FuseA,864,0,0,864,1,0,1,0,2,1,3,5,Typ,0,0,nan,1980.0,0,0,0,0,0,Y,0,0,96,0,0,0,0,nan,nan,0,4,2008,WD,Normal,1728,83,58,2.0,96,0,1,0,0,5.5,98000
20,RL,83.0,10420,Pave,nan,4,Lvl,AllPub,Corner,3,Edwards,Norm,Norm,1Fam,1Story,6,5,2009,2009,Gable,CompShg,VinylSd,VinylSd,BrkFace,0.0,3,3,PConc,4,3,2,6,36,1,0,1176,1212,GasA,5,1,SBrkr,1212,0,0,1212,0,0,2,0,3,1,4,6,Typ,0,0,Attchd,2009.0,2,2,460,3,3,Y,100,22,0,0,0,0,0,nan,nan,0,3,2010,WD,Normal,2424,1,1,2.0,22,1,1,0,0,5.5,186000
60,FV,72.0,8640,Pave,nan,4,Lvl,AllPub,Inside,3,Somerst,Norm,Norm,1Fam,2Story,7,5,2009,2009,Gable,CompShg,VinylSd,VinylSd,BrkFace,0.0,3,3,PConc,4,3,1,6,822,1,0,78,900,GasA,5,1,SBrkr,932,920,0,1852,1,0,2,1,3,1,4,7,Typ,1,3,Attchd,2009.0,2,2,644,3,3,Y,168,108,0,0,0,0,0,nan,nan,0,7,2009,New,Partial,2752,0,0,3.5,108,1,1,1,0,6.0,252678
20,RL,43.0,13568,Pave,nan,2,Lvl,AllPub,CulDSac,3,CollgCr,Norm,Norm,1Fam,1Story,5,5,1995,1995,Gable,CompShg,VinylSd,VinylSd,BrkFace,0.0,3,3,PConc,4,3,1,5,716,1,0,274,990,GasA,5,1,SBrkr,990,0,0,990,0,1,1,0,3,1,3,5,Typ,0,0,Attchd,1996.0,1,2,576,3,3,Y,224,0,0,0,0,0,0,nan,nan,0,7,2006,WD,Normal,1980,11,11,1.5,0,1,1,0,0,5.0,156000
60,RL,69.0,10900,Pave,nan,3,Lvl,AllPub,FR2,3,CollgCr,Norm,Norm,1Fam,2Story,6,7,1977,1977,Gable,CompShg,HdBoard,HdBoard,BrkFace,153.0,3,3,CBlock,4,3,1,6,378,1,0,311,689,GasA,5,1,SBrkr,689,703,0,1392,0,0,1,1,3,1,3,6,Typ,0,0,Attchd,1977.0,3,1,299,3,3,Y,0,36,0,0,0,0,0,MnPrv,Shed,450,3,2010,WD,Normal,2081,33,33,1.5,36,1,1,0,0,6.5,161750
20,RL,72.0,10011,Pave,nan,3,Lvl,AllPub,Inside,3,NAmes,Norm,Norm,1Fam,1Story,5,6,1957,1996,Gable,CompShg,HdBoard,HdBoard,BrkFace,64.0,3,3,CBlock,3,3,1,4,360,1,0,710,1070,GasA,3,1,SBrkr,1236,0,0,1236,0,1,1,0,2,1,4,6,Min1,1,2,Attchd,1957.0,1,1,447,3,3,Y,0,0,0,0,0,0,0,MnPrv,nan,0,5,2006,WD,Normal,2306,49,10,1.5,0,1,1,1,0,5.5,134450
20,RL,65.0,8450,Pave,nan,4,Lvl,AllPub,Inside,3,CollgCr,Norm,Norm,1Fam,1Story,7,5,2004,2004,Gable,CompShg,VinylSd,VinylSd,BrkFace,266.0,4,3,PConc,4,3,2,6,946,1,0,490,1436,GasA,5,1,SBrkr,1436,0,0,1436,1,0,2,0,3,1,4,8,Typ,0,0,Attchd,2004.0,1,2,484,3,3,Y,139,98,0,0,0,0,0,nan,nan,0,4,2008,WD,Normal,2872,4,4,3.0,98,1,1,0,0,6.0,210000
70,RM,57.0,9906,Pave,Grvl,4,Lvl,AllPub,Inside,3,OldTown,Norm,Norm,1Fam,2Story,4,4,1925,1950,Gable,CompShg,MetalSd,MetalSd,BrkFace,0.0,3,3,CBlock,3,3,1,1,0,1,0,686,686,GasA,2,0,SBrkr,810,518,0,1328,0,0,1,0,3,1,3,8,Typ,0,0,Detchd,1940.0,1,1,210,3,3,Y,0,172,60,0,0,0,0,nan,nan,0,9,2006,WD,Family,2014,81,56,1.0,232,1,1,0,0,4.0,107000
50,RL,69.0,15660,Pave,nan,3,Lvl,AllPub,Corner,3,Crawfor,Norm,Norm,1Fam,1.5Fin,7,9,1939,2006,Gable,CompShg,VinylSd,VinylSd,BrkFace,312.0,4,4,CBlock,3,3,1,4,341,1,0,457,798,GasA,5,1,SBrkr,1137,817,0,1954,0,1,1,1,3,1,4,8,Typ,2,3,Attchd,1939.0,1,2,431,3,3,Y,0,119,150,0,0,0,0,nan,nan,0,5,2008,WD,Normal,2752,69,2,2.0,269,1,1,1,0,8.0,311500
120,RL,43.0,3010,Pave,nan,4,Lvl,AllPub,Inside,3,Blmngtn,Norm,Norm,TwnhsE,1Story,7,5,2005,2006,Gable,CompShg,VinylSd,VinylSd,BrkFace,16.0,4,3,PConc,4,3,3,6,16,1,0,1232,1248,GasA,5,1,SBrkr,1248,0,0,1248,0,0,2,0,2,1,4,5,Typ,0,0,Attchd,2005.0,3,2,438,3,3,Y,108,0,0,0,0,0,0,nan,nan,0,3,2006,New,Partial,2496,1,0,2.0,0,1,1,0,0,6.0,167240
20,RL,73.0,8990,Pave,nan,3,Lvl,AllPub,Inside,3,CollgCr,Norm,Norm,1Fam,1Story,7,5,2006,2006,Gable,CompShg,VinylSd,VinylSd,BrkFace,0.0,4,3,PConc,4,3,2,1,0,1,0,1498,1498,GasA,5,1,SBrkr,1498,0,0,1498,0,0,2,0,2,1,4,5,Typ,0,0,Attchd,2006.0,2,2,675,3,3,Y,351,33,0,0,0,0,0,nan,nan,0,4,2006,New,Partial,2996,0,0,2.0,33,1,1,0,0,6.0,204900
60,RL,69.0,8068,Pave,nan,3,Lvl,AllPub,Inside,3,Gilbert,Norm,Norm,1Fam,2Story,6,5,2002,2002,Gable,CompShg,VinylSd,VinylSd,BrkFace,0.0,4,3,PConc,4,3,1,1,0,1,0,1010,1010,GasA,5,1,SBrkr,1010,1257,0,2267,0,0,2,1,4,1,4,8,Typ,1,3,BuiltIn,2002.0,2,2,390,3,3,Y,120,46,0,0,0,0,0,nan,nan,0,12,2009,ConLI,Normal,3277,7,7,2.5,46,1,1,1,0,5.5,200000
60,RL,85.0,11475,Pave,nan,4,Lvl,AllPub,Inside,3,NWAmes,RRAn,Norm,1Fam,2Story,6,6,1975,1975,Gable,CompShg,VinylSd,VinylSd,BrkFace,0.0,3,3,CBlock,4,3,1,5,550,1,0,163,713,GasA,3,1,SBrkr,811,741,0,1552,1,0,2,1,3,1,3,6,Typ,1,3,Attchd,1975.0,2,2,434,3,3,Y,209,208,0,0,0,0,0,MnPrv,nan,0,2,2006,WD,Normal,2265,31,31,3.5,208,1,1,1,0,6.0,179900
20,RL,70.0,10500,Pave,nan,4,Lvl,AllPub,FR2,3,NAmes,Norm,Norm,1Fam,1Story,4,6,1971,1971,Gable,CompShg,HdBoard,HdBoard,BrkFace,0.0,3,3,CBlock,3,3,1,5,524,2,180,160,864,GasA,4,1,SBrkr,864,0,0,864,0,0,1,0,2,1,3,4,Typ,0,0,Detchd,1989.0,1,2,576,3,3,Y,216,0,0,0,0,0,0,nan,nan,0,3,2009,WD,Abnorml,1728,38,38,1.0,0,1,1,0,0,5.0,97000
20,RL,103.0,13472,Pave,nan,4,Lvl,AllPub,Inside,3,NridgHt,Norm,Norm,1Fam,1Story,10,5,2003,2003,Hip,CompShg,VinylSd,VinylSd,BrkFace,922.0,5,3,PConc,5,3,4,6,56,1,0,2336,2392,GasA,5,1,SBrkr,2392,0,0,2392,0,0,2,0,3,1,5,8,Typ,1,5,Attchd,2003.0,3,3,968,3,3,Y,248,105,0,0,0,0,0,nan,nan,0,6,2009,WD,Normal,4784,6,6,2.0,105,1,1,1,0,7.5,386250
160,RM,21.0,1680,Pave,nan,4,Lvl,AllPub,Inside,3,BrDale,Norm,Norm,Twnhs,2Story,5,5,1971,1971,Gable,CompShg,HdBoard,HdBoard,BrkFace,142.0,3,3,CBlock,3,3,1,1,0,1,0,630,630,GasA,3,1,SBrkr,630,672,0,1302,0,0,2,1,3,1,3,6,Typ,0,0,Detchd,1991.0,1,1,280,3,3,Y,0,0,0,0,0,0,0,nan,nan,0,5,2009,COD,Abnorml,1932,38,38,2.5,0,1,1,0,0,5.0,112000
60,RL,82.0,9950,Pave,nan,3,Lvl,AllPub,Inside,3,NoRidge,Norm,Norm,1Fam,2Story,7,5,1995,1995,Gable,CompShg,VinylSd,VinylSd,BrkFace,290.0,4,3,PConc,4,3,1,6,565,1,0,638,1203,GasA,5,1,SBrkr,1214,1306,0,2520,0,0,2,1,4,1,4,9,Typ,1,3,Attchd,1995.0,2,3,721,3,3,Y,224,114,0,0,0,0,0,nan,nan,0,6,2007,WD,Abnorml,3723,12,12,2.5,114,1,1,1,0,6.0,290000
160,RM,21.0,1869,Pave,nan,4,Lvl,AllPub,Inside,3,BrDale,Norm,Norm,Twnhs,2Story,6,6,1970,1970,Gable,CompShg,HdBoard,HdBoard,BrkFace,127.0,3,3,CBlock,3,3,1,3,321,1,0,162,483,GasA,3,1,SBrkr,483,504,0,987,0,0,1,1,2,1,3,5,Typ,0,0,Detchd,1987.0,1,1,280,3,3,Y,0,0,0,0,0,0,0,nan,nan,0,9,2008,WD,Normal,1470,38,38,1.5,0,1,1,0,0,6.0,106000
20,RL,70.0,8521,Pave,nan,4,Lvl,AllPub,FR2,3,Sawyer,Feedr,Norm,1Fam,1Story,5,5,1967,1967,Gable,CompShg,HdBoard,HdBoard,BrkFace,0.0,3,3,CBlock,3,3,1,5,842,1,0,70,912,GasA,3,1,SBrkr,912,0,0,912,0,0,1,0,3,1,3,5,Typ,1,2,Detchd,1974.0,1,1,336,3,3,Y,0,0,0,0,0,0,0,MnPrv,nan,0,5,2010,WD,Normal,1824,43,43,1.0,0,1,1,1,0,5.0,125000
120,RL,43.0,3182,Pave,nan,4,Lvl,AllPub,Inside,3,Blmngtn,Norm,Norm,TwnhsE,1Story,7,5,2005,2006,Gable,CompShg,VinylSd,VinylSd,BrkFace,16.0,4,3,PConc,4,3,3,6,16,1,0,1357,1373,GasA,5,1,SBrkr,1555,0,0,1555,0,0,2,0,2,1,4,7,Typ,1,3,Attchd,2005.0,3,2,430,3,3,Y,143,20,0,0,0,0,0,nan,nan,0,5,2009,WD,Normal,2928,4,3,2.0,20,1,1,1,0,6.0,192500
20,RL,73.0,8760,Pave,nan,4,Lvl,AllPub,Inside,3,NAmes,Norm,Norm,1Fam,1Story,6,6,1959,1959,Hip,CompShg,MetalSd,MetalSd,BrkFace,220.0,3,3,CBlock,3,3,1,1,0,1,0,1194,1194,GasA,3,1,SBrkr,1194,0,0,1194,1,0,1,0,3,1,3,6,Typ,0,0,Attchd,1959.0,2,1,312,3,3,Y,0,0,120,0,0,0,0,nan,nan,0,4,2010,WD,Normal,2388,51,51,2.0,120,1,1,0,0,6.0,148000
60,RL,174.0,15138,Pave,nan,3,Lvl,AllPub,Inside,3,NoRidge,Norm,Norm,1Fam,2Story,8,5,1995,1996,Gable,CompShg,VinylSd,VinylSd,BrkFace,506.0,4,3,PConc,4,3,1,6,689,1,0,773,1462,GasA,5,1,SBrkr,1490,1304,0,2794,1,0,2,1,4,1,5,9,Typ,1,3,Attchd,1995.0,3,3,810,3,3,Y,0,146,202,0,0,0,0,nan,nan,0,7,2009,WD,Normal,4256,14,13,3.5,348,1,1,1,0,6.5,403000
160,RM,21.0,1680,Pave,nan,4,Lvl,AllPub,Inside,3,BrDale,Norm,Norm,Twnhs,2Story,6,5,1972,1972,Gable,CompShg,HdBoard,HdBoard,BrkFace,297.0,3,3,CBlock,3,3,1,1,0,1,0,483,483,GasA,3,1,SBrkr,483,504,0,987,0,0,1,1,2,1,3,5,Typ,1,1,Attchd,1972.0,1,1,288,3,3,Y,0,0,0,0,0,0,0,nan,nan,0,6,2006,WD,Normal,1470,34,34,1.5,0,1,1,1,0,5.5,94500
20,RL,75.0,10650,Pave,nan,4,Lvl,AllPub,Corner,3,CollgCr,Norm,Norm,1Fam,1Story,5,6,1976,1976,Gable,CompShg,HdBoard,HdBoard,BrkFace,0.0,3,3,CBlock,3,4,3,2,182,5,712,0,894,GasA,3,1,SBrkr,894,0,0,894,1,0,1,0,3,1,3,5,Typ,0,0,Attchd,1976.0,1,1,308,3,3,Y,365,0,0,0,0,0,0,MnPrv,nan,0,2,2010,WD,Normal,1788,34,34,2.0,0,1,1,0,0,5.5,128200
60,RL,69.0,7851,Pave,nan,4,Lvl,AllPub,Inside,3,Gilbert,Norm,Norm,1Fam,2Story,6,5,2002,2002,Gable,CompShg,VinylSd,VinylSd,BrkFace,0.0,4,3,PConc,4,3,1,6,625,1,0,235,860,GasA,5,1,SBrkr,860,1100,0,1960,1,0,2,1,4,1,4,8,Typ,2,3,BuiltIn,2002.0,3,2,440,3,3,Y,288,48,0,0,0,0,0,nan,nan,0,5,2010,WD,Normal,2820,8,8,3.5,48,1,1,1,0,5.5,216500
160,RM,21.0,1680,Pave,nan,4,Lvl,AllPub,Inside,3,BrDale,Norm,Norm,TwnhsE,2Story,6,3,1971,1971,Gable,CompShg,HdBoard,HdBoard,BrkFace,604.0,3,3,CBlock,3,3,1,5,358,1,0,125,483,GasA,3,1,SBrkr,483,504,0,987,0,0,1,1,2,1,3,5,Typ,0,0,Detchd,1971.0,1,1,264,3,3,Y,0,0,0,0,0,0,0,nan,nan,0,8,2008,WD,Normal,1470,37,37,1.5,0,1,1,0,0,4.5,89500
20,RL,65.0,8773,Pave,nan,4,Lvl,AllPub,FR2,3,CollgCr,Norm,Norm,1Fam,1Story,7,5,2004,2004,Gable,CompShg,VinylSd,VinylSd,BrkFace,98.0,4,3,PConc,4,3,3,6,24,1,0,1390,1414,GasA,5,1,SBrkr,1414,0,0,1414,0,0,2,0,3,1,4,6,Typ,0,0,Attchd,2004.0,2,2,494,3,3,Y,132,105,0,0,0,0,0,nan,nan,0,5,2010,WD,Normal,2828,6,6,2.0,105,1,1,0,0,6.0,185500
60,RL,69.0,9453,Pave,nan,3,Lvl,AllPub,CulDSac,3,SawyerW,RRNe,Norm,1Fam,2Story,7,7,1993,2003,Gable,CompShg,HdBoard,HdBoard,BrkFace,0.0,4,3,PConc,4,3,1,4,402,1,0,594,996,GasA,5,1,SBrkr,1014,730,0,1744,0,0,2,1,3,1,4,7,Typ,0,0,Attchd,1993.0,2,2,457,3,3,Y,370,70,0,238,0,0,0,nan,nan,0,2,2010,WD,Normal,2740,17,7,2.5,308,1,1,0,0,7.0,194500
20,RL,93.0,12030,Pave,nan,4,Lvl,AllPub,Inside,3,NridgHt,Norm,Norm,1Fam,1Story,8,5,2007,2007,Hip,CompShg,VinylSd,VinylSd,BrkFace,254.0,5,3,PConc,5,3,1,1,0,1,0,1694,1694,GasA,5,1,SBrkr,1694,0,0,1694,0,0,2,0,3,1,4,7,Typ,0,0,Attchd,2007.0,3,3,818,3,3,Y,168,228,0,0,0,0,0,nan,nan,0,12,2007,New,Partial,3388,0,0,2.0,228,1,1,0,0,6.5,318000
50,RL,52.0,8741,Pave,nan,4,Lvl,AllPub,Inside,3,Edwards,Norm,Norm,1Fam,1.5Fin,6,4,1945,1950,Gable,CompShg,VinylSd,VinylSd,BrkFace,0.0,3,3,CBlock,3,2,1,2,94,1,0,641,735,GasA,3,1,FuseA,798,689,0,1487,0,0,1,1,3,1,3,7,Typ,1,4,Detchd,1949.0,1,1,220,3,3,Y,0,140,0,0,0,0,0,MnPrv,nan,0,4,2010,WD,Normal,2222,65,60,1.5,140,1,1,1,0,5.0,113000
20,FV,75.0,9000,Pave,nan,4,Lvl,AllPub,Inside,3,Somerst,Norm,Norm,1Fam,1Story,8,5,2008,2008,Gable,CompShg,VinylSd,VinylSd,Stone,36.0,4,3,PConc,4,3,3,6,1078,1,0,488,1566,GasA,5,1,SBrkr,1566,0,0,1566,1,0,2,0,3,1,4,7,Typ,0,0,Attchd,2008.0,2,2,750,3,3,Y,144,168,0,0,0,0,0,nan,nan,0,4,2010,WD,Normal,3132,2,2,3.0,168,1,1,0,0,6.5,262500
30,RM,40.0,3880,Pave,nan,4,Lvl,AllPub,Inside,3,OldTown,Norm,Norm,1Fam,1Story,5,9,1945,1997,Gable,CompShg,VinylSd,VinylSd,BrkFace,0.0,3,4,CBlock,3,3,1,5,329,1,0,357,686,GasA,4,1,SBrkr,866,0,0,866,0,0,1,0,2,1,4,4,Typ,0,0,nan,1980.0,0,0,0,0,0,Y,58,42,0,0,0,0,0,nan,nan,0,8,2007,WD,Normal,1552,62,10,1.0,42,0,1,0,0,7.0,110500
50,RM,63.0,5000,Pave,nan,4,Lvl,AllPub,Corner,3,OldTown,Norm,Norm,1Fam,1.5Fin,5,4,1900,1950,Gable,CompShg,Wd Sdng,Wd Sdng,BrkFace,0.0,3,3,BrkTil,3,3,1,1,0,1,0,540,540,GasA,4,0,FuseA,889,551,0,1440,0,0,1,0,3,1,3,6,Typ,0,0,Attchd,1940.0,1,1,352,2,3,Y,0,0,77,0,0,0,0,nan,nan,0,4,2006,WD,Normal,1980,106,56,1.0,77,1,1,0,0,4.5,79000
160,RL,75.0,10762,Pave,nan,4,Lvl,AllPub,Corner,3,SawyerW,Norm,Norm,TwnhsE,2Story,6,6,1980,1980,Gable,CompShg,Plywood,Plywood,BrkFace,0.0,3,3,CBlock,4,3,1,1,0,1,0,626,626,GasA,3,1,SBrkr,626,591,0,1217,0,0,1,1,3,1,3,6,Typ,1,3,Attchd,1980.0,2,1,288,3,3,Y,0,28,0,0,0,0,0,nan,nan,0,4,2009,WD,Normal,1843,29,29,1.5,28,1,1,1,0,6.0,120000
60,RL,69.0,8880,Pave,nan,3,Lvl,AllPub,Inside,3,SawyerW,Norm,Norm,1Fam,2Story,7,5,1994,2002,Gable,CompShg,VinylSd,VinylSd,BrkFace,0.0,4,3,PConc,4,3,1,6,695,1,0,253,948,GasA,5,1,SBrkr,1222,888,0,2110,1,0,2,1,3,1,4,8,Typ,2,2,Attchd,1994.0,2,2,463,3,3,Y,0,130,0,0,0,0,0,nan,nan,0,5,2010,WD,Normal,3058,16,8,3.5,130,1,1,1,0,6.0,205000
20,RL,80.0,10400,Pave,nan,4,Lvl,AllPub,Inside,3,NWAmes,Norm,Norm,1Fam,1Story,7,5,1988,1988,Gable,CompShg,Wd Sdng,Wd Sdng,BrkFace,102.0,3,3,CBlock,4,3,3,6,929,1,0,916,1845,GasA,4,1,SBrkr,1872,0,0,1872,0,1,2,0,3,1,3,6,Typ,1,3,Attchd,1988.0,3,2,604,3,3,Y,197,39,0,0,0,0,0,nan,nan,0,6,2006,WD,Normal,3717,18,18,2.5,39,1,1,1,0,6.0,241500
190,RM,69.0,9142,Pave,Grvl,4,Lvl,AllPub,Inside,3,OldTown,Norm,Norm,2fmCon,2Story,6,8,1910,1950,Gable,CompShg,AsbShng,AsbShng,BrkFace,0.0,3,2,Stone,2,3,1,1,0,1,0,1020,1020,GasA,4,0,FuseP,908,1020,0,1928,0,0,2,0,4,2,2,9,Typ,0,0,Detchd,1910.0,1,1,440,1,1,Y,0,60,112,0,0,0,0,nan,nan,0,4,2006,WD,Normal,2948,96,56,2.0,172,1,1,0,0,7.0,137000
20,RL,75.0,11310,Pave,nan,4,Lvl,AllPub,Inside,3,NAmes,Norm,Norm,1Fam,1Story,6,5,1954,1954,Hip,CompShg,Wd Sdng,BrkFace,BrkFace,0.0,3,3,CBlock,3,3,1,1,0,1,0,1367,1367,GasA,5,1,SBrkr,1375,0,0,1375,0,0,1,0,2,1,3,5,Typ,1,3,Attchd,1954.0,1,2,451,3,3,Y,0,30,0,0,0,0,0,nan,nan,0,6,2006,WD,Normal,2742,52,52,1.0,30,1,1,1,0,5.5,140000
60,RL,72.0,11317,Pave,nan,4,Lvl,AllPub,Inside,3,CollgCr,Norm,Norm,1Fam,2Story,7,5,2003,2003,Gable,CompShg,VinylSd,VinylSd,BrkFace,101.0,4,3,PConc,4,3,1,1,0,1,0,840,840,GasA,5,1,SBrkr,840,828,0,1668,0,0,2,1,3,1,4,8,Typ,0,0,Attchd,2003.0,2,2,500,3,3,Y,144,68,0,0,0,0,0,nan,nan,0,9,2007,WD,Normal,2508,4,4,2.5,68,1,1,0,0,6.0,180000
50,RL,69.0,159000,Pave,nan,2,Low,AllPub,CulDSac,1,ClearCr,Norm,Norm,1Fam,1.5Fin,6,7,1958,2006,Gable,CompShg,Wd Sdng,HdBoard,BrkCmn,472.0,4,3,CBlock,4,3,4,3,697,1,0,747,1444,GasA,4,1,SBrkr,1444,700,0,2144,0,1,2,0,4,1,4,7,Typ,2,3,Attchd,1958.0,3,2,389,3,3,Y,0,98,0,0,0,0,0,nan,Shed,500,6,2007,WD,Normal,3588,49,1,2.5,98,1,1,1,0,6.5,277000
30,RL,55.0,5350,Pave,nan,3,Lvl,AllPub,Inside,3,BrkSide,Norm,Norm,1Fam,1Story,3,2,1940,1966,Gable,CompShg,Wd Sdng,Plywood,BrkFace,0.0,3,1,CBlock,3,3,1,1,0,1,0,728,728,GasA,5,1,SBrkr,1306,0,0,1306,0,0,1,0,3,1,2,6,Mod,0,0,nan,1980.0,0,0,0,0,0,Y,263,0,0,0,0,0,0,GdWo,Shed,450,5,2010,WD,Normal,2034,70,44,1.0,0,0,1,0,0,2.5,76500
120,RM,44.0,4750,Pave,nan,3,HLS,AllPub,Inside,2,Crawfor,Norm,Norm,TwnhsE,1Story,8,5,2006,2007,Hip,CompShg,VinylSd,VinylSd,Stone,481.0,4,3,PConc,4,3,4,6,1573,1,0,0,1573,GasA,5,1,SBrkr,1625,0,0,1625,1,1,2,0,2,1,4,5,Typ,1,4,Attchd,2006.0,3,2,538,3,3,Y,123,0,0,0,153,0,0,nan,nan,0,12,2007,WD,Family,3198,1,0,3.5,153,1,1,1,0,6.5,235000
60,RL,65.0,8366,Pave,nan,3,Lvl,AllPub,Inside,3,SawyerW,Norm,Norm,1Fam,2Story,6,5,2004,2004,Gable,CompShg,VinylSd,VinylSd,BrkFace,0.0,4,3,PConc,4,3,1,1,0,1,0,798,798,GasA,5,1,SBrkr,798,842,0,1640,0,0,2,1,3,1,4,6,Typ,0,0,Attchd,2004.0,2,2,520,3,3,Y,138,45,0,0,0,0,0,nan,nan,0,12,2008,WD,Normal,2438,4,4,2.5,45,1,1,0,0,5.5,173000
80,RL,85.0,9350,Pave,nan,4,Lvl,AllPub,Inside,3,NAmes,Norm,Norm,1Fam,SLvl,6,7,1964,1991,Hip,CompShg,HdBoard,HdBoard,BrkFace,108.0,3,3,CBlock,4,3,4,2,270,5,580,452,1302,GasA,5,1,SBrkr,1302,0,0,1302,0,1,2,0,3,1,4,7,Min1,0,0,Attchd,1964.0,2,1,309,3,3,Y,333,0,0,0,0,0,0,MnPrv,nan,0,10,2007,CWD,Normal,2604,43,16,2.5,0,1,1,0,0,6.5,158000
20,RL,70.0,8400,Pave,nan,4,Lvl,AllPub,Inside,3,NAmes,Norm,Norm,1Fam,1Story,5,6,1957,1957,Gable,CompShg,MetalSd,MetalSd,BrkFace,0.0,3,4,CBlock,3,3,1,3,922,1,0,392,1314,GasA,3,1,SBrkr,1314,0,0,1314,1,0,1,0,3,1,3,5,Typ,0,0,Attchd,1957.0,2,1,294,3,3,Y,250,0,0,0,0,0,0,nan,nan,0,6,2010,WD,Normal,2628,53,53,2.0,0,1,1,0,0,5.5,145000
60,RL,66.0,8738,Pave,nan,3,Lvl,AllPub,Inside,3,Gilbert,Norm,Norm,1Fam,2Story,7,5,1999,1999,Gable,CompShg,VinylSd,VinylSd,BrkFace,302.0,4,3,PConc,4,3,1,1,0,1,0,975,975,GasA,5,1,SBrkr,1005,1286,0,2291,0,0,2,1,4,1,4,8,Typ,1,3,BuiltIn,1999.0,3,2,429,3,3,Y,192,0,0,0,0,0,0,nan,nan,0,2,2006,WD,Normal,3266,7,7,2.5,0,1,1,1,0,6.0,230000
60,FV,64.0,8791,Pave,nan,3,Lvl,AllPub,Inside,3,Somerst,Norm,Norm,1Fam,2Story,6,5,2003,2003,Gable,CompShg,VinylSd,VinylSd,BrkFace,0.0,4,3,PConc,4,3,1,3,503,1,0,361,864,GasA,5,1,SBrkr,864,864,0,1728,0,0,2,1,3,1,4,7,Typ,0,0,Attchd,2003.0,2,2,673,3,3,Y,216,56,0,0,0,0,0,nan,nan,0,5,2008,WD,Normal,2592,5,5,2.5,56,1,1,0,0,5.5,207500
20,RL,68.0,8814,Pave,nan,4,Lvl,AllPub,Inside,3,CollgCr,Norm,Norm,1Fam,1Story,7,5,2006,2006,Gable,CompShg,VinylSd,VinylSd,Stone,180.0,4,3,PConc,4,3,1,6,1334,1,0,270,1604,GasA,5,1,SBrkr,1604,0,0,1604,1,0,2,1,3,1,4,8,Typ,1,4,Attchd,2006.0,2,2,660,3,3,Y,123,110,0,0,0,0,0,nan,nan,0,3,2009,WD,Abnorml,3208,3,3,3.5,110,1,1,1,0,6.0,220000
60,RL,80.0,12435,Pave,nan,4,Lvl,AllPub,Inside,3,CollgCr,Norm,Norm,1Fam,2Story,7,5,2001,2001,Gable,CompShg,VinylSd,VinylSd,BrkFace,172.0,4,3,PConc,4,3,1,6,361,1,0,602,963,GasA,5,1,SBrkr,963,829,0,1792,0,0,2,1,3,1,4,7,Typ,1,3,Attchd,2001.0,2,2,564,3,3,Y,0,96,0,245,0,0,0,nan,nan,0,5,2008,WD,Normal,2755,7,7,2.5,341,1,1,1,0,6.0,231500
20,RM,70.0,12702,Pave,nan,4,Lvl,AllPub,Inside,3,OldTown,Norm,Norm,1Fam,1Story,5,5,1956,1956,Gable,CompShg,BrkFace,BrkFace,BrkFace,0.0,3,3,PConc,0,0,0,0,0,0,0,0,0,GasA,4,1,FuseA,882,0,0,882,0,0,1,0,2,1,3,4,Typ,0,0,Detchd,1956.0,1,1,308,3,3,Y,0,45,0,0,0,0,0,nan,nan,0,12,2008,WD,Normal,882,52,52,1.0,45,1,0,0,0,5.0,97000
80,RL,120.0,19296,Pave,nan,4,Lvl,AllPub,Corner,3,NAmes,Artery,Norm,1Fam,SLvl,6,5,1962,1962,Gable,CompShg,Wd Sdng,Wd Sdng,BrkFace,399.0,3,3,CBlock,3,3,4,3,672,5,690,0,1362,GasA,3,1,SBrkr,1382,0,0,1382,1,0,1,0,3,1,3,6,Typ,1,3,Attchd,1991.0,1,2,884,3,3,Y,0,0,252,0,0,0,0,GdWo,nan,0,5,2009,WD,Normal,2744,47,47,2.0,252,1,1,1,0,5.5,176000
60,RL,69.0,9588,Pave,nan,3,Lvl,AllPub,Inside,3,CollgCr,Norm,Norm,1Fam,2Story,8,5,2007,2007,Gable,CompShg,CemntBd,CmentBd,Stone,270.0,4,3,PConc,5,3,1,1,0,1,0,1482,1482,GasA,5,1,SBrkr,1482,1092,0,2574,0,0,2,1,3,1,5,10,Typ,1,4,BuiltIn,2007.0,3,3,868,3,3,Y,0,148,0,0,0,0,0,nan,nan,0,11,2007,New,Partial,4056,0,0,2.5,148,1,1,1,0,6.5,276000
80,RL,88.0,8471,Pave,nan,3,Lvl,AllPub,Corner,3,Sawyer,Norm,Norm,1Fam,SLvl,6,7,1977,1995,Gable,CompShg,HdBoard,Plywood,BrkFace,46.0,3,3,CBlock,4,4,3,5,506,1,0,0,506,GasA,3,1,SBrkr,1212,0,0,1212,1,0,1,0,3,1,3,6,Typ,1,3,Attchd,1978.0,1,2,492,3,3,Y,292,12,0,0,0,0,0,GdWo,nan,0,7,2006,WD,Normal,1718,29,11,2.0,12,1,1,1,0,6.5,151000
50,RM,50.0,5500,Pave,nan,4,Lvl,AllPub,Corner,3,OldTown,Norm,Norm,1Fam,1.5Fin,5,7,1929,2001,Gable,CompShg,Wd Sdng,Wd Sdng,BrkFace,0.0,3,3,BrkTil,3,3,1,2,234,5,692,0,926,GasA,3,1,SBrkr,926,0,390,1316,1,0,1,0,3,1,3,6,Typ,0,0,Detchd,1974.0,1,2,484,3,3,Y,0,0,0,0,0,0,0,nan,nan,0,4,2010,WD,Normal,1852,81,9,2.0,0,1,1,0,0,6.0,130000
30,RM,30.0,5232,Pave,Grvl,1,Bnk,AllPub,Inside,3,OldTown,Artery,Norm,1Fam,1Story,5,5,1925,2004,Gable,CompShg,Wd Sdng,Wd Sdng,BrkFace,0.0,3,3,BrkTil,2,3,1,1,0,1,0,680,680,GasA,4,0,FuseP,764,0,0,764,0,0,1,0,2,1,3,4,Typ,0,0,Detchd,1965.0,1,2,504,3,3,N,0,0,0,0,0,0,0,nan,nan,0,6,2008,WD,Normal,1444,83,4,1.0,0,1,1,0,0,5.0,73000
20,RL,78.0,12090,Pave,nan,3,Lvl,AllPub,Inside,3,NWAmes,Norm,Norm,1Fam,1Story,6,6,1981,1981,Gable,CompShg,MetalSd,MetalSd,BrkFace,210.0,3,4,CBlock,4,3,1,6,588,2,228,606,1422,GasA,3,1,SBrkr,1422,0,0,1422,0,0,2,0,3,1,4,7,Typ,1,3,Attchd,1981.0,3,2,576,3,3,Y,276,0,0,0,0,0,0,GdPrv,nan,0,6,2008,WD,Normal,2844,27,27,2.0,0,1,1,1,0,6.0,175500
60,RL,70.0,11207,Pave,nan,3,HLS,AllPub,FR2,3,Gilbert,Norm,Norm,1Fam,2Story,6,5,1997,1997,Gable,CompShg,VinylSd,VinylSd,BrkFace,0.0,3,3,PConc,4,3,3,6,714,1,0,88,802,GasA,4,1,SBrkr,802,709,0,1511,1,0,2,1,3,1,3,8,Typ,1,3,Attchd,1997.0,3,2,413,3,3,Y,95,75,0,0,0,0,0,nan,nan,0,6,2006,WD,Normal,2313,9,9,3.5,75,1,1,1,0,5.5,185000
75,RL,60.0,8400,Pave,nan,4,Bnk,AllPub,Inside,2,SWISU,Norm,Norm,1Fam,2.5Fin,5,8,1939,1997,Gable,CompShg,Wd Sdng,Wd Sdng,BrkFace,0.0,3,3,PConc,3,3,1,2,378,1,0,342,720,GasA,5,1,SBrkr,1052,720,420,2192,0,0,2,1,4,1,4,8,Typ,1,4,Detchd,1939.0,1,1,240,3,3,Y,262,24,0,0,0,0,0,nan,nan,0,7,2008,WD,Normal,2492,69,11,2.5,24,1,1,1,0,6.5,179500
30,RM,71.0,6900,Pave,nan,4,Lvl,AllPub,Inside,3,IDOTRR,Norm,Norm,1Fam,1Story,5,6,1940,1955,Gable,CompShg,VinylSd,VinylSd,BrkFace,0.0,3,3,CBlock,3,3,1,5,403,3,125,212,740,GasA,5,1,SBrkr,778,0,0,778,0,0,1,0,2,1,3,4,Typ,1,4,Detchd,1966.0,3,1,924,5,5,Y,0,25,0,0,0,0,0,nan,nan,0,2,2008,WD,Normal,1518,68,53,1.0,25,1,1,1,0,5.5,120500
20,RL,69.0,7917,Pave,nan,3,Lvl,AllPub,Corner,3,Edwards,Norm,Norm,1Fam,1Story,6,7,1976,1976,Hip,CompShg,HdBoard,HdBoard,BrkFace,174.0,3,4,CBlock,3,4,1,4,751,1,0,392,1143,GasA,3,1,SBrkr,1113,0,0,1113,1,0,1,1,3,1,3,6,Typ,1,2,Attchd,1987.0,2,1,504,3,4,Y,370,30,0,0,0,0,0,GdPrv,nan,0,5,2007,WD,Normal,2256,31,31,2.5,30,1,1,1,0,6.5,148000
60,FV,84.0,10728,Pave,nan,4,Lvl,AllPub,Inside,3,Somerst,Norm,Norm,1Fam,2Story,8,5,2006,2006,Gable,CompShg,VinylSd,VinylSd,BrkFace,0.0,4,3,PConc,4,3,2,1,0,1,0,1095,1095,GasA,4,1,SBrkr,1095,844,0,1939,0,0,2,1,3,1,4,8,Typ,1,4,Attchd,2006.0,2,3,1053,3,3,Y,192,51,0,0,0,0,0,nan,nan,0,8,2006,New,Partial,3034,0,0,2.5,51,1,1,1,0,6.5,266000
20,RL,73.0,39104,Pave,nan,3,Low,AllPub,CulDSac,1,ClearCr,Norm,Norm,1Fam,1Story,7,7,1954,2005,Flat,Membran,Plywood,Plywood,BrkFace,0.0,3,3,CBlock,4,3,4,2,226,6,1063,96,1385,GasA,5,1,SBrkr,1363,0,0,1363,1,0,1,0,2,1,3,5,Mod,2,3,Attchd,1954.0,1,2,439,3,3,Y,81,0,0,0,0,0,0,nan,nan,0,4,2008,WD,Normal,2748,54,3,2.0,0,1,1,1,0,7.0,241500
60,RL,92.0,11764,Pave,nan,3,Lvl,AllPub,CulDSac,3,NoRidge,Norm,Norm,1Fam,2Story,8,7,1999,2007,Gable,CompShg,VinylSd,VinylSd,BrkFace,348.0,4,3,PConc,4,3,1,6,524,1,0,628,1152,GasA,5,1,SBrkr,1164,1106,0,2270,0,0,2,1,4,1,4,9,Typ,1,4,Attchd,1999.0,3,3,671,3,3,Y,132,57,0,0,0,0,0,nan,nan,0,4,2010,WD,Normal,3422,11,3,2.5,57,1,1,1,0,7.5,290000
20,RL,80.0,9600,Pave,nan,4,Lvl,AllPub,Inside,3,NAmes,Feedr,Norm,1Fam,1Story,6,6,1958,1988,Hip,CompShg,Wd Sdng,Wd Sdng,BrkCmn,183.0,3,3,CBlock,3,3,1,3,620,2,620,0,1240,GasA,4,1,SBrkr,1632,0,0,1632,1,0,2,0,3,1,3,6,Min1,1,4,Attchd,1958.0,2,1,338,3,3,Y,289,0,0,0,0,0,0,MnPrv,nan,0,4,2009,WD,Normal,2872,51,21,3.0,0,1,1,1,0,6.0,139000
20,RL,76.0,8314,Pave,nan,4,Lvl,AllPub,Corner,3,Mitchel,Norm,Norm,1Fam,1Story,5,7,1982,1982,Gable,CompShg,HdBoard,ImStucc,BrkFace,0.0,3,3,CBlock,3,3,4,5,546,1,0,270,816,GasA,3,1,SBrkr,816,0,0,816,0,0,1,0,2,1,3,5,Typ,0,0,Attchd,1982.0,1,1,264,3,3,Y,168,0,0,0,0,0,0,nan,nan,0,6,2007,WD,Normal,1632,25,25,1.0,0,1,1,0,0,6.0,124500
50,RL,55.0,7264,Pave,nan,4,Lvl,AllPub,Inside,3,BrkSide,Norm,Norm,1Fam,1.5Fin,7,7,1925,2007,Gable,CompShg,Wd Sdng,Wd Sdng,BrkFace,0.0,4,4,BrkTil,3,3,1,1,0,1,0,952,952,GasW,4,0,SBrkr,952,596,0,1548,0,0,2,1,3,1,5,5,Typ,0,0,Detchd,1978.0,1,2,672,3,3,Y,74,0,0,0,144,0,0,nan,nan,0,10,2009,WD,Normal,2500,84,2,2.5,144,1,1,0,0,7.0,205000
20,RL,129.0,9196,Pave,nan,3,Lvl,AllPub,Inside,3,Mitchel,Norm,Norm,1Fam,1Story,7,5,2003,2003,Gable,CompShg,VinylSd,VinylSd,BrkFace,0.0,4,3,PConc,5,3,1,1,0,1,0,1560,1560,GasA,5,1,SBrkr,1560,0,0,1560,0,0,2,0,3,1,4,7,Typ,0,0,Attchd,2003.0,3,2,573,3,3,Y,100,150,0,0,0,0,0,nan,nan,0,4,2010,WD,Normal,3120,7,7,2.0,150,1,1,0,0,6.0,201000
20,RL,140.0,19138,Pave,nan,4,Lvl,AllPub,Corner,3,Gilbert,Norm,Norm,1Fam,1Story,4,5,1951,1951,Gable,CompShg,VinylSd,VinylSd,BrkFace,0.0,3,3,CBlock,3,3,1,2,120,1,0,744,864,GasA,5,1,SBrkr,864,0,0,864,0,0,1,0,2,1,3,4,Typ,0,0,Detchd,1951.0,1,2,400,3,3,Y,0,0,0,0,0,0,0,nan,nan,0,6,2010,WD,Normal,1728,59,59,1.0,0,1,1,0,0,4.5,141000
20,RL,107.0,14450,Pave,nan,4,Lvl,AllPub,Inside,3,NridgHt,Norm,Norm,1Fam,1Story,9,5,2006,2007,Gable,CompShg,CemntBd,CmentBd,BrkFace,315.0,5,3,PConc,5,3,4,1,0,1,0,2121,2121,GasA,5,1,SBrkr,2121,0,0,2121,0,0,2,1,3,1,5,8,Typ,1,5,Attchd,2007.0,3,3,732,3,3,Y,124,98,0,0,142,0,0,nan,nan,0,5,2007,New,Partial,4242,1,0,2.5,240,1,1,1,0,7.0,415298
60,RL,83.0,10005,Pave,nan,4,Lvl,AllPub,Inside,3,ClearCr,Norm,Norm,1Fam,2Story,7,5,1977,1977,Hip,CompShg,Plywood,Plywood,BrkFace,299.0,3,3,CBlock,4,3,1,4,392,1,0,768,1160,GasA,5,1,SBrkr,1156,866,0,2022,0,0,2,1,4,1,3,8,Typ,1,3,Attchd,1977.0,3,2,505,3,3,Y,288,117,0,0,0,0,0,nan,nan,0,3,2008,WD,Normal,3182,31,31,2.5,117,1,1,1,0,6.0,192000
60,RL,82.0,11287,Pave,nan,4,Lvl,AllPub,Inside,3,SawyerW,Norm,Norm,1Fam,2Story,7,6,1989,1989,Gable,CompShg,Plywood,Plywood,BrkFace,340.0,4,3,CBlock,4,3,3,6,421,1,0,386,807,GasA,4,1,SBrkr,1175,807,0,1982,0,0,2,1,3,1,4,7,Typ,1,3,Attchd,1989.0,3,2,575,3,3,Y,0,84,0,196,0,0,0,nan,nan,0,1,2007,WD,Normal,2789,18,18,2.5,280,1,1,1,0,6.5,228500
20,FV,60.0,7200,Pave,Pave,4,Lvl,AllPub,Inside,3,Somerst,Norm,Norm,1Fam,1Story,6,5,2006,2006,Gable,CompShg,VinylSd,VinylSd,Stone,68.0,4,3,PConc,4,3,1,6,905,1,0,357,1262,GasA,4,1,SBrkr,1262,0,0,1262,0,0,2,0,2,1,4,5,Typ,0,0,Attchd,2006.0,3,2,572,3,3,Y,0,120,0,0,0,0,0,nan,nan,0,5,2006,New,Partial,2524,0,0,2.0,120,1,1,0,0,5.5,185000
120,RL,34.0,5063,Pave,nan,4,Lvl,AllPub,Inside,3,NridgHt,Norm,Norm,Twnhs,1Story,7,5,2007,2008,Gable,CompShg,VinylSd,VinylSd,Stone,166.0,4,3,PConc,4,3,1,6,904,1,0,410,1314,GasA,5,1,SBrkr,1314,0,0,1314,1,0,2,0,2,1,4,6,Typ,1,4,Attchd,2008.0,2,2,626,3,3,Y,172,62,0,0,0,0,0,nan,nan,0,4,2009,ConLw,Normal,2628,2,1,3.0,62,1,1,1,0,6.0,207500
20,RL,74.0,9612,Pave,nan,4,Lvl,AllPub,Inside,3,Somerst,Feedr,Norm,1Fam,1Story,8,5,2008,2009,Gable,CompShg,VinylSd,VinylSd,Stone,72.0,4,3,PConc,4,3,1,1,0,1,0,1468,1468,GasA,5,1,SBrkr,1468,0,0,1468,0,0,2,0,3,1,4,6,Typ,1,4,Attchd,2008.0,3,3,898,3,3,Y,210,150,0,0,0,0,0,nan,nan,0,12,2009,New,Partial,2936,1,0,2.0,150,1,1,1,0,6.5,244600
120,RL,50.0,8012,Pave,nan,4,Lvl,AllPub,Inside,3,SawyerW,Norm,Norm,TwnhsE,1Story,6,5,1992,1992,Gable,CompShg,Plywood,ImStucc,BrkFace,0.0,4,3,PConc,4,3,1,6,430,1,0,1145,1575,GasA,4,1,SBrkr,1575,0,0,1575,1,0,2,0,2,1,4,5,Typ,0,0,Attchd,1992.0,2,2,529,3,3,Y,0,0,52,0,0,0,0,nan,nan,0,7,2007,WD,Normal,3150,15,15,3.0,52,1,1,0,0,5.5,179200
160,FV,35.0,4251,Pave,Pave,3,Lvl,AllPub,Inside,3,Somerst,Norm,Norm,TwnhsE,2Story,7,5,2006,2007,Gable,CompShg,MetalSd,MetalSd,BrkFace,0.0,4,3,PConc,4,3,1,1,0,1,0,625,625,GasA,5,1,SBrkr,625,625,0,1250,0,0,2,1,2,1,4,5,Typ,0,0,Detchd,2006.0,2,2,528,3,3,Y,0,54,0,0,0,0,0,nan,nan,0,6,2007,New,Partial,1875,1,0,2.5,54,1,1,0,0,6.0,164700
50,RL,77.0,9786,Pave,nan,3,Bnk,AllPub,Inside,3,NAmes,Norm,Norm,1Fam,1.5Fin,6,7,1962,1981,Gable,CompShg,Wd Sdng,Wd Sdng,BrkFace,0.0,3,3,CBlock,3,3,1,3,600,1,0,312,912,GasA,3,1,SBrkr,1085,649,0,1734,0,0,1,1,3,1,4,7,Typ,1,4,Attchd,1962.0,2,2,440,3,3,Y,0,0,0,0,128,0,0,GdPrv,nan,0,6,2006,WD,Normal,2646,44,25,1.5,128,1,1,1,0,6.5,159000
20,RL,69.0,8125,Pave,nan,3,Lvl,AllPub,Corner,3,NAmes,Norm,Norm,1Fam,1Story,4,4,1971,1971,Gable,CompShg,HdBoard,HdBoard,BrkFace,0.0,3,3,CBlock,3,3,1,4,614,1,0,244,858,GasA,3,1,SBrkr,858,0,0,858,0,0,1,0,3,1,3,5,Typ,0,0,nan,1980.0,0,0,0,0,0,Y,0,0,0,0,0,0,0,nan,nan,0,6,2006,WD,Normal,1716,35,35,1.0,0,0,1,0,0,4.0,88000
20,RL,69.0,9819,Pave,nan,3,Lvl,AllPub,Inside,3,Sawyer,Norm,Norm,1Fam,1Story,5,5,1967,1967,Gable,CompShg,MetalSd,MetalSd,BrkFace,31.0,3,4,CBlock,3,3,1,4,450,1,0,432,882,GasA,3,1,SBrkr,900,0,0,900,0,0,1,0,3,1,3,5,Typ,0,0,Detchd,1970.0,1,1,280,3,3,Y,0,0,0,0,0,0,0,MnPrv,nan,0,2,2010,WD,Normal,1782,43,43,1.0,0,1,1,0,0,5.0,122000
70,RL,60.0,8730,Pave,nan,4,Lvl,AllPub,Inside,3,BrkSide,RRAn,Norm,1Fam,2Story,6,7,1915,2003,Gable,CompShg,Wd Sdng,Wd Sdng,BrkFace,0.0,3,3,BrkTil,3,3,1,1,0,1,0,698,698,GasA,5,1,FuseA,698,698,0,1396,0,0,1,0,3,1,3,7,Typ,0,0,Detchd,2003.0,1,1,384,3,3,Y,0,0,0,0,259,0,0,nan,nan,0,7,2007,WD,Normal,2094,92,4,1.0,259,1,1,0,0,6.5,153575
60,RL,120.0,15611,Pave,nan,4,Lvl,AllPub,Inside,3,CollgCr,Norm,Norm,1Fam,2Story,8,5,2006,2006,Gable,CompShg,VinylSd,VinylSd,BrkFace,0.0,4,3,PConc,4,3,3,1,0,1,0,1079,1079,GasA,5,1,SBrkr,1079,840,0,1919,0,0,2,1,3,1,4,8,Typ,1,4,Attchd,2006.0,2,2,685,4,3,Y,0,51,0,0,0,0,0,nan,nan,0,7,2006,New,Partial,2998,0,0,2.5,51,1,1,1,0,6.5,233230
190,RL,55.0,5687,Pave,Grvl,4,Bnk,AllPub,Inside,3,SWISU,Norm,Norm,2fmCon,2Story,5,6,1912,2000,Gable,CompShg,VinylSd,VinylSd,BrkFace,0.0,3,2,PConc,3,2,1,3,210,1,0,570,780,GasA,5,0,SBrkr,936,780,0,1716,1,0,2,0,6,1,2,9,Typ,0,0,nan,1980.0,0,0,0,0,0,N,0,184,0,0,0,0,0,nan,nan,0,3,2008,WD,Normal,2496,96,8,3.0,184,0,1,0,0,5.5,135900
50,RL,60.0,11409,Pave,nan,4,Lvl,AllPub,Inside,3,Edwards,Norm,Norm,1Fam,1.5Fin,5,4,1949,2008,Gable,CompShg,Wd Sdng,Wd Sdng,BrkFace,0.0,3,3,CBlock,3,3,1,2,292,1,0,476,768,GasA,4,1,SBrkr,1148,568,0,1716,0,0,1,1,3,1,3,8,Min2,1,4,Attchd,1949.0,1,1,281,3,3,Y,0,0,0,0,160,0,0,nan,nan,0,1,2009,WD,Normal,2484,60,1,1.5,160,1,1,1,0,4.5,131000
60,RL,69.0,16659,Pave,nan,3,Lvl,AllPub,Corner,3,NWAmes,PosA,Norm,1Fam,2Story,7,7,1977,1994,Gable,CompShg,Plywood,Plywood,BrkFace,34.0,3,3,CBlock,3,3,1,5,795,1,0,0,795,GasA,2,1,SBrkr,1468,795,0,2263,1,0,2,1,3,1,4,9,Typ,1,3,Attchd,1977.0,3,2,539,3,3,Y,0,250,0,0,0,0,0,nan,nan,0,3,2006,WD,Normal,3058,29,12,3.5,250,1,1,1,0,7.0,235000
20,RL,80.0,9600,Pave,nan,4,Lvl,AllPub,Inside,3,NAmes,Norm,Norm,1Fam,1Story,6,5,1953,1953,Hip,CompShg,HdBoard,HdBoard,Stone,238.0,3,3,CBlock,3,3,1,6,1285,1,0,131,1416,GasA,3,1,SBrkr,1644,0,0,1644,1,0,1,0,3,1,3,7,Typ,2,4,Attchd,1953.0,3,2,418,3,3,Y,110,0,0,0,0,0,0,nan,nan,0,10,2009,WD,Normal,3060,56,56,2.0,0,1,1,1,0,5.5,167000
80,RL,37.0,7937,Pave,nan,3,Lvl,AllPub,CulDSac,3,Mitchel,Norm,Norm,1Fam,SLvl,6,6,1984,1984,Gable,CompShg,HdBoard,HdBoard,BrkFace,0.0,3,3,CBlock,3,3,3,6,819,1,0,184,1003,GasA,3,1,SBrkr,1003,0,0,1003,1,0,1,0,3,1,3,6,Typ,0,0,Detchd,1984.0,1,2,588,3,3,Y,120,0,0,0,0,0,0,GdPrv,nan,0,3,2006,WD,Normal,2006,22,22,2.0,0,1,1,0,0,6.0,142500
50,RM,75.0,13710,Pave,nan,4,Lvl,AllPub,Inside,3,IDOTRR,Norm,Norm,1Fam,1.5Fin,5,5,1950,1950,Gable,CompShg,Wd Sdng,Wd Sdng,BrkFace,0.0,3,3,CBlock,3,3,1,4,420,1,0,490,910,GasA,3,1,FuseA,910,648,0,1558,0,0,1,1,4,1,3,6,Typ,0,0,Attchd,1950.0,1,1,282,3,3,Y,289,0,0,0,0,0,0,MnPrv,nan,0,6,2007,WD,Normal,2468,57,57,1.5,0,1,1,0,0,5.0,152000
60,FV,66.0,7399,Pave,Pave,3,Lvl,AllPub,Inside,3,Somerst,Norm,Norm,1Fam,2Story,7,5,1997,1998,Hip,CompShg,VinylSd,VinylSd,BrkFace,1600.0,4,3,PConc,4,3,1,4,649,1,0,326,975,GasA,5,1,SBrkr,975,975,0,1950,0,0,2,1,3,1,4,7,Typ,1,3,Detchd,1997.0,2,2,576,3,3,Y,0,10,0,0,198,0,0,nan,nan,0,6,2007,WD,Normal,2925,10,9,2.5,208,1,1,1,0,6.0,239000
60,RL,90.0,11700,Pave,nan,4,Lvl,AllPub,Inside,3,NWAmes,Norm,Norm,1Fam,2Story,6,6,1968,1968,Mansard,CompShg,HdBoard,AsphShn,BrkFace,365.0,4,3,CBlock,3,3,1,5,384,3,175,143,702,GasA,4,1,SBrkr,1041,702,0,1743,0,1,1,2,3,1,3,7,Typ,1,4,Attchd,1968.0,1,2,539,3,3,Y,224,0,0,0,0,0,0,nan,nan,0,6,2007,WD,Normal,2445,39,39,2.5,0,1,1,1,0,6.0,175000
20,RL,80.0,14000,Pave,nan,4,Lvl,AllPub,Inside,3,Crawfor,Norm,Norm,1Fam,1Story,6,8,1950,2004,Gable,CompShg,HdBoard,HdBoard,BrkFace,0.0,3,4,CBlock,3,3,1,1,0,1,0,1092,1092,GasA,5,1,SBrkr,1152,0,0,1152,0,1,1,0,3,1,4,6,Typ,1,4,Attchd,1950.0,1,1,300,3,3,Y,0,36,0,0,0,0,0,GdPrv,nan,0,8,2009,WD,Family,2244,59,5,1.5,36,1,1,1,0,7.0,158500
190,RL,90.0,15750,Pave,nan,4,Lvl,AllPub,Corner,3,Crawfor,Norm,Norm,2fmCon,1Story,5,5,1953,1953,Hip,CompShg,MetalSd,MetalSd,BrkFace,56.0,3,3,CBlock,3,3,2,4,841,1,0,324,1165,GasA,3,1,SBrkr,1336,0,0,1336,1,0,1,0,2,1,3,5,Typ,2,4,Attchd,1953.0,1,1,375,3,3,Y,0,0,0,0,0,0,0,nan,nan,0,6,2006,WD,Normal,2501,53,53,2.0,0,1,1,1,0,5.0,157000
60,RL,66.0,16226,Pave,nan,1,Lvl,AllPub,Inside,3,CollgCr,Norm,Norm,1Fam,2Story,8,5,1998,1999,Gable,CompShg,VinylSd,VinylSd,BrkFace,0.0,4,3,PConc,4,3,1,6,281,1,0,747,1028,GasA,5,1,SBrkr,1210,1242,0,2452,0,0,2,1,4,1,4,9,Typ,1,3,BuiltIn,1998.0,3,2,683,3,3,Y,208,50,0,0,0,0,0,nan,nan,0,5,2007,WD,Normal,3480,9,8,2.5,50,1,1,1,0,6.5,267000
20,RL,118.0,13704,Pave,nan,3,Lvl,AllPub,Corner,3,CollgCr,Norm,Norm,1Fam,1Story,7,5,2001,2002,Gable,CompShg,VinylSd,VinylSd,BrkFace,150.0,4,3,PConc,4,3,1,1,0,1,0,1541,1541,GasA,5,1,SBrkr,1541,0,0,1541,0,0,2,0,3,1,4,6,Typ,1,3,Attchd,2001.0,2,3,843,3,3,Y,468,81,0,0,0,0,0,nan,nan,0,1,2006,WD,Normal,3082,5,4,2.0,81,1,1,1,0,6.0,205000
20,RL,70.0,9800,Pave,nan,4,Lvl,AllPub,Corner,3,CollgCr,Norm,Norm,1Fam,1Story,5,7,1972,1972,Gable,CompShg,VinylSd,VinylSd,BrkFace,0.0,3,3,PConc,3,3,1,5,894,1,0,0,894,GasA,3,1,SBrkr,894,0,0,894,1,0,1,0,3,1,3,5,Typ,0,0,Attchd,1975.0,1,2,552,3,3,Y,256,0,0,0,0,0,0,GdWo,nan,0,7,2006,WD,Abnorml,1788,34,34,2.0,0,1,1,0,0,6.0,149900
75,RM,87.0,18386,Pave,nan,4,Lvl,AllPub,Inside,3,OldTown,Norm,Norm,1Fam,2.5Fin,7,9,1880,2002,Gable,CompShg,CemntBd,CmentBd,BrkFace,0.0,3,3,BrkTil,3,3,1,1,0,1,0,1470,1470,GasA,5,1,SBrkr,1675,1818,0,3493,0,0,3,0,3,1,4,10,Typ,1,5,Attchd,2003.0,1,3,870,3,3,Y,302,0,0,0,0,0,0,nan,nan,0,5,2008,WD,Normal,4963,128,6,3.0,0,1,1,1,0,8.0,295000
20,RL,80.0,10386,Pave,nan,4,Lvl,AllPub,Inside,3,CollgCr,Norm,Norm,1Fam,1Story,8,5,2004,2005,Gable,CompShg,CemntBd,CmentBd,Stone,246.0,4,3,PConc,4,3,1,6,1464,1,0,536,2000,GasA,5,1,SBrkr,2000,0,0,2000,1,0,2,0,3,1,4,8,Typ,0,0,Attchd,2004.0,3,3,888,3,3,Y,168,0,0,0,0,0,0,nan,nan,0,7,2007,WD,Normal,4000,3,2,3.0,0,1,1,0,0,6.5,305900
60,RL,116.0,13474,Pave,nan,4,Lvl,AllPub,Inside,3,SawyerW,Feedr,Norm,1Fam,2Story,7,5,1990,1991,Gable,CompShg,HdBoard,Plywood,BrkFace,246.0,4,3,CBlock,4,3,1,5,700,1,0,0,700,GasA,4,1,SBrkr,1122,1121,0,2243,1,0,2,1,4,1,4,8,Typ,1,3,Attchd,1990.0,2,3,746,3,3,Y,127,44,224,0,0,0,0,nan,nan,0,6,2007,WD,Normal,2943,17,16,3.5,268,1,1,1,0,6.0,225000
50,RM,69.0,7920,Pave,Grvl,3,Lvl,AllPub,Inside,3,IDOTRR,Artery,Norm,1Fam,1.5Fin,6,7,1920,1950,Gable,CompShg,MetalSd,MetalSd,BrkFace,0.0,3,2,CBlock,3,3,1,1,0,1,0,319,319,GasA,3,1,FuseA,1035,371,0,1406,0,0,1,0,3,1,2,6,Typ,0,0,nan,1980.0,0,0,0,0,0,N,0,144,0,0,0,0,0,MnPrv,nan,0,3,2008,WD,Normal,1725,88,58,1.0,144,0,1,0,0,6.5,89500
30,RL,69.0,12342,Pave,nan,3,Lvl,AllPub,Inside,3,Edwards,Norm,Norm,1Fam,1Story,4,5,1940,1950,Gable,CompShg,VinylSd,VinylSd,BrkFace,0.0,3,3,CBlock,3,3,1,4,262,1,0,599,861,GasA,5,1,SBrkr,861,0,0,861,0,0,1,0,1,1,3,4,Typ,0,0,Detchd,1961.0,1,2,539,3,3,Y,158,0,0,0,0,0,0,nan,nan,0,3,2009,WD,Normal,1722,69,59,1.0,0,1,1,0,0,4.5,82500
20,RL,90.0,12378,Pave,nan,3,Lvl,AllPub,Inside,3,NridgHt,Norm,Norm,1Fam,1Story,9,5,2003,2004,Gable,CompShg,VinylSd,VinylSd,BrkFace,0.0,4,3,PConc,5,3,4,6,1274,1,0,622,1896,GasA,5,1,SBrkr,1944,0,0,1944,1,0,2,0,3,1,5,8,Typ,3,5,Attchd,2003.0,3,3,708,3,3,Y,208,175,0,0,0,0,0,nan,nan,0,11,2006,WD,Normal,3840,3,2,3.0,175,1,1,1,0,7.0,360000
60,RL,69.0,7685,Pave,nan,3,Lvl,AllPub,Inside,3,Gilbert,Norm,Norm,1Fam,2Story,6,5,1993,1994,Gable,CompShg,HdBoard,HdBoard,BrkFace,112.0,3,3,PConc,4,3,1,5,518,1,0,179,697,GasA,4,1,SBrkr,697,804,0,1501,0,0,2,1,3,1,4,6,Typ,1,3,Attchd,1993.0,3,2,420,3,3,Y,190,63,0,0,0,0,0,nan,nan,0,5,2006,WD,Normal,2198,13,12,2.5,63,1,1,1,0,5.5,165600
20,RL,50.0,8000,Pave,nan,4,Lvl,AllPub,Inside,3,NAmes,Norm,Norm,1Fam,1Story,6,6,1948,2002,Gable,CompShg,VinylSd,VinylSd,BrkFace,0.0,3,4,CBlock,3,3,1,5,680,1,0,292,972,GasA,5,1,SBrkr,972,0,0,972,1,0,1,0,2,1,3,5,Typ,1,4,Detchd,1948.0,1,1,240,3,3,Y,0,0,0,0,0,0,0,nan,nan,0,5,2009,WD,Normal,1944,61,7,2.0,0,1,1,1,0,6.0,132000
190,RM,65.0,7800,Pave,nan,4,Lvl,AllPub,Inside,3,OldTown,Artery,Norm,2fmCon,1.5Fin,5,7,1939,1950,Gable,CompShg,MetalSd,MetalSd,BrkFace,0.0,3,3,CBlock,4,3,2,3,507,1,0,286,793,GasA,3,1,SBrkr,793,325,0,1118,1,0,1,0,3,1,3,5,Typ,1,4,Detchd,1939.0,1,2,410,3,3,Y,0,0,0,0,271,0,0,MnPrv,nan,0,5,2006,WD,Normal,1911,67,56,2.0,271,1,1,1,0,6.0,119900
20,RL,150.0,215245,Pave,nan,1,Low,AllPub,Inside,1,Timber,Norm,Norm,1Fam,1Story,7,5,1965,1965,Hip,CompShg,BrkFace,BrkFace,BrkFace,0.0,3,3,CBlock,4,3,4,5,1236,3,820,80,2136,GasW,3,1,SBrkr,2036,0,0,2036,2,0,2,0,3,1,3,8,Typ,2,4,Attchd,1965.0,2,2,513,3,3,Y,0,0,0,0,0,0,0,nan,nan,0,6,2009,WD,Normal,4172,44,44,4.0,0,1,1,1,0,6.0,375000
70,RM,60.0,9600,Pave,Grvl,4,Lvl,AllPub,Inside,3,OldTown,Norm,Norm,1Fam,2Story,7,7,1925,1990,Gable,CompShg,Wd Sdng,Wd Sdng,BrkFace,0.0,3,3,BrkTil,3,4,1,2,16,1,0,712,728,GasA,5,1,SBrkr,832,809,0,1641,0,1,1,1,3,1,5,6,Typ,1,4,Detchd,1925.0,1,2,546,2,3,Y,0,0,234,0,0,0,0,nan,nan,0,8,2006,WD,Normal,2369,81,16,2.0,234,1,1,1,0,7.0,178000
60,RL,71.0,7795,Pave,nan,3,Lvl,AllPub,Inside,3,Gilbert,Norm,Norm,1Fam,2Story,7,5,2004,2005,Gable,CompShg,VinylSd,VinylSd,BrkFace,0.0,4,3,PConc,4,3,1,6,425,1,0,291,716,GasA,5,1,SBrkr,716,716,0,1432,1,0,2,1,3,1,4,6,Typ,1,4,Attchd,2004.0,3,2,432,3,3,Y,100,51,0,0,0,0,0,nan,nan,0,7,2009,WD,Normal,2148,5,4,3.5,51,1,1,1,0,6.0,188500
60,RL,94.0,13005,Pave,nan,3,Lvl,AllPub,Corner,3,NWAmes,Norm,Norm,1Fam,2Story,7,7,1980,1980,Gable,CompShg,CemntBd,CmentBd,BrkFace,278.0,4,3,CBlock,4,3,1,6,692,1,0,153,845,GasA,3,1,SBrkr,1153,1200,0,2353,1,0,2,1,4,1,5,10,Typ,1,3,Attchd,1983.0,2,2,484,3,3,Y,288,195,0,0,0,0,0,GdPrv,nan,0,8,2009,WD,Normal,3198,29,29,3.5,195,1,1,1,0,7.0,260000
60,FV,75.0,9000,Pave,nan,4,Lvl,AllPub,Inside,3,Somerst,Norm,Norm,1Fam,2Story,8,5,2006,2006,Gable,CompShg,VinylSd,VinylSd,BrkFace,0.0,4,3,PConc,4,3,3,1,0,1,0,1088,1088,GasA,5,1,SBrkr,1088,871,0,1959,0,0,2,1,3,1,4,8,Typ,1,4,Attchd,2006.0,2,3,1025,3,3,Y,208,46,0,0,0,0,0,nan,nan,0,12,2007,WD,Normal,3047,1,1,2.5,46,1,1,1,0,6.5,270000
60,RL,90.0,9900,Pave,nan,4,Low,AllPub,Inside,2,NoRidge,Norm,Norm,1Fam,2Story,7,5,1993,1993,Gable,CompShg,HdBoard,HdBoard,BrkFace,256.0,4,3,PConc,4,3,4,6,987,1,0,360,1347,GasA,5,1,SBrkr,1372,1274,0,2646,1,0,2,1,4,1,4,9,Typ,1,3,Attchd,1993.0,2,3,656,3,3,Y,340,60,144,0,0,0,0,nan,nan,0,4,2009,WD,Normal,3993,16,16,3.5,204,1,1,1,0,6.0,260000
80,RL,69.0,14115,Pave,nan,4,Lvl,AllPub,Inside,3,NWAmes,Norm,Norm,1Fam,SLvl,7,5,1980,1980,Gable,CompShg,Plywood,Plywood,BrkFace,225.0,3,3,CBlock,4,3,3,6,1036,1,0,336,1372,GasA,3,1,SBrkr,1472,0,0,1472,1,0,2,0,3,1,3,6,Typ,2,3,Attchd,1980.0,1,2,588,3,3,Y,233,48,0,0,0,0,0,nan,nan,0,6,2009,WD,Normal,2844,29,29,3.0,48,1,1,1,0,6.0,187500
60,RL,111.0,16259,Pave,nan,4,Lvl,AllPub,Corner,3,NridgHt,Norm,Norm,1Fam,2Story,9,5,2006,2006,Gable,CompShg,VinylSd,VinylSd,Stone,370.0,3,3,PConc,5,4,3,1,0,1,0,1249,1249,GasA,5,1,SBrkr,1249,1347,0,2596,0,0,3,1,4,1,4,9,Typ,0,0,Attchd,2006.0,2,3,840,3,3,Y,240,154,0,0,0,0,0,nan,nan,0,9,2006,New,Partial,3845,0,0,3.5,154,1,1,0,0,7.0,342643
60,RL,99.0,12099,Pave,nan,3,Lvl,AllPub,Inside,3,NridgHt,Norm,Norm,1Fam,2Story,8,5,2004,2004,Gable,CompShg,VinylSd,VinylSd,BrkFace,388.0,4,3,PConc,5,3,3,6,970,1,0,166,1136,GasA,5,1,SBrkr,1136,1332,0,2468,1,0,2,1,4,1,4,10,Typ,1,4,BuiltIn,2004.0,3,3,872,3,3,Y,184,154,0,0,0,0,0,nan,nan,0,6,2007,WD,Normal,3604,3,3,3.5,154,1,1,1,0,6.5,354000
60,RL,86.0,10380,Pave,nan,3,Lvl,AllPub,Inside,3,SawyerW,Norm,Norm,1Fam,2Story,7,5,1986,1987,Gable,CompShg,Plywood,Plywood,BrkFace,172.0,4,3,CBlock,3,3,4,2,28,5,1474,0,1502,GasA,5,1,SBrkr,1553,1177,0,2730,1,0,2,1,4,1,4,8,Typ,1,3,Attchd,1987.0,3,2,576,3,3,Y,201,96,0,0,0,0,0,MnPrv,nan,0,8,2007,WD,Normal,4232,21,20,3.5,96,1,1,1,0,6.0,301000
20,RM,49.0,5820,Pave,nan,4,Lvl,AllPub,Inside,3,OldTown,Norm,Norm,1Fam,1Story,3,8,1955,2005,Gable,CompShg,VinylSd,VinylSd,BrkFace,0.0,3,4,CBlock,3,3,1,5,256,1,0,906,1162,GasA,5,1,SBrkr,1163,0,0,1163,1,0,1,0,3,1,3,6,Typ,0,0,Attchd,1955.0,1,1,220,2,3,Y,142,98,0,0,0,0,0,nan,nan,0,7,2006,WD,Normal,2325,51,1,2.0,98,1,1,0,0,5.5,126175
80,RL,96.0,11275,Pave,nan,4,Lvl,AllPub,Corner,3,NAmes,PosN,Norm,1Fam,SLvl,7,7,1967,2007,Mansard,WdShake,Wd Sdng,Wd Sdng,BrkFace,300.0,4,4,CBlock,4,3,1,1,0,1,0,710,710,GasA,5,1,SBrkr,1898,1080,0,2978,0,0,2,1,5,1,4,11,Typ,1,4,BuiltIn,1961.0,3,2,564,3,3,Y,240,0,0,0,0,0,0,nan,nan,0,6,2010,WD,Normal,3688,43,3,2.5,0,1,1,1,0,7.0,242000
45,RM,50.0,5000,Pave,nan,4,Lvl,AllPub,Inside,3,IDOTRR,RRAe,Norm,1Fam,1.5Unf,5,6,1941,1950,Gable,CompShg,MetalSd,MetalSd,BrkFace,0.0,3,3,CBlock,3,3,3,4,116,1,0,604,720,GasA,1,0,FuseF,803,0,0,803,0,0,1,0,2,1,3,5,Typ,0,0,Detchd,1941.0,1,2,360,3,3,Y,0,0,244,0,0,0,0,nan,nan,0,12,2007,WD,Normal,1523,66,57,1.0,244,1,1,0,0,5.5,87000
120,RL,32.0,10846,Pave,nan,3,Lvl,AllPub,CulDSac,3,Veenker,Norm,Norm,TwnhsE,1Story,8,5,1993,1993,Gable,CompShg,BrkFace,BrkFace,BrkFace,0.0,4,3,PConc,4,3,4,6,1619,1,0,100,1719,GasA,5,1,SBrkr,1719,0,0,1719,2,0,1,1,1,1,4,6,Typ,2,4,Attchd,1993.0,3,2,473,3,3,Y,122,30,0,0,0,0,0,nan,nan,0,5,2008,Con,Normal,3438,15,15,3.5,30,1,1,1,0,6.5,324000
20,RL,80.0,11600,Pave,nan,4,Lvl,AllPub,Inside,3,NAmes,Norm,Norm,1Fam,1Story,6,5,1960,1960,Hip,CompShg,Wd Sdng,Wd Sdng,BrkFace,175.0,3,3,CBlock,3,3,1,3,565,1,0,818,1383,GasA,3,1,SBrkr,1383,0,0,1383,0,0,1,1,3,1,3,7,Typ,0,0,Attchd,1960.0,2,1,292,3,3,Y,0,45,0,0,0,0,0,nan,nan,0,4,2006,WD,Normal,2766,46,46,1.5,45,1,1,0,0,5.5,145250
75,RL,69.0,11888,Pave,Pave,3,Bnk,AllPub,Inside,3,BrkSide,PosN,Norm,1Fam,2.5Unf,6,6,1916,1994,Gable,CompShg,Wd Sdng,Wd Shng,BrkFace,0.0,3,3,BrkTil,3,3,1,1,0,1,0,844,844,GasA,4,0,FuseA,1445,689,0,2134,0,0,2,0,5,1,4,10,Typ,0,0,Detchd,1930.0,1,2,441,3,3,Y,0,60,268,0,0,0,0,nan,nan,0,7,2009,WD,Normal,2978,93,15,2.0,328,1,1,0,0,6.0,214500
70,RM,60.0,6402,Pave,nan,4,Lvl,AllPub,Corner,3,IDOTRR,Norm,Norm,1Fam,2Story,5,5,1920,1950,Gable,CompShg,Wd Sdng,Wd Shng,BrkFace,0.0,3,3,PConc,3,3,2,1,0,1,0,596,596,GasA,3,0,SBrkr,596,596,0,1192,0,0,1,0,3,1,3,6,Typ,0,0,Detchd,1920.0,1,1,189,2,2,N,0,0,137,0,0,0,0,GdWo,nan,0,7,2009,WD,Normal,1788,89,59,1.0,137,1,1,0,0,5.0,78000
90,RL,69.0,10624,Pave,nan,3,Lvl,AllPub,Inside,3,NAmes,Norm,Norm,Duplex,1Story,5,4,1964,1964,Gable,CompShg,HdBoard,HdBoard,BrkFace,84.0,3,3,CBlock,3,3,1,6,40,3,264,1424,1728,GasA,3,1,SBrkr,1728,0,0,1728,0,1,2,0,6,2,3,10,Typ,0,0,Detchd,2002.0,1,1,352,3,3,Y,155,0,0,0,0,0,0,nan,nan,0,11,2007,WD,Normal,3456,43,43,2.5,0,1,1,0,0,4.5,119000
20,RL,70.0,8176,Pave,nan,4,Lvl,AllPub,Inside,3,NAmes,Norm,Norm,1Fam,1Story,5,6,1958,1992,Gable,CompShg,Wd Sdng,Wd Sdng,BrkFace,0.0,3,3,CBlock,3,3,1,3,846,1,0,210,1056,GasA,2,1,SBrkr,1056,0,0,1056,1,0,1,0,3,1,3,6,Typ,0,0,Attchd,1958.0,2,1,308,3,3,Y,0,0,0,0,0,0,0,nan,nan,0,8,2007,WD,Normal,2112,49,15,2.0,0,1,1,0,0,5.5,139000
20,RL,85.0,10655,Pave,nan,3,Lvl,AllPub,Inside,3,NridgHt,Norm,Norm,1Fam,1Story,8,5,2003,2004,Gable,CompShg,VinylSd,VinylSd,BrkFace,296.0,4,3,PConc,4,3,1,6,1124,0,479,1603,3206,GasA,5,1,SBrkr,1629,0,0,1629,1,0,2,0,3,1,4,7,Typ,1,4,Attchd,2003.0,2,3,880,3,3,Y,0,0,0,0,0,0,0,nan,nan,0,10,2009,WD,Normal,4835,6,5,3.0,0,1,1,1,0,6.5,284000
120,RM,59.0,8198,Pave,nan,4,Lvl,AllPub,FR3,3,NridgHt,Norm,Norm,TwnhsE,1Story,7,5,2004,2004,Gable,CompShg,VinylSd,VinylSd,Stone,146.0,4,3,PConc,4,3,3,6,720,1,0,638,1358,GasA,5,1,SBrkr,1358,0,0,1358,1,0,2,0,2,1,4,6,Typ,1,4,Attchd,2004.0,2,2,484,3,3,Y,192,30,0,0,0,0,0,nan,nan,0,7,2008,WD,Normal,2716,4,4,3.0,30,1,1,1,0,6.0,207000
60,RL,59.0,9042,Pave,nan,3,Lvl,AllPub,Inside,3,Gilbert,Norm,Norm,1Fam,2Story,6,5,1998,1998,Gable,CompShg,VinylSd,VinylSd,BrkFace,0.0,3,3,PConc,4,3,4,6,828,1,0,115,943,GasA,4,1,SBrkr,943,695,0,1638,1,0,2,1,3,1,3,7,Typ,2,3,Attchd,1998.0,3,2,472,3,3,Y,100,38,0,0,0,0,0,nan,nan,0,7,2008,WD,Normal,2581,10,10,3.5,38,1,1,1,0,5.5,192000
190,RL,69.0,164660,Grvl,nan,3,HLS,AllPub,Corner,1,Timber,Norm,Norm,2fmCon,1.5Fin,5,6,1965,1965,Gable,CompShg,Plywood,Plywood,BrkFace,0.0,3,3,CBlock,3,3,4,5,1249,4,147,103,1499,GasA,5,1,SBrkr,1619,167,0,1786,2,0,2,0,3,1,3,7,Typ,2,4,Attchd,1965.0,3,2,529,3,3,Y,670,0,0,0,0,0,0,nan,Shed,700,8,2008,WD,Normal,3285,43,43,4.0,0,1,1,1,0,5.5,228950
20,RL,86.0,14157,Pave,nan,3,HLS,AllPub,Corner,3,StoneBr,Norm,Norm,1Fam,1Story,9,5,2005,2006,Hip,CompShg,VinylSd,VinylSd,Stone,200.0,4,3,PConc,5,3,4,6,1249,1,0,673,1922,GasA,5,1,SBrkr,1922,0,0,1922,1,0,2,0,3,1,4,8,Typ,1,4,Attchd,2005.0,3,3,676,3,3,Y,178,51,0,0,0,0,0,nan,nan,0,7,2007,WD,Normal,3844,2,1,3.0,51,1,1,1,0,7.0,377426
20,RL,70.0,9135,Pave,nan,4,Lvl,AllPub,Inside,3,CollgCr,Norm,Norm,1Fam,1Story,7,5,2002,2003,Gable,CompShg,VinylSd,VinylSd,BrkFace,113.0,4,3,PConc,4,3,3,6,810,1,0,726,1536,GasA,5,1,SBrkr,1536,0,0,1536,1,0,2,0,3,1,4,7,Typ,0,0,Attchd,2002.0,2,2,532,3,3,Y,192,74,0,0,0,0,0,nan,nan,0,12,2008,WD,Normal,3072,6,5,3.0,74,1,1,0,0,6.0,214000
20,RL,91.0,14145,Pave,nan,4,Lvl,AllPub,Corner,3,NWAmes,Norm,Norm,1Fam,1Story,7,7,1984,1998,Gable,CompShg,Wd Sdng,Wd Sdng,BrkFace,0.0,4,3,CBlock,4,3,2,5,213,1,0,995,1208,GasA,5,1,SBrkr,1621,0,0,1621,1,0,2,0,3,1,4,8,Typ,0,0,Attchd,1984.0,2,2,440,3,3,Y,108,45,0,0,0,0,0,nan,Shed,400,5,2006,WD,Normal,2829,22,8,3.0,45,1,1,0,0,7.0,202500
20,RL,66.0,12400,Pave,nan,3,Lvl,AllPub,Inside,3,NAmes,Feedr,Norm,1Fam,1Story,6,7,1958,1998,Hip,CompShg,Wd Sdng,Wd Sdng,BrkFace,176.0,3,3,CBlock,3,2,1,3,585,1,0,630,1215,GasA,3,1,FuseA,1215,0,0,1215,0,0,1,0,3,1,3,6,Typ,0,0,Attchd,1958.0,1,1,297,3,3,Y,0,0,0,0,234,0,0,nan,nan,0,6,2009,WD,Normal,2430,51,11,1.0,234,1,1,0,0,6.5,155000
60,RL,85.0,14191,Pave,nan,4,Lvl,AllPub,Inside,3,Timber,Norm,Norm,1Fam,2Story,8,5,2002,2002,Gable,CompShg,VinylSd,VinylSd,BrkFace,0.0,4,3,PConc,4,3,1,1,0,1,0,967,967,GasA,5,1,SBrkr,993,915,0,1908,0,0,2,1,4,1,4,9,Typ,0,0,Attchd,2002.0,3,2,431,3,3,Y,135,0,0,0,0,0,0,nan,nan,0,4,2010,WD,Normal,2875,8,8,2.5,0,1,1,0,0,6.5,202900
20,RH,60.0,8400,Pave,nan,4,Lvl,AllPub,Inside,3,SawyerW,Feedr,Norm,1Fam,1Story,4,4,1950,1950,Gable,CompShg,Wd Sdng,AsbShng,BrkFace,0.0,2,2,CBlock,3,2,1,1,0,1,0,721,721,GasA,4,1,SBrkr,841,0,0,841,0,0,1,0,2,1,3,4,Typ,0,0,CarPort,1950.0,1,1,294,3,3,N,250,0,24,0,0,0,0,nan,nan,0,9,2009,WD,Normal,1562,59,59,1.0,24,1,1,0,0,4.0,82000
90,RL,69.0,8544,Pave,nan,4,Lvl,AllPub,Inside,3,NAmes,Norm,Norm,Duplex,1Story,3,4,1949,1950,Gable,CompShg,Stucco,Stucco,BrkFace,340.0,3,3,Slab,0,0,0,0,0,0,0,0,0,Wall,2,0,FuseA,1040,0,0,1040,0,0,2,0,2,2,3,6,Typ,0,0,Detchd,1949.0,1,2,400,3,3,Y,0,0,0,0,0,0,0,nan,nan,0,5,2006,WD,Normal,1040,57,56,2.0,0,1,0,0,0,3.5,87500
120,RL,63.0,8849,Pave,nan,3,Lvl,AllPub,Inside,3,NridgHt,Norm,Norm,TwnhsE,1Story,9,5,2005,2005,Hip,CompShg,MetalSd,MetalSd,BrkFace,616.0,5,3,PConc,5,3,1,6,28,1,0,1656,1684,GasA,5,1,SBrkr,1684,0,0,1684,0,0,2,0,2,1,5,6,Typ,1,5,Attchd,2005.0,2,2,564,3,3,Y,495,72,0,0,0,0,0,nan,nan,0,7,2008,WD,Normal,3368,3,3,2.0,72,1,1,1,0,7.0,266000
160,RM,36.0,2592,Pave,nan,4,Lvl,AllPub,Inside,3,MeadowV,Norm,Norm,TwnhsE,2Story,5,3,1976,1976,Gable,CompShg,CemntBd,CmentBd,BrkFace,0.0,3,3,CBlock,4,3,1,3,129,4,232,175,536,GasA,3,1,SBrkr,536,576,0,1112,0,0,1,1,3,1,3,4,Typ,0,0,Attchd,1976.0,1,1,336,3,3,Y,182,0,0,0,0,0,0,nan,nan,0,4,2010,WD,Normal,1648,34,34,1.5,0,1,1,0,0,4.0,85000
50,RL,65.0,6435,Pave,nan,4,Lvl,AllPub,Inside,3,BrkSide,RRAn,Norm,1Fam,1.5Fin,6,5,1939,1950,Gable,CompShg,MetalSd,MetalSd,BrkFace,0.0,3,3,BrkTil,3,3,1,1,0,1,0,972,972,GasA,4,1,SBrkr,972,605,0,1577,0,0,1,0,3,1,2,6,Typ,1,4,Detchd,1939.0,1,1,312,3,3,Y,0,0,0,0,0,0,0,nan,nan,0,10,2006,WD,Normal,2549,67,56,1.0,0,1,1,1,0,5.5,140200
20,RL,69.0,12772,Pave,nan,3,Lvl,AllPub,CulDSac,3,NAmes,Norm,Norm,1Fam,1Story,6,8,1960,1998,Hip,CompShg,MetalSd,MetalSd,BrkFace,0.0,3,4,CBlock,3,3,2,4,498,1,0,460,958,GasA,3,1,SBrkr,958,0,0,958,0,0,1,0,2,1,3,5,Typ,0,0,Attchd,1960.0,2,1,301,3,3,Y,0,0,0,0,0,0,0,nan,Gar2,15500,4,2007,WD,Normal,1916,47,9,1.0,0,1,1,0,0,7.0,151500
20,RL,69.0,17600,Pave,nan,3,Lvl,AllPub,Inside,3,NAmes,Norm,Norm,1Fam,1Story,6,5,1960,1960,Gable,CompShg,Wd Sdng,Wd Sdng,BrkFace,30.0,3,3,CBlock,3,3,1,4,1270,1,0,208,1478,GasA,5,1,FuseA,1478,0,0,1478,1,0,2,0,3,1,3,6,Typ,2,4,Attchd,1960.0,1,2,498,3,3,Y,0,40,0,0,0,0,0,nan,nan,0,12,2009,WD,Normal,2956,49,49,3.0,40,1,1,1,0,5.5,157500
160,RL,36.0,2448,Pave,nan,4,Lvl,AllPub,Inside,3,NridgHt,Norm,Norm,Twnhs,2Story,7,5,2003,2004,Gable,CompShg,VinylSd,Wd Shng,Stone,106.0,4,3,PConc,4,3,1,6,573,1,0,191,764,GasA,5,1,SBrkr,764,862,0,1626,1,0,2,1,2,1,4,6,Typ,0,0,BuiltIn,2003.0,2,2,474,3,3,Y,0,27,0,0,0,0,0,nan,nan,0,10,2008,WD,Normal,2390,5,4,3.5,27,1,1,0,0,6.0,154000
60,RL,56.0,20431,Pave,nan,2,Lvl,AllPub,Inside,3,NridgHt,Norm,Norm,1Fam,2Story,9,5,2005,2006,Hip,CompShg,CemntBd,CmentBd,BrkFace,870.0,5,3,PConc,5,3,1,6,1410,1,0,438,1848,GasA,5,1,SBrkr,1848,880,0,2728,1,0,2,1,4,1,5,10,Typ,2,5,Attchd,2006.0,3,3,706,3,3,Y,0,0,0,0,0,0,0,nan,nan,0,4,2006,New,Partial,4576,1,0,3.5,0,1,1,1,0,7.0,437154
120,RL,68.0,7820,Pave,nan,3,Lvl,AllPub,Inside,3,NridgHt,Norm,Norm,TwnhsE,1Story,9,5,2007,2007,Hip,CompShg,MetalSd,MetalSd,BrkFace,362.0,5,3,PConc,5,3,1,1,0,1,0,1869,1869,GasA,5,1,SBrkr,1869,0,0,1869,0,0,2,0,2,1,5,6,Typ,1,4,Attchd,2007.0,2,2,617,3,3,Y,210,54,0,0,0,0,0,nan,nan,0,12,2007,New,Partial,3738,0,0,2.0,54,1,1,1,0,7.0,318061
120,RL,69.0,5271,Pave,nan,3,Low,AllPub,Inside,2,ClearCr,Norm,Norm,1Fam,1Story,7,5,1986,1986,Gable,CompShg,Wd Sdng,Wd Sdng,BrkFace,0.0,3,3,PConc,4,3,4,6,1082,1,0,371,1453,GasA,4,1,SBrkr,1453,0,0,1453,1,0,1,1,2,1,4,6,Typ,1,3,Attchd,1986.0,2,2,445,3,3,Y,0,80,0,0,184,0,0,nan,nan,0,12,2006,WD,Abnorml,2906,20,20,2.5,264,1,1,1,0,6.0,190000
50,RL,60.0,9084,Pave,nan,4,Lvl,AllPub,Inside,3,Edwards,Artery,Norm,1Fam,1.5Fin,5,6,1941,1950,Gable,CompShg,VinylSd,VinylSd,BrkFace,0.0,3,3,CBlock,3,2,2,2,236,3,380,0,616,GasA,3,0,SBrkr,616,495,0,1111,0,1,1,0,3,1,3,5,Typ,0,0,Detchd,1941.0,1,1,200,3,2,Y,48,0,0,0,0,0,0,nan,nan,0,3,2008,ConLw,Normal,1727,67,58,1.5,0,1,1,0,0,5.5,95000
30,RM,60.0,8520,Pave,nan,4,Lvl,AllPub,Inside,3,OldTown,Norm,Norm,1Fam,1Story,6,8,1928,2003,Gable,CompShg,VinylSd,VinylSd,BrkFace,0.0,3,4,BrkTil,3,3,1,1,0,1,0,624,624,GasA,4,1,SBrkr,720,0,0,720,0,0,1,0,2,1,3,5,Typ,0,0,Detchd,2005.0,1,2,484,3,3,Y,106,0,0,0,0,0,0,nan,nan,0,5,2010,WD,Normal,1344,82,7,1.0,0,1,1,0,0,7.0,105900
50,RL,60.0,8400,Pave,nan,4,Bnk,AllPub,Inside,3,SWISU,Norm,Norm,1Fam,1.5Fin,6,5,1940,2000,Gable,CompShg,Wd Sdng,MetalSd,BrkFace,0.0,3,3,CBlock,3,3,1,2,388,1,0,552,940,GasA,5,1,SBrkr,1192,403,0,1595,0,0,1,0,2,1,3,6,Typ,2,4,Attchd,1940.0,1,1,240,3,3,Y,0,0,108,0,0,0,0,nan,nan,0,6,2006,WD,Normal,2535,66,6,1.0,108,1,1,1,0,5.5,140000
20,RL,105.0,11249,Pave,nan,2,Lvl,AllPub,Inside,3,CollgCr,Norm,Norm,1Fam,1Story,6,5,1995,1995,Gable,CompShg,VinylSd,VinylSd,BrkFace,0.0,4,4,PConc,4,4,1,5,334,4,544,322,1200,GasA,5,1,SBrkr,1200,0,0,1200,1,0,2,0,3,1,4,6,Typ,0,0,Attchd,1995.0,2,2,521,3,3,Y,0,26,0,0,0,0,0,nan,nan,0,8,2007,WD,Normal,2400,12,12,3.0,26,1,1,0,0,5.5,177500
20,RL,69.0,9248,Pave,nan,3,Lvl,AllPub,Inside,3,Gilbert,Norm,Norm,1Fam,1Story,6,6,1992,1992,Gable,CompShg,HdBoard,HdBoard,BrkFace,106.0,3,3,PConc,4,3,1,6,560,1,0,598,1158,GasA,4,1,SBrkr,1167,0,0,1167,1,0,2,0,3,1,4,6,Typ,0,0,Attchd,1992.0,2,2,400,3,3,Y,120,26,0,0,0,0,0,nan,nan,0,7,2009,WD,Normal,2325,17,17,3.0,26,1,1,0,0,6.0,173000
120,RM,44.0,4224,Pave,nan,4,Lvl,AllPub,Inside,3,MeadowV,Norm,Norm,TwnhsE,1Story,5,5,1976,1976,Gable,CompShg,CemntBd,CmentBd,BrkFace,0.0,3,3,PConc,4,3,1,5,874,1,0,268,1142,GasA,3,1,SBrkr,1142,0,0,1142,1,0,1,1,3,1,3,6,Typ,1,1,Attchd,1976.0,3,2,528,3,3,Y,536,90,0,0,0,0,0,MnPrv,nan,0,8,2007,WD,Normal,2284,31,31,2.5,90,1,1,1,0,5.0,134000
80,RL,92.0,6930,Pave,nan,3,Lvl,AllPub,Inside,3,ClearCr,Norm,Norm,1Fam,SLvl,5,4,1958,1958,Hip,CompShg,Wd Sdng,ImStucc,BrkFace,120.0,3,3,CBlock,3,3,3,4,300,3,294,468,1062,GasA,5,1,FuseF,1352,0,0,1352,0,1,1,0,3,1,4,6,Min2,0,0,BuiltIn,1958.0,1,1,288,3,3,Y,168,0,294,0,0,0,0,nan,nan,0,7,2006,WD,Abnorml,2414,48,48,1.5,294,1,1,0,0,4.5,130000
60,RL,78.0,12011,Pave,nan,3,Lvl,AllPub,CulDSac,3,NoRidge,Norm,Norm,1Fam,2Story,8,5,1998,1998,Gable,CompShg,VinylSd,VinylSd,BrkFace,530.0,4,3,PConc,4,3,3,6,956,1,0,130,1086,GasA,5,1,SBrkr,1086,838,0,1924,1,0,2,1,3,1,4,7,Typ,1,3,Attchd,1998.0,2,2,592,3,3,Y,208,75,0,0,374,0,0,nan,nan,0,6,2006,WD,Normal,3010,8,8,3.5,449,1,1,1,0,6.5,280000
85,RL,69.0,7540,Pave,nan,3,Lvl,AllPub,CulDSac,3,Mitchel,Norm,Norm,1Fam,SFoyer,6,6,1978,1978,Gable,CompShg,VinylSd,VinylSd,BrkFace,0.0,3,3,CBlock,4,3,3,6,773,1,0,115,888,GasA,5,1,SBrkr,912,0,0,912,1,0,1,0,2,1,3,5,Typ,1,3,Attchd,1978.0,2,2,470,3,3,Y,0,0,0,0,192,0,0,MnPrv,nan,0,6,2007,WD,Normal,1800,29,29,2.0,192,1,1,1,0,6.0,156000
50,RL,69.0,9144,Pave,Pave,4,Lvl,AllPub,Inside,3,BrkSide,Norm,Norm,1Fam,1.5Fin,5,5,1940,1982,Gable,CompShg,MetalSd,MetalSd,BrkFace,0.0,3,3,CBlock,3,3,1,3,399,1,0,484,883,GasA,4,1,SBrkr,988,517,0,1505,1,0,1,0,3,1,3,8,Typ,0,0,Detchd,1940.0,1,1,240,3,3,N,0,0,0,0,0,0,0,nan,nan,0,7,2008,WD,Normal,2388,68,26,2.0,0,1,1,0,0,5.0,145000
85,RL,64.0,7301,Pave,nan,4,Lvl,AllPub,Corner,3,Edwards,Norm,Norm,1Fam,SFoyer,7,5,2003,2003,Gable,CompShg,HdBoard,HdBoard,BrkFace,500.0,4,3,Slab,0,0,0,0,0,0,0,0,0,GasA,5,1,SBrkr,495,1427,0,1922,0,0,3,0,4,1,4,7,Typ,1,5,BuiltIn,2003.0,2,2,672,3,3,Y,0,0,177,0,0,0,0,nan,nan,0,7,2009,ConLD,Normal,1922,6,6,3.0,177,1,0,1,0,6.0,198500
160,RM,21.0,1680,Pave,nan,4,Lvl,AllPub,Inside,3,BrDale,Norm,Norm,Twnhs,2Story,6,8,1972,2007,Gable,CompShg,HdBoard,HdBoard,BrkFace,510.0,3,3,CBlock,3,3,1,5,162,1,0,321,483,GasA,4,1,SBrkr,483,504,0,987,0,0,1,1,2,1,4,5,Typ,0,0,Detchd,1972.0,1,1,264,3,3,Y,250,0,0,0,0,0,0,nan,nan,0,5,2009,WD,Normal,1470,37,2,1.5,0,1,1,0,0,7.0,118000
60,RL,69.0,18800,Pave,nan,3,Lvl,AllPub,FR2,3,NWAmes,Norm,Norm,1Fam,2Story,6,5,1976,1976,Gable,CompShg,HdBoard,HdBoard,BrkFace,120.0,3,3,PConc,4,3,2,6,712,1,0,84,796,GasA,3,1,SBrkr,790,784,0,1574,1,0,2,1,3,1,3,6,Typ,1,3,Attchd,1976.0,3,2,566,3,3,Y,306,111,0,0,0,0,0,nan,nan,0,7,2006,WD,Normal,2370,30,30,3.5,111,1,1,1,0,5.5,190000
70,RM,59.0,10690,Pave,nan,4,Lvl,AllPub,Inside,3,IDOTRR,Norm,Norm,1Fam,2Story,5,7,1920,1997,Hip,CompShg,VinylSd,VinylSd,BrkFace,0.0,3,4,CBlock,3,2,1,3,456,1,0,216,672,GasA,4,1,FuseA,672,672,0,1344,0,0,1,0,3,1,3,6,Typ,0,0,Detchd,1964.0,1,1,468,3,2,Y,0,128,218,0,0,0,0,nan,nan,0,7,2009,WD,Normal,2016,89,12,1.0,346,1,1,0,0,6.0,147000
20,RL,69.0,9500,Pave,nan,3,Lvl,AllPub,Inside,3,NAmes,Norm,Norm,1Fam,1Story,6,5,1963,1963,Gable,CompShg,Plywood,Plywood,BrkFace,247.0,3,3,CBlock,4,3,1,4,609,1,0,785,1394,GasA,4,1,SBrkr,1394,0,0,1394,1,0,1,1,3,1,3,6,Typ,2,4,Attchd,1963.0,2,2,514,3,3,Y,0,76,0,0,185,0,0,nan,nan,0,7,2009,WD,Normal,2788,46,46,2.5,261,1,1,1,0,5.5,159000
80,RL,101.0,9150,Pave,nan,3,Lvl,AllPub,Corner,3,NAmes,Norm,Norm,1Fam,SLvl,6,5,1962,1962,Gable,Tar&Grv,Plywood,Plywood,BrkFace,305.0,3,3,CBlock,4,3,4,6,371,1,0,728,1099,GasA,4,1,SBrkr,1431,0,0,1431,0,1,1,0,3,1,3,6,Typ,1,4,Basment,1962.0,2,1,296,3,3,Y,64,110,0,0,0,0,0,nan,nan,0,12,2008,WD,Normal,2530,46,46,1.5,110,1,1,1,0,5.5,165000
20,RL,78.0,7800,Pave,nan,4,Lvl,AllPub,Inside,3,NAmes,Norm,Norm,1Fam,1Story,5,6,1954,1954,Gable,CompShg,HdBoard,HdBoard,BrkFace,200.0,3,3,PConc,3,3,1,2,540,1,0,728,1268,GasA,4,1,SBrkr,1268,0,0,1268,0,0,1,0,2,1,3,7,Typ,1,4,Attchd,1954.0,3,1,244,3,3,Y,0,98,0,0,0,0,0,nan,nan,0,3,2010,WD,Normal,2536,56,56,1.0,98,1,1,1,0,5.5,132000
20,RL,69.0,9830,Pave,nan,3,Lvl,AllPub,Corner,3,NAmes,Norm,Norm,1Fam,1Story,5,7,1959,2006,Gable,CompShg,Wd Sdng,Wd Sdng,BrkFace,0.0,3,4,CBlock,3,3,1,5,72,3,258,733,1063,GasA,5,1,SBrkr,1287,0,0,1287,1,0,1,0,3,1,4,7,Typ,1,4,Detchd,1997.0,3,2,576,3,3,Y,364,17,0,0,182,0,0,nan,nan,0,3,2010,WD,Normal,2350,51,4,2.0,199,1,1,1,0,6.0,162000
60,RL,69.0,8121,Pave,nan,3,Lvl,AllPub,Inside,3,Gilbert,Norm,Norm,1Fam,2Story,6,5,2000,2000,Gable,CompShg,VinylSd,VinylSd,BrkFace,0.0,3,3,PConc,4,3,1,1,0,1,0,953,953,GasA,5,1,SBrkr,953,711,0,1664,0,0,2,1,3,1,3,7,Typ,1,3,Attchd,2000.0,2,2,460,3,3,Y,100,40,0,0,0,0,0,nan,nan,0,1,2006,WD,Normal,2617,6,6,2.5,40,1,1,1,0,5.5,172400
50,RL,80.0,17120,Pave,nan,4,Lvl,AllPub,Inside,3,ClearCr,Feedr,Norm,1Fam,1.5Fin,4,4,1959,1959,Gable,CompShg,WdShing,Plywood,BrkFace,0.0,3,3,CBlock,0,0,0,0,0,0,0,0,0,GasA,3,1,SBrkr,1120,468,0,1588,0,0,2,0,4,1,3,7,Min2,1,4,Detchd,1991.0,3,2,680,3,3,N,0,59,0,0,0,0,0,nan,nan,0,7,2008,WD,Normal,1588,49,49,2.0,59,1,0,1,0,4.0,134432
120,RL,50.0,7175,Pave,nan,4,Lvl,AllPub,Inside,3,SawyerW,Norm,Norm,TwnhsE,1Story,6,5,1984,1984,Gable,CompShg,Plywood,Plywood,BrkFace,0.0,3,3,CBlock,4,3,1,5,623,2,121,0,744,GasA,3,1,SBrkr,752,0,0,752,1,0,1,0,2,1,3,4,Typ,0,0,Attchd,1984.0,1,1,264,3,3,Y,353,0,0,0,90,0,0,MnPrv,nan,0,2,2010,WD,Normal,1496,26,26,2.0,90,1,1,0,0,5.5,125000
20,RL,79.0,10634,Pave,nan,4,Lvl,AllPub,Inside,3,NAmes,Norm,Norm,1Fam,1Story,5,6,1953,1953,Gable,CompShg,MetalSd,MetalSd,BrkFace,0.0,3,3,PConc,3,3,1,4,428,2,180,0,608,GasA,3,1,SBrkr,1319,0,0,1319,1,0,1,0,3,1,3,5,Min2,0,0,Attchd,1953.0,1,1,270,3,3,Y,66,0,0,0,0,0,0,GdWo,nan,0,11,2009,WD,Normal,1927,56,56,2.0,0,1,1,0,0,5.5,123000
60,RL,65.0,8200,Pave,nan,4,Lvl,AllPub,Inside,3,CollgCr,Norm,Norm,1Fam,2Story,7,5,2003,2004,Gable,CompShg,VinylSd,VinylSd,BrkFace,0.0,4,3,PConc,4,3,1,1,0,1,0,847,847,GasA,5,1,SBrkr,847,1081,0,1928,0,0,2,1,4,1,4,8,Typ,1,4,BuiltIn,2003.0,3,2,434,3,3,Y,100,48,0,0,0,0,0,nan,nan,0,7,2007,WD,Normal,2775,4,3,2.5,48,1,1,1,0,6.0,219500
30,RL,69.0,10020,Pave,nan,3,Low,AllPub,Inside,1,Edwards,Norm,Norm,1Fam,1Story,1,1,1922,1950,Gable,CompShg,Wd Sdng,Wd Sdng,BrkFace,0.0,2,2,BrkTil,2,1,4,4,350,1,0,333,683,GasA,4,0,FuseA,904,0,0,904,1,0,0,1,1,1,2,4,Maj1,0,0,nan,1980.0,0,0,0,0,0,Y,0,0,0,0,0,0,0,nan,nan,0,3,2009,WD,Normal,1587,87,59,1.5,0,0,1,0,0,1.0,61000
85,RL,57.0,8846,Pave,nan,3,Lvl,AllPub,CulDSac,3,CollgCr,Norm,Norm,1Fam,SFoyer,5,5,1996,1996,Gable,CompShg,VinylSd,VinylSd,BrkFace,0.0,4,3,PConc,4,3,3,6,298,1,0,572,870,GasA,5,1,SBrkr,914,0,0,914,0,0,1,0,2,1,3,5,Typ,0,0,Detchd,1998.0,1,2,576,3,3,Y,0,0,0,0,0,0,0,nan,nan,0,7,2006,WD,Normal,1784,10,10,1.0,0,1,1,0,0,5.0,148000
60,FV,102.0,11143,Pave,nan,3,Lvl,AllPub,Corner,3,Somerst,Norm,Norm,1Fam,2Story,8,5,2004,2005,Gable,CompShg,CemntBd,CmentBd,BrkFace,0.0,4,3,PConc,4,3,1,1,0,1,0,1580,1580,GasA,5,1,SBrkr,1580,886,0,2466,0,0,3,0,4,1,4,8,Typ,1,4,Attchd,2004.0,2,2,610,3,3,Y,159,214,0,0,0,0,0,nan,nan,0,12,2007,WD,Normal,4046,3,2,3.0,214,1,1,1,0,6.5,340000
20,RL,88.0,11394,Pave,nan,4,Lvl,AllPub,Corner,3,StoneBr,Norm,Norm,1Fam,1Story,9,2,2010,2010,Hip,CompShg,VinylSd,VinylSd,Stone,350.0,4,3,PConc,5,3,3,6,1445,1,0,411,1856,GasA,5,1,SBrkr,1856,0,0,1856,1,0,1,1,1,1,5,8,Typ,1,5,Attchd,2010.0,3,3,834,3,3,Y,113,0,0,0,0,0,0,nan,nan,0,6,2010,New,Partial,3712,0,0,2.5,0,1,1,1,0,5.5,394432
60,RL,60.0,8123,Pave,nan,3,Lvl,AllPub,Inside,3,Gilbert,RRAn,Norm,1Fam,2Story,6,5,2000,2000,Gable,CompShg,VinylSd,VinylSd,BrkFace,16.0,3,3,PConc,4,3,1,1,0,1,0,982,982,GasA,5,1,SBrkr,1007,793,0,1800,0,0,2,1,3,1,3,7,Typ,1,3,Attchd,2000.0,3,2,463,3,3,Y,100,63,0,0,0,0,0,nan,nan,0,6,2009,WD,Normal,2782,9,9,2.5,63,1,1,1,0,5.5,179000
50,RL,50.0,5000,Pave,Pave,4,Lvl,AllPub,Inside,3,SWISU,Norm,Norm,1Fam,1.5Fin,5,6,1924,1950,Gable,CompShg,BrkFace,Wd Sdng,BrkFace,0.0,3,3,BrkTil,3,3,1,2,218,1,0,808,1026,GasA,3,1,SBrkr,1026,665,0,1691,0,0,2,0,3,1,4,6,Typ,1,4,Detchd,1924.0,1,1,308,3,3,Y,0,0,242,0,0,0,0,nan,nan,0,5,2010,WD,Normal,2717,86,60,2.0,242,1,1,1,0,5.5,127000
20,FV,60.0,7200,Pave,Pave,4,Lvl,AllPub,Inside,3,Somerst,Norm,Norm,1Fam,1Story,7,5,2006,2006,Gable,CompShg,VinylSd,VinylSd,BrkFace,0.0,4,3,PConc,4,4,1,1,0,1,0,1293,1293,GasA,5,1,SBrkr,1301,0,0,1301,1,0,2,0,2,1,4,5,Typ,1,4,Attchd,2006.0,2,2,572,3,3,Y,216,121,0,0,0,0,0,nan,nan,0,8,2006,New,Partial,2594,0,0,3.0,121,1,1,1,0,6.0,187750
60,RL,79.0,9245,Pave,nan,3,Lvl,AllPub,Inside,3,CollgCr,Norm,Norm,1Fam,2Story,7,5,2006,2006,Gable,CompShg,VinylSd,VinylSd,BrkFace,0.0,4,3,PConc,4,3,3,1,0,1,0,939,939,GasA,5,1,SBrkr,939,858,0,1797,0,0,2,1,3,1,4,8,Typ,0,0,Attchd,2006.0,2,2,639,3,3,Y,144,53,0,0,0,0,0,nan,nan,0,4,2007,WD,Normal,2736,1,1,2.5,53,1,1,0,0,6.0,213500
45,RH,60.0,9000,Pave,nan,4,Lvl,AllPub,Corner,3,SawyerW,Norm,Norm,1Fam,1.5Unf,6,3,1928,1950,Gable,CompShg,Wd Sdng,Wd Sdng,BrkFace,0.0,3,3,BrkTil,2,2,1,1,0,1,0,784,784,GasA,3,0,FuseA,784,0,0,784,0,0,1,0,2,1,3,5,Typ,0,0,Detchd,1950.0,1,2,360,2,2,N,0,0,91,0,0,0,0,nan,nan,0,10,2009,WD,Normal,1568,81,59,1.0,91,1,1,0,0,4.5,76000
60,RL,69.0,53107,Pave,nan,2,Low,AllPub,Corner,2,ClearCr,Feedr,Norm,1Fam,2Story,6,5,1992,1992,Gable,CompShg,HdBoard,HdBoard,BrkFace,0.0,4,3,PConc,4,3,3,6,985,1,0,595,1580,GasA,5,1,SBrkr,1079,874,0,1953,1,0,2,1,3,1,4,9,Typ,2,2,Attchd,1992.0,3,2,501,3,3,Y,216,231,0,0,0,0,0,nan,nan,0,6,2007,WD,Normal,3533,15,15,3.5,231,1,1,1,0,5.5,240000
120,RL,43.0,3182,Pave,nan,4,Lvl,AllPub,Inside,3,Blmngtn,Norm,Norm,TwnhsE,1Story,8,5,2004,2005,Gable,CompShg,VinylSd,VinylSd,BrkFace,16.0,4,3,PConc,4,3,1,6,24,1,0,1232,1256,GasA,5,1,SBrkr,1269,0,0,1269,0,0,2,0,2,1,4,6,Typ,1,3,Attchd,2004.0,3,2,430,3,3,Y,146,20,0,0,144,0,0,nan,nan,0,4,2010,WD,Normal,2525,6,5,2.0,164,1,1,1,0,6.5,192000
50,RL,58.0,8410,Pave,nan,4,Lvl,AllPub,FR2,3,Edwards,Feedr,Norm,1Fam,1.5Fin,5,3,1910,1996,Gambrel,CompShg,Wd Sdng,VinylSd,BrkFace,0.0,3,2,PConc,3,3,1,1,0,1,0,658,658,GasA,3,1,SBrkr,658,526,0,1184,0,0,1,0,5,1,3,8,Typ,0,0,nan,1980.0,0,0,0,0,0,N,0,151,0,0,0,0,0,nan,nan,0,5,2006,WD,AdjLand,1842,96,10,1.0,151,0,1,0,0,4.0,81000
80,RL,72.0,7200,Pave,nan,4,Lvl,AllPub,Inside,3,Edwards,Norm,Norm,1Fam,SLvl,6,6,1976,1976,Hip,CompShg,MetalSd,MetalSd,BrkFace,255.0,3,3,CBlock,3,3,3,5,631,1,0,410,1041,GasA,5,1,SBrkr,1125,0,0,1125,1,0,1,0,3,1,3,6,Typ,1,2,Detchd,1977.0,1,1,352,3,3,Y,296,0,0,0,0,0,0,GdWo,nan,0,10,2009,WD,Abnorml,2166,33,33,2.0,0,1,1,1,0,6.0,125000
20,RL,93.0,9382,Pave,nan,3,Lvl,AllPub,CulDSac,3,CollgCr,Norm,Norm,1Fam,1Story,7,5,1999,2000,Gable,CompShg,VinylSd,VinylSd,BrkFace,125.0,4,3,PConc,4,3,1,1,0,1,0,1468,1468,GasA,5,1,SBrkr,1479,0,0,1479,0,0,2,0,3,1,4,6,Typ,0,0,Attchd,1999.0,2,2,577,3,3,Y,120,25,0,0,0,0,0,nan,nan,0,7,2008,WD,Normal,2947,9,8,2.0,25,1,1,0,0,6.0,191000
60,RL,96.0,12474,Pave,nan,4,Lvl,AllPub,Inside,3,NridgHt,Norm,Norm,1Fam,2Story,10,5,2007,2008,Gable,CompShg,VinylSd,VinylSd,Stone,272.0,5,3,PConc,5,3,3,6,1280,1,0,402,1682,GasA,5,1,SBrkr,1742,590,0,2332,1,0,2,1,3,1,5,9,Typ,1,5,BuiltIn,2008.0,3,3,846,3,3,Y,196,134,0,0,0,0,0,nan,nan,0,8,2008,New,Partial,4014,1,0,3.5,134,1,1,1,0,7.5,426000
50,RL,50.0,8405,Pave,Grvl,4,Lvl,AllPub,Inside,3,Edwards,Norm,Norm,1Fam,1.5Fin,5,8,1900,1950,Gable,CompShg,MetalSd,MetalSd,BrkFace,0.0,3,3,BrkTil,3,4,1,3,241,4,391,229,861,GasA,5,1,SBrkr,961,406,0,1367,1,0,1,0,4,1,3,7,Typ,0,0,Detchd,1978.0,1,1,384,3,3,Y,0,130,112,0,0,0,0,MnPrv,nan,0,4,2008,WD,Normal,2228,108,58,2.0,242,1,1,0,0,6.5,119000
60,RL,71.0,12209,Pave,nan,3,Lvl,AllPub,CulDSac,3,Mitchel,Norm,Norm,1Fam,2Story,6,5,2001,2002,Gable,CompShg,VinylSd,VinylSd,BrkFace,0.0,3,3,PConc,5,3,1,5,690,1,0,114,804,GasA,5,1,SBrkr,804,1157,0,1961,1,0,2,1,3,1,4,7,Typ,1,3,BuiltIn,2001.0,3,2,560,3,3,Y,125,192,0,0,0,0,0,nan,nan,0,6,2009,WD,Normal,2765,8,7,3.5,192,1,1,1,0,5.5,215000
20,RL,69.0,8339,Pave,nan,3,Lvl,AllPub,Inside,3,NAmes,Norm,Norm,1Fam,1Story,5,7,1959,1959,Gable,CompShg,MetalSd,MetalSd,BrkFace,0.0,3,3,Slab,0,0,0,0,0,0,0,0,0,GasA,3,1,SBrkr,882,0,0,882,0,0,1,0,3,1,3,5,Typ,0,0,Attchd,1959.0,2,1,294,3,3,Y,0,0,0,0,0,0,0,MnPrv,Shed,1200,7,2007,WD,Normal,882,48,48,1.0,0,1,0,0,0,6.0,106500
30,RL,69.0,7446,Pave,nan,4,Lvl,AllPub,Corner,3,BrkSide,Feedr,Norm,1Fam,1Story,4,5,1941,1950,Gable,CompShg,WdShing,Wd Shng,BrkFace,0.0,3,3,CBlock,3,3,1,3,266,1,0,522,788,GasA,3,1,FuseA,788,0,0,788,0,0,1,0,2,1,3,4,Typ,2,3,nan,1980.0,0,0,0,0,0,Y,0,0,0,0,0,0,0,GdWo,nan,0,4,2006,WD,Abnorml,1576,65,56,1.0,0,0,1,1,0,4.5,100000
50,RL,60.0,10134,Pave,nan,4,Lvl,AllPub,Inside,3,OldTown,Norm,Norm,1Fam,1.5Fin,5,6,1940,1950,Gable,CompShg,MetalSd,MetalSd,BrkFace,0.0,3,3,CBlock,3,3,1,1,0,1,0,735,735,GasA,4,1,FuseA,735,299,0,1034,0,0,1,0,2,1,3,5,Typ,0,0,Detchd,1940.0,1,1,240,3,3,Y,0,39,0,0,0,0,0,nan,nan,0,7,2007,WD,Normal,1769,67,57,1.0,39,1,1,0,0,5.5,109000
20,RL,68.0,9571,Pave,nan,4,Lvl,AllPub,Inside,3,Edwards,Norm,Norm,1Fam,1Story,5,6,1956,1956,Gable,CompShg,Wd Sdng,Wd Sdng,BrkFace,0.0,3,3,CBlock,3,3,3,4,739,1,0,405,1144,GasA,3,1,SBrkr,1144,0,0,1144,1,0,1,0,3,1,3,6,Typ,0,0,Attchd,1956.0,1,1,596,3,3,Y,44,0,0,0,0,0,0,nan,nan,0,6,2010,WD,Normal,2288,54,54,2.0,0,1,1,0,0,5.5,129000
20,RL,60.0,7200,Pave,nan,4,Low,AllPub,Inside,3,CollgCr,Norm,Norm,1Fam,1Story,5,5,1972,1972,Hip,CompShg,MetalSd,MetalSd,BrkFace,0.0,3,3,CBlock,3,3,3,3,777,1,0,117,894,GasA,3,1,SBrkr,894,0,0,894,0,0,1,0,2,1,3,6,Typ,0,0,Detchd,1985.0,2,2,600,3,3,Y,215,0,0,0,0,0,0,nan,nan,0,9,2009,WD,Normal,1788,37,37,1.0,0,1,1,0,0,5.0,123000
60,RL,69.0,7590,Pave,nan,4,Lvl,AllPub,Inside,3,NAmes,PosN,Norm,1Fam,2Story,5,5,1962,1962,Gable,CompShg,VinylSd,VinylSd,BrkFace,288.0,3,3,CBlock,3,3,1,5,540,1,0,324,864,GasA,3,1,SBrkr,876,936,0,1812,0,0,2,0,4,1,3,8,Typ,1,3,Attchd,1962.0,2,1,264,3,3,Y,0,168,0,0,0,0,0,nan,nan,0,7,2007,WD,Normal,2676,45,45,2.0,168,1,1,1,0,5.0,169500
30,RM,60.0,8967,Pave,nan,4,Lvl,AllPub,Corner,3,IDOTRR,Norm,Norm,1Fam,1Story,5,2,1920,1950,Gable,CompShg,MetalSd,MetalSd,BrkFace,0.0,3,2,BrkTil,2,1,1,1,0,1,0,961,961,GasA,4,1,Mix,1077,0,0,1077,0,0,1,0,2,1,3,6,Maj2,0,0,Detchd,1920.0,1,1,338,1,1,N,0,0,0,0,0,0,0,nan,nan,0,11,2007,WD,Abnorml,2038,87,57,1.0,0,1,1,0,0,3.5,67000
60,FV,65.0,8125,Pave,nan,4,Lvl,AllPub,Inside,3,Somerst,Norm,Norm,1Fam,2Story,7,5,2006,2007,Gable,CompShg,CemntBd,CmentBd,Stone,100.0,4,3,PConc,4,3,1,6,812,1,0,280,1092,GasA,5,1,SBrkr,1112,438,0,1550,1,0,2,0,2,1,4,7,Typ,0,0,Attchd,2007.0,3,2,438,3,3,Y,0,168,0,0,0,0,0,nan,nan,0,10,2009,WD,Normal,2642,3,2,3.0,168,1,1,0,0,6.0,241000
120,RL,38.0,14963,Pave,nan,2,Lvl,AllPub,Inside,3,Veenker,Norm,Norm,TwnhsE,1Story,8,5,1996,1996,Gable,CompShg,BrkFace,BrkFace,BrkFace,0.0,4,3,PConc,4,3,1,6,786,1,0,474,1260,GasA,5,1,SBrkr,1288,0,0,1288,1,0,1,1,1,1,5,4,Typ,2,4,Attchd,1996.0,3,2,500,3,3,Y,120,30,0,0,224,0,0,nan,nan,0,12,2008,WD,Normal,2548,12,12,2.5,254,1,1,1,0,6.5,245500
20,RL,65.0,8767,Pave,nan,3,Lvl,AllPub,Inside,3,CollgCr,Norm,Norm,1Fam,1Story,7,5,2005,2005,Gable,CompShg,VinylSd,VinylSd,BrkFace,0.0,4,3,PConc,4,3,3,6,24,1,0,1286,1310,GasA,5,1,SBrkr,1310,0,0,1310,0,0,2,0,3,1,4,6,Typ,1,4,Attchd,2005.0,3,2,400,3,3,Y,0,0,0,0,0,0,0,nan,nan,0,7,2006,New,Partial,2620,1,1,2.0,0,1,1,1,0,6.0,164990
30,RL,60.0,10200,Pave,nan,4,Lvl,AllPub,Inside,3,Sawyer,Norm,Norm,1Fam,1Story,5,8,1940,1997,Gable,CompShg,Wd Sdng,Wd Sdng,BrkFace,0.0,3,3,PConc,3,3,1,1,0,1,0,672,672,GasA,5,1,SBrkr,672,0,0,672,0,0,1,0,2,1,3,4,Typ,0,0,Detchd,1940.0,1,1,240,3,3,N,168,0,0,0,0,0,0,GdPrv,nan,0,8,2008,WD,Normal,1344,68,11,1.0,0,1,1,0,0,6.5,108000
60,RL,93.0,12090,Pave,nan,4,Lvl,AllPub,Corner,3,NoRidge,Norm,Norm,1Fam,2Story,8,5,1998,1998,Hip,CompShg,VinylSd,VinylSd,BrkFace,650.0,4,3,PConc,4,3,1,1,0,1,0,1141,1141,GasA,4,1,SBrkr,1165,1098,0,2263,0,0,2,1,4,1,4,10,Typ,1,3,BuiltIn,1998.0,3,2,420,3,3,Y,144,123,0,0,0,0,0,nan,nan,0,7,2006,WD,Abnorml,3404,8,8,2.5,123,1,1,1,0,6.5,258000
60,RL,69.0,10364,Pave,nan,3,Lvl,AllPub,Inside,3,Gilbert,Norm,Norm,1Fam,2Story,6,5,1995,1996,Gable,CompShg,MetalSd,MetalSd,BrkFace,0.0,3,3,PConc,4,3,1,1,0,1,0,806,806,GasA,4,1,SBrkr,806,766,0,1572,0,0,2,1,3,1,3,7,Typ,1,3,BuiltIn,1995.0,3,2,373,3,3,Y,0,40,0,0,0,0,0,nan,nan,0,5,2007,WD,Normal,2378,12,11,2.5,40,1,1,1,0,5.5,168000
20,RL,69.0,9991,Pave,nan,3,Lvl,AllPub,Corner,3,Sawyer,Feedr,Norm,1Fam,1Story,4,4,1976,1993,Gable,CompShg,Plywood,Plywood,BrkFace,0.0,3,3,CBlock,3,3,1,4,1116,1,0,165,1281,GasA,5,1,SBrkr,1620,0,0,1620,1,0,2,0,3,1,3,8,Min1,1,3,Attchd,1993.0,1,2,490,3,3,Y,120,78,0,0,0,0,0,GdWo,nan,0,6,2009,WD,Normal,2901,33,16,3.0,78,1,1,1,0,4.0,150000
50,RL,51.0,10480,Pave,nan,4,Lvl,AllPub,Inside,3,SWISU,Norm,Norm,1Fam,1.5Fin,6,5,1936,1950,Gable,CompShg,MetalSd,MetalSd,BrkFace,0.0,3,3,BrkTil,3,3,1,1,0,1,0,1064,1064,GasA,5,1,FuseA,1166,0,473,1639,0,0,1,0,3,1,3,6,Maj2,0,0,Detchd,1936.0,1,1,240,3,3,Y,0,0,0,0,0,0,0,nan,nan,0,3,2008,WD,Normal,2230,72,58,1.0,0,1,1,0,0,5.5,115000
70,RL,63.0,15576,Pave,nan,4,Lvl,AllPub,Inside,3,Crawfor,Norm,Norm,1Fam,2Story,6,7,1915,1976,Gable,CompShg,Wd Sdng,Plywood,BrkFace,0.0,3,3,BrkTil,4,3,1,1,0,1,0,840,840,GasA,5,1,SBrkr,840,840,0,1680,0,0,2,0,4,1,3,8,Typ,0,0,Attchd,1960.0,1,1,308,3,3,Y,0,0,160,0,0,0,0,nan,nan,0,3,2008,WD,Normal,2520,93,32,2.0,160,1,1,0,0,6.5,177000
60,RL,109.0,14154,Pave,nan,4,Lvl,AllPub,Corner,3,NridgHt,Norm,Norm,1Fam,2Story,7,5,2006,2006,Gable,CompShg,VinylSd,VinylSd,BrkFace,350.0,4,3,PConc,5,4,1,1,0,1,0,1063,1063,GasA,5,1,SBrkr,1071,1101,0,2172,0,0,2,1,3,1,4,9,Typ,1,4,Attchd,2006.0,2,3,947,3,3,Y,192,62,0,0,0,0,0,nan,nan,0,8,2007,New,Partial,3235,1,1,2.5,62,1,1,1,0,6.0,280000
60,FV,85.0,10800,Pave,nan,4,Lvl,AllPub,Inside,3,Somerst,Norm,Norm,1Fam,2Story,8,5,2007,2008,Gable,CompShg,VinylSd,VinylSd,Stone,100.0,4,3,PConc,5,3,1,6,789,1,0,245,1034,GasA,5,1,SBrkr,1050,1028,0,2078,1,0,2,1,3,1,5,8,Typ,1,4,Attchd,2008.0,3,3,836,3,3,Y,0,102,0,0,0,0,0,nan,nan,0,4,2008,New,Partial,3112,1,0,3.5,102,1,1,1,0,6.5,339750
20,RL,68.0,9571,Pave,nan,4,Lvl,AllPub,Inside,3,Edwards,Norm,Norm,1Fam,1Story,5,3,1958,1958,Gable,CompShg,BrkComm,Brk Cmn,BrkFace,0.0,3,2,CBlock,3,2,1,1,0,1,0,1276,1276,GasA,3,1,FuseA,1276,0,0,1276,0,0,1,0,3,1,3,5,Mod,0,0,Attchd,1958.0,1,1,350,3,3,Y,0,0,0,0,0,0,0,nan,nan,0,6,2009,COD,Abnorml,2552,51,51,1.0,0,1,1,0,0,4.0,60000
190,RL,100.0,34650,Pave,nan,4,Bnk,AllPub,Inside,3,Gilbert,Norm,Norm,2fmCon,1Story,5,5,1955,1955,Hip,CompShg,Wd Sdng,Wd Sdng,BrkFace,0.0,3,3,CBlock,3,3,2,3,1056,1,0,0,1056,GasA,3,0,SBrkr,1056,0,0,1056,1,0,1,0,3,1,3,5,Typ,0,0,Attchd,1955.0,3,2,572,3,3,Y,264,0,0,0,0,0,0,nan,nan,0,1,2006,WD,Normal,2112,51,51,2.0,0,1,1,0,0,5.0,145000
20,FV,69.0,4403,Pave,nan,2,Lvl,AllPub,Inside,3,Somerst,Norm,Norm,1Fam,1Story,7,5,2009,2009,Gable,CompShg,MetalSd,MetalSd,Stone,432.0,5,3,PConc,5,3,3,6,578,1,0,892,1470,GasA,5,1,SBrkr,1478,0,0,1478,1,0,2,1,2,1,4,7,Typ,1,4,Attchd,2009.0,3,2,484,3,3,Y,0,144,0,0,0,0,0,nan,nan,0,6,2010,New,Partial,2948,1,1,3.5,144,1,1,1,0,6.0,222000
30,RM,56.0,8960,Pave,Grvl,4,Lvl,AllPub,Inside,3,OldTown,Artery,Norm,1Fam,1Story,5,6,1927,1950,Gable,CompShg,WdShing,Wd Shng,BrkFace,0.0,3,3,CBlock,3,3,1,1,0,1,0,1008,1008,GasA,4,1,FuseA,1028,0,0,1028,0,0,1,0,2,1,3,5,Typ,1,4,Detchd,1927.0,1,2,360,3,3,Y,0,0,130,0,0,0,0,nan,nan,0,3,2010,WD,Normal,2036,83,60,1.0,130,1,1,1,0,5.5,115000
60,RL,59.0,11228,Pave,nan,2,Lvl,AllPub,CulDSac,3,SawyerW,Norm,Norm,1Fam,2Story,7,5,1993,1993,Gable,CompShg,VinylSd,VinylSd,BrkFace,0.0,4,3,PConc,4,3,1,4,50,6,531,499,1080,GasA,5,1,SBrkr,1080,1017,0,2097,0,1,2,1,3,1,4,9,Typ,1,3,Attchd,1993.0,1,3,678,3,3,Y,196,187,0,0,0,0,0,nan,nan,0,12,2008,WD,Normal,3177,15,15,3.0,187,1,1,1,0,6.0,228000
20,RL,73.0,8899,Pave,nan,3,Lvl,AllPub,Inside,3,Gilbert,Norm,Norm,1Fam,1Story,7,5,2007,2007,Gable,CompShg,VinylSd,VinylSd,BrkFace,0.0,4,3,PConc,4,3,3,6,24,1,0,1316,1340,GasA,5,1,SBrkr,1340,0,0,1340,0,0,2,0,3,1,4,6,Typ,0,0,Attchd,2007.0,3,2,396,3,3,Y,100,30,0,0,0,0,0,nan,nan,0,8,2007,New,Partial,2680,0,0,2.0,30,1,1,0,0,6.0,181134
60,RL,74.0,7844,Pave,nan,4,Lvl,AllPub,Inside,3,Sawyer,Norm,Norm,1Fam,2Story,6,7,1978,1978,Hip,CompShg,HdBoard,HdBoard,BrkFace,203.0,3,3,CBlock,3,3,1,5,209,1,0,463,672,GasA,3,1,SBrkr,672,728,0,1400,0,0,1,1,3,1,3,6,Typ,1,3,Attchd,1978.0,3,2,440,3,3,Y,0,0,0,0,0,0,0,nan,nan,0,3,2006,WD,Normal,2072,28,28,1.5,0,1,1,1,0,6.5,149500
70,RL,86.0,22420,Pave,nan,3,Lvl,AllPub,Inside,3,Crawfor,Feedr,Norm,1Fam,2Story,6,6,1918,1950,Hip,CompShg,Wd Sdng,Stucco,BrkFace,0.0,3,3,BrkTil,4,3,1,4,1128,1,0,242,1370,GasW,3,0,FuseA,1370,1254,0,2624,1,0,2,1,4,1,3,10,Typ,1,4,Detchd,1918.0,1,3,864,3,3,N,0,0,0,0,0,0,0,nan,nan,0,11,2007,WD,Normal,3994,89,57,3.5,0,1,1,1,0,6.0,239000
50,RL,60.0,8160,Pave,nan,4,Lvl,AllPub,Inside,3,Edwards,Norm,Norm,1Fam,1.5Fin,5,6,1940,1950,Gable,CompShg,MetalSd,MetalSd,BrkFace,0.0,3,3,BrkTil,3,3,1,5,312,1,0,444,756,GasA,2,0,FuseF,756,378,0,1134,1,0,1,1,3,1,3,7,Typ,0,0,Detchd,1940.0,1,1,240,3,3,P,0,0,0,0,0,0,0,nan,nan,0,4,2007,WD,AdjLand,1890,67,57,2.5,0,1,1,0,0,5.5,126000
20,RL,65.0,8450,Pave,nan,4,Lvl,AllPub,Inside,3,NAmes,Norm,Norm,1Fam,1Story,5,6,1968,1968,Gable,CompShg,VinylSd,VinylSd,BrkFace,0.0,3,3,CBlock,3,3,1,4,775,1,0,281,1056,GasA,5,1,SBrkr,1056,0,0,1056,1,0,1,0,3,1,3,6,Typ,1,2,Attchd,1968.0,1,1,304,3,3,Y,0,85,184,0,0,0,0,nan,nan,0,7,2010,WD,Normal,2112,42,42,2.0,269,1,1,1,0,5.5,142000
90,RM,78.0,7060,Pave,nan,4,Lvl,AllPub,Inside,3,Mitchel,Norm,Norm,Duplex,SFoyer,7,5,1997,1998,Gable,CompShg,VinylSd,VinylSd,BrkFace,200.0,3,4,PConc,4,4,4,6,1309,1,0,35,1344,GasA,5,1,SBrkr,1344,0,0,1344,2,0,2,0,2,2,3,8,Typ,0,0,Attchd,1997.0,3,4,784,3,3,Y,0,0,0,0,0,0,0,nan,nan,0,11,2008,WD,Alloca,2688,11,10,4.0,0,1,1,0,0,6.0,206300
20,RL,69.0,16635,Pave,nan,3,Lvl,AllPub,FR2,3,NWAmes,Norm,Norm,1Fam,1Story,6,7,1977,2000,Gable,CompShg,CemntBd,CmentBd,Stone,126.0,4,3,CBlock,4,3,1,5,1246,1,0,356,1602,GasA,4,1,SBrkr,1602,0,0,1602,0,1,2,0,3,1,4,8,Typ,1,3,Attchd,1977.0,3,2,529,3,3,Y,240,0,0,0,0,0,0,nan,nan,0,6,2009,WD,Normal,3204,32,9,2.5,0,1,1,1,0,6.5,215000
20,RL,100.0,21750,Pave,nan,4,HLS,AllPub,Inside,2,Mitchel,Artery,Norm,1Fam,1Story,5,5,1954,1954,Hip,CompShg,HdBoard,HdBoard,BrkFace,0.0,3,3,CBlock,3,3,1,1,0,1,0,988,988,GasA,5,1,FuseA,988,0,0,988,0,0,1,0,2,1,3,4,Typ,0,0,Attchd,1954.0,2,2,520,3,3,N,0,0,0,0,0,0,0,nan,nan,0,2,2008,WD,Normal,1976,54,54,1.0,0,1,1,0,0,5.0,113000
60,RL,80.0,9200,Pave,nan,4,Lvl,AllPub,Inside,3,NoRidge,Norm,Norm,1Fam,2Story,8,5,1998,1998,Gable,CompShg,VinylSd,VinylSd,BrkFace,473.0,4,3,PConc,4,3,1,6,986,1,0,484,1470,GasA,4,1,SBrkr,1470,1160,0,2630,1,0,2,1,4,1,4,8,Typ,1,3,Attchd,1998.0,3,3,696,3,3,Y,0,66,0,0,0,0,0,nan,nan,0,6,2008,WD,Normal,4100,10,10,3.5,66,1,1,1,0,6.5,315000
20,RL,72.0,9000,Pave,nan,4,Lvl,AllPub,Inside,3,NAmes,Norm,Norm,1Fam,1Story,6,5,1956,1956,Gable,CompShg,Wd Sdng,Wd Sdng,BrkFace,74.0,3,3,CBlock,4,3,1,2,616,1,0,580,1196,GasA,4,1,FuseA,1196,0,0,1196,1,0,1,0,2,1,3,6,Typ,1,4,Attchd,1956.0,2,1,297,3,3,Y,0,44,0,0,0,0,0,nan,nan,0,5,2008,WD,Normal,2392,52,52,2.0,44,1,1,1,0,5.5,139000
60,RM,60.0,3378,Pave,Grvl,4,HLS,AllPub,Inside,3,OldTown,Norm,Norm,1Fam,2Story,7,8,1946,1992,Gable,CompShg,HdBoard,HdBoard,BrkFace,0.0,3,4,CBlock,3,3,1,1,0,1,0,651,651,GasA,4,1,SBrkr,707,682,0,1389,0,0,1,1,3,1,3,6,Typ,2,4,Detchd,1947.0,1,1,240,3,3,P,0,0,126,0,0,0,0,nan,nan,0,9,2009,WD,Normal,2040,63,17,1.5,126,1,1,1,0,7.5,135000
80,RL,69.0,12800,Pave,nan,4,Low,AllPub,Inside,2,SawyerW,Norm,Norm,1Fam,SLvl,7,5,1989,1989,Gable,CompShg,Wd Sdng,Wd Sdng,BrkFace,145.0,4,3,PConc,4,3,4,6,1518,1,0,0,1518,GasA,4,1,SBrkr,1644,0,0,1644,1,1,2,0,2,1,4,5,Typ,1,3,Attchd,1989.0,3,2,569,3,3,Y,80,0,0,0,396,0,0,nan,nan,0,8,2009,WD,Normal,3162,20,20,3.5,396,1,1,1,0,6.0,275000
20,RL,77.0,8593,Pave,nan,3,Lvl,AllPub,Inside,3,NAmes,Norm,Norm,1Fam,1Story,4,6,1957,1957,Hip,CompShg,MetalSd,MetalSd,BrkFace,0.0,3,3,CBlock,3,3,1,3,288,1,0,619,907,GasA,5,1,SBrkr,907,0,0,907,0,0,1,0,3,1,3,5,Typ,0,0,Detchd,1964.0,1,1,352,3,3,Y,0,0,0,0,0,0,0,nan,nan,0,7,2008,WD,Normal,1814,51,51,1.0,0,1,1,0,0,5.0,109008
20,RL,64.0,6762,Pave,nan,4,Lvl,AllPub,Inside,3,CollgCr,Norm,Norm,1Fam,1Story,7,5,2007,2007,Gable,CompShg,VinylSd,VinylSd,BrkFace,108.0,4,3,PConc,4,3,1,6,664,1,0,544,1208,GasA,5,1,SBrkr,1208,0,0,1208,1,0,2,0,2,1,4,6,Typ,0,0,Attchd,2007.0,2,2,628,3,3,Y,105,54,0,0,0,0,0,nan,nan,0,9,2007,New,Partial,2416,0,0,3.0,54,1,1,0,0,6.0,195400
20,RL,130.0,11457,Pave,nan,3,Lvl,AllPub,Corner,3,Timber,Norm,Norm,1Fam,1Story,6,5,1988,1988,Gable,CompShg,HdBoard,HdBoard,BrkFace,0.0,3,3,CBlock,4,3,2,6,1005,1,0,387,1392,GasA,3,1,SBrkr,1412,0,0,1412,1,0,2,0,3,1,4,6,Typ,1,3,Attchd,1988.0,1,2,576,3,3,Y,0,0,169,0,0,0,0,nan,nan,0,3,2009,WD,Normal,2804,21,21,3.0,169,1,1,1,0,5.5,175000
160,RM,21.0,1680,Pave,nan,4,Lvl,AllPub,Inside,3,BrDale,Norm,Norm,Twnhs,2Story,6,5,1971,1971,Gable,CompShg,HdBoard,HdBoard,BrkFace,232.0,3,3,CBlock,3,3,1,5,387,1,0,96,483,GasA,3,1,SBrkr,483,504,0,987,0,0,1,1,2,1,3,4,Typ,0,0,Detchd,1971.0,1,1,264,3,3,Y,0,0,0,0,0,0,0,nan,nan,0,7,2008,COD,Abnorml,1470,37,37,1.5,0,1,1,0,0,5.5,85400
50,RM,60.0,5586,Pave,nan,3,Bnk,AllPub,Inside,3,OldTown,Feedr,Norm,1Fam,1.5Fin,6,7,1920,1998,Gable,CompShg,MetalSd,MetalSd,BrkFace,0.0,3,3,BrkTil,3,3,1,1,0,1,0,901,901,GasA,4,1,SBrkr,1088,110,0,1198,0,0,1,0,4,1,3,7,Typ,0,0,nan,1980.0,0,0,0,0,0,N,0,98,0,0,0,0,0,MnPrv,nan,0,9,2008,ConLD,Abnorml,2099,88,10,1.0,98,0,1,0,0,6.5,79900
160,RM,24.0,1920,Pave,nan,4,Lvl,AllPub,Inside,3,BrDale,Norm,Norm,TwnhsE,2Story,5,5,1971,1971,Gable,CompShg,HdBoard,HdBoard,BrkFace,376.0,3,3,CBlock,3,3,1,5,471,1,0,294,765,GasA,5,1,SBrkr,765,600,0,1365,1,0,1,1,2,1,3,6,Min1,0,0,Detchd,1971.0,1,2,440,3,3,Y,240,36,0,0,0,0,0,nan,nan,0,8,2007,WD,Normal,2130,36,36,2.5,36,1,1,0,0,5.0,122500
60,RL,100.0,10839,Pave,nan,3,Lvl,AllPub,Corner,3,Gilbert,Norm,Norm,1Fam,2Story,6,5,1997,1998,Gable,CompShg,VinylSd,VinylSd,BrkFace,0.0,3,3,PConc,4,3,1,1,0,1,0,926,926,GasA,5,1,SBrkr,926,678,0,1604,0,0,2,1,3,1,3,7,Typ,1,3,Attchd,1997.0,3,2,470,3,3,Y,0,36,0,0,0,0,0,nan,nan,0,7,2008,WD,Normal,2530,11,10,2.5,36,1,1,1,0,5.5,181000
180,RM,21.0,1890,Pave,nan,4,Lvl,AllPub,Inside,3,MeadowV,Norm,Norm,Twnhs,SFoyer,4,7,1972,1972,Gable,CompShg,CemntBd,CmentBd,BrkFace,0.0,3,4,CBlock,4,3,3,5,495,1,0,135,630,GasA,4,1,SBrkr,630,0,0,630,1,0,1,0,1,1,3,3,Typ,0,0,nan,1980.0,0,0,0,0,0,Y,88,0,0,0,0,0,0,nan,nan,0,6,2008,WD,Normal,1260,36,36,2.0,0,0,1,0,0,5.5,81000
60,RL,43.0,10667,Pave,nan,2,Lvl,AllPub,CulDSac,3,CollgCr,PosN,Norm,1Fam,2Story,7,6,1996,1996,Gable,CompShg,VinylSd,VinylSd,BrkFace,0.0,4,3,PConc,4,3,3,6,385,5,344,70,799,GasA,5,1,SBrkr,827,834,0,1661,1,0,2,1,3,1,4,6,Typ,1,3,Attchd,1996.0,2,2,550,3,3,Y,158,61,0,0,0,0,0,nan,nan,0,4,2009,ConLw,Normal,2460,13,13,3.5,61,1,1,1,0,6.5,212000
50,RM,40.0,4400,Pave,nan,4,Lvl,AllPub,Inside,3,OldTown,Norm,Norm,1Fam,1.5Fin,6,8,1920,1950,Gable,CompShg,Stucco,Stucco,BrkFace,0.0,3,3,BrkTil,2,3,1,1,0,1,0,648,648,GasA,3,1,FuseA,734,384,0,1118,0,0,1,0,2,1,3,6,Typ,0,0,Detchd,1990.0,1,2,440,3,3,Y,0,0,0,0,0,0,0,nan,nan,0,10,2006,WD,Normal,1766,86,56,1.0,0,1,1,0,0,7.0,116000
45,RM,50.0,6000,Pave,nan,4,Lvl,AllPub,Inside,3,BrkSide,Norm,Norm,1Fam,1.5Unf,6,7,1926,2004,Gable,CompShg,Wd Sdng,Wd Sdng,BrkFace,0.0,4,3,PConc,3,3,1,1,0,1,0,884,884,GasA,4,1,SBrkr,904,0,0,904,0,0,1,0,2,1,3,4,Typ,0,0,Detchd,1926.0,1,1,180,3,3,Y,0,0,105,0,0,0,0,nan,nan,0,1,2009,WD,Normal,1788,83,5,1.0,105,1,1,0,0,6.5,119000
30,RL,40.0,4280,Pave,nan,4,Lvl,AllPub,Inside,3,Crawfor,Norm,Norm,1Fam,1Story,5,6,1913,2002,Gable,CompShg,WdShing,Stucco,BrkFace,0.0,3,3,PConc,3,3,1,2,365,1,0,75,440,GasA,3,0,SBrkr,694,0,0,694,0,0,1,0,2,1,4,4,Typ,1,4,Detchd,1990.0,1,1,352,4,3,P,0,0,34,0,0,0,0,MnPrv,nan,0,3,2007,WD,Normal,1134,94,5,1.0,34,1,1,1,0,5.5,90350
50,RL,67.0,12354,Pave,Grvl,4,Lvl,AllPub,Corner,3,Edwards,Norm,Norm,1Fam,1.5Fin,6,8,1920,2000,Gable,CompShg,Wd Sdng,Wd Sdng,BrkFace,0.0,3,3,BrkTil,3,2,2,1,0,1,0,684,684,GasA,4,1,SBrkr,684,512,0,1196,0,0,1,0,3,1,4,7,Typ,0,0,Detchd,2005.0,1,2,528,3,3,Y,0,46,0,0,0,0,0,GdPrv,Shed,800,8,2009,ConLI,Normal,1880,89,9,1.0,46,1,1,0,0,7.0,110000
20,RL,105.0,15431,Pave,nan,4,Lvl,AllPub,Inside,3,NridgHt,Norm,Norm,1Fam,1Story,10,5,2008,2008,Hip,CompShg,VinylSd,VinylSd,Stone,200.0,5,3,PConc,5,3,4,6,1767,5,539,788,3094,GasA,5,1,SBrkr,2402,0,0,2402,1,0,2,0,2,1,5,10,Typ,2,4,Attchd,2008.0,3,3,672,3,3,Y,0,72,0,0,170,0,0,nan,nan,0,4,2009,WD,Normal,5496,1,1,3.0,242,1,1,1,0,7.5,555000
90,RL,92.0,12108,Pave,nan,4,Lvl,AllPub,Inside,3,Edwards,Norm,Norm,Duplex,1Story,4,4,1955,1955,Gable,CompShg,VinylSd,VinylSd,BrkFace,270.0,3,3,CBlock,3,3,1,5,133,1,0,1307,1440,GasA,3,0,FuseF,1440,0,0,1440,0,0,2,0,4,2,2,8,Typ,0,0,nan,1980.0,0,0,0,0,0,Y,0,0,0,0,0,0,0,nan,nan,0,9,2008,WD,Normal,2880,53,53,2.0,0,0,1,0,0,4.0,118000
50,RM,52.0,6240,Pave,nan,4,Lvl,AllPub,Inside,3,BrkSide,Norm,Norm,1Fam,1.5Fin,5,7,1930,1992,Gable,CompShg,MetalSd,MetalSd,BrkFace,0.0,3,3,PConc,3,3,1,1,0,1,0,1078,1078,GasA,3,1,SBrkr,1128,445,0,1573,0,0,2,0,3,1,3,8,Typ,1,4,Detchd,1930.0,1,2,360,3,3,P,0,0,0,0,0,0,0,nan,nan,0,6,2008,WD,Normal,2651,78,16,2.0,0,1,1,1,0,6.0,162900
120,RL,53.0,3922,Pave,nan,4,Lvl,AllPub,Inside,3,Blmngtn,Norm,Norm,TwnhsE,1Story,7,5,2006,2007,Gable,CompShg,WdShing,Wd Shng,BrkFace,72.0,4,3,PConc,5,3,3,1,0,1,0,1258,1258,GasA,5,1,SBrkr,1258,0,0,1258,0,0,2,0,2,1,4,6,Typ,1,4,Attchd,2007.0,3,3,648,3,3,Y,144,16,0,0,0,0,0,nan,nan,0,6,2007,New,Partial,2516,1,0,2.0,16,1,1,1,0,6.0,172500
60,RL,70.0,8750,Pave,nan,4,Lvl,AllPub,Inside,3,CollgCr,Norm,Norm,1Fam,2Story,7,5,1994,1995,Gable,CompShg,VinylSd,VinylSd,BrkFace,0.0,4,4,PConc,4,3,1,6,642,1,0,273,915,GasA,5,1,SBrkr,933,975,0,1908,1,0,2,1,4,1,4,8,Typ,1,3,Attchd,1994.0,1,2,493,3,3,Y,144,133,0,0,0,0,0,nan,nan,0,7,2008,WD,Normal,2823,14,13,3.5,133,1,1,1,0,6.0,210000
20,RL,73.0,9855,Pave,nan,4,Lvl,AllPub,Corner,3,Edwards,Norm,Norm,1Fam,1Story,6,5,1956,1956,Hip,CompShg,Wd Sdng,Wd Sdng,BrkFace,0.0,3,3,CBlock,3,3,1,1,0,1,0,1436,1436,GasA,2,1,SBrkr,1689,0,0,1689,0,0,1,0,3,1,3,7,Typ,1,4,Attchd,1956.0,1,2,480,3,3,Y,0,0,0,0,0,0,0,MnPrv,nan,0,11,2009,COD,Normal,3125,53,53,1.0,0,1,1,1,0,5.5,127500
20,RL,137.0,16492,Pave,nan,3,Lvl,AllPub,Corner,3,NAmes,PosA,Norm,1Fam,1Story,6,6,1966,2002,Gable,CompShg,BrkFace,Plywood,BrkFace,0.0,4,3,CBlock,3,3,1,5,247,3,713,557,1517,GasA,5,1,SBrkr,1888,0,0,1888,0,0,2,1,2,1,4,6,Mod,1,4,Attchd,1966.0,3,2,578,3,3,Y,0,0,0,0,0,0,0,nan,nan,0,6,2010,WD,Normal,3405,44,8,2.5,0,1,1,1,0,6.0,190000
60,RL,69.0,11214,Pave,nan,3,Lvl,AllPub,Corner,3,Gilbert,Norm,Norm,1Fam,2Story,7,5,1998,1999,Gable,CompShg,VinylSd,VinylSd,BrkFace,0.0,4,3,PConc,4,3,1,1,0,1,0,930,930,GasA,4,1,SBrkr,956,930,0,1886,0,0,2,1,4,1,4,10,Typ,1,3,Attchd,1998.0,3,2,431,3,3,Y,89,0,0,0,0,0,0,nan,nan,0,7,2006,WD,Normal,2816,8,7,2.5,0,1,1,1,0,6.0,199900
50,RM,50.0,8600,Pave,nan,4,Bnk,AllPub,Inside,3,IDOTRR,Norm,Norm,1Fam,1.5Fin,6,6,1937,1950,Gable,CompShg,MetalSd,MetalSd,BrkFace,0.0,3,3,BrkTil,3,3,1,1,0,1,0,780,780,GasA,3,1,SBrkr,780,596,0,1376,0,0,2,0,3,1,3,7,Typ,1,4,Detchd,1937.0,1,1,198,3,3,N,0,0,0,0,0,0,0,nan,nan,0,6,2006,WD,Normal,2156,69,56,2.0,0,1,1,1,0,6.0,119500
50,RM,50.0,6000,Pave,nan,4,Lvl,AllPub,Inside,3,OldTown,Norm,Norm,1Fam,1.5Fin,3,7,1948,2002,Gable,CompShg,MetalSd,MetalSd,BrkFace,0.0,3,4,CBlock,3,3,1,5,331,1,0,318,649,GasA,5,1,SBrkr,679,504,0,1183,0,0,1,1,2,1,3,6,Typ,0,0,Detchd,1981.0,1,1,308,3,3,Y,0,176,0,0,0,0,0,nan,nan,0,6,2007,WD,Normal,1832,59,5,1.5,176,1,1,0,0,5.0,120000
30,RM,70.0,5684,Pave,nan,4,Lvl,AllPub,Inside,3,OldTown,Norm,Norm,1Fam,1Story,6,8,1930,2005,Hip,CompShg,Wd Sdng,Wd Sdng,BrkFace,0.0,3,3,BrkTil,3,3,1,1,0,1,0,813,813,GasA,5,1,FuseA,813,0,0,813,0,0,1,0,2,1,4,5,Typ,0,0,Detchd,1932.0,1,1,270,2,2,N,0,113,0,0,0,0,0,nan,nan,0,6,2006,WD,Normal,1626,76,1,1.0,113,1,1,0,0,7.0,110000
20,RL,62.0,70761,Pave,nan,3,Low,AllPub,Inside,2,ClearCr,Norm,Norm,1Fam,1Story,7,5,1975,1975,Gable,WdShngl,Plywood,Plywood,BrkFace,0.0,3,3,CBlock,4,3,4,5,655,1,0,878,1533,GasA,3,1,SBrkr,1533,0,0,1533,1,0,2,0,2,1,4,5,Typ,2,3,Attchd,1975.0,1,2,576,3,3,Y,200,54,0,0,0,0,0,nan,nan,0,12,2006,WD,Normal,3066,31,31,3.0,54,1,1,1,0,6.0,280000
60,RL,69.0,9303,Pave,nan,3,Lvl,AllPub,Corner,3,Timber,Norm,Norm,1Fam,2Story,6,5,1996,1997,Hip,CompShg,VinylSd,VinylSd,BrkFace,42.0,4,3,PConc,5,3,1,5,742,1,0,130,872,GasA,5,1,SBrkr,888,868,0,1756,1,0,2,1,3,1,3,7,Typ,0,0,Attchd,1996.0,3,2,422,3,3,Y,144,122,0,0,0,0,0,nan,nan,0,7,2007,WD,Normal,2628,11,10,3.5,122,1,1,0,0,5.5,204000
60,FV,75.0,9000,Pave,nan,4,Lvl,AllPub,Inside,3,Somerst,Norm,Norm,1Fam,2Story,8,5,2008,2008,Gable,CompShg,VinylSd,VinylSd,BrkFace,0.0,4,3,PConc,4,3,1,1,0,1,0,768,768,GasA,5,1,SBrkr,786,804,0,1590,0,0,2,1,3,1,4,6,Typ,0,0,Attchd,2008.0,2,2,676,3,3,Y,0,30,0,0,0,0,0,nan,nan,0,6,2009,WD,Normal,2358,1,1,2.5,30,1,1,0,0,6.5,210000
90,RL,63.0,9297,Pave,nan,4,Lvl,AllPub,Inside,3,Mitchel,Norm,Norm,Duplex,1Story,5,5,1976,1976,Gable,CompShg,Plywood,Plywood,BrkFace,0.0,3,3,CBlock,3,3,1,5,1606,1,0,122,1728,GasA,3,1,SBrkr,1728,0,0,1728,2,0,2,0,4,2,3,8,Typ,0,0,Detchd,1976.0,1,2,560,3,3,Y,0,0,0,0,0,0,0,nan,nan,0,7,2006,WD,Family,3456,30,30,4.0,0,1,1,0,0,5.0,188000
20,RL,80.0,9600,Pave,nan,4,Lvl,AllPub,Inside,3,NWAmes,Norm,Norm,1Fam,1Story,7,6,1973,1973,Hip,CompShg,HdBoard,HdBoard,BrkFace,320.0,3,3,CBlock,3,3,1,5,916,1,0,326,1242,GasA,2,1,SBrkr,1242,0,0,1242,0,0,1,1,3,1,3,6,Typ,1,3,Attchd,1973.0,1,2,528,3,3,Y,0,0,0,0,0,0,0,nan,nan,0,9,2007,WD,Normal,2484,34,34,1.5,0,1,1,1,0,6.5,175500
70,RM,34.0,4571,Pave,Grvl,4,Lvl,AllPub,Inside,3,OldTown,Norm,Norm,1Fam,2Story,5,5,1916,1950,Gable,CompShg,AsbShng,AsbShng,BrkFace,0.0,3,3,BrkTil,3,3,1,1,0,1,0,624,624,GasA,2,0,SBrkr,624,720,0,1344,0,0,1,0,4,1,3,7,Typ,0,0,Detchd,1916.0,1,3,513,2,2,Y,0,0,96,0,0,0,0,nan,nan,0,5,2008,COD,Abnorml,1968,92,58,1.0,96,1,1,0,0,5.0,98000
20,RL,69.0,53227,Pave,nan,3,Low,AllPub,CulDSac,2,ClearCr,Norm,Norm,1Fam,1Story,4,6,1954,1994,Flat,Tar&Grv,Plywood,Plywood,BrkFace,0.0,3,3,CBlock,4,3,4,4,1116,1,0,248,1364,GasA,5,1,SBrkr,1663,0,0,1663,1,0,1,0,2,1,4,6,Min1,2,4,Attchd,1954.0,3,2,529,3,3,Y,224,137,0,0,0,0,0,nan,nan,0,3,2008,WD,Normal,3027,54,14,2.0,137,1,1,1,0,5.0,256000
70,RM,69.0,5100,Pave,Grvl,4,Lvl,AllPub,Inside,3,OldTown,Norm,Norm,1Fam,2Story,8,7,1925,1996,Hip,CompShg,Stucco,Wd Shng,BrkFace,0.0,3,4,PConc,3,3,1,1,0,1,0,588,588,GasA,2,1,SBrkr,833,833,0,1666,0,0,1,0,3,1,4,7,Typ,1,4,Detchd,1925.0,1,1,228,3,3,Y,192,63,0,0,0,0,0,MnPrv,nan,0,6,2008,WD,Normal,2254,83,12,1.0,63,1,1,1,0,7.5,161000
50,RL,69.0,7015,Pave,nan,3,Bnk,AllPub,Corner,3,BrkSide,Norm,Norm,1Fam,1.5Fin,5,4,1950,1950,Gable,CompShg,MetalSd,MetalSd,BrkCmn,161.0,3,3,CBlock,3,3,1,2,185,1,0,524,709,GasA,3,1,SBrkr,979,224,0,1203,1,0,1,0,3,1,4,5,Typ,1,3,Detchd,1950.0,1,1,352,3,3,Y,0,0,248,0,0,0,0,nan,nan,0,7,2009,WD,Normal,1912,59,59,2.0,248,1,1,1,0,4.5,110000
60,FV,75.0,8004,Pave,nan,3,Lvl,AllPub,Inside,3,Somerst,RRAn,Norm,1Fam,2Story,8,5,2009,2009,Gable,CompShg,VinylSd,VinylSd,Stone,110.0,4,3,PConc,4,3,1,6,544,1,0,288,832,GasA,5,1,SBrkr,832,1103,0,1935,1,0,2,1,3,1,3,8,Typ,0,0,BuiltIn,2009.0,3,2,552,3,3,Y,0,150,0,0,0,0,0,nan,nan,0,12,2009,New,Partial,2767,0,0,3.5,150,1,1,0,0,6.5,263435
70,RL,60.0,7200,Pave,nan,4,Lvl,AllPub,Inside,3,SWISU,Feedr,Norm,1Fam,2Story,7,9,1936,2007,Gable,CompShg,Wd Sdng,Wd Sdng,BrkFace,0.0,4,4,PConc,4,4,1,5,350,4,210,0,560,GasA,5,1,SBrkr,575,560,0,1135,1,0,1,0,3,1,4,6,Typ,0,0,Detchd,1971.0,2,2,576,3,3,Y,256,0,0,0,0,0,0,MnPrv,nan,0,4,2009,WD,Normal,1695,73,2,2.0,0,1,1,0,0,8.0,155000
20,RL,60.0,8281,Pave,nan,3,Lvl,AllPub,Inside,3,Sawyer,Norm,Norm,1Fam,1Story,5,5,1965,1965,Gable,CompShg,MetalSd,MetalSd,BrkFace,0.0,3,3,CBlock,3,3,1,3,553,4,311,0,864,GasA,4,1,SBrkr,864,0,0,864,0,0,1,0,3,1,3,5,Typ,1,1,Detchd,1965.0,1,1,360,3,3,Y,0,0,236,0,0,0,0,GdWo,nan,0,12,2009,WD,Normal,1728,44,44,1.0,236,1,1,1,0,5.0,62383
70,RL,74.0,11988,Pave,nan,3,HLS,AllPub,Inside,2,Crawfor,Norm,Norm,1Fam,2Story,6,7,1934,1995,Hip,CompShg,Stucco,Stucco,BrkFace,0.0,3,3,CBlock,3,3,1,2,326,1,0,389,715,GasA,2,1,FuseA,849,811,0,1660,0,0,1,1,3,1,3,6,Typ,1,4,Detchd,1939.0,1,1,240,3,3,Y,0,0,0,0,0,0,0,nan,nan,0,8,2008,WD,Normal,2375,74,13,1.5,0,1,1,1,0,6.5,188700
20,RL,60.0,8430,Pave,nan,4,HLS,AllPub,Inside,2,CollgCr,Norm,Norm,1Fam,1Story,5,5,1978,1978,Gable,CompShg,HdBoard,HdBoard,BrkFace,136.0,3,3,CBlock,4,3,1,3,616,1,0,424,1040,GasA,3,1,SBrkr,1040,0,0,1040,0,0,2,0,3,1,3,5,Typ,0,0,nan,1980.0,0,0,0,0,0,Y,0,0,0,0,0,0,0,nan,nan,0,8,2009,WD,Normal,2080,31,31,2.0,0,0,1,0,0,5.0,124000
120,RM,69.0,3072,Pave,nan,4,Lvl,AllPub,Inside,3,Blmngtn,Norm,Norm,TwnhsE,1Story,7,5,2004,2004,Hip,CompShg,VinylSd,VinylSd,BrkFace,18.0,4,3,PConc,4,3,1,1,0,1,0,1375,1375,GasA,5,1,SBrkr,1414,0,0,1414,0,0,2,0,2,1,4,6,Typ,1,3,Attchd,2004.0,3,2,398,3,3,Y,144,20,0,0,0,0,0,nan,nan,0,5,2006,WD,Normal,2789,2,2,2.0,20,1,1,1,0,6.0,178740
20,RL,85.0,10628,Pave,nan,4,Lvl,AllPub,Inside,3,NAmes,Norm,Norm,1Fam,1Story,7,5,1970,1970,Flat,Tar&Grv,Plywood,Plywood,BrkFace,0.0,3,4,CBlock,3,4,4,6,778,1,0,499,1277,GasA,3,1,SBrkr,1277,0,0,1277,1,0,1,0,2,1,3,5,Typ,1,1,Attchd,1970.0,1,2,526,3,3,Y,0,0,0,0,176,0,0,GdWo,nan,0,4,2007,WD,Normal,2554,37,37,2.0,176,1,1,1,0,6.0,167000
70,RL,79.0,9480,Pave,nan,4,Lvl,AllPub,Inside,3,NAmes,Artery,Norm,1Fam,2Story,5,7,1942,1995,Gable,CompShg,MetalSd,MetalSd,Stone,224.0,3,3,CBlock,3,3,1,2,386,1,0,342,728,GasA,5,1,SBrkr,888,756,0,1644,0,0,1,1,3,1,4,7,Typ,2,4,Attchd,1942.0,1,1,312,3,3,Y,168,0,0,0,0,0,0,nan,nan,0,6,2007,WD,Normal,2372,65,12,1.5,0,1,1,1,0,6.0,146500
20,RL,98.0,11428,Pave,nan,3,Lvl,AllPub,Inside,3,NridgHt,Norm,Norm,1Fam,1Story,8,5,2006,2006,Gable,CompShg,VinylSd,VinylSd,Stone,248.0,4,3,PConc,4,3,1,1,0,1,0,1626,1626,GasA,5,1,SBrkr,1634,0,0,1634,0,0,2,0,3,1,4,7,Typ,1,4,Attchd,2006.0,2,3,866,3,3,Y,0,44,0,0,0,0,0,nan,nan,0,5,2007,WD,Normal,3260,1,1,2.0,44,1,1,1,0,6.5,250000
60,RL,76.0,9291,Pave,nan,3,Lvl,AllPub,Corner,3,SawyerW,RRNe,Norm,1Fam,2Story,6,5,1993,1993,Gable,CompShg,HdBoard,HdBoard,BrkFace,120.0,4,3,PConc,4,3,1,6,426,1,0,406,832,GasA,5,1,SBrkr,832,878,0,1710,0,0,2,1,3,1,4,7,Typ,0,0,Attchd,1993.0,2,2,506,3,3,Y,144,70,0,0,0,0,0,nan,nan,0,6,2008,WD,Normal,2542,15,15,2.5,70,1,1,0,0,5.5,187000
120,RL,69.0,6820,Pave,nan,3,Lvl,AllPub,Corner,3,StoneBr,Norm,Norm,TwnhsE,1Story,8,5,1985,1985,Gable,CompShg,HdBoard,HdBoard,BrkFace,0.0,4,3,PConc,4,3,3,6,368,4,1120,0,1488,GasA,3,1,SBrkr,1502,0,0,1502,1,0,1,1,1,1,4,4,Typ,0,0,Attchd,1985.0,2,2,528,3,3,Y,0,54,0,0,140,0,0,nan,nan,0,6,2010,WD,Normal,2990,25,25,2.5,194,1,1,0,0,6.5,212000
60,RL,92.0,11952,Pave,nan,4,Lvl,AllPub,Inside,3,NWAmes,PosA,Norm,1Fam,2Story,7,6,1977,1977,Mansard,WdShake,WdShing,Plywood,BrkFace,0.0,3,3,CBlock,4,3,1,1,0,1,0,808,808,GasA,3,1,SBrkr,1161,808,0,1969,0,0,2,1,3,1,3,8,Typ,1,4,Attchd,1977.0,2,2,534,3,3,Y,0,0,0,0,276,0,0,nan,nan,0,11,2007,WD,Normal,2777,30,30,2.5,276,1,1,1,0,6.5,190000
180,RM,35.0,3675,Pave,nan,4,Lvl,AllPub,Inside,3,Edwards,Norm,Norm,TwnhsE,SLvl,6,5,2005,2005,Gable,CompShg,VinylSd,VinylSd,BrkFace,80.0,3,3,PConc,4,3,4,6,459,1,0,88,547,GasA,5,1,SBrkr,1072,0,0,1072,1,0,1,0,2,1,3,5,Typ,0,0,Basment,2005.0,2,2,525,3,3,Y,0,28,0,0,0,0,0,nan,nan,0,6,2008,WD,Normal,1619,3,3,2.0,28,1,1,0,0,5.5,148000
20,RL,110.0,14977,Pave,nan,3,Lvl,AllPub,Inside,3,NridgHt,Norm,Norm,1Fam,1Story,8,5,2006,2007,Gable,CompShg,VinylSd,VinylSd,BrkFace,304.0,4,3,PConc,5,3,4,6,1350,1,0,626,1976,GasA,5,1,SBrkr,1976,0,0,1976,1,0,2,0,2,1,4,7,Typ,1,5,Attchd,2006.0,2,3,908,3,3,Y,250,63,0,0,0,0,0,nan,nan,0,7,2007,New,Partial,3952,1,0,3.0,63,1,1,1,0,6.5,440000
120,RL,41.0,5330,Pave,nan,4,Lvl,AllPub,Inside,3,StoneBr,Norm,Norm,TwnhsE,1Story,8,5,2000,2000,Gable,CompShg,CemntBd,CmentBd,BrkFace,0.0,4,3,PConc,4,3,3,6,1196,1,0,298,1494,GasA,5,1,SBrkr,1652,0,0,1652,1,0,2,0,2,1,5,6,Typ,0,0,Attchd,2000.0,2,2,499,3,3,Y,96,48,0,0,0,0,0,nan,nan,0,8,2007,WD,Normal,3146,7,7,3.0,48,1,1,0,0,6.5,251000
20,RL,80.0,8480,Pave,nan,4,Lvl,AllPub,Corner,3,Sawyer,Norm,Norm,1Fam,1Story,5,6,1963,1963,Hip,CompShg,HdBoard,HdBoard,BrkFace,0.0,3,3,CBlock,3,3,1,6,630,1,0,340,970,GasA,3,1,SBrkr,970,0,0,970,1,0,1,0,2,1,3,5,Typ,0,0,Detchd,1996.0,1,2,624,3,3,Y,0,24,0,0,192,0,0,nan,nan,0,7,2007,WD,Normal,1940,44,44,2.0,216,1,1,0,0,5.5,132500
20,RL,75.0,13125,Pave,nan,4,Lvl,AllPub,Inside,2,CollgCr,Norm,Norm,1Fam,1Story,6,5,1997,1998,Gable,CompShg,VinylSd,VinylSd,BrkFace,215.0,3,3,PConc,4,3,4,6,994,1,0,484,1478,GasA,5,1,SBrkr,1493,0,0,1493,1,0,2,0,3,1,4,7,Typ,1,3,Attchd,1997.0,3,2,508,3,3,Y,140,39,0,0,0,0,0,nan,nan,0,4,2008,WD,Normal,2971,11,10,3.0,39,1,1,1,0,5.5,208900
60,RL,105.0,13693,Pave,nan,4,Lvl,AllPub,Inside,3,NridgHt,Norm,Norm,1Fam,2Story,9,5,2006,2006,Hip,CompShg,VinylSd,VinylSd,BrkFace,772.0,5,3,PConc,4,3,3,1,0,1,0,2153,2153,GasA,5,1,SBrkr,2069,574,0,2643,0,0,2,1,3,1,5,9,Typ,1,4,BuiltIn,2006.0,3,3,694,3,3,Y,414,84,0,0,0,0,0,nan,nan,0,3,2007,WD,Normal,4796,1,1,2.5,84,1,1,1,0,7.0,380000
20,RL,79.0,10637,Pave,nan,4,Lvl,AllPub,Inside,3,CollgCr,Norm,Norm,1Fam,1Story,8,5,2007,2008,Hip,CompShg,VinylSd,VinylSd,Stone,336.0,4,3,PConc,5,3,4,6,1288,1,0,417,1705,GasA,5,1,SBrkr,1718,0,0,1718,1,0,2,0,3,1,4,7,Typ,1,4,Attchd,2007.0,2,3,826,3,3,Y,208,44,0,0,0,0,0,nan,nan,0,9,2009,WD,Normal,3423,2,1,3.0,44,1,1,1,0,6.5,297000
30,RM,50.0,5925,Pave,nan,4,Bnk,AllPub,Inside,3,OldTown,Norm,Norm,1Fam,1Story,4,7,1937,2000,Hip,CompShg,Stucco,Stucco,BrkCmn,435.0,3,3,BrkTil,2,3,1,3,168,1,0,739,907,GasA,3,1,SBrkr,1131,0,0,1131,0,0,1,0,2,1,3,7,Typ,0,0,Detchd,1995.0,1,2,672,3,3,Y,0,72,0,0,0,0,0,MnPrv,nan,0,3,2007,WD,Alloca,2038,70,7,1.0,72,1,1,0,0,5.5,89471
20,RL,98.0,16033,Pave,nan,3,Lvl,AllPub,FR2,3,NridgHt,Norm,Norm,1Fam,1Story,9,5,2004,2005,Hip,CompShg,VinylSd,VinylSd,BrkFace,378.0,4,3,PConc,5,3,4,6,1261,1,0,572,1833,GasA,5,1,SBrkr,1850,0,0,1850,1,0,2,0,3,1,4,8,Typ,1,4,Attchd,2004.0,3,3,772,3,3,Y,519,112,0,0,0,0,0,nan,nan,0,3,2006,WD,Normal,3683,2,1,3.0,112,1,1,1,0,7.0,326000
20,RL,72.0,11846,Pave,nan,3,HLS,AllPub,Inside,3,NridgHt,Norm,Norm,1Fam,1Story,9,5,2003,2004,Hip,CompShg,VinylSd,VinylSd,BrkFace,562.0,4,3,PConc,5,3,4,6,1567,1,0,225,1792,GasA,5,1,SBrkr,1792,0,0,1792,1,0,2,0,2,1,5,6,Typ,1,4,Attchd,2003.0,3,3,874,3,3,Y,206,49,0,0,0,0,0,nan,nan,0,8,2006,WD,Normal,3584,3,2,3.0,49,1,1,1,0,7.0,374000
70,RM,50.0,2500,Pave,Pave,4,Lvl,AllPub,Corner,3,OldTown,Norm,Norm,1Fam,2Story,7,8,1915,2005,Gable,CompShg,Stucco,Stucco,BrkFace,0.0,4,3,PConc,3,3,1,5,299,1,0,611,910,GasA,5,1,SBrkr,916,910,0,1826,1,0,1,1,4,1,5,7,Min2,1,4,Attchd,1915.0,1,1,164,2,2,Y,0,0,0,0,0,0,0,nan,nan,0,6,2009,WD,Normal,2736,94,4,2.5,0,1,1,1,0,7.5,155000
120,RM,32.0,4500,Pave,nan,4,Lvl,AllPub,FR2,3,Mitchel,Norm,Norm,Twnhs,1Story,6,5,1998,1998,Hip,CompShg,VinylSd,VinylSd,BrkFace,116.0,3,3,PConc,5,3,1,6,897,1,0,319,1216,GasA,5,1,SBrkr,1216,0,0,1216,1,0,2,0,2,1,3,5,Typ,0,0,Attchd,1998.0,1,2,402,3,3,Y,0,125,0,0,0,0,0,nan,nan,0,5,2006,WD,Normal,2432,8,8,3.0,125,1,1,0,0,5.5,164000
20,RL,69.0,7758,Pave,nan,3,Lvl,AllPub,Corner,3,Sawyer,Norm,Norm,1Fam,1Story,5,7,1962,2001,Gable,CompShg,HdBoard,Plywood,BrkFace,0.0,3,4,CBlock,3,3,1,5,588,1,0,411,999,GasA,4,1,SBrkr,999,0,0,999,1,0,1,0,3,1,4,6,Typ,0,0,Detchd,1963.0,1,1,264,3,3,Y,0,132,0,0,0,0,0,nan,nan,0,3,2007,WD,Normal,1998,45,6,2.0,132,1,1,0,0,6.0,132500
20,RL,80.0,9600,Pave,nan,4,Lvl,AllPub,Inside,3,NAmes,Norm,Norm,1Fam,1Story,5,7,1950,2007,Gable,CompShg,MetalSd,MetalSd,BrkFace,0.0,4,3,CBlock,3,3,1,5,607,1,0,506,1113,GasA,4,1,SBrkr,1113,0,0,1113,0,0,1,0,3,1,4,5,Typ,1,4,Attchd,1950.0,1,1,264,3,3,Y,0,80,120,0,0,0,0,nan,nan,0,7,2009,WD,Normal,2226,59,2,1.0,200,1,1,1,0,6.0,147000
20,RL,79.0,10289,Pave,nan,4,Lvl,AllPub,Inside,3,NAmes,Norm,Norm,1Fam,1Story,5,7,1965,1965,Hip,CompShg,MetalSd,MetalSd,BrkFace,168.0,3,3,CBlock,3,3,1,5,836,1,0,237,1073,GasA,3,1,SBrkr,1073,0,0,1073,1,0,1,1,3,1,3,6,Typ,0,0,Attchd,1965.0,2,2,515,3,3,Y,0,0,0,0,0,0,0,nan,nan,0,6,2007,WD,Normal,2146,42,42,2.5,0,1,1,0,0,6.0,156000
20,RL,70.0,12243,Pave,nan,3,Lvl,AllPub,Inside,3,NWAmes,Norm,Norm,1Fam,1Story,5,6,1971,1971,Gable,CompShg,Plywood,Plywood,BrkFace,0.0,3,3,CBlock,4,3,3,5,998,1,0,486,1484,GasA,4,1,SBrkr,1484,0,0,1484,0,0,2,0,3,1,3,7,Typ,1,3,Attchd,1971.0,1,2,487,3,3,Y,224,0,0,0,180,0,0,nan,nan,0,2,2007,WD,Normal,2968,36,36,2.0,180,1,1,1,0,5.5,175000
190,RL,60.0,10800,Pave,nan,4,Lvl,AllPub,Corner,3,OldTown,Norm,Norm,2fmCon,1.5Fin,5,4,1900,1970,Gable,CompShg,Wd Sdng,Wd Sdng,BrkFace,0.0,3,2,CBlock,3,2,1,4,664,1,0,290,954,GasA,3,0,FuseA,1766,648,0,2414,0,0,2,0,3,2,3,10,Mod,1,4,Attchd,1970.0,1,2,520,3,2,N,142,0,0,0,0,0,0,nan,nan,0,5,2006,ConLD,Normal,3368,106,36,2.0,0,1,1,1,0,4.5,160000
180,RM,21.0,1526,Pave,nan,4,Lvl,AllPub,Inside,3,MeadowV,Norm,Norm,Twnhs,SFoyer,4,8,1970,2002,Gable,CompShg,CemntBd,CmentBd,BrkFace,0.0,3,4,CBlock,4,3,3,6,515,1,0,115,630,GasA,3,1,SBrkr,630,0,0,630,1,0,1,0,1,1,4,3,Typ,0,0,Attchd,1970.0,1,1,286,3,3,Y,0,0,0,0,0,0,0,nan,nan,0,5,2009,WD,Normal,1260,39,7,2.0,0,1,1,0,0,6.0,86000
160,RM,69.0,2665,Pave,nan,4,Lvl,AllPub,Inside,3,MeadowV,Norm,Norm,TwnhsE,2Story,5,6,1976,1976,Gable,CompShg,CemntBd,CmentBd,BrkFace,0.0,3,3,PConc,4,3,2,1,0,1,0,264,264,GasA,3,1,SBrkr,616,688,0,1304,0,0,1,1,3,1,3,4,Typ,1,4,BuiltIn,1976.0,3,1,336,3,3,Y,141,24,0,0,0,0,0,nan,nan,0,6,2008,WD,Normal,1568,32,32,1.5,24,1,1,1,0,5.5,115000
50,RL,79.0,9490,Pave,nan,4,Lvl,AllPub,Inside,3,NAmes,Artery,Norm,1Fam,1.5Fin,6,7,1941,1950,Gable,CompShg,Wd Sdng,Wd Sdng,BrkFace,0.0,3,3,CBlock,3,3,1,4,403,3,165,238,806,GasA,3,1,FuseA,958,620,0,1578,1,0,1,0,3,1,2,5,Typ,2,3,Attchd,1941.0,1,1,240,3,3,Y,0,0,32,0,0,0,0,MnPrv,nan,0,8,2006,WD,Normal,2384,65,56,2.0,32,1,1,1,0,6.5,133000
60,RL,105.0,15578,Pave,nan,3,Lvl,AllPub,Corner,3,Gilbert,Norm,Norm,1Fam,2Story,6,5,2006,2006,Gable,CompShg,VinylSd,VinylSd,BrkFace,0.0,4,3,PConc,4,3,1,1,0,1,0,728,728,GasA,4,1,SBrkr,728,728,0,1456,0,0,2,1,3,1,3,8,Typ,0,0,Attchd,2006.0,2,2,429,3,3,Y,0,0,0,0,0,0,0,nan,nan,0,5,2006,New,Partial,2184,0,0,2.5,0,1,1,0,0,5.5,172785
20,RL,70.0,7931,Pave,nan,4,Lvl,AllPub,Inside,3,NAmes,Norm,Norm,1Fam,1Story,5,6,1960,1960,Gable,CompShg,BrkFace,Wd Sdng,BrkFace,0.0,3,3,CBlock,3,3,1,4,374,2,532,363,1269,GasA,3,1,FuseA,1269,0,0,1269,0,0,1,1,3,1,3,6,Typ,1,2,Detchd,1964.0,1,1,308,3,3,Y,0,0,0,0,0,0,0,nan,nan,0,6,2008,WD,Normal,2538,48,48,1.5,0,1,1,1,0,5.5,155000
30,RM,50.0,5784,Pave,nan,4,Lvl,AllPub,Inside,3,OldTown,Artery,Norm,1Fam,1Story,5,8,1938,1996,Gable,CompShg,MetalSd,MetalSd,BrkFace,0.0,3,3,BrkTil,2,3,1,1,0,1,0,190,190,GasA,4,1,FuseA,886,0,0,886,0,0,1,0,2,1,3,4,Typ,0,0,Attchd,1938.0,1,1,273,3,3,Y,144,20,80,0,0,0,0,nan,nan,0,12,2009,WD,Normal,1076,71,13,1.0,100,1,1,0,0,6.5,91300
30,C (all),60.0,7879,Pave,nan,4,Lvl,AllPub,Inside,3,IDOTRR,Norm,Norm,1Fam,1Story,4,5,1920,1950,Gable,CompShg,Wd Sdng,Wd Sdng,BrkFace,0.0,3,3,CBlock,3,3,1,3,495,1,0,225,720,GasA,3,0,FuseA,720,0,0,720,0,0,1,0,2,1,3,4,Typ,0,0,nan,1980.0,0,0,0,0,0,N,0,523,115,0,0,0,0,GdWo,nan,0,11,2009,WD,Abnorml,1440,89,59,1.0,638,0,1,0,0,4.5,34900
20,RL,69.0,12692,Pave,nan,3,Lvl,AllPub,Inside,3,NoRidge,Norm,Norm,1Fam,1Story,8,5,1992,1993,Hip,CompShg,BrkFace,BrkFace,BrkFace,0.0,4,3,PConc,4,3,1,6,1231,1,0,1969,3200,GasA,5,1,SBrkr,3228,0,0,3228,1,0,3,0,4,1,4,10,Typ,1,4,Attchd,1992.0,2,2,546,3,3,Y,264,75,291,0,0,0,0,nan,nan,0,5,2007,WD,Normal,6428,15,14,4.0,366,1,1,1,0,6.5,430000
50,RL,60.0,9120,Pave,Pave,4,Lvl,AllPub,Inside,3,BrkSide,Norm,Norm,1Fam,1.5Fin,7,6,1925,1950,Gable,CompShg,Wd Sdng,Wd Sdng,BrkFace,0.0,3,4,PConc,3,3,1,3,329,1,0,697,1026,GasA,5,1,SBrkr,1133,687,0,1820,1,0,2,0,4,1,3,8,Typ,0,0,Detchd,1925.0,1,1,240,3,3,N,0,100,0,0,0,0,0,GdPrv,nan,0,6,2008,WD,Normal,2846,83,58,3.0,100,1,1,0,0,6.5,184000
20,RL,65.0,7800,Pave,nan,4,Lvl,AllPub,Inside,3,Sawyer,Norm,Norm,1Fam,1Story,5,7,1967,2004,Hip,CompShg,HdBoard,HdBoard,BrkFace,89.0,3,3,PConc,3,3,1,5,450,1,0,414,864,GasA,5,1,SBrkr,899,0,0,899,0,0,1,0,3,1,4,5,Typ,0,0,Attchd,1967.0,3,1,288,3,3,Y,64,0,0,0,0,0,0,MnPrv,nan,0,6,2009,WD,Normal,1763,42,5,1.0,0,1,1,0,0,6.0,130000
20,RL,70.0,7535,Pave,nan,3,Lvl,AllPub,Inside,3,NAmes,Norm,Norm,1Fam,1Story,5,7,1958,1985,Gable,CompShg,MetalSd,MetalSd,BrkFace,0.0,3,3,CBlock,3,3,1,4,111,2,279,522,912,GasA,2,1,SBrkr,912,0,0,912,0,1,1,0,2,1,3,5,Typ,0,0,Attchd,1958.0,3,1,297,3,3,Y,12,285,0,0,0,0,0,MnWw,Shed,480,6,2007,WD,Normal,1824,49,22,1.5,285,1,1,0,0,6.0,120000
160,RM,21.0,1890,Pave,nan,4,Lvl,AllPub,Inside,3,BrDale,Norm,Norm,Twnhs,2Story,6,5,1973,1973,Gable,CompShg,HdBoard,HdBoard,BrkFace,285.0,3,3,CBlock,3,3,1,4,356,1,0,316,672,GasA,3,1,SBrkr,672,546,0,1218,0,0,1,1,3,1,3,7,Typ,0,0,Detchd,1973.0,1,1,264,3,3,Y,144,28,0,0,0,0,0,nan,nan,0,5,2007,WD,Normal,1890,34,34,1.5,28,1,1,0,0,5.5,113000
60,FV,75.0,9803,Pave,nan,4,Lvl,AllPub,Inside,3,Somerst,Norm,Norm,1Fam,2Story,7,5,2005,2005,Gable,CompShg,VinylSd,VinylSd,BrkFace,0.0,4,3,PConc,4,3,1,6,400,1,0,466,866,GasA,4,1,SBrkr,866,902,0,1768,0,0,2,1,3,1,4,7,Typ,0,0,Attchd,2005.0,2,2,603,3,3,Y,0,108,0,0,0,0,0,nan,nan,0,2,2008,WD,Normal,2634,3,3,2.5,108,1,1,0,0,6.0,226700
20,RL,70.0,9170,Pave,nan,4,Lvl,AllPub,Corner,3,Edwards,Feedr,Norm,1Fam,1Story,5,7,1965,1965,Hip,CompShg,MetalSd,MetalSd,BrkFace,0.0,3,3,CBlock,3,3,1,5,698,6,96,420,1214,GasA,5,1,SBrkr,1214,0,0,1214,1,0,1,0,2,1,3,6,Typ,0,0,Detchd,1965.0,1,2,461,2,2,Y,0,0,184,0,0,0,0,GdPrv,Shed,400,4,2007,WD,Normal,2428,42,42,2.0,184,1,1,0,0,6.0,140000
20,RL,100.0,15602,Pave,nan,3,Lvl,AllPub,Inside,3,Crawfor,Norm,Norm,1Fam,1Story,7,8,1959,1997,Gable,CompShg,BrkFace,Wd Sdng,BrkFace,0.0,3,3,CBlock,3,3,1,5,1247,1,0,254,1501,GasA,3,1,SBrkr,1801,0,0,1801,1,0,2,0,1,1,3,6,Typ,2,3,Attchd,1959.0,3,2,484,3,3,Y,0,54,0,0,161,0,0,GdWo,nan,0,3,2010,WD,Normal,3302,51,13,3.0,215,1,1,1,0,7.5,289000
160,RL,24.0,2308,Pave,nan,4,Lvl,AllPub,Inside,3,NPkVill,Norm,Norm,TwnhsE,2Story,6,5,1974,1974,Gable,CompShg,Plywood,Brk Cmn,BrkFace,0.0,3,3,CBlock,3,3,1,5,257,3,495,103,855,GasA,3,1,SBrkr,855,467,0,1322,0,1,2,1,3,1,3,6,Typ,1,2,Attchd,1974.0,1,2,440,3,3,Y,260,0,0,0,0,0,0,nan,nan,0,6,2009,WD,Normal,2177,35,35,3.0,0,1,1,1,0,5.5,147000
90,RM,60.0,7596,Pave,Grvl,4,Lvl,AllPub,Inside,3,OldTown,Artery,Norm,Duplex,2Story,5,5,1952,1952,Hip,CompShg,Wd Sdng,Wd Sdng,BrkFace,360.0,3,3,CBlock,3,3,1,1,0,1,0,960,960,GasA,4,1,SBrkr,960,1000,0,1960,0,0,2,0,4,2,3,10,Typ,0,0,Detchd,1952.0,1,2,400,3,3,N,0,0,0,0,0,0,0,nan,nan,0,7,2009,COD,Normal,2920,57,57,2.0,0,1,1,0,0,5.0,124500
60,RL,80.0,9554,Pave,nan,3,Lvl,AllPub,Inside,3,SawyerW,Norm,Norm,1Fam,2Story,8,5,1993,1994,Gable,CompShg,VinylSd,VinylSd,BrkFace,125.0,4,3,PConc,4,3,1,6,380,1,0,397,777,GasA,5,1,SBrkr,1065,846,0,1911,0,0,2,1,3,1,4,8,Typ,1,3,Attchd,1993.0,2,2,471,3,3,Y,182,81,0,0,0,0,0,nan,nan,0,9,2006,WD,Normal,2688,13,12,2.5,81,1,1,1,0,6.5,215000
20,FV,75.0,7862,Pave,nan,3,Lvl,AllPub,Inside,3,Somerst,Norm,Norm,1Fam,1Story,6,5,2009,2009,Gable,CompShg,VinylSd,VinylSd,BrkFace,0.0,4,3,PConc,4,3,1,6,27,1,0,1191,1218,GasA,5,1,SBrkr,1218,0,0,1218,0,0,2,0,2,1,4,4,Typ,0,0,Attchd,2009.0,3,2,676,3,3,Y,0,102,0,0,0,0,0,nan,nan,0,9,2009,New,Partial,2436,0,0,2.0,102,1,1,0,0,5.5,208300
70,RM,60.0,9600,Pave,nan,4,Lvl,AllPub,Inside,3,OldTown,Norm,Norm,1Fam,2Story,7,9,1928,2005,Gambrel,CompShg,MetalSd,MetalSd,BrkFace,0.0,3,5,BrkTil,3,3,1,3,141,1,0,548,689,GasA,5,1,SBrkr,689,689,0,1378,0,0,2,0,3,1,4,7,Typ,1,4,Detchd,1928.0,1,2,360,3,3,N,0,0,116,0,0,0,0,nan,nan,0,10,2008,WD,Normal,2067,80,3,2.0,116,1,1,1,0,8.0,161000
20,RL,80.0,9600,Pave,nan,4,Lvl,AllPub,Corner,3,NAmes,Norm,Norm,1Fam,1Story,5,6,1959,1959,Gable,CompShg,MetalSd,MetalSd,BrkFace,132.0,3,3,CBlock,3,3,1,5,991,1,0,50,1041,GasA,5,1,SBrkr,1041,0,0,1041,1,0,1,0,3,1,3,6,Typ,0,0,Attchd,1959.0,2,1,270,3,3,Y,224,88,0,0,0,0,0,MnPrv,nan,0,7,2009,WD,Normal,2082,50,50,2.0,88,1,1,0,0,5.5,124500
20,RL,75.0,14559,Pave,nan,4,Lvl,AllPub,Inside,3,NAmes,Norm,Norm,1Fam,1Story,5,7,1951,2000,Hip,CompShg,Wd Sdng,Wd Sdng,BrkCmn,70.0,4,3,CBlock,3,3,1,4,650,3,180,178,1008,GasA,5,1,SBrkr,1363,0,0,1363,1,0,1,0,2,1,3,6,Min1,2,3,CarPort,1951.0,1,1,288,3,3,Y,324,42,0,0,168,0,0,nan,Shed,2000,6,2009,WD,Normal,2371,58,9,2.0,210,1,1,1,0,6.0,164900
120,RL,40.0,6792,Pave,nan,3,Lvl,AllPub,Inside,3,NridgHt,Norm,Norm,TwnhsE,1Story,7,5,2005,2006,Gable,CompShg,VinylSd,VinylSd,Stone,94.0,4,3,PConc,4,3,1,1,0,1,0,1368,1368,GasA,5,1,SBrkr,1368,0,0,1368,0,0,2,0,2,1,4,6,Typ,1,4,Attchd,2005.0,2,2,474,3,3,Y,132,35,0,0,0,0,0,nan,nan,0,3,2006,New,Partial,2736,1,0,2.0,35,1,1,1,0,6.0,202665
20,RL,70.0,9100,Pave,nan,4,Lvl,AllPub,Corner,3,NAmes,Feedr,Norm,1Fam,1Story,5,5,1958,1958,Gable,CompShg,VinylSd,VinylSd,BrkFace,0.0,3,3,CBlock,3,3,1,4,521,2,174,169,864,GasA,3,1,SBrkr,864,0,0,864,1,0,1,0,3,1,3,5,Typ,0,0,Detchd,1964.0,1,2,624,3,3,Y,0,0,0,0,0,0,0,nan,nan,0,7,2006,WD,Normal,1728,48,48,2.0,0,1,1,0,0,5.0,129900
20,RL,71.0,9187,Pave,nan,4,Bnk,AllPub,Corner,3,Mitchel,Norm,Norm,1Fam,1Story,6,5,1983,1983,Gable,CompShg,VinylSd,VinylSd,BrkFace,0.0,3,4,PConc,3,3,1,5,336,1,0,748,1084,GasA,3,1,SBrkr,1080,0,0,1080,0,0,1,1,3,1,3,5,Typ,0,0,Attchd,1983.0,1,2,484,3,3,Y,120,0,158,0,0,0,0,nan,nan,0,6,2007,WD,Normal,2164,24,24,1.5,158,1,1,0,0,5.5,134000
45,RL,55.0,10594,Pave,nan,4,Lvl,AllPub,Inside,3,Crawfor,Norm,Norm,1Fam,1.5Unf,5,5,1926,1950,Gable,CompShg,Wd Sdng,Wd Sdng,BrkFace,0.0,3,3,BrkTil,3,3,1,1,0,1,0,768,768,Grav,2,0,SBrkr,789,0,0,789,0,0,1,0,2,1,3,5,Typ,0,0,Detchd,1926.0,1,1,200,1,1,Y,0,0,112,0,0,0,0,MnPrv,nan,0,6,2007,WD,Normal,1557,81,57,1.0,112,1,1,0,0,5.0,96500
20,RL,94.0,12220,Pave,nan,4,Lvl,AllPub,Inside,3,NridgHt,Norm,Norm,1Fam,1Story,10,5,2009,2009,Hip,CompShg,CemntBd,CmentBd,BrkFace,305.0,5,3,CBlock,5,3,1,6,1436,1,0,570,2006,GasA,5,1,SBrkr,2020,0,0,2020,1,0,2,1,3,1,5,9,Typ,1,4,Attchd,2009.0,3,3,900,3,3,Y,156,54,0,0,0,0,0,nan,nan,0,9,2009,New,Partial,4026,0,0,3.5,54,1,1,1,0,7.5,402861
80,RL,69.0,10448,Pave,nan,3,Lvl,AllPub,Corner,3,NWAmes,Norm,Norm,1Fam,SLvl,6,6,1972,1972,Gable,CompShg,HdBoard,HdBoard,BrkFace,333.0,3,3,CBlock,3,3,1,1,0,1,0,689,689,GasA,3,1,SBrkr,1378,741,0,2119,0,0,2,1,3,1,3,7,Typ,1,3,Attchd,1972.0,2,2,583,3,3,Y,0,104,0,0,0,0,0,GdPrv,nan,0,8,2009,COD,Abnorml,2808,37,37,2.5,104,1,1,1,0,6.0,158000
60,RL,79.0,10208,Pave,nan,3,Lvl,AllPub,Inside,3,NoRidge,Norm,Norm,1Fam,2Story,7,5,1996,1997,Gable,CompShg,VinylSd,VinylSd,BrkFace,921.0,4,3,PConc,4,3,1,1,0,1,0,1264,1264,GasA,5,1,SBrkr,1277,1067,0,2344,0,0,2,1,3,1,4,7,Typ,1,3,Attchd,1996.0,2,3,889,3,3,Y,220,0,0,0,0,0,0,nan,nan,0,7,2009,WD,Normal,3608,13,12,2.5,0,1,1,1,0,6.0,265000
60,RL,69.0,9531,Pave,nan,3,Lvl,AllPub,CulDSac,3,CollgCr,Norm,Norm,1Fam,2Story,6,5,1998,1998,Gable,CompShg,VinylSd,VinylSd,BrkFace,0.0,3,3,PConc,4,3,2,6,706,1,0,88,794,GasA,5,1,SBrkr,882,914,0,1796,1,0,2,1,3,1,3,7,Typ,0,0,Attchd,1998.0,2,2,546,3,3,Y,0,36,0,0,0,0,0,MnPrv,nan,0,5,2007,WD,Normal,2590,9,9,3.5,36,1,1,0,0,5.5,211000
70,RL,53.0,10918,Pave,nan,4,Lvl,AllPub,Inside,3,Crawfor,Norm,Norm,1Fam,2Story,7,9,1926,2004,Gambrel,CompShg,MetalSd,MetalSd,BrkFace,0.0,4,3,BrkTil,4,3,1,1,0,1,0,1276,1276,GasA,5,1,SBrkr,1276,804,0,2080,0,0,1,1,3,1,4,9,Typ,2,4,Detchd,1926.0,1,1,282,3,3,Y,0,0,0,0,145,0,0,MnPrv,nan,0,6,2009,WD,Normal,3356,83,5,1.5,145,1,1,1,0,8.0,234000
190,RL,60.0,10800,Pave,Grvl,4,Lvl,AllPub,Inside,3,OldTown,Norm,Norm,2fmCon,2Story,4,7,1900,2000,Gable,CompShg,MetalSd,MetalSd,BrkFace,0.0,3,3,BrkTil,0,0,0,0,0,0,0,0,0,GasA,3,0,FuseA,694,600,0,1294,0,0,2,0,3,2,3,7,Typ,0,0,nan,1980.0,0,0,0,0,0,N,220,114,210,0,0,0,0,nan,nan,0,8,2008,WD,Normal,1294,108,8,2.0,324,0,0,0,0,5.5,106250
20,RL,90.0,11988,Pave,nan,3,Lvl,AllPub,Corner,3,NAmes,Feedr,Norm,1Fam,1Story,6,6,1957,1957,Gable,CompShg,VinylSd,VinylSd,BrkFace,0.0,3,3,CBlock,3,3,1,3,777,1,0,467,1244,GasA,5,1,FuseA,1244,0,0,1244,0,0,1,1,3,1,3,6,Typ,2,4,Attchd,1957.0,1,1,336,3,3,Y,0,40,0,0,0,0,0,nan,nan,0,5,2007,WD,Normal,2488,50,50,1.5,40,1,1,1,0,6.0,150000
50,RM,50.0,5000,Pave,nan,4,Lvl,AllPub,Corner,3,BrkSide,Feedr,Norm,1Fam,1.5Fin,6,7,1947,1950,Gable,CompShg,CemntBd,CmentBd,BrkFace,0.0,3,4,CBlock,3,3,1,5,399,1,0,605,1004,GasA,5,1,SBrkr,1004,660,0,1664,0,0,2,0,3,1,3,7,Typ,2,4,Detchd,1950.0,1,2,420,3,3,Y,0,24,36,0,0,0,0,nan,nan,0,10,2006,WD,Normal,2668,59,56,2.0,60,1,1,1,0,6.5,159000
60,RL,130.0,40094,Pave,nan,3,Bnk,AllPub,Inside,3,Edwards,PosN,PosN,1Fam,2Story,10,5,2007,2008,Hip,CompShg,CemntBd,CmentBd,Stone,762.0,5,3,PConc,5,3,4,6,2260,1,0,878,3138,GasA,5,1,SBrkr,3138,1538,0,4676,1,0,3,1,3,1,5,11,Typ,1,4,BuiltIn,2007.0,3,3,884,3,3,Y,208,406,0,0,0,0,0,nan,nan,0,10,2007,New,Partial,7814,0,-1,4.5,406,1,1,1,0,7.5,184750
60,RL,95.0,11787,Pave,nan,3,Lvl,AllPub,Inside,3,NoRidge,Norm,Norm,1Fam,2Story,7,5,1996,1997,Gable,CompShg,VinylSd,VinylSd,BrkFace,594.0,4,3,PConc,4,3,1,6,719,1,0,660,1379,GasA,5,1,SBrkr,1383,1015,0,2398,1,0,2,1,3,1,4,8,Typ,1,3,Attchd,1996.0,3,3,834,3,3,Y,239,60,0,0,0,0,0,nan,nan,0,8,2007,WD,Normal,3777,11,10,3.5,60,1,1,1,0,6.0,315750
20,FV,62.0,7500,Pave,Pave,4,Lvl,AllPub,Inside,3,Somerst,Norm,Norm,1Fam,1Story,7,5,2005,2005,Gable,CompShg,VinylSd,VinylSd,BrkFace,0.0,4,3,PConc,4,3,1,1,0,1,0,1257,1257,GasA,5,1,SBrkr,1266,0,0,1266,0,0,2,0,3,1,4,6,Typ,1,3,Attchd,2005.0,1,2,453,3,3,Y,38,144,0,0,0,0,0,nan,nan,0,4,2006,WD,Normal,2523,1,1,2.0,144,1,1,1,0,6.0,176000
20,RL,70.0,13300,Pave,nan,4,Lvl,AllPub,Inside,3,NAmes,Norm,Norm,1Fam,1Story,5,7,1956,2000,Hip,CompShg,Wd Sdng,Wd Sdng,BrkFace,0.0,3,3,CBlock,4,3,1,3,377,1,0,551,928,GasA,3,1,SBrkr,928,0,0,928,0,0,1,0,2,1,3,4,Typ,0,0,Attchd,1956.0,1,1,252,3,3,Y,261,0,156,0,0,0,0,nan,nan,0,6,2007,WD,Normal,1856,51,7,1.0,156,1,1,0,0,6.0,132000
60,RL,67.0,14948,Pave,nan,3,Lvl,AllPub,Inside,3,NridgHt,Norm,Norm,1Fam,2Story,9,5,2008,2008,Hip,CompShg,VinylSd,VinylSd,Stone,268.0,5,3,PConc,5,3,3,6,1330,1,0,122,1452,GasA,5,1,SBrkr,1476,1237,0,2713,1,0,2,1,3,1,5,11,Typ,1,4,Attchd,2008.0,3,3,858,3,3,Y,126,66,0,0,0,0,0,nan,nan,0,11,2008,New,Partial,4165,0,0,3.5,66,1,1,1,0,7.0,446261
30,RL,58.0,9098,Pave,nan,3,Lvl,AllPub,Inside,3,Edwards,Norm,Norm,1Fam,1Story,4,7,1920,2002,Gable,CompShg,Wd Sdng,Wd Sdng,BrkFace,0.0,3,3,BrkTil,3,3,2,5,348,1,0,180,528,GasA,5,1,SBrkr,605,0,0,605,1,0,1,0,2,1,3,5,Typ,0,0,nan,1980.0,0,0,0,0,0,N,0,0,144,0,0,0,0,nan,nan,0,7,2007,WD,Normal,1133,87,5,2.0,144,0,1,0,0,5.5,86000
20,RL,69.0,32668,Pave,nan,3,Lvl,AllPub,CulDSac,3,Crawfor,Norm,Norm,1Fam,1Story,6,3,1957,1975,Hip,CompShg,Wd Sdng,Stone,BrkFace,0.0,4,3,PConc,3,3,1,3,1219,1,0,816,2035,GasA,3,1,SBrkr,2515,0,0,2515,1,0,3,0,4,2,3,9,Maj1,2,3,Attchd,1975.0,2,2,484,3,3,Y,0,0,200,0,0,0,0,nan,nan,0,3,2007,WD,Alloca,4550,50,32,4.0,200,1,1,1,0,4.5,200624
80,RL,85.0,10200,Pave,nan,4,Lvl,AllPub,Inside,3,Timber,Norm,Norm,1Fam,SLvl,6,5,1988,1989,Gable,CompShg,HdBoard,HdBoard,BrkFace,219.0,4,3,CBlock,4,3,3,6,783,1,0,678,1461,GasA,5,1,SBrkr,1509,0,0,1509,1,0,2,0,3,1,4,5,Typ,1,2,Attchd,1988.0,2,2,600,3,3,Y,224,0,0,0,0,0,0,nan,nan,0,8,2008,WD,Abnorml,2970,20,19,3.0,0,1,1,1,0,5.5,175000
70,RM,60.0,6155,Pave,nan,3,Lvl,AllPub,FR3,3,BrkSide,RRNn,Feedr,1Fam,2Story,6,8,1920,1999,Gable,CompShg,Wd Sdng,Wd Sdng,BrkFace,0.0,3,3,BrkTil,2,2,2,1,0,1,0,611,611,GasA,5,1,SBrkr,751,611,0,1362,0,0,2,0,3,1,3,6,Typ,0,0,Detchd,1920.0,3,2,502,3,2,Y,0,0,84,0,0,0,0,nan,nan,0,6,2008,WD,Normal,1973,88,9,2.0,84,1,1,0,0,7.0,128000
20,RL,60.0,7200,Pave,nan,4,Lvl,AllPub,Inside,3,NAmes,Norm,Norm,1Fam,1Story,5,7,1955,2007,Gable,CompShg,VinylSd,VinylSd,BrkFace,0.0,3,3,Slab,0,0,0,0,0,0,0,0,0,GasA,5,1,SBrkr,827,0,0,827,0,0,1,0,2,1,3,5,Mod,1,1,Detchd,1967.0,1,1,392,3,3,Y,0,0,0,0,0,0,0,nan,nan,0,4,2010,WD,Normal,827,55,3,1.0,0,1,0,1,0,6.0,107500
20,RL,50.0,5000,Pave,nan,4,Low,AllPub,Inside,2,BrkSide,Norm,Norm,1Fam,1Story,1,3,1946,1950,Gable,CompShg,VinylSd,VinylSd,BrkFace,0.0,2,2,Slab,0,0,0,0,0,0,0,0,0,GasA,2,0,FuseF,334,0,0,334,0,0,1,0,1,1,2,2,Typ,0,0,nan,1980.0,0,0,0,0,0,N,0,0,0,0,0,0,0,nan,nan,0,1,2007,WD,Normal,334,61,57,1.0,0,0,0,0,0,2.0,39300
60,RL,74.0,9056,Pave,nan,3,Lvl,AllPub,Inside,3,Gilbert,Norm,Norm,1Fam,2Story,8,5,2004,2004,Gable,CompShg,VinylSd,VinylSd,BrkFace,0.0,4,3,PConc,5,4,3,1,0,1,0,707,707,GasA,5,1,SBrkr,707,707,0,1414,0,0,2,1,3,1,4,6,Typ,1,4,Attchd,2004.0,3,2,403,3,3,Y,100,35,0,0,0,0,0,nan,nan,0,10,2006,WD,Normal,2121,2,2,2.5,35,1,1,1,0,6.5,178000
190,RL,70.0,7000,Pave,nan,4,Lvl,AllPub,Inside,3,Edwards,Norm,Norm,2fmCon,2Story,5,7,1910,1991,Gable,CompShg,MetalSd,MetalSd,BrkFace,0.0,3,3,CBlock,4,3,4,6,969,1,0,148,1117,GasA,3,1,SBrkr,820,527,0,1347,1,0,1,0,3,1,3,5,Typ,0,0,nan,1980.0,0,0,0,0,0,N,85,0,148,0,0,0,0,nan,nan,0,1,2008,WD,Normal,2464,98,17,2.0,148,0,1,0,0,6.0,107500
60,RL,57.0,8924,Pave,nan,3,Lvl,AllPub,CulDSac,3,CollgCr,Norm,Norm,1Fam,2Story,7,5,1998,1999,Gable,CompShg,VinylSd,VinylSd,BrkFace,0.0,3,3,PConc,4,3,3,1,0,1,0,880,880,GasA,5,1,SBrkr,880,844,0,1724,0,0,2,1,3,1,4,8,Typ,0,0,Attchd,1998.0,3,2,527,3,3,Y,120,155,0,0,0,0,0,nan,nan,0,7,2008,WD,Normal,2604,10,9,2.5,155,1,1,0,0,6.0,188000
20,RL,69.0,12735,Pave,nan,3,Lvl,AllPub,FR2,3,NAmes,Norm,Norm,1Fam,1Story,4,5,1972,1972,Hip,CompShg,MetalSd,MetalSd,BrkFace,0.0,3,3,CBlock,3,3,1,4,600,1,0,264,864,GasA,3,1,SBrkr,864,0,0,864,0,0,1,0,3,1,3,5,Typ,0,0,Detchd,1980.0,1,2,576,3,3,Y,216,0,0,0,0,0,0,MnWw,nan,0,4,2008,COD,Normal,1728,36,36,1.0,0,1,1,0,0,4.5,111250
20,RL,69.0,11553,Pave,nan,3,Lvl,AllPub,Inside,3,Sawyer,Norm,Norm,1Fam,1Story,5,5,1968,1968,Hip,CompShg,Plywood,Plywood,BrkFace,188.0,3,3,CBlock,3,3,1,4,673,1,0,378,1051,GasA,3,1,SBrkr,1159,0,0,1159,0,0,1,1,3,1,3,7,Typ,1,2,Attchd,1968.0,1,1,336,3,3,Y,466,0,0,0,0,0,0,nan,nan,0,7,2006,WD,Normal,2210,38,38,1.5,0,1,1,1,0,5.0,158000
20,RL,69.0,11423,Pave,nan,4,Lvl,AllPub,Inside,3,CollgCr,Norm,Norm,1Fam,1Story,8,5,2001,2002,Gable,CompShg,VinylSd,VinylSd,BrkFace,479.0,4,3,PConc,4,3,3,6,1358,1,0,223,1581,GasA,5,1,SBrkr,1601,0,0,1601,1,0,2,0,3,1,4,6,Typ,1,3,Attchd,2001.0,2,2,670,3,3,Y,180,0,0,0,0,0,0,MnPrv,Shed,2000,5,2010,WD,Normal,3182,9,8,3.0,0,1,1,1,0,6.5,272000
20,RL,85.0,14601,Pave,nan,4,Lvl,AllPub,Inside,3,Timber,Norm,Norm,1Fam,1Story,9,5,2006,2006,Hip,CompShg,VinylSd,VinylSd,BrkFace,584.0,5,3,PConc,5,3,3,6,1260,1,0,578,1838,GasA,5,1,SBrkr,1838,0,0,1838,1,0,2,0,2,1,5,8,Typ,1,4,Attchd,2006.0,3,3,765,3,3,Y,270,68,0,0,0,0,0,nan,nan,0,3,2009,WD,Normal,3676,3,3,3.0,68,1,1,1,0,7.0,315000
60,RL,69.0,11000,Pave,nan,4,Lvl,AllPub,FR2,3,NoRidge,Norm,Norm,1Fam,2Story,8,5,2000,2000,Gable,CompShg,VinylSd,VinylSd,BrkFace,72.0,4,3,PConc,4,3,1,1,0,1,0,969,969,GasA,5,1,SBrkr,997,1288,0,2285,0,0,2,1,4,1,4,8,Typ,1,3,BuiltIn,2000.0,3,3,648,3,3,Y,0,56,0,0,0,0,0,nan,nan,0,6,2007,WD,Normal,3254,7,7,2.5,56,1,1,1,0,6.5,248000
20,RL,78.0,10140,Pave,nan,4,Lvl,AllPub,Inside,3,NWAmes,RRAn,Norm,1Fam,1Story,7,5,1998,1999,Hip,CompShg,VinylSd,VinylSd,BrkFace,0.0,4,3,PConc,5,3,1,2,144,6,1127,379,1650,GasA,5,1,SBrkr,1680,0,0,1680,1,0,2,0,3,1,4,7,Maj1,1,3,Attchd,1998.0,3,2,583,3,3,Y,78,73,0,0,0,0,0,nan,nan,0,6,2009,WD,Normal,3330,11,10,3.0,73,1,1,1,0,6.0,213250
120,RH,34.0,4058,Pave,nan,4,Lvl,AllPub,Inside,3,NAmes,Norm,Norm,TwnhsE,SFoyer,7,5,1998,1998,Gable,CompShg,MetalSd,MetalSd,BrkFace,182.0,3,3,PConc,4,3,3,6,584,2,139,0,723,GasA,5,1,SBrkr,767,0,0,767,1,0,1,0,1,1,3,4,Typ,0,0,Attchd,1998.0,3,1,367,3,3,Y,120,40,0,0,0,0,0,nan,nan,0,6,2007,WD,Normal,1490,9,9,2.0,40,1,1,0,0,6.0,133000
60,RL,58.0,17104,Pave,nan,3,Lvl,AllPub,Inside,3,Gilbert,Norm,Norm,1Fam,2Story,7,5,2006,2006,Gable,CompShg,VinylSd,VinylSd,BrkFace,0.0,4,3,PConc,4,4,3,6,554,1,0,100,654,GasA,5,1,SBrkr,664,832,0,1496,1,0,2,1,3,1,4,7,Typ,1,4,Attchd,2006.0,2,2,426,3,3,Y,100,24,0,0,0,0,0,nan,nan,0,9,2006,New,Partial,2150,0,0,3.5,24,1,1,1,0,6.0,179665
50,RL,69.0,13837,Pave,nan,3,Lvl,AllPub,Corner,3,NWAmes,Norm,Norm,1Fam,1.5Fin,7,5,1988,1988,Gable,CompShg,HdBoard,HdBoard,BrkFace,178.0,4,4,PConc,4,4,1,6,1002,2,202,0,1204,GasA,4,1,SBrkr,1377,806,0,2183,0,0,2,1,4,1,4,9,Typ,0,0,Attchd,1988.0,1,3,786,3,3,Y,0,0,0,0,0,0,0,nan,nan,0,2,2006,WD,Normal,3387,18,18,2.5,0,1,1,0,0,6.0,229000
50,RL,70.0,8737,Pave,nan,3,Bnk,AllPub,Inside,3,BrkSide,Norm,Norm,1Fam,1.5Fin,6,7,1923,1950,Gable,CompShg,BrkFace,Wd Sdng,BrkFace,0.0,3,3,BrkTil,4,3,1,3,300,1,0,765,1065,GasA,5,1,FuseA,915,720,0,1635,0,0,1,1,3,1,3,6,Typ,1,4,Detchd,1950.0,1,2,440,3,3,Y,0,38,0,144,0,0,0,nan,nan,0,5,2007,WD,Normal,2700,84,57,1.5,182,1,1,1,0,6.5,210000
85,RL,54.0,7244,Pave,nan,4,Lvl,AllPub,Inside,3,Mitchel,Norm,Norm,1Fam,SFoyer,5,7,1970,1970,Gable,CompShg,VinylSd,VinylSd,BrkFace,0.0,3,4,CBlock,4,3,3,5,619,1,0,149,768,GasA,5,1,SBrkr,768,0,0,768,1,0,1,0,2,1,3,5,Typ,0,0,Detchd,1987.0,1,2,624,3,3,Y,104,0,0,0,0,0,0,nan,nan,0,4,2007,WD,Normal,1536,37,37,2.0,0,1,1,0,0,6.0,129500
20,RM,49.0,8235,Pave,nan,3,HLS,AllPub,Inside,3,OldTown,Feedr,RRNn,1Fam,1Story,5,7,1955,1995,Gable,CompShg,MetalSd,MetalSd,BrkFace,0.0,3,4,CBlock,3,3,1,2,180,3,645,0,825,GasA,3,1,SBrkr,825,0,0,825,1,0,1,0,2,1,3,4,Typ,0,0,Detchd,1963.0,2,2,720,3,3,Y,140,50,0,0,0,0,0,MnPrv,nan,0,6,2008,WD,Normal,1650,53,13,2.0,50,1,1,0,0,6.0,125000
60,FV,75.0,9375,Pave,nan,4,Lvl,AllPub,Inside,3,Somerst,Norm,Norm,1Fam,2Story,7,5,2003,2004,Gable,CompShg,VinylSd,VinylSd,BrkFace,0.0,4,3,PConc,4,3,1,1,0,1,0,912,912,GasA,5,1,SBrkr,912,1182,0,2094,0,0,2,1,4,1,4,8,Typ,1,4,BuiltIn,2003.0,3,2,615,3,3,Y,182,182,0,0,0,0,0,nan,nan,0,11,2009,WD,Normal,3006,6,5,2.5,182,1,1,1,0,6.0,263000
120,RL,53.0,4043,Pave,nan,4,Lvl,AllPub,Inside,3,NPkVill,Norm,Norm,TwnhsE,1Story,6,6,1977,1977,Gable,CompShg,Plywood,Plywood,BrkFace,0.0,3,3,CBlock,4,3,1,5,559,1,0,510,1069,GasA,3,1,SBrkr,1069,0,0,1069,0,0,2,0,2,1,3,4,Typ,0,0,Attchd,1977.0,2,2,440,3,3,Y,0,55,0,0,200,0,0,nan,nan,0,10,2008,COD,Abnorml,2138,31,31,2.0,255,1,1,0,0,6.0,140000
20,RM,50.0,6000,Pave,nan,4,Lvl,AllPub,Inside,3,OldTown,Norm,Norm,1Fam,1Story,5,6,1957,1957,Hip,CompShg,BrkFace,BrkFace,BrkFace,0.0,3,3,CBlock,3,3,1,3,308,1,0,620,928,GasA,4,1,FuseA,928,0,0,928,0,0,1,0,3,1,3,5,Typ,0,0,Attchd,1957.0,3,1,288,3,3,Y,0,0,0,0,0,0,0,nan,nan,0,6,2008,WD,Normal,1856,51,51,1.0,0,1,1,0,0,5.5,112500
20,RL,87.0,11146,Pave,nan,3,Lvl,AllPub,Inside,3,NridgHt,Norm,Norm,1Fam,1Story,8,5,2006,2006,Gable,CompShg,VinylSd,VinylSd,Stone,250.0,4,3,PConc,5,3,3,1,0,1,0,1709,1709,GasA,5,1,SBrkr,1717,0,0,1717,0,0,2,0,3,1,4,7,Typ,1,4,Attchd,2006.0,2,3,908,3,3,Y,169,39,0,0,0,0,0,nan,nan,0,7,2009,WD,Normal,3426,3,3,2.0,39,1,1,1,0,6.5,255500
20,RL,67.0,8777,Pave,nan,4,Lvl,AllPub,Inside,3,Edwards,Feedr,Norm,1Fam,1Story,4,5,1949,2003,Gable,CompShg,VinylSd,VinylSd,BrkFace,0.0,3,3,CBlock,0,0,0,0,0,0,0,0,0,GasA,5,1,SBrkr,1126,0,0,1126,0,0,2,0,2,1,4,5,Typ,0,0,Detchd,2002.0,3,2,520,3,3,N,0,96,0,0,0,0,0,MnPrv,nan,0,5,2009,WD,Normal,1126,60,6,2.0,96,1,0,0,0,4.5,108000
60,RL,85.0,10625,Pave,nan,4,Lvl,AllPub,Inside,3,NridgHt,Norm,Norm,1Fam,2Story,7,5,2003,2004,Gable,CompShg,VinylSd,VinylSd,BrkFace,292.0,4,3,PConc,4,3,1,6,866,1,0,132,998,GasA,5,1,SBrkr,1006,1040,0,2046,1,0,2,1,3,1,4,8,Typ,1,4,BuiltIn,2003.0,2,3,871,3,3,Y,320,62,0,0,0,0,0,nan,nan,0,8,2008,WD,Normal,3044,5,4,3.5,62,1,1,1,0,6.0,284000
45,RM,58.0,6380,Pave,nan,4,Lvl,AllPub,Inside,3,BrkSide,Norm,Norm,1Fam,1.5Unf,5,6,1922,1950,Gable,CompShg,MetalSd,MetalSd,BrkFace,0.0,3,3,BrkTil,3,2,1,1,0,1,0,993,993,GasA,3,1,FuseA,1048,0,0,1048,0,0,1,0,2,1,3,5,Typ,1,4,Detchd,1922.0,1,1,280,3,3,Y,0,0,116,0,0,0,0,nan,nan,0,8,2006,WD,Normal,2041,84,56,1.0,116,1,1,1,0,5.5,113000
20,RL,69.0,14850,Pave,nan,3,Lvl,AllPub,Inside,3,NAmes,Norm,Norm,1Fam,1Story,5,5,1957,1957,Gable,CompShg,Wd Sdng,Wd Sdng,BrkFace,0.0,3,3,CBlock,3,3,1,3,895,1,0,197,1092,GasA,3,1,FuseA,1092,0,0,1092,1,0,1,0,2,1,3,6,Typ,1,3,Attchd,1957.0,3,1,299,3,3,Y,268,0,0,0,122,0,0,MnWw,nan,0,5,2006,WD,Normal,2184,49,49,2.0,122,1,1,1,0,5.0,141000
50,C (all),60.0,11040,Pave,nan,4,Low,AllPub,Inside,2,IDOTRR,Norm,Norm,1Fam,1.5Fin,4,6,1920,1950,Gable,CompShg,MetalSd,MetalSd,BrkFace,0.0,3,3,CBlock,3,3,1,3,637,1,0,0,637,GasA,4,1,SBrkr,897,439,0,1336,0,0,1,1,3,1,3,7,Typ,0,0,CarPort,1994.0,1,1,570,3,3,Y,0,47,120,0,0,0,0,nan,nan,0,9,2006,COD,Normal,1973,86,56,1.5,167,1,1,0,0,5.0,108000
60,RL,57.0,21872,Pave,nan,2,HLS,AllPub,FR2,3,Gilbert,Norm,Norm,1Fam,2Story,7,5,1996,1997,Gable,CompShg,HdBoard,HdBoard,BrkFace,0.0,3,3,PConc,4,3,4,6,604,1,0,125,729,GasA,5,1,SBrkr,729,717,0,1446,0,1,2,1,3,1,3,6,Typ,1,3,Attchd,1996.0,1,2,406,3,3,Y,264,22,0,0,0,0,0,nan,nan,0,8,2008,WD,Normal,2175,12,11,3.0,22,1,1,1,0,6.0,175000
120,RL,69.0,3196,Pave,nan,4,Lvl,AllPub,Inside,3,Blmngtn,Norm,Norm,TwnhsE,1Story,7,5,2003,2004,Gable,CompShg,VinylSd,VinylSd,BrkFace,18.0,4,3,PConc,4,3,4,1,0,1,0,1374,1374,GasA,5,1,SBrkr,1557,0,0,1557,0,0,2,0,2,1,4,7,Typ,1,3,Attchd,2003.0,3,2,420,3,3,Y,143,20,0,0,0,0,0,nan,nan,0,10,2006,WD,Normal,2931,3,2,2.0,20,1,1,1,0,6.0,234000
20,RL,69.0,11341,Pave,nan,3,Lvl,AllPub,Inside,3,Sawyer,Norm,Norm,1Fam,1Story,5,6,1957,1996,Hip,CompShg,Wd Sdng,Wd Sdng,BrkFace,180.0,3,3,CBlock,4,3,1,5,1302,1,0,90,1392,GasA,3,1,SBrkr,1392,0,0,1392,1,0,1,1,3,1,3,5,Mod,1,4,Detchd,1957.0,1,2,528,3,3,Y,0,0,0,0,95,0,0,nan,nan,0,5,2010,WD,Normal,2784,53,14,2.5,95,1,1,1,0,5.5,121500
20,RL,77.0,10010,Pave,nan,4,Lvl,AllPub,Inside,2,Mitchel,Norm,Norm,1Fam,1Story,5,5,1974,1975,Gable,CompShg,HdBoard,HdBoard,BrkFace,0.0,3,3,CBlock,4,3,3,5,1071,2,123,195,1389,GasA,4,1,SBrkr,1389,0,0,1389,1,0,1,0,2,1,3,6,Typ,1,3,Attchd,1975.0,2,2,418,3,3,Y,240,38,0,0,0,0,0,nan,nan,0,4,2006,WD,Normal,2778,32,31,2.0,38,1,1,1,0,5.0,170000
30,RL,63.0,13907,Pave,nan,4,Lvl,AllPub,Inside,3,Edwards,Norm,Norm,1Fam,1Story,5,6,1940,1969,Gable,CompShg,WdShing,Wd Shng,BrkFace,0.0,3,3,CBlock,3,3,1,4,290,1,0,706,996,GasA,5,1,SBrkr,996,0,0,996,1,0,1,0,3,1,3,6,Typ,1,4,nan,1980.0,0,0,0,0,0,Y,144,0,0,0,0,0,0,nan,nan,0,7,2008,WD,Normal,1992,68,39,2.0,0,0,1,1,0,5.5,108000
50,RL,66.0,21780,Pave,nan,4,Lvl,AllPub,Inside,3,Edwards,Norm,Norm,1Fam,1.5Fin,6,7,1918,1950,Gable,CompShg,Wd Sdng,Wd Sdng,BrkFace,0.0,3,3,BrkTil,4,3,2,1,0,1,0,1163,1163,GasA,5,1,SBrkr,1163,511,0,1674,0,0,2,0,4,1,3,8,Typ,1,4,Detchd,1955.0,3,2,396,3,3,N,72,36,0,0,144,0,0,nan,nan,0,7,2008,WD,Normal,2837,90,58,2.0,180,1,1,1,0,6.5,185000
60,RL,69.0,13346,Pave,nan,3,Lvl,AllPub,CulDSac,3,NoRidge,Norm,Norm,1Fam,2Story,7,5,1992,2000,Gable,CompShg,HdBoard,HdBoard,BrkFace,0.0,4,3,PConc,4,3,1,6,728,1,0,367,1095,GasA,5,1,SBrkr,1166,1129,0,2295,1,0,2,1,4,1,4,9,Typ,1,3,Attchd,1992.0,2,2,590,3,3,Y,0,40,0,0,0,0,0,nan,nan,0,7,2006,WD,Normal,3390,14,6,3.5,40,1,1,1,0,6.0,268000
70,RL,66.0,6858,Pave,nan,4,Bnk,AllPub,Corner,3,SWISU,Norm,Norm,1Fam,2Story,6,4,1915,1950,Gable,CompShg,Wd Sdng,Wd Sdng,BrkFace,0.0,3,3,PConc,4,3,1,1,0,1,0,806,806,GasA,3,0,FuseF,841,806,0,1647,1,0,1,1,4,1,2,6,Typ,0,0,Detchd,1920.0,1,1,216,3,3,Y,0,66,136,0,0,0,0,nan,nan,0,5,2010,WD,Normal,2453,95,60,2.5,202,1,1,0,0,5.0,128000
60,RL,77.0,11198,Pave,nan,3,Lvl,AllPub,Inside,3,StoneBr,Norm,Norm,1Fam,2Story,9,5,2005,2007,Hip,CompShg,VinylSd,VinylSd,BrkFace,245.0,4,3,PConc,4,4,1,1,0,1,0,1122,1122,GasA,5,1,SBrkr,1134,1370,0,2504,0,0,2,1,4,1,5,11,Typ,1,4,BuiltIn,2005.0,3,3,656,3,3,Y,144,39,0,0,0,0,0,nan,nan,0,6,2008,WD,Normal,3626,3,1,2.5,39,1,1,1,0,7.0,325000
20,RL,70.0,10171,Pave,nan,3,Lvl,AllPub,Inside,3,NridgHt,Norm,Norm,1Fam,1Story,7,5,2004,2004,Gable,CompShg,VinylSd,VinylSd,BrkFace,168.0,4,3,PConc,4,3,1,6,2,1,0,1515,1517,GasA,5,1,SBrkr,1535,0,0,1535,0,0,2,0,3,1,4,7,Typ,0,0,Attchd,2004.0,2,2,532,3,3,Y,0,0,0,0,0,0,0,nan,nan,0,3,2010,WD,Normal,3052,6,6,2.0,0,1,1,0,0,6.0,214000
50,RL,79.0,12327,Pave,nan,3,Low,AllPub,Inside,2,SawyerW,Norm,Norm,1Fam,1.5Fin,8,8,1983,2009,Gable,CompShg,Wd Sdng,Wd Sdng,BrkFace,0.0,4,3,CBlock,4,3,4,6,1441,1,0,55,1496,GasA,5,1,SBrkr,1496,636,0,2132,1,0,1,1,1,1,4,5,Min2,1,4,BuiltIn,1983.0,3,2,612,4,3,Y,349,40,0,0,0,0,0,nan,nan,0,9,2009,WD,Normal,3628,26,0,2.5,40,1,1,1,0,8.0,316600
90,RL,69.0,7032,Pave,nan,3,Lvl,AllPub,Corner,3,NAmes,Norm,Norm,Duplex,SFoyer,5,5,1979,1979,Gable,CompShg,MetalSd,MetalSd,BrkFace,0.0,3,3,CBlock,4,3,4,6,943,1,0,0,943,GasA,3,1,SBrkr,943,0,0,943,1,0,1,0,2,1,3,4,Typ,2,3,Detchd,1979.0,1,2,600,3,3,Y,42,0,0,0,0,0,0,nan,nan,0,12,2006,WD,Normal,1886,27,27,2.0,0,1,1,1,0,5.0,135960
90,RL,74.0,13101,Pave,nan,3,Lvl,AllPub,Inside,3,NAmes,Norm,Norm,Duplex,1Story,5,5,1965,1965,Gable,CompShg,HdBoard,HdBoard,BrkFace,108.0,3,3,CBlock,3,3,1,2,231,1,0,1497,1728,GasA,3,1,SBrkr,1728,0,0,1728,0,0,2,0,6,2,3,10,Typ,0,0,Detchd,1987.0,1,2,576,3,3,Y,0,0,0,0,0,0,0,nan,nan,0,11,2008,WD,Normal,3456,43,43,2.0,0,1,1,0,0,5.0,142600
20,RL,60.0,7332,Pave,nan,4,Lvl,AllPub,Inside,3,NAmes,Norm,Norm,1Fam,1Story,6,6,1959,1959,Gable,CompShg,WdShing,Wd Shng,BrkFace,207.0,3,3,CBlock,3,3,1,4,414,1,0,450,864,GasA,5,1,SBrkr,864,0,0,864,1,0,1,0,2,1,4,4,Typ,0,0,Attchd,1959.0,1,1,288,3,3,Y,168,0,0,0,0,0,0,nan,nan,0,10,2006,WD,Abnorml,1728,47,47,2.0,0,1,1,0,0,6.0,120000
60,RL,83.0,13159,Pave,nan,3,HLS,AllPub,Corner,3,Timber,Norm,Norm,1Fam,2Story,7,5,2009,2009,Gable,CompShg,VinylSd,VinylSd,BrkFace,0.0,3,3,PConc,5,3,3,1,0,1,0,846,846,GasA,4,1,SBrkr,846,846,0,1692,0,0,2,1,3,1,4,6,Typ,0,0,Attchd,2009.0,2,2,650,3,3,Y,208,114,0,0,0,0,0,nan,nan,0,7,2009,New,Partial,2538,0,0,2.5,114,1,1,0,0,6.0,224500
80,RL,76.0,9967,Pave,nan,3,Lvl,AllPub,Inside,3,Gilbert,Norm,Norm,1Fam,SLvl,7,5,2000,2000,Gable,CompShg,VinylSd,VinylSd,BrkFace,0.0,3,3,PConc,4,3,1,1,0,1,0,384,384,GasA,5,1,SBrkr,774,656,0,1430,0,0,2,1,3,1,3,8,Typ,1,3,BuiltIn,2000.0,2,2,400,3,3,Y,100,0,0,0,0,0,0,nan,nan,0,12,2007,WD,Normal,1814,7,7,2.5,0,1,1,1,0,6.0,170000
80,RL,70.0,10500,Pave,nan,4,Lvl,AllPub,FR2,3,NAmes,Norm,Norm,1Fam,SLvl,5,7,1971,2005,Gambrel,CompShg,MetalSd,AsphShn,BrkFace,82.0,3,3,CBlock,3,3,3,5,349,1,0,23,372,GasA,3,1,SBrkr,576,533,0,1109,0,1,1,0,3,1,3,5,Typ,0,0,BuiltIn,1971.0,1,1,288,3,3,Y,35,0,0,0,0,0,0,GdWo,nan,0,12,2007,WD,Normal,1481,36,2,1.5,0,1,1,0,0,6.0,139000
50,RL,80.0,8480,Pave,nan,4,Lvl,AllPub,Inside,3,NAmes,Norm,Norm,1Fam,1.5Fin,5,5,1947,1950,Gable,CompShg,MetalSd,MetalSd,BrkFace,0.0,3,3,CBlock,3,3,1,3,442,1,0,390,832,GasA,3,1,SBrkr,832,384,0,1216,0,0,1,0,2,1,3,6,Typ,0,0,Detchd,1947.0,1,1,336,3,3,Y,158,0,102,0,0,0,0,nan,nan,0,10,2008,COD,Abnorml,2048,61,58,1.0,102,1,1,0,0,5.0,118500
50,RL,52.0,6292,Pave,nan,4,Lvl,AllPub,Inside,3,SWISU,Norm,Norm,1Fam,1.5Fin,7,7,1928,1950,Gable,CompShg,Wd Sdng,Wd Sdng,BrkFace,0.0,3,3,BrkTil,3,3,1,1,0,1,0,861,861,GasA,4,1,SBrkr,877,600,0,1477,0,1,2,0,3,1,3,6,Typ,1,4,Detchd,1928.0,1,1,216,3,3,Y,0,50,0,0,0,0,0,nan,nan,0,8,2009,WD,Normal,2338,81,59,2.5,50,1,1,1,0,7.0,145000
80,RL,96.0,11777,Pave,nan,3,Lvl,AllPub,Inside,3,Sawyer,Norm,Norm,1Fam,SLvl,5,6,1966,1966,Gable,CompShg,VinylSd,VinylSd,BrkFace,97.0,3,3,CBlock,3,3,3,2,328,5,551,285,1164,GasA,5,1,SBrkr,1320,0,0,1320,1,0,1,0,3,1,3,6,Typ,2,2,Attchd,1966.0,2,2,564,3,3,Y,160,68,240,0,0,0,0,nan,nan,0,5,2006,WD,Abnorml,2484,40,40,2.0,308,1,1,1,0,5.5,164500
160,FV,34.0,3604,Pave,Pave,4,Lvl,AllPub,Corner,3,Somerst,Norm,Norm,TwnhsE,2Story,7,5,2007,2007,Gable,CompShg,VinylSd,VinylSd,BrkFace,0.0,4,3,PConc,4,3,1,1,0,1,0,689,689,GasA,5,1,SBrkr,703,689,0,1392,0,0,2,0,2,1,4,5,Typ,0,0,Detchd,2007.0,1,2,540,3,3,Y,0,102,0,0,0,0,0,nan,nan,0,2,2008,WD,Abnorml,2081,1,1,2.0,102,1,1,0,0,6.0,146000
50,RM,81.0,12150,Pave,Grvl,4,Lvl,AllPub,Inside,3,OldTown,Norm,Norm,1Fam,1.5Fin,5,5,1954,1954,Gable,CompShg,MetalSd,MetalSd,BrkFace,335.0,3,3,BrkTil,3,3,1,1,0,1,0,1050,1050,GasA,5,0,FuseF,1050,745,0,1795,0,0,2,0,4,1,3,7,Typ,0,0,Attchd,1954.0,1,1,352,2,3,Y,0,0,0,0,0,0,0,nan,nan,0,11,2008,WD,Normal,2845,54,54,2.0,0,1,1,0,0,5.0,131500
20,RL,69.0,14585,Pave,nan,3,Lvl,AllPub,CulDSac,3,NAmes,Norm,Norm,1Fam,1Story,6,6,1960,1987,Gable,CompShg,Wd Sdng,Wd Sdng,BrkFace,85.0,3,3,CBlock,3,3,1,4,594,3,219,331,1144,GasA,5,1,SBrkr,1429,0,0,1429,0,1,1,0,3,1,4,7,Typ,2,4,Attchd,1960.0,1,2,572,3,3,Y,216,110,0,0,0,0,0,nan,nan,0,6,2007,WD,Normal,2573,47,20,1.5,110,1,1,1,0,6.0,181900
20,RL,98.0,12704,Pave,nan,4,Lvl,AllPub,Inside,3,NridgHt,Norm,Norm,1Fam,1Story,8,5,2008,2009,Hip,CompShg,VinylSd,VinylSd,BrkFace,306.0,5,3,PConc,5,3,1,1,0,1,0,2042,2042,GasA,5,1,SBrkr,2042,0,0,2042,0,0,2,1,3,1,5,8,Typ,1,4,Attchd,2009.0,2,3,1390,3,3,Y,0,90,0,0,0,0,0,nan,nan,0,8,2009,New,Partial,4084,1,0,2.5,90,1,1,1,0,6.5,253293
90,RL,81.0,11841,Grvl,nan,4,Lvl,AllPub,Inside,3,Edwards,Norm,Norm,Duplex,SFoyer,6,5,1990,1990,Gable,CompShg,HdBoard,HdBoard,BrkFace,104.0,3,4,CBlock,4,3,3,6,816,1,0,0,816,GasA,3,1,SBrkr,816,0,0,816,1,0,1,0,3,1,3,5,Typ,0,0,nan,1980.0,0,0,0,0,0,Y,0,32,0,0,0,0,0,nan,nan,0,5,2007,WD,Normal,1632,17,17,2.0,32,0,1,0,0,5.5,118500
75,RM,75.0,13500,Pave,nan,4,Lvl,AllPub,Inside,3,OldTown,Artery,PosA,1Fam,2.5Unf,10,9,1893,2000,Gable,CompShg,Wd Sdng,Wd Sdng,BrkFace,0.0,5,5,BrkTil,3,3,1,1,0,1,0,1237,1237,GasA,4,1,SBrkr,1521,1254,0,2775,0,0,3,1,3,1,4,9,Typ,1,4,Detchd,1988.0,1,2,880,4,3,Y,105,502,0,0,0,0,0,nan,nan,0,7,2008,WD,Normal,4012,115,8,3.5,502,1,1,1,0,9.5,325000
50,RM,51.0,6120,Pave,nan,4,Lvl,AllPub,Inside,3,BrkSide,Norm,Norm,1Fam,1.5Fin,4,7,1935,1995,Gable,CompShg,AsbShng,AsbShng,BrkFace,0.0,3,3,BrkTil,3,3,1,1,0,1,0,884,884,GasA,5,1,SBrkr,989,584,0,1573,0,0,1,0,3,1,4,6,Typ,0,0,Detchd,1935.0,1,1,240,3,3,Y,0,0,54,0,120,0,0,nan,nan,0,7,2009,WD,Normal,2457,74,14,1.0,174,1,1,0,0,5.5,133000
20,RL,88.0,11443,Pave,nan,4,Lvl,AllPub,Inside,3,Timber,Norm,Norm,1Fam,1Story,8,5,2005,2006,Hip,CompShg,VinylSd,VinylSd,BrkFace,208.0,4,3,PConc,5,3,4,6,1460,1,0,408,1868,GasA,5,1,SBrkr,2028,0,0,2028,1,0,2,0,2,1,4,7,Typ,2,4,Attchd,2005.0,2,3,880,3,3,Y,326,66,0,0,0,0,0,nan,nan,0,3,2006,New,Partial,3896,1,0,3.0,66,1,1,1,0,6.5,369900
30,RL,55.0,10267,Pave,nan,4,Lvl,AllPub,Inside,3,BrkSide,RRAn,Norm,1Fam,1Story,6,7,1918,2000,Gable,CompShg,Stucco,Wd Shng,BrkFace,0.0,3,4,BrkTil,3,4,2,3,210,5,606,0,816,GasA,5,1,SBrkr,838,0,0,838,1,0,1,0,2,1,2,5,Typ,0,0,Detchd,1961.0,3,1,275,3,3,N,0,0,112,0,0,0,0,MnWw,nan,0,5,2008,WD,Normal,1654,90,8,2.0,112,1,1,0,0,6.5,130000
85,RL,74.0,8740,Pave,nan,3,Lvl,AllPub,Inside,3,Sawyer,Norm,Norm,1Fam,SFoyer,5,6,1982,1982,Hip,CompShg,HdBoard,HdBoard,BrkFace,0.0,3,3,CBlock,3,3,3,5,672,1,0,168,840,GasA,3,1,SBrkr,860,0,0,860,1,0,1,0,2,1,3,4,Typ,0,0,Detchd,1996.0,1,2,528,3,3,Y,0,0,0,0,0,0,0,nan,nan,0,7,2009,WD,Normal,1700,27,27,2.0,0,1,1,0,0,5.5,137000
20,RL,65.0,25095,Pave,nan,3,Low,AllPub,Inside,1,ClearCr,Norm,Norm,1Fam,1Story,5,8,1968,2003,Flat,Tar&Grv,Wd Sdng,Wd Sdng,BrkFace,0.0,3,3,CBlock,3,3,4,6,1324,1,0,113,1437,GasA,5,1,SBrkr,1473,0,0,1473,2,0,1,0,1,1,5,5,Typ,2,4,Attchd,1968.0,1,1,452,3,3,Y,0,48,0,0,60,0,0,nan,nan,0,6,2009,WD,Partial,2910,41,6,3.0,108,1,1,1,0,6.5,143000
40,RM,50.0,9100,Pave,nan,4,Lvl,AllPub,Inside,3,BrkSide,RRAn,Feedr,1Fam,1Story,5,6,1930,1960,Gable,CompShg,VinylSd,VinylSd,BrkFace,0.0,3,3,BrkTil,3,3,1,1,0,1,0,742,742,GasA,3,1,FuseA,779,0,156,935,0,0,1,0,2,1,3,4,Typ,0,0,Detchd,1988.0,1,1,308,3,3,P,0,0,0,0,0,0,0,nan,Shed,600,8,2008,WD,Normal,1521,78,48,1.0,0,1,1,0,0,5.5,79500
60,RL,64.0,8320,Pave,nan,4,Lvl,AllPub,Inside,3,CollgCr,Norm,Norm,1Fam,2Story,7,5,2004,2004,Gable,CompShg,VinylSd,VinylSd,BrkFace,0.0,4,3,PConc,4,3,1,6,490,1,0,280,770,GasA,5,1,SBrkr,770,812,0,1582,0,0,2,1,3,1,4,6,Typ,0,0,Attchd,2004.0,2,2,520,3,3,Y,0,45,0,0,0,0,0,nan,nan,0,9,2008,WD,Normal,2352,4,4,2.5,45,1,1,0,0,6.0,185900
60,RL,97.0,13478,Pave,nan,3,Lvl,AllPub,Corner,3,NridgHt,Norm,Norm,1Fam,2Story,10,5,2008,2008,Gable,CompShg,CemntBd,CmentBd,Stone,420.0,5,3,PConc,5,3,4,6,1338,1,0,384,1722,GasA,5,1,SBrkr,1728,568,0,2296,1,0,2,1,3,1,5,10,Typ,1,4,BuiltIn,2008.0,2,3,842,3,3,Y,382,274,0,0,0,0,0,nan,nan,0,6,2009,ConLI,Normal,4018,1,1,3.5,274,1,1,1,0,7.5,451950
20,RL,60.0,6600,Pave,nan,4,Lvl,AllPub,Inside,3,Mitchel,Norm,Norm,1Fam,1Story,5,8,1982,2003,Gable,CompShg,HdBoard,HdBoard,BrkFace,0.0,3,4,PConc,3,4,1,6,816,1,0,0,816,GasA,5,1,SBrkr,816,0,0,816,1,0,1,0,2,1,3,4,Typ,0,0,Detchd,1985.0,3,2,816,3,3,Y,0,0,0,0,0,0,0,nan,nan,0,6,2008,WD,Normal,1632,26,5,2.0,0,1,1,0,0,6.5,138000
120,RM,69.0,4435,Pave,nan,4,Lvl,AllPub,Inside,3,CollgCr,Norm,Norm,TwnhsE,1Story,6,5,2003,2003,Gable,CompShg,VinylSd,VinylSd,BrkFace,170.0,4,3,PConc,4,3,3,6,685,1,0,163,848,GasA,5,1,SBrkr,848,0,0,848,1,0,1,0,1,1,4,4,Typ,0,0,Attchd,2003.0,3,2,420,3,3,Y,140,0,0,0,0,0,0,nan,nan,0,5,2009,WD,Normal,1696,6,6,2.0,0,1,1,0,0,5.5,140000
20,RL,88.0,7990,Pave,nan,3,Lvl,AllPub,Inside,3,CollgCr,Norm,Norm,1Fam,1Story,5,6,1975,1975,Hip,CompShg,HdBoard,HdBoard,BrkFace,0.0,3,3,CBlock,4,3,1,1,0,1,0,924,924,GasA,3,1,SBrkr,924,0,0,924,0,0,1,0,3,1,3,5,Typ,0,0,Detchd,1981.0,1,1,280,3,3,Y,0,0,0,0,0,0,0,MnPrv,nan,0,4,2008,WD,Normal,1848,33,33,1.0,0,1,1,0,0,5.5,110000
20,RL,69.0,11302,Pave,nan,3,Lvl,AllPub,Inside,3,StoneBr,Norm,Norm,1Fam,1Story,8,5,2005,2006,Gable,CompShg,VinylSd,Other,BrkFace,238.0,4,3,PConc,4,3,4,6,1422,1,0,392,1814,GasA,5,1,SBrkr,1826,0,0,1826,1,0,2,0,3,1,4,7,Typ,1,3,Attchd,2005.0,3,3,758,3,3,Y,180,75,0,0,120,0,0,nan,nan,0,8,2006,New,Partial,3640,1,0,3.0,195,1,1,1,0,6.5,319000
70,RM,60.0,3600,Pave,Grvl,4,Lvl,AllPub,Inside,3,OldTown,Norm,Norm,1Fam,2Story,6,7,1910,1993,Gable,CompShg,VinylSd,VinylSd,BrkFace,0.0,3,3,CBlock,3,3,1,1,0,1,0,684,684,GasA,5,0,FuseA,684,684,0,1368,0,0,1,0,3,1,3,7,Typ,0,0,Detchd,1930.0,1,1,216,3,2,N,0,158,0,0,0,0,0,nan,nan,0,10,2006,WD,Normal,2052,96,13,1.0,158,1,1,0,0,6.5,114504
120,RL,53.0,3922,Pave,nan,4,Lvl,AllPub,Inside,3,Blmngtn,Norm,Norm,TwnhsE,1Story,7,5,2006,2007,Gable,CompShg,VinylSd,VinylSd,BrkFace,72.0,4,3,PConc,5,3,3,1,0,1,0,1258,1258,GasA,5,1,SBrkr,1402,0,0,1402,0,2,0,2,2,1,4,7,Typ,1,4,Attchd,2006.0,3,3,648,3,3,Y,120,16,0,0,0,0,0,nan,nan,0,2,2007,New,Partial,2660,1,0,2.0,16,1,1,1,0,6.0,194201
20,RL,80.0,12984,Pave,nan,4,Bnk,AllPub,Inside,3,Crawfor,Norm,Norm,1Fam,1Story,5,6,1977,1977,Gable,CompShg,Plywood,Plywood,BrkFace,459.0,3,3,CBlock,4,3,2,5,1283,2,147,0,1430,GasA,5,1,SBrkr,1647,0,0,1647,1,0,2,0,3,1,4,7,Typ,1,3,Attchd,1977.0,3,2,621,3,3,Y,0,0,0,0,0,0,0,nan,nan,0,3,2006,WD,Normal,3077,29,29,3.0,0,1,1,1,0,5.5,217500
160,RM,24.0,1950,Pave,nan,4,Lvl,AllPub,Inside,3,Blueste,Norm,Norm,Twnhs,2Story,6,6,1980,1980,Gable,CompShg,MetalSd,MetalSd,BrkFace,0.0,3,4,CBlock,4,3,1,2,81,6,612,23,716,GasA,3,1,SBrkr,716,840,0,1556,1,0,2,1,3,1,3,6,Typ,1,3,Attchd,1980.0,3,2,452,3,3,Y,161,0,0,0,0,0,0,GdPrv,nan,0,7,2008,COD,Normal,2272,28,28,3.5,0,1,1,1,0,6.0,151000
60,RL,74.0,10927,Pave,nan,4,Lvl,AllPub,Inside,3,NridgHt,Norm,Norm,1Fam,2Story,8,5,2005,2005,Gable,CompShg,VinylSd,VinylSd,BrkFace,280.0,4,3,PConc,4,3,3,6,546,1,0,512,1058,GasA,5,1,SBrkr,1058,846,0,1904,1,0,2,1,3,1,5,8,Typ,1,4,BuiltIn,2003.0,3,2,736,3,3,Y,179,60,0,0,0,0,0,nan,nan,0,6,2006,WD,Normal,2962,1,1,3.5,60,1,1,1,0,6.5,275000
50,RM,50.0,9000,Pave,nan,4,Bnk,AllPub,Inside,3,IDOTRR,Norm,Norm,1Fam,1.5Fin,6,6,1937,1950,Gable,CompShg,Wd Sdng,Wd Sdng,BrkFace,0.0,3,4,PConc,3,3,1,1,0,1,0,780,780,GasA,3,1,SBrkr,780,595,0,1375,0,0,1,1,3,1,4,6,Typ,1,4,Detchd,1979.0,1,1,544,3,3,P,0,162,0,0,126,0,0,nan,nan,0,12,2007,WD,Normal,2155,70,57,1.5,288,1,1,1,0,6.0,141000
60,RL,80.0,10041,Pave,nan,3,Lvl,AllPub,Inside,3,SawyerW,Norm,Norm,1Fam,2Story,8,5,1992,1992,Gable,CompShg,HdBoard,HdBoard,BrkFace,0.0,4,3,PConc,4,3,2,6,789,1,0,119,908,GasA,5,1,SBrkr,927,988,0,1915,1,0,2,1,3,1,4,8,Typ,1,3,Attchd,1992.0,3,2,506,3,3,Y,120,150,0,0,0,0,0,nan,nan,0,2,2006,WD,Abnorml,2823,14,14,3.5,150,1,1,1,0,6.5,220000
160,FV,30.0,3182,Pave,Pave,4,Lvl,AllPub,Inside,3,Somerst,Norm,Norm,TwnhsE,2Story,7,5,2004,2005,Gable,CompShg,MetalSd,MetalSd,BrkFace,0.0,4,3,PConc,4,3,1,1,0,1,0,600,600,GasA,5,1,SBrkr,600,600,0,1200,0,0,2,1,2,1,4,4,Typ,0,0,Detchd,2004.0,2,2,480,3,3,Y,0,172,0,0,0,0,0,nan,nan,0,6,2010,WD,Normal,1800,6,5,2.5,172,1,1,0,0,6.0,151000
20,RL,88.0,12803,Pave,nan,3,Lvl,AllPub,Inside,3,CollgCr,Norm,Norm,1Fam,1Story,7,5,2002,2002,Gable,CompShg,VinylSd,VinylSd,BrkFace,99.0,4,3,PConc,4,3,2,6,922,1,0,572,1494,GasA,5,1,SBrkr,1494,0,0,1494,1,0,2,0,3,1,4,6,Typ,1,3,Attchd,2002.0,2,2,530,3,3,Y,192,36,0,0,0,0,0,nan,nan,0,9,2008,WD,Normal,2988,6,6,3.0,36,1,1,1,0,6.0,221000
60,RL,85.0,13600,Pave,nan,4,Lvl,AllPub,Inside,3,NAmes,Norm,Norm,1Fam,2Story,7,6,1965,1990,Gable,CompShg,HdBoard,HdBoard,BrkFace,176.0,3,3,CBlock,3,3,1,4,454,1,0,314,768,GasA,3,1,SBrkr,1186,800,0,1986,0,0,2,1,3,1,3,7,Typ,3,2,Attchd,1965.0,1,2,486,3,3,Y,0,42,0,0,189,0,0,nan,nan,0,10,2009,WD,Normal,2754,44,19,2.5,231,1,1,1,0,6.5,205000
20,RL,82.0,12464,Pave,nan,2,Low,AllPub,Corner,2,CollgCr,Norm,Norm,1Fam,1Story,5,5,1996,1996,Gable,CompShg,VinylSd,VinylSd,BrkFace,0.0,3,4,PConc,4,3,1,6,732,1,0,308,1040,GasA,4,1,SBrkr,1040,0,0,1040,1,0,1,0,3,1,4,6,Typ,0,0,Detchd,2000.0,1,2,576,3,3,Y,168,0,0,0,0,0,0,GdPrv,nan,0,11,2009,WD,Normal,2080,13,13,2.0,0,1,1,0,0,5.0,152000
20,RL,78.0,7800,Pave,nan,4,Bnk,AllPub,Inside,2,Edwards,Norm,Norm,1Fam,2Story,5,8,1948,2002,Gable,CompShg,MetalSd,MetalSd,BrkFace,0.0,3,4,CBlock,3,4,1,6,603,1,0,293,896,GasA,5,1,SBrkr,1112,896,0,2008,1,0,3,0,3,1,5,8,Typ,0,0,Attchd,1948.0,1,1,230,3,3,Y,103,0,0,0,0,0,0,nan,nan,0,8,2006,WD,Normal,2904,58,4,4.0,0,1,1,0,0,6.5,225000
70,RL,78.0,12168,Pave,nan,4,HLS,AllPub,Inside,2,Crawfor,Norm,Norm,1Fam,2Story,8,6,1934,1998,Gable,CompShg,BrkFace,Wd Sdng,BrkFace,0.0,3,3,PConc,4,3,2,4,428,1,0,537,965,GasA,3,1,SBrkr,1940,1254,0,3194,0,0,2,1,4,1,3,10,Typ,2,4,Basment,1934.0,1,2,380,3,3,Y,0,0,0,0,0,0,0,nan,nan,0,9,2007,WD,Alloca,4159,73,9,2.5,0,1,1,1,0,7.0,359100
20,RL,61.0,7943,Pave,nan,4,Lvl,AllPub,Inside,3,Sawyer,Feedr,Norm,1Fam,1Story,4,5,1961,1961,Gable,CompShg,VinylSd,VinylSd,BrkCmn,192.0,3,2,CBlock,3,3,2,3,903,1,0,126,1029,GasA,4,1,SBrkr,1029,0,0,1029,1,0,1,0,3,1,3,5,Typ,0,0,Attchd,1961.0,1,1,261,3,3,Y,64,0,39,0,0,0,0,nan,nan,0,4,2007,WD,Normal,2058,46,46,2.0,39,1,1,0,0,4.5,118500
60,RL,69.0,11050,Pave,nan,4,Lvl,AllPub,Inside,3,CollgCr,PosN,Norm,1Fam,2Story,9,5,2000,2000,Hip,CompShg,VinylSd,VinylSd,BrkFace,204.0,4,3,PConc,5,3,2,6,904,1,0,536,1440,GasA,5,1,SBrkr,1476,677,0,2153,1,0,2,1,3,1,5,8,Typ,2,5,Attchd,2000.0,3,3,736,3,3,Y,253,142,0,0,0,0,0,nan,nan,0,5,2009,WD,Normal,3593,9,9,3.5,142,1,1,1,0,7.0,313000
80,RL,69.0,10395,Pave,nan,3,Lvl,AllPub,FR2,3,NWAmes,Norm,Norm,1Fam,SLvl,6,6,1978,1978,Gable,CompShg,HdBoard,HdBoard,BrkFace,233.0,3,3,CBlock,4,3,3,5,605,1,0,427,1032,GasA,3,1,SBrkr,1032,0,0,1032,0,1,2,0,3,1,3,6,Typ,1,3,Attchd,1978.0,1,2,564,3,3,Y,0,0,0,0,0,0,0,MnPrv,Shed,500,7,2007,WD,Normal,2064,29,29,2.5,0,1,1,1,0,6.0,148000
60,RL,69.0,11885,Pave,nan,4,Lvl,AllPub,Inside,3,CollgCr,Norm,Norm,1Fam,2Story,8,5,2001,2001,Gable,CompShg,VinylSd,VinylSd,BrkFace,108.0,4,3,PConc,4,3,3,6,990,1,0,309,1299,GasA,5,1,SBrkr,1299,573,0,1872,1,0,2,1,3,1,5,7,Typ,1,3,BuiltIn,2001.0,2,2,531,3,3,Y,160,122,0,0,0,0,0,nan,nan,0,11,2009,WD,Normal,3171,8,8,3.5,122,1,1,1,0,6.5,261500
20,RL,70.0,8402,Pave,nan,4,Lvl,AllPub,Inside,3,Mitchel,Feedr,Norm,1Fam,1Story,5,5,2007,2007,Gable,CompShg,VinylSd,VinylSd,BrkFace,0.0,3,3,PConc,4,3,1,5,206,1,0,914,1120,GasA,5,1,SBrkr,1120,0,0,1120,0,0,1,0,3,1,3,6,Typ,0,0,nan,1980.0,0,0,0,0,0,Y,0,30,0,0,0,0,0,nan,nan,0,12,2007,New,Partial,2240,0,0,1.0,30,0,1,0,0,5.0,147000
180,RM,21.0,1491,Pave,nan,4,Lvl,AllPub,Inside,3,MeadowV,Norm,Norm,TwnhsE,SFoyer,4,6,1972,1972,Gable,CompShg,CemntBd,CmentBd,BrkFace,0.0,3,3,CBlock,4,3,3,2,150,6,480,0,630,GasA,5,1,SBrkr,630,0,0,630,1,0,1,0,1,1,3,3,Typ,0,0,nan,1980.0,0,0,0,0,0,Y,96,24,0,0,0,0,0,nan,nan,0,5,2010,WD,Normal,1260,38,38,2.0,24,0,1,0,0,5.0,75500
85,RL,80.0,8800,Pave,nan,4,Lvl,AllPub,Inside,3,NAmes,Feedr,Norm,1Fam,SFoyer,6,7,1963,1963,Gable,CompShg,MetalSd,MetalSd,BrkFace,156.0,3,4,PConc,3,3,4,6,763,1,0,173,936,GasA,5,1,SBrkr,1054,0,0,1054,1,0,1,0,3,1,4,6,Typ,0,0,Attchd,1963.0,2,2,480,3,3,Y,120,0,0,0,0,0,0,MnPrv,nan,0,5,2010,WD,Abnorml,1990,47,47,2.0,0,1,1,0,0,6.5,137500
60,RL,69.0,7861,Pave,nan,3,Lvl,AllPub,Inside,3,Gilbert,Norm,Norm,1Fam,2Story,6,5,2002,2003,Gable,CompShg,VinylSd,VinylSd,BrkFace,0.0,4,3,PConc,4,3,1,6,457,1,0,326,783,GasA,5,1,SBrkr,807,702,0,1509,1,0,2,1,3,1,4,7,Typ,1,4,Attchd,2002.0,3,2,393,3,3,Y,100,75,0,0,0,0,0,nan,nan,0,6,2006,WD,Normal,2292,4,3,3.5,75,1,1,1,0,5.5,183200
45,RL,59.0,7227,Pave,nan,4,HLS,AllPub,Corner,2,NAmes,Artery,Norm,1Fam,1.5Unf,6,6,1954,1954,Gable,CompShg,MetalSd,MetalSd,BrkFace,0.0,3,3,CBlock,3,3,1,1,0,1,0,832,832,GasA,4,1,SBrkr,832,0,0,832,0,0,1,0,2,1,4,4,Typ,0,0,Detchd,1962.0,1,2,528,3,3,Y,0,0,0,0,0,0,0,nan,nan,0,6,2008,WD,Normal,1664,54,54,1.0,0,1,1,0,0,6.0,105500
20,RL,90.0,11694,Pave,nan,4,Lvl,AllPub,Inside,3,NridgHt,Norm,Norm,1Fam,1Story,9,5,2007,2007,Hip,CompShg,CemntBd,CmentBd,BrkFace,452.0,5,3,PConc,5,3,3,6,48,1,0,1774,1822,GasA,5,1,SBrkr,1828,0,0,1828,0,0,2,0,3,1,4,9,Typ,1,4,Attchd,2007.0,1,3,774,3,3,Y,0,108,0,0,260,0,0,nan,nan,0,7,2007,New,Partial,3650,0,0,2.0,368,1,1,1,0,7.0,314813
60,RL,85.0,12244,Pave,nan,4,Lvl,AllPub,Inside,3,Timber,Norm,Norm,1Fam,2Story,8,5,2003,2003,Hip,CompShg,VinylSd,VinylSd,Stone,226.0,4,3,PConc,4,3,4,6,871,1,0,611,1482,GasA,5,1,SBrkr,1482,780,0,2262,1,0,2,1,4,1,4,10,Typ,2,4,Attchd,2003.0,3,3,749,3,3,Y,168,0,0,0,0,0,0,nan,nan,0,8,2008,WD,Normal,3744,5,5,3.5,0,1,1,1,0,6.5,305000
30,RL,45.0,8248,Pave,Grvl,4,Lvl,AllPub,Inside,3,Edwards,Norm,Norm,1Fam,1Story,3,3,1914,1950,Gable,CompShg,Stucco,Stucco,BrkFace,0.0,3,3,BrkTil,3,3,1,4,41,1,0,823,864,GasA,3,0,FuseF,864,0,0,864,1,0,1,0,2,1,3,5,Typ,0,0,nan,1980.0,0,0,0,0,0,N,0,0,100,0,0,0,0,nan,nan,0,9,2008,WD,Normal,1728,94,58,2.0,100,0,1,0,0,3.0,67000
60,RL,90.0,10800,Pave,nan,4,Lvl,AllPub,Inside,3,NWAmes,Norm,Norm,1Fam,2Story,6,7,1974,1997,Gable,CompShg,HdBoard,HdBoard,BrkFace,0.0,3,3,CBlock,3,3,1,5,956,3,182,384,1522,GasA,3,1,SBrkr,1548,1066,0,2614,0,0,2,1,4,1,3,9,Typ,1,3,Attchd,1974.0,2,2,624,3,3,Y,38,243,0,0,0,0,0,nan,nan,0,6,2008,WD,Normal,4136,34,11,2.5,243,1,1,1,0,6.5,240000
20,RL,71.0,7064,Pave,nan,4,Lvl,AllPub,Inside,3,Sawyer,Norm,Norm,1Fam,1Story,5,6,1977,1977,Gable,CompShg,Plywood,Plywood,BrkFace,153.0,3,3,CBlock,3,3,1,4,560,1,0,420,980,GasA,3,1,SBrkr,980,0,0,980,0,0,1,0,3,1,3,6,Typ,0,0,Detchd,1986.0,1,2,484,3,3,Y,192,0,0,0,0,0,0,nan,nan,0,7,2009,WD,Normal,1960,32,32,1.0,0,1,1,0,0,5.5,135000
160,FV,69.0,2117,Pave,nan,4,Lvl,AllPub,Inside,3,Somerst,Norm,Norm,TwnhsE,2Story,6,5,2000,2000,Gable,CompShg,MetalSd,MetalSd,BrkFace,513.0,4,3,PConc,4,3,1,6,420,1,0,336,756,GasA,5,1,SBrkr,756,756,0,1512,0,0,2,1,2,1,4,4,Typ,1,3,Detchd,2000.0,1,2,440,3,3,Y,0,32,0,0,0,0,0,nan,nan,0,6,2007,WD,Normal,2268,7,7,2.5,32,1,1,1,0,5.5,168500
60,RL,80.0,10400,Pave,nan,4,Lvl,AllPub,Inside,3,NWAmes,Norm,Norm,1Fam,2Story,6,5,1972,1972,Gable,CompShg,VinylSd,VinylSd,BrkFace,288.0,3,3,CBlock,3,3,1,3,247,1,0,485,732,GasA,4,1,SBrkr,1012,778,0,1790,1,0,1,2,4,1,3,8,Min2,1,3,Attchd,1972.0,2,2,484,3,3,Y,148,0,0,0,147,0,0,nan,nan,0,11,2006,WD,Normal,2522,34,34,3.0,147,1,1,1,0,5.5,165150
20,RL,87.0,10000,Pave,nan,3,Lvl,AllPub,Corner,3,NAmes,Norm,Norm,1Fam,1Story,6,6,1962,1962,Hip,CompShg,Wd Sdng,Wd Sdng,BrkFace,261.0,3,3,CBlock,3,3,1,1,0,1,0,1116,1116,GasA,3,1,SBrkr,1116,0,0,1116,0,0,1,1,3,1,3,5,Typ,0,0,Attchd,1962.0,1,2,440,3,3,Y,0,0,0,0,385,0,0,nan,nan,0,2,2010,WD,Normal,2232,48,48,1.5,385,1,1,0,0,6.0,160000
20,RL,69.0,12342,Pave,nan,3,Lvl,AllPub,Inside,3,NAmes,Norm,Norm,1Fam,1Story,5,5,1960,1978,Hip,CompShg,Wd Sdng,Wd Sdng,BrkFace,0.0,3,3,CBlock,3,3,1,1,0,1,0,978,978,GasA,3,1,SBrkr,1422,0,0,1422,0,0,1,0,3,1,3,6,Min1,1,3,Attchd,1960.0,2,1,286,3,3,Y,0,0,36,0,0,0,0,GdWo,Shed,600,8,2007,WD,Normal,2400,47,29,1.0,36,1,1,1,0,5.0,139900
80,RL,80.0,9600,Pave,nan,4,Lvl,AllPub,Inside,3,NAmes,Norm,Norm,1Fam,SLvl,6,6,1955,1972,Gable,CompShg,AsbShng,AsbShng,BrkFace,164.0,3,3,CBlock,3,3,3,4,674,2,132,350,1156,GasA,5,1,SBrkr,1520,0,0,1520,1,0,1,0,3,1,3,7,Typ,2,4,Basment,1955.0,2,1,364,3,3,Y,0,0,189,0,0,0,0,nan,nan,0,3,2010,WD,Normal,2676,55,38,2.0,189,1,1,1,0,6.0,153000
60,RL,70.0,11606,Pave,nan,3,HLS,AllPub,Inside,1,NAmes,Norm,Norm,1Fam,2Story,5,5,1969,1969,Gable,CompShg,Plywood,Plywood,BrkFace,192.0,3,3,PConc,4,3,3,3,650,1,0,390,1040,GasA,3,1,SBrkr,1040,1040,0,2080,0,1,1,2,5,1,2,9,Typ,2,3,Attchd,1969.0,1,2,504,3,3,Y,335,0,0,0,0,0,0,nan,nan,0,9,2007,WD,Family,3120,38,38,2.5,0,1,1,1,0,5.0,135000
80,RL,82.0,9020,Pave,nan,4,Lvl,AllPub,Corner,3,NAmes,Feedr,Norm,1Fam,SLvl,6,5,1964,1964,Gable,WdShngl,Plywood,Wd Sdng,BrkFace,259.0,3,3,CBlock,3,3,4,6,624,3,336,288,1248,GasA,3,1,SBrkr,1350,0,0,1350,1,0,1,1,3,1,3,6,Typ,0,0,Attchd,1964.0,2,2,520,3,3,Y,176,0,0,0,0,0,0,GdPrv,nan,0,6,2008,WD,Normal,2598,44,44,2.5,0,1,1,0,0,5.5,168500
70,RM,50.0,9000,Pave,Grvl,4,Lvl,AllPub,Corner,3,OldTown,Artery,Norm,1Fam,2Story,5,6,1880,1991,Gable,CompShg,VinylSd,VinylSd,BrkFace,0.0,3,3,BrkTil,2,2,1,1,0,1,0,636,636,GasA,3,1,FuseA,1089,661,0,1750,0,0,1,0,3,1,5,8,Typ,0,0,Detchd,1937.0,1,1,240,2,1,N,0,0,293,0,0,0,0,MnPrv,nan,0,6,2006,WD,Abnorml,2386,126,15,1.0,293,1,1,0,0,5.5,124000
120,RL,34.0,4590,Pave,nan,4,Lvl,AllPub,Inside,3,NridgHt,Norm,Norm,Twnhs,1Story,8,5,2006,2006,Gable,CompShg,VinylSd,VinylSd,Stone,108.0,4,3,PConc,4,4,2,6,24,1,0,1530,1554,GasA,5,1,SBrkr,1554,0,0,1554,0,0,2,0,2,1,4,6,Typ,1,4,Attchd,2006.0,2,2,627,3,3,Y,156,73,0,0,0,0,0,nan,nan,0,8,2007,WD,Normal,3108,1,1,2.0,73,1,1,1,0,6.5,209500
20,RL,85.0,11900,Pave,nan,4,Lvl,AllPub,Inside,3,NWAmes,Norm,Norm,1Fam,1Story,7,5,1977,1977,Hip,CompShg,Plywood,Plywood,BrkFace,209.0,3,4,CBlock,3,3,1,5,822,1,0,564,1386,GasA,3,1,SBrkr,1411,0,0,1411,0,0,2,0,3,1,3,6,Typ,1,3,Attchd,1977.0,3,2,544,3,3,Y,192,0,0,0,0,0,0,nan,nan,0,4,2009,WD,Family,2797,32,32,2.0,0,1,1,1,0,6.0,82500
20,RL,80.0,9250,Pave,nan,4,Lvl,AllPub,Corner,3,NAmes,Norm,Norm,1Fam,1Story,5,7,1954,2005,Gable,CompShg,Wd Sdng,Wd Sdng,BrkFace,0.0,3,3,CBlock,3,3,1,4,480,2,468,108,1056,GasA,3,1,SBrkr,1056,0,0,1056,0,1,1,0,3,1,3,6,Typ,0,0,Attchd,1954.0,1,1,260,3,3,Y,390,0,0,0,0,0,0,nan,nan,0,7,2007,WD,Normal,2112,53,2,1.5,0,1,1,0,0,6.0,139400
90,RL,64.0,6979,Pave,nan,4,Lvl,AllPub,Inside,3,OldTown,Norm,Norm,Duplex,SFoyer,6,5,1980,1980,Gable,CompShg,Plywood,Plywood,BrkFace,0.0,3,3,CBlock,3,3,1,6,1056,1,0,0,1056,GasA,4,1,SBrkr,1056,0,0,1056,2,0,0,0,0,2,3,4,Typ,0,0,Detchd,1980.0,1,2,576,3,3,Y,264,56,0,0,0,0,0,GdPrv,Shed,600,6,2010,WD,Normal,2112,30,30,2.0,56,1,1,0,0,5.5,144000
190,RH,60.0,10896,Pave,Pave,4,Bnk,AllPub,Inside,3,SWISU,Feedr,Norm,2fmCon,2.5Fin,6,7,1914,1995,Hip,CompShg,VinylSd,VinylSd,BrkFace,0.0,2,3,CBlock,3,2,1,2,256,1,0,1184,1440,GasA,5,1,FuseA,1440,1440,515,3395,0,0,2,0,8,2,2,14,Typ,0,0,nan,1980.0,0,0,0,0,0,N,0,110,0,0,0,0,0,nan,nan,0,3,2007,WD,Abnorml,4320,93,12,2.0,110,0,1,0,0,6.5,200000
30,RM,51.0,6120,Pave,nan,4,Lvl,AllPub,Inside,3,BrkSide,Norm,Norm,1Fam,1Story,2,3,1936,1950,Gable,CompShg,AsbShng,AsbShng,BrkFace,0.0,2,2,BrkTil,3,2,1,1,0,1,0,264,264,Grav,2,0,FuseA,800,0,0,800,0,0,1,0,1,1,2,4,Maj1,1,1,nan,1980.0,0,0,0,0,0,N,0,0,0,0,0,0,0,nan,nan,0,1,2009,ConLw,Normal,1064,73,59,1.0,0,0,1,1,0,2.5,60000
190,RM,50.0,6000,Pave,nan,4,Lvl,AllPub,Inside,3,OldTown,Norm,Norm,2fmCon,1.5Fin,5,4,1954,1954,Gable,CompShg,Wd Sdng,Wd Sdng,BrkFace,0.0,3,3,CBlock,3,3,1,1,0,1,0,811,811,GasA,3,1,FuseA,811,576,0,1387,0,0,2,0,3,2,4,7,Typ,0,0,BuiltIn,1954.0,1,1,256,3,3,Y,0,0,0,0,0,0,0,nan,nan,0,11,2009,WD,Normal,2198,55,55,2.0,0,1,1,0,0,4.5,93000
30,RL,67.0,8777,Pave,nan,4,Lvl,AllPub,Inside,3,Edwards,Feedr,Norm,1Fam,1Story,5,7,1910,1950,Gable,CompShg,MetalSd,Wd Sdng,BrkFace,0.0,3,3,CBlock,2,3,1,1,0,1,0,796,796,GasA,4,1,FuseA,796,0,0,796,0,0,1,0,2,1,3,4,Typ,0,0,nan,1980.0,0,0,0,0,0,P,328,0,164,0,0,0,0,MnPrv,nan,0,5,2008,WD,Normal,1592,98,58,1.0,164,0,1,0,0,6.0,85000
120,RL,53.0,3982,Pave,nan,4,Lvl,AllPub,Inside,3,Blmngtn,Norm,Norm,TwnhsE,1Story,8,5,2006,2006,Hip,CompShg,VinylSd,VinylSd,BrkFace,0.0,4,3,PConc,4,4,3,6,1154,1,0,366,1520,GasA,5,1,SBrkr,1567,0,0,1567,1,0,2,0,1,1,5,7,Typ,1,4,Attchd,2006.0,3,3,648,3,3,Y,312,0,0,0,0,0,0,nan,nan,0,10,2006,New,Partial,3087,0,0,3.0,0,1,1,1,0,6.5,264561
120,RL,62.0,12677,Pave,nan,3,Lvl,AllPub,Inside,3,NridgHt,Norm,Norm,TwnhsE,1Story,8,5,2003,2004,Hip,CompShg,MetalSd,MetalSd,BrkFace,472.0,5,3,PConc,5,3,4,6,1218,1,0,300,1518,GasA,5,1,SBrkr,1518,0,0,1518,0,0,1,1,1,1,5,6,Typ,1,4,Attchd,2003.0,2,2,588,3,3,Y,185,140,0,0,0,0,0,nan,nan,0,4,2008,WD,Normal,3036,5,4,1.5,140,1,1,1,0,6.5,274000
60,FV,69.0,7050,Pave,nan,4,Lvl,AllPub,Inside,3,Somerst,Norm,Norm,1Fam,2Story,7,5,2001,2001,Gable,CompShg,VinylSd,VinylSd,BrkFace,0.0,4,3,PConc,4,3,1,6,738,1,0,319,1057,GasA,5,1,SBrkr,1057,872,0,1929,1,0,2,1,3,1,4,7,Typ,1,3,Attchd,2001.0,3,2,650,3,3,Y,0,235,0,0,0,0,0,nan,nan,0,5,2007,WD,Normal,2986,6,6,3.5,235,1,1,1,0,6.0,226000
80,RL,75.0,13860,Pave,nan,4,Lvl,AllPub,Inside,3,NAmes,Norm,Norm,1Fam,SLvl,8,7,1972,1995,Gable,CompShg,Plywood,Wd Sdng,BrkFace,0.0,4,3,CBlock,4,3,4,6,1410,1,0,542,1952,GasA,4,1,SBrkr,2000,704,0,2704,1,0,2,1,4,1,5,9,Typ,3,3,Attchd,1972.0,3,2,538,3,3,Y,269,111,0,0,0,0,0,MnPrv,nan,0,7,2009,WD,Normal,4656,37,14,3.5,111,1,1,1,0,7.5,345000
60,RL,80.0,10793,Pave,nan,4,Lvl,AllPub,Inside,3,NWAmes,RRAn,Norm,1Fam,2Story,5,5,1969,1969,Mansard,CompShg,WdShing,HdBoard,BrkFace,263.0,3,3,CBlock,3,3,1,3,493,4,287,0,780,GasA,5,1,SBrkr,780,840,0,1620,0,0,2,1,4,1,3,7,Min1,0,0,Attchd,1969.0,3,2,462,3,3,Y,208,0,0,0,0,0,0,GdWo,nan,0,4,2007,WD,Normal,2400,38,38,2.5,0,1,1,0,0,5.0,152000
20,FV,85.0,9187,Pave,nan,4,Lvl,AllPub,Inside,3,Somerst,Norm,Norm,1Fam,1Story,9,5,2009,2009,Gable,CompShg,CemntBd,CmentBd,Stone,162.0,5,3,PConc,5,3,2,6,1121,1,0,645,1766,GasA,5,1,SBrkr,1766,0,0,1766,1,0,2,1,2,1,5,7,Typ,1,4,Attchd,2009.0,3,3,478,3,3,Y,195,130,0,0,0,0,0,nan,nan,0,10,2009,New,Partial,3532,0,0,3.5,130,1,1,1,0,7.0,370878
20,RL,69.0,10530,Pave,nan,3,Lvl,AllPub,Corner,3,NAmes,Norm,Norm,1Fam,1Story,6,5,1971,1971,Hip,CompShg,Plywood,Plywood,BrkFace,0.0,3,3,CBlock,3,3,1,5,282,2,35,664,981,GasA,3,1,SBrkr,981,0,0,981,1,0,1,1,3,1,3,5,Typ,0,0,Detchd,1979.0,1,2,576,3,3,Y,0,312,40,0,0,0,0,nan,nan,0,3,2007,WD,Normal,1962,36,36,2.5,352,1,1,0,0,5.5,143250
20,RL,60.0,7200,Pave,nan,4,Lvl,AllPub,Inside,3,NAmes,Norm,Norm,1Fam,1Story,5,5,1950,1950,Hip,CompShg,MetalSd,MetalSd,BrkFace,0.0,3,3,CBlock,0,0,0,0,0,0,0,0,0,GasA,4,1,SBrkr,1048,0,0,1048,0,0,1,0,3,1,3,7,Min1,0,0,Detchd,1950.0,1,2,420,3,3,Y,0,27,0,0,0,0,0,nan,nan,0,7,2008,WD,Normal,1048,58,58,1.0,27,1,0,0,0,5.0,98300
20,RL,85.0,10452,Pave,nan,3,Lvl,AllPub,Inside,3,Edwards,Norm,Norm,1Fam,1Story,6,5,1953,1953,Hip,CompShg,Wd Sdng,Wd Sdng,Stone,216.0,3,3,CBlock,3,3,2,3,500,1,0,594,1094,GasA,5,1,SBrkr,1094,0,0,1094,0,0,1,0,3,1,3,5,Typ,2,4,Attchd,1953.0,2,2,495,3,3,Y,0,0,0,0,287,0,0,nan,nan,0,6,2008,WD,Normal,2188,55,55,1.0,287,1,1,1,0,5.5,155000
60,RL,70.0,7700,Pave,nan,4,Lvl,AllPub,Inside,3,NAmes,PosN,Norm,1Fam,2Story,6,5,1966,1966,Gable,CompShg,MetalSd,MetalSd,BrkFace,351.0,3,3,CBlock,3,3,1,1,0,1,0,756,756,GasA,3,1,SBrkr,1051,788,0,1839,0,0,1,1,4,1,3,7,Typ,1,3,Attchd,1966.0,1,2,442,3,3,Y,0,124,216,0,0,0,0,nan,nan,0,6,2010,WD,Normal,2595,44,44,1.5,340,1,1,1,0,5.5,155000
180,RM,21.0,1936,Pave,nan,4,Lvl,AllPub,Inside,3,MeadowV,Norm,Norm,Twnhs,SFoyer,4,6,1970,1970,Gable,CompShg,CemntBd,CmentBd,BrkFace,0.0,3,3,CBlock,4,3,3,4,131,6,499,0,630,GasA,4,1,SBrkr,630,0,0,630,1,0,1,0,1,1,3,3,Typ,0,0,nan,1980.0,0,0,0,0,0,Y,0,0,0,0,0,0,0,MnPrv,nan,0,12,2007,WD,Normal,1260,37,37,2.0,0,0,1,0,0,5.0,84500
60,FV,65.0,8125,Pave,nan,4,Lvl,AllPub,Inside,3,Somerst,Norm,Norm,1Fam,2Story,7,6,2007,2007,Gable,CompShg,CemntBd,CmentBd,BrkFace,0.0,4,3,PConc,4,3,1,1,0,1,0,813,813,GasA,5,1,SBrkr,822,843,0,1665,0,0,2,1,3,1,4,7,Typ,0,0,Attchd,2007.0,2,2,562,3,3,Y,0,0,0,0,0,0,0,nan,nan,0,5,2008,WD,Normal,2478,1,1,2.5,0,1,1,0,0,6.5,205950
70,RL,60.0,9084,Pave,nan,4,Lvl,AllPub,Inside,3,Edwards,Artery,Norm,1Fam,2Story,4,5,1940,1950,Gable,CompShg,MetalSd,MetalSd,BrkFace,0.0,3,3,CBlock,3,3,2,1,0,1,0,755,755,GasA,3,1,SBrkr,755,755,0,1510,1,0,1,0,4,1,3,7,Typ,1,4,Detchd,1940.0,1,1,296,2,1,P,120,0,0,0,0,0,0,MnPrv,nan,0,10,2009,WD,Normal,2265,69,59,2.0,0,1,1,1,0,4.5,108000
60,RL,70.0,8750,Pave,nan,4,Lvl,AllPub,Inside,3,CollgCr,Norm,Norm,1Fam,2Story,7,5,1996,1996,Gable,CompShg,VinylSd,VinylSd,BrkFace,0.0,4,3,PConc,4,3,1,1,0,1,0,880,880,GasA,5,1,SBrkr,909,807,0,1716,0,0,2,1,2,1,4,7,Typ,1,3,Attchd,1996.0,2,2,512,3,3,Y,0,120,0,0,0,0,0,nan,nan,0,7,2009,WD,Normal,2596,13,13,2.5,120,1,1,1,0,6.0,191000
50,RM,60.0,10320,Pave,Grvl,4,Lvl,AllPub,Inside,3,IDOTRR,Norm,Norm,1Fam,1.5Fin,6,7,1906,1995,Gable,CompShg,MetalSd,MetalSd,BrkFace,0.0,3,3,CBlock,3,3,1,1,0,1,0,756,756,GasA,5,1,SBrkr,756,713,0,1469,0,0,1,0,3,1,3,7,Typ,0,0,Detchd,1906.0,1,1,216,3,3,Y,57,0,239,0,0,0,0,MnPrv,nan,0,6,2008,WD,Normal,2225,102,13,1.0,239,1,1,0,0,6.5,135000
20,RL,91.0,10437,Pave,nan,3,Lvl,AllPub,Inside,3,NoRidge,Norm,Norm,1Fam,1Story,8,6,1995,1995,Hip,CompShg,MetalSd,MetalSd,BrkFace,660.0,4,4,PConc,4,3,4,6,1696,1,0,413,2109,GasA,5,1,SBrkr,2113,0,0,2113,1,0,2,1,2,1,4,7,Typ,1,3,Attchd,1995.0,3,3,839,3,3,Y,236,46,0,0,0,0,0,nan,nan,0,8,2008,WD,Normal,4222,13,13,3.5,46,1,1,1,0,7.0,350000
160,RM,21.0,1680,Pave,nan,4,Lvl,AllPub,Inside,3,BrDale,Norm,Norm,Twnhs,2Story,6,5,1971,1971,Gable,CompShg,HdBoard,ImStucc,BrkFace,381.0,3,3,CBlock,3,3,1,1,0,1,0,525,525,GasA,3,1,SBrkr,525,567,0,1092,0,0,1,1,3,1,3,6,Typ,0,0,Detchd,1971.0,1,1,264,3,3,Y,0,0,0,0,0,0,0,nan,nan,0,3,2010,WD,Family,1617,39,39,1.5,0,1,1,0,0,5.5,88000
20,RL,72.0,10007,Pave,nan,3,Lvl,AllPub,Inside,3,NAmes,Norm,Norm,1Fam,1Story,5,7,1959,2006,Gable,CompShg,HdBoard,HdBoard,BrkFace,54.0,4,3,CBlock,3,3,1,5,806,1,0,247,1053,GasA,5,1,SBrkr,1053,0,0,1053,1,0,1,1,3,1,4,5,Typ,0,0,Attchd,1959.0,2,1,312,3,3,Y,0,0,0,0,0,0,0,MnPrv,nan,0,8,2008,WD,Normal,2106,49,2,2.5,0,1,1,0,0,6.0,145500
70,RL,60.0,7200,Pave,nan,4,HLS,AllPub,Inside,2,Crawfor,Norm,Norm,1Fam,2Story,7,6,1931,2000,Gable,CompShg,Stucco,Wd Shng,BrkFace,0.0,3,2,BrkTil,4,3,1,1,0,1,0,776,776,GasA,3,1,SBrkr,851,651,0,1502,0,0,1,1,3,1,3,6,Typ,1,4,Attchd,1931.0,2,1,270,3,3,P,0,0,112,0,0,0,0,MnPrv,nan,0,2,2008,WD,Normal,2278,77,8,1.5,112,1,1,1,0,6.5,149000
50,RL,78.0,17503,Pave,nan,4,Lvl,AllPub,Inside,3,NAmes,Artery,Norm,1Fam,1.5Fin,6,5,1948,1950,Gable,CompShg,VinylSd,VinylSd,BrkFace,0.0,3,3,CBlock,3,3,1,1,0,1,0,912,912,GasA,3,1,SBrkr,912,546,0,1458,0,1,1,0,3,1,3,6,Typ,1,4,Attchd,1948.0,1,1,330,3,3,Y,192,0,0,0,0,0,0,nan,nan,0,1,2010,WD,Abnorml,2370,62,60,1.5,0,1,1,1,0,5.5,97500
20,RL,75.0,9937,Pave,nan,4,Lvl,AllPub,Corner,3,Edwards,Norm,Norm,1Fam,1Story,5,7,1964,1999,Hip,CompShg,MetalSd,MetalSd,BrkFace,0.0,3,4,PConc,3,3,1,4,637,1,0,849,1486,GasA,5,1,SBrkr,1486,0,0,1486,1,0,1,0,3,1,3,7,Typ,0,0,Detchd,1968.0,3,2,480,3,3,Y,0,0,0,0,0,0,0,MnPrv,nan,0,3,2009,WD,Normal,2972,45,10,2.0,0,1,1,0,0,6.0,167000
60,RL,69.0,12384,Pave,nan,4,Lvl,AllPub,CulDSac,3,NWAmes,Norm,Norm,1Fam,2Story,7,7,1976,1976,Gable,CompShg,Plywood,Plywood,BrkFace,233.0,3,3,CBlock,4,3,1,1,0,1,0,793,793,GasA,3,1,SBrkr,1142,793,0,1935,0,0,2,1,3,1,3,7,Typ,1,3,Attchd,1976.0,2,2,550,3,3,Y,0,113,252,0,0,0,0,nan,nan,0,11,2007,WD,Normal,2728,31,31,2.5,365,1,1,1,0,7.0,197900
60,RL,52.0,46589,Pave,nan,2,Lvl,AllPub,CulDSac,3,NoRidge,Norm,Norm,1Fam,2Story,8,7,1994,2005,Hip,CompShg,VinylSd,VinylSd,BrkFace,528.0,4,3,PConc,4,4,1,6,1361,3,180,88,1629,GasA,5,1,SBrkr,1686,762,0,2448,1,0,2,1,4,1,4,8,Typ,1,3,Attchd,1994.0,2,3,711,3,3,Y,517,76,0,0,0,0,0,nan,nan,0,7,2009,WD,Normal,4077,15,4,3.5,76,1,1,1,0,7.5,402000
20,RL,120.0,13560,Pave,nan,4,Lvl,AllPub,Corner,3,NAmes,Norm,Norm,1Fam,1Story,6,3,1968,1968,Hip,CompShg,Wd Sdng,Wd Sdng,BrkFace,216.0,3,3,CBlock,2,2,1,1,0,1,0,1392,1392,GasA,4,1,SBrkr,1392,0,0,1392,1,0,1,0,2,1,3,5,Maj2,2,3,Attchd,1968.0,2,2,576,3,3,Y,0,0,240,0,0,0,0,nan,nan,0,7,2009,WD,Normal,2784,41,41,2.0,240,1,1,1,0,4.5,110000
85,RL,90.0,10012,Pave,nan,4,Lvl,AllPub,Inside,3,Edwards,Norm,Norm,1Fam,SFoyer,4,5,1972,1972,Gable,CompShg,Plywood,Plywood,BrkFace,0.0,3,3,CBlock,4,3,3,4,920,3,180,38,1138,GasA,3,1,SBrkr,1181,0,0,1181,1,0,2,0,3,1,3,6,Typ,0,0,Detchd,1974.0,2,2,588,3,3,Y,0,0,180,0,0,0,0,MnPrv,nan,0,4,2008,WD,Normal,2319,36,36,3.0,180,1,1,0,0,4.5,137500
20,RL,49.0,20896,Pave,nan,2,Lvl,AllPub,CulDSac,3,Somerst,RRAn,Norm,1Fam,1Story,8,5,2005,2006,Gable,CompShg,VinylSd,VinylSd,BrkFace,0.0,4,3,PConc,5,3,2,6,1721,1,0,356,2077,GasA,5,1,SBrkr,2097,0,0,2097,1,0,1,1,1,1,5,8,Typ,1,5,Attchd,2005.0,3,3,1134,3,3,Y,192,267,0,0,0,0,0,nan,nan,0,1,2006,New,Partial,4174,1,0,2.5,267,1,1,1,0,6.5,423000
60,RL,106.0,11194,Pave,nan,3,Lvl,AllPub,Corner,3,Gilbert,Norm,Norm,1Fam,2Story,8,5,2000,2000,Gable,CompShg,VinylSd,VinylSd,BrkFace,40.0,4,3,PConc,4,3,1,1,0,1,0,1406,1406,GasA,5,1,SBrkr,1454,482,0,1936,0,0,2,1,3,1,4,7,Typ,1,3,Attchd,2000.0,2,2,504,3,3,Y,188,124,0,0,0,0,0,nan,nan,0,11,2006,WD,Normal,3342,6,6,2.5,124,1,1,1,0,6.5,230500
60,RL,69.0,18450,Pave,nan,3,Lvl,AllPub,Inside,3,NAmes,Norm,Norm,1Fam,2Story,6,5,1965,1979,Flat,Tar&Grv,Plywood,Plywood,BrkCmn,113.0,3,4,CBlock,4,3,1,2,187,3,723,111,1021,GasA,3,1,SBrkr,1465,915,0,2380,0,0,2,1,3,1,3,7,Sev,1,1,CarPort,1965.0,1,2,596,3,3,Y,0,265,0,0,0,0,0,nan,nan,0,8,2007,WD,Abnorml,3401,42,28,2.5,265,1,1,1,0,5.5,129000
20,RL,65.0,8125,Pave,nan,4,Lvl,AllPub,Inside,3,SawyerW,Norm,Norm,1Fam,1Story,6,5,1994,1998,Gable,CompShg,HdBoard,HdBoard,BrkFace,258.0,3,3,PConc,4,3,1,6,1138,1,0,270,1408,GasA,5,1,SBrkr,1679,0,0,1679,1,0,2,0,3,1,4,7,Typ,1,2,Attchd,1994.0,2,2,575,3,3,Y,224,42,0,0,0,0,0,nan,nan,0,10,2008,WD,Normal,3087,14,10,3.0,42,1,1,1,0,5.5,193500
20,RL,69.0,14175,Pave,nan,4,Bnk,AllPub,Corner,2,Sawyer,Norm,Norm,1Fam,1Story,5,6,1956,1987,Gable,CompShg,CemntBd,Wd Sdng,BrkFace,0.0,3,3,CBlock,3,3,1,3,988,1,0,200,1188,GasA,4,1,SBrkr,1437,0,0,1437,1,0,1,1,3,1,3,6,Min2,1,3,Detchd,1999.0,1,2,576,3,3,Y,304,0,0,0,0,0,0,nan,nan,0,11,2006,WD,Normal,2625,50,19,2.5,0,1,1,1,0,5.5,168000
30,RL,80.0,11600,Pave,nan,4,Lvl,AllPub,Inside,3,Crawfor,Norm,Norm,1Fam,1Story,4,5,1922,1950,Gable,CompShg,MetalSd,MetalSd,BrkFace,0.0,3,3,BrkTil,2,3,1,1,0,1,0,700,700,GasA,5,1,SBrkr,1180,0,0,1180,0,0,1,0,2,1,2,5,Typ,1,4,Detchd,1922.0,1,1,252,3,2,Y,0,0,67,0,0,0,0,nan,nan,0,7,2006,WD,Normal,1880,84,56,1.0,67,1,1,1,0,4.5,137500
60,RL,64.0,8633,Pave,nan,4,Lvl,AllPub,FR2,3,CollgCr,Norm,Norm,1Fam,2Story,6,5,2005,2005,Gable,CompShg,VinylSd,VinylSd,BrkFace,0.0,4,3,PConc,4,3,1,6,193,1,0,545,738,GasA,5,1,SBrkr,738,738,0,1476,1,0,2,1,3,1,4,7,Typ,0,0,Attchd,2005.0,3,2,540,3,3,Y,100,35,0,0,0,0,0,nan,nan,0,2,2009,WD,Normal,2214,4,4,3.5,35,1,1,0,0,5.5,173500
70,RH,54.0,6629,Pave,nan,4,Lvl,AllPub,Inside,3,Edwards,Artery,Norm,1Fam,2Story,6,6,1925,1950,Gambrel,CompShg,Wd Sdng,Wd Sdng,BrkFace,0.0,3,4,BrkTil,3,3,1,4,551,1,0,121,672,GasA,3,0,SBrkr,697,672,0,1369,1,0,2,0,3,1,3,6,Typ,0,0,Detchd,1930.0,1,1,300,3,3,Y,147,0,0,0,0,0,0,nan,nan,0,7,2009,WD,Normal,2041,84,59,3.0,0,1,1,0,0,6.0,103600
20,RL,69.0,11250,Pave,nan,3,Lvl,AllPub,Inside,3,Veenker,Norm,Norm,1Fam,1Story,6,6,1977,1977,Gable,CompShg,Plywood,Plywood,BrkFace,0.0,4,3,CBlock,4,3,1,5,767,1,0,441,1208,GasA,3,1,SBrkr,1208,0,0,1208,1,0,1,1,3,1,3,6,Typ,1,3,Attchd,1977.0,2,2,546,3,3,Y,198,42,0,0,0,0,0,nan,nan,0,6,2006,WD,Normal,2416,29,29,2.5,42,1,1,1,0,6.0,165000
20,RL,110.0,14442,Pave,nan,4,Lvl,AllPub,Inside,3,Crawfor,Norm,Norm,1Fam,1Story,6,7,1957,2004,Hip,CompShg,CemntBd,CmentBd,BrkFace,106.0,3,3,PConc,3,3,1,6,1186,1,0,291,1477,GasA,5,1,SBrkr,1839,0,0,1839,1,0,2,0,3,1,4,7,Typ,2,3,Attchd,1957.0,3,2,416,3,3,Y,0,87,0,0,200,0,0,nan,nan,0,6,2007,WD,Normal,3316,50,3,3.0,287,1,1,1,0,6.5,257500
20,RL,80.0,9200,Pave,nan,4,Lvl,AllPub,Inside,3,NAmes,Norm,Norm,1Fam,1Story,6,6,1965,1965,Gable,CompShg,HdBoard,HdBoard,BrkFace,0.0,3,3,CBlock,3,3,1,3,892,1,0,244,1136,GasA,3,1,SBrkr,1136,0,0,1136,1,0,1,0,3,1,3,5,Typ,1,4,Attchd,1965.0,2,1,384,3,3,Y,426,0,0,0,0,0,0,nan,nan,0,7,2008,WD,Normal,2272,43,43,2.0,0,1,1,1,0,6.0,140000
160,RL,24.0,2289,Pave,nan,4,Lvl,AllPub,Inside,3,NPkVill,Norm,Norm,Twnhs,2Story,6,6,1978,1978,Gable,CompShg,Plywood,Brk Cmn,BrkFace,0.0,3,3,CBlock,3,3,1,5,311,1,0,544,855,GasA,3,1,SBrkr,855,586,0,1441,0,0,2,1,3,1,3,7,Typ,1,3,Attchd,1978.0,1,2,440,3,3,Y,28,0,0,0,0,0,0,nan,nan,0,4,2009,WD,Normal,2296,31,31,2.5,0,1,1,1,0,6.0,148500
70,RM,60.0,9600,Pave,Grvl,4,Lvl,AllPub,Inside,3,OldTown,Norm,Norm,1Fam,2Story,4,2,1900,1950,Gable,CompShg,AsbShng,Stucco,BrkFace,0.0,3,3,BrkTil,3,2,1,1,0,1,0,1095,1095,GasW,2,0,SBrkr,1095,679,0,1774,1,0,2,0,4,2,3,8,Min2,0,0,2Types,1920.0,1,3,779,2,2,N,0,0,90,0,0,0,0,nan,nan,0,5,2006,WD,Normal,2869,106,56,3.0,90,1,1,0,0,3.0,87000
30,RL,52.0,9022,Pave,nan,4,Lvl,AllPub,Inside,3,OldTown,Norm,Norm,1Fam,1Story,5,8,1924,2006,Gable,CompShg,VinylSd,VinylSd,BrkFace,0.0,4,3,BrkTil,3,3,1,1,0,1,0,768,768,GasA,5,1,SBrkr,792,0,0,792,0,0,1,0,2,1,4,5,Typ,0,0,Detchd,1924.0,1,1,240,2,2,N,316,0,120,0,0,0,0,nan,nan,0,5,2009,WD,Normal,1560,85,3,1.0,120,1,1,0,0,6.5,109500
20,RL,80.0,11844,Pave,nan,3,Lvl,AllPub,Inside,3,StoneBr,Norm,Norm,1Fam,1Story,8,5,2008,2008,Hip,CompShg,VinylSd,VinylSd,Stone,464.0,4,3,PConc,5,3,2,1,0,1,0,2046,2046,GasA,5,1,SBrkr,2046,0,0,2046,0,0,2,1,3,1,4,7,Typ,1,4,Attchd,2008.0,3,3,834,3,3,Y,322,82,0,0,0,0,0,nan,nan,0,7,2009,New,Partial,4092,1,1,2.5,82,1,1,1,0,6.5,372500
20,RL,69.0,9945,Pave,nan,3,Lvl,AllPub,Inside,3,Sawyer,Norm,Norm,1Fam,1Story,5,5,1961,1961,Hip,CompShg,Wd Sdng,Wd Sdng,BrkFace,57.0,3,3,CBlock,3,3,1,3,827,1,0,161,988,GasA,3,1,SBrkr,988,0,0,988,1,0,1,0,3,1,3,5,Typ,0,0,Detchd,1963.0,1,2,572,3,3,Y,0,0,0,0,0,0,0,nan,nan,0,10,2007,WD,Normal,1976,46,46,2.0,0,1,1,0,0,5.0,128500
120,RL,50.0,8012,Pave,nan,4,Lvl,AllPub,Inside,3,SawyerW,Norm,Norm,TwnhsE,1Story,6,5,1980,1980,Gable,CompShg,Plywood,Plywood,BrkFace,0.0,3,3,CBlock,4,3,1,4,543,4,119,261,923,GasA,3,1,SBrkr,923,0,0,923,0,0,2,0,2,1,3,5,Typ,1,3,Attchd,1980.0,2,1,264,3,3,Y,80,0,0,0,0,0,0,nan,nan,0,5,2010,WD,Normal,1846,30,30,2.0,0,1,1,1,0,5.5,143000
50,RH,55.0,4500,Pave,Pave,2,Bnk,AllPub,Inside,3,SWISU,Norm,Norm,1Fam,1.5Fin,5,5,1932,2000,Gable,CompShg,VinylSd,Stucco,BrkFace,0.0,3,3,BrkTil,3,3,1,3,182,1,0,611,793,GasA,5,1,SBrkr,848,672,0,1520,0,0,1,0,3,1,3,6,Typ,0,0,Detchd,1968.0,1,1,281,3,3,Y,0,0,56,0,0,0,0,nan,nan,0,7,2009,WD,Abnorml,2313,77,9,1.0,56,1,1,0,0,5.0,159434
120,RL,69.0,2887,Pave,nan,4,HLS,AllPub,Inside,3,ClearCr,Norm,Norm,1Fam,1Story,6,5,1996,1997,Gable,CompShg,Wd Sdng,Wd Sdng,BrkFace,0.0,3,3,PConc,4,3,2,6,1003,1,0,288,1291,GasA,5,1,SBrkr,1291,0,0,1291,1,0,1,0,2,1,4,6,Typ,1,4,Attchd,1996.0,1,2,431,3,3,Y,307,0,0,0,0,0,0,nan,nan,0,11,2008,WD,Normal,2582,12,11,2.0,0,1,1,1,0,5.5,173000
20,RL,90.0,11248,Pave,nan,3,Lvl,AllPub,Corner,3,CollgCr,Norm,Norm,1Fam,1Story,9,5,2002,2002,Hip,CompShg,VinylSd,VinylSd,Stone,215.0,4,3,PConc,4,3,3,6,1059,1,0,567,1626,GasA,5,1,SBrkr,1668,0,0,1668,1,0,2,0,3,1,4,7,Typ,1,3,Attchd,2002.0,3,3,702,3,3,Y,257,45,0,0,0,0,0,nan,nan,0,7,2007,WD,Normal,3294,5,5,3.0,45,1,1,1,0,7.0,285000
60,RL,58.0,16770,Pave,nan,2,Lvl,AllPub,CulDSac,3,NoRidge,Norm,Norm,1Fam,2Story,7,5,1998,1998,Gable,CompShg,VinylSd,VinylSd,BrkFace,30.0,4,3,PConc,4,3,1,1,0,1,0,1195,1195,GasA,4,1,SBrkr,1195,644,0,1839,0,0,2,1,4,1,3,7,Typ,0,0,Attchd,1998.0,3,2,486,3,3,Y,0,81,0,0,0,0,0,nan,nan,0,6,2010,WD,Normal,3034,12,12,2.5,81,1,1,0,0,6.0,221000
160,RL,69.0,5062,Pave,nan,3,Lvl,AllPub,CulDSac,3,StoneBr,Norm,Norm,TwnhsE,2Story,7,5,1984,1984,Gable,CompShg,HdBoard,HdBoard,BrkFace,0.0,4,3,CBlock,4,3,2,6,828,2,182,180,1190,GasA,4,1,SBrkr,1190,900,0,2090,1,0,2,0,3,1,4,6,Min1,1,3,Attchd,1984.0,3,2,577,3,3,Y,219,0,0,0,0,0,0,nan,nan,0,9,2007,WD,Normal,3280,23,23,3.0,0,1,1,1,0,6.0,207500
60,FV,84.0,10207,Pave,nan,4,Lvl,AllPub,Inside,3,Somerst,Norm,Norm,1Fam,2Story,7,6,2007,2007,Gable,CompShg,VinylSd,VinylSd,BrkFace,0.0,4,3,PConc,4,3,1,1,0,1,0,874,874,GasA,5,1,SBrkr,874,887,0,1761,0,0,3,0,3,1,4,7,Typ,0,0,Attchd,2007.0,3,2,578,3,3,Y,144,105,0,0,0,0,0,nan,nan,0,8,2007,New,Partial,2635,0,0,3.0,105,1,1,0,0,6.5,227875
160,FV,69.0,5105,Pave,nan,2,Lvl,AllPub,FR2,3,Somerst,Norm,Norm,TwnhsE,2Story,7,5,2004,2004,Gable,CompShg,MetalSd,MetalSd,BrkFace,0.0,4,3,PConc,4,3,1,6,239,1,0,312,551,GasA,5,1,SBrkr,551,551,0,1102,0,0,2,1,2,1,4,4,Typ,0,0,Detchd,2004.0,1,2,480,3,3,Y,0,60,0,0,0,0,0,nan,nan,0,3,2007,WD,Normal,1653,3,3,2.5,60,1,1,0,0,6.0,148800
20,RL,60.0,8089,Pave,nan,4,HLS,AllPub,Inside,3,StoneBr,Norm,Norm,1Fam,1Story,8,6,2007,2007,Gable,CompShg,MetalSd,MetalSd,BrkFace,0.0,4,3,PConc,4,3,3,6,945,1,0,474,1419,GasA,5,1,SBrkr,1419,0,0,1419,1,0,2,0,2,1,4,7,Typ,1,4,Attchd,2007.0,2,2,567,3,3,Y,140,0,0,0,0,0,0,nan,nan,0,10,2007,New,Partial,2838,0,0,3.0,0,1,1,1,0,7.0,392000
120,RL,61.0,7577,Pave,nan,3,Lvl,AllPub,Corner,3,NridgHt,Norm,Norm,TwnhsE,1Story,6,5,2005,2006,Gable,CompShg,VinylSd,VinylSd,Stone,256.0,4,3,PConc,4,3,3,5,20,1,0,1342,1362,GasA,5,1,SBrkr,1362,0,0,1362,0,0,2,0,2,1,4,6,Typ,1,4,Attchd,2005.0,2,2,460,3,3,Y,192,28,0,0,0,0,0,nan,nan,0,6,2007,WD,Normal,2724,2,1,2.0,28,1,1,1,0,5.5,194700
120,RM,69.0,4426,Pave,nan,4,Lvl,AllPub,Inside,3,CollgCr,Norm,Norm,TwnhsE,1Story,6,5,2004,2004,Gable,CompShg,VinylSd,VinylSd,BrkFace,147.0,4,3,PConc,4,3,4,6,697,1,0,151,848,GasA,5,1,SBrkr,848,0,0,848,1,0,1,0,1,1,4,3,Typ,1,3,Attchd,2004.0,2,2,420,3,3,Y,149,0,0,0,0,0,0,nan,nan,0,5,2008,WD,Normal,1696,4,4,2.0,0,1,1,1,0,5.5,141000
60,RL,104.0,21535,Pave,nan,3,Lvl,AllPub,Corner,3,NoRidge,Norm,Norm,1Fam,2Story,10,6,1994,1995,Gable,WdShngl,HdBoard,HdBoard,BrkFace,1170.0,5,3,PConc,5,3,4,6,1455,1,0,989,2444,GasA,5,1,SBrkr,2444,1872,0,4316,0,1,3,1,4,1,5,10,Typ,2,5,Attchd,1994.0,3,3,832,3,3,Y,382,50,0,0,0,0,0,nan,nan,0,1,2007,WD,Normal,6760,13,12,4.0,50,1,1,1,0,8.0,755000
60,RL,42.0,26178,Pave,nan,3,Lvl,AllPub,Inside,2,Timber,Norm,Norm,1Fam,2Story,7,5,1989,1990,Hip,CompShg,MetalSd,MetalSd,BrkFace,293.0,4,3,PConc,4,3,4,6,965,1,0,245,1210,GasA,5,1,SBrkr,1238,1281,0,2519,1,0,2,1,4,1,4,9,Typ,2,4,Attchd,1989.0,2,2,628,3,3,Y,320,27,0,0,0,0,0,nan,nan,0,4,2006,WD,Normal,3729,17,16,3.5,27,1,1,1,0,6.0,335000
30,RL,60.0,5400,Pave,nan,4,Lvl,AllPub,Corner,1,OldTown,Norm,Norm,1Fam,1Story,5,6,1921,1968,Gable,CompShg,MetalSd,MetalSd,BrkFace,0.0,3,3,BrkTil,3,3,1,1,0,1,0,1073,1073,GasA,5,1,SBrkr,1073,0,0,1073,0,0,1,0,2,1,3,4,Typ,0,0,Detchd,1968.0,1,1,326,3,3,Y,0,0,112,0,0,0,0,nan,nan,0,12,2006,WD,Abnorml,2146,85,38,1.0,112,1,1,0,0,5.5,108480
50,RM,51.0,6120,Pave,nan,4,Lvl,AllPub,Corner,3,BrkSide,Norm,Norm,1Fam,1.5Fin,5,6,1936,1950,Gable,CompShg,Wd Sdng,Wd Sdng,BrkFace,0.0,3,2,BrkTil,3,3,1,1,0,1,0,927,927,GasA,3,1,SBrkr,1067,472,0,1539,0,0,1,1,3,1,3,5,Typ,0,0,Detchd,1995.0,1,2,576,3,3,Y,112,0,0,0,0,0,0,MnPrv,nan,0,4,2009,WD,Normal,2466,73,59,1.5,0,1,1,0,0,5.5,141500
20,RL,54.0,13811,Pave,nan,3,Lvl,AllPub,Inside,3,Timber,Norm,Norm,1Fam,1Story,6,6,1987,1987,Gable,CompShg,HdBoard,HdBoard,BrkFace,72.0,3,3,CBlock,4,4,1,6,980,2,40,92,1112,GasA,4,1,SBrkr,1137,0,0,1137,1,0,2,0,2,1,4,5,Typ,1,3,Attchd,1987.0,1,2,551,3,3,Y,125,0,0,0,0,0,0,nan,nan,0,7,2006,WD,Normal,2249,19,19,3.0,0,1,1,1,0,6.0,176000
30,RM,50.0,6000,Pave,nan,4,Lvl,AllPub,Inside,3,BrkSide,Norm,Norm,1Fam,1Story,5,7,1921,1950,Gable,CompShg,Wd Sdng,Wd Shng,BrkFace,0.0,3,3,CBlock,3,3,1,2,616,1,0,0,616,GasA,4,1,SBrkr,616,0,0,616,0,0,1,0,2,1,3,4,Typ,0,0,Detchd,1921.0,1,1,205,3,3,Y,0,0,129,0,0,0,0,nan,nan,0,6,2006,WD,Normal,1232,85,56,1.0,129,1,1,0,0,6.0,89000
20,RL,57.0,6420,Pave,nan,3,Lvl,AllPub,Inside,3,Edwards,Norm,Norm,1Fam,1Story,5,7,1952,1952,Gable,CompShg,Wd Sdng,Wd Sdng,BrkFace,0.0,3,3,PConc,5,4,2,2,210,5,551,219,980,GasA,2,1,FuseA,1148,0,0,1148,0,1,1,0,2,1,3,6,Typ,0,0,Detchd,1952.0,1,1,308,3,3,Y,0,0,0,0,0,0,0,nan,nan,0,9,2006,WD,Normal,2128,54,54,1.5,0,1,1,0,0,6.0,123500
20,RL,65.0,8450,Pave,nan,4,Lvl,AllPub,Inside,3,Sawyer,RRAe,Norm,1Fam,1Story,5,8,1965,2009,Gable,CompShg,MetalSd,MetalSd,BrkFace,0.0,3,4,CBlock,3,3,1,6,553,4,117,224,894,GasA,5,1,SBrkr,894,0,0,894,1,0,1,0,3,1,3,5,Typ,1,4,Detchd,1973.0,1,1,336,3,3,Y,416,144,0,0,0,0,0,MnPrv,nan,0,4,2010,WD,Normal,1788,45,1,2.0,144,1,1,1,0,6.5,138500
120,FV,59.0,4282,Pave,Pave,2,Lvl,AllPub,Inside,3,Somerst,Norm,Norm,TwnhsE,1Story,7,5,2004,2004,Gable,CompShg,MetalSd,MetalSd,BrkFace,0.0,4,3,PConc,4,3,2,6,16,1,0,1375,1391,GasA,5,1,SBrkr,1391,0,0,1391,0,0,2,0,2,1,4,5,Typ,0,0,Attchd,2004.0,2,2,530,3,3,Y,156,158,0,0,0,0,0,nan,nan,0,7,2008,WD,Normal,2782,4,4,2.0,158,1,1,0,0,6.0,196000
20,RL,85.0,14331,Pave,nan,4,Lvl,AllPub,Inside,3,Timber,Norm,Norm,1Fam,1Story,8,5,2002,2002,Hip,CompShg,VinylSd,VinylSd,BrkFace,630.0,4,3,PConc,5,3,4,6,1274,1,0,526,1800,GasA,5,1,SBrkr,1800,0,0,1800,1,0,2,0,3,1,4,7,Typ,1,4,Attchd,2002.0,3,3,765,3,3,Y,270,78,0,0,0,0,0,nan,nan,0,5,2006,WD,Normal,3600,4,4,3.0,78,1,1,1,0,6.5,312500
20,RL,80.0,9600,Pave,nan,4,Lvl,AllPub,Inside,3,NWAmes,Norm,Norm,1Fam,1Story,7,5,1969,1969,Hip,CompShg,HdBoard,HdBoard,BrkFace,168.0,3,3,CBlock,3,3,1,1,0,1,0,1164,1164,GasA,3,1,SBrkr,1164,0,0,1164,0,0,1,1,3,1,3,6,Typ,0,0,Attchd,1969.0,1,2,528,3,3,Y,0,0,0,0,0,0,0,nan,nan,0,7,2006,COD,Normal,2328,37,37,1.5,0,1,1,0,0,6.0,140000
60,RL,82.0,12438,Pave,nan,3,Lvl,AllPub,Inside,3,StoneBr,Norm,Norm,1Fam,2Story,8,5,2006,2006,Hip,CompShg,VinylSd,VinylSd,BrkFace,466.0,5,3,PConc,5,4,1,1,0,1,0,1234,1234,GasA,5,1,SBrkr,1264,1312,0,2576,0,0,2,1,4,1,5,10,Typ,1,4,BuiltIn,2006.0,3,3,666,3,3,Y,324,100,0,0,0,0,0,nan,nan,0,7,2006,New,Partial,3810,0,0,2.5,100,1,1,1,0,6.5,361919
190,RM,76.0,7630,Pave,nan,4,Lvl,AllPub,Inside,3,OldTown,Feedr,Norm,2fmCon,2Story,5,9,1900,1996,Gable,CompShg,Wd Sdng,Wd Sdng,BrkFace,0.0,3,4,BrkTil,4,3,1,1,0,1,0,360,360,GasA,4,1,SBrkr,1032,780,0,1812,0,0,2,0,4,2,4,8,Typ,1,1,Detchd,1999.0,1,2,672,3,3,N,344,0,40,0,0,0,0,MnPrv,nan,0,5,2010,WD,Normal,2172,110,14,2.0,40,1,1,1,0,7.0,140000
20,RL,70.0,8400,Pave,nan,4,Lvl,AllPub,Inside,3,CollgCr,Norm,Norm,1Fam,1Story,7,5,2004,2005,Gable,CompShg,VinylSd,VinylSd,BrkFace,109.0,4,3,PConc,4,3,3,6,712,1,0,761,1473,GasA,5,1,SBrkr,1484,0,0,1484,1,0,2,0,3,1,4,7,Typ,0,0,Attchd,2004.0,2,2,606,3,3,Y,0,35,0,144,0,0,0,nan,nan,0,5,2010,WD,Normal,2957,6,5,3.0,179,1,1,0,0,6.0,213000
190,RM,70.0,5600,Pave,nan,4,Lvl,AllPub,Inside,3,IDOTRR,Norm,Norm,2fmCon,2Story,4,5,1930,1950,Hip,CompShg,VinylSd,Wd Shng,BrkFace,0.0,2,2,Slab,0,0,0,0,0,0,0,0,0,GasA,2,0,SBrkr,372,720,0,1092,0,0,2,0,3,2,2,7,Mod,0,0,nan,1980.0,0,0,0,0,0,N,0,0,0,0,0,0,0,nan,Othr,3500,7,2010,WD,Normal,1092,80,60,2.0,0,0,0,0,0,4.5,55000
20,RL,69.0,115149,Pave,nan,2,Low,AllPub,CulDSac,1,ClearCr,Norm,Norm,1Fam,1Story,7,5,1971,2002,Gable,CompShg,Plywood,Plywood,Stone,351.0,3,3,CBlock,4,3,4,6,1219,1,0,424,1643,GasA,3,1,SBrkr,1824,0,0,1824,1,0,2,0,2,1,4,5,Typ,2,3,Attchd,1971.0,1,2,739,3,3,Y,380,48,0,0,0,0,0,nan,nan,0,6,2007,WD,Normal,3467,36,5,3.0,48,1,1,1,0,6.0,302000
120,RL,48.0,6240,Pave,nan,4,Lvl,AllPub,Inside,3,NridgHt,Norm,Norm,TwnhsE,1Story,8,5,2006,2006,Hip,CompShg,MetalSd,MetalSd,BrkFace,176.0,4,3,PConc,4,3,1,6,863,1,0,461,1324,GasA,5,1,SBrkr,1324,0,0,1324,1,0,2,0,2,1,4,6,Typ,1,4,Attchd,2006.0,3,2,550,3,3,Y,192,38,0,0,0,0,0,nan,nan,0,12,2009,WD,Normal,2648,3,3,3.0,38,1,1,1,0,6.5,254000
60,RL,65.0,9018,Pave,nan,3,Lvl,AllPub,Inside,3,Gilbert,Norm,Norm,1Fam,2Story,7,5,2007,2007,Hip,CompShg,VinylSd,VinylSd,BrkFace,0.0,4,3,PConc,4,3,3,1,0,1,0,728,728,GasA,5,1,SBrkr,728,728,0,1456,0,0,2,1,3,1,4,8,Typ,1,4,Attchd,2007.0,3,2,400,3,3,Y,100,24,0,0,0,0,0,nan,nan,0,7,2007,New,Partial,2184,0,0,2.5,24,1,1,1,0,6.0,179540
20,RL,69.0,7162,Pave,nan,3,Lvl,AllPub,Inside,3,Sawyer,Norm,Norm,1Fam,1Story,5,7,1966,1966,Gable,CompShg,HdBoard,HdBoard,BrkCmn,41.0,3,3,PConc,3,3,1,1,0,1,0,876,876,GasA,3,1,SBrkr,904,0,0,904,0,0,1,0,3,1,3,6,Typ,0,0,Attchd,1966.0,1,1,408,3,3,Y,0,0,0,0,0,0,0,MnPrv,nan,0,12,2008,WD,Abnorml,1780,42,42,1.0,0,1,1,0,0,6.0,109900
30,RL,56.0,4130,Pave,nan,3,Lvl,AllPub,Inside,3,BrkSide,Norm,Norm,1Fam,1Story,3,6,1935,2003,Gable,CompShg,VinylSd,VinylSd,BrkFace,0.0,4,3,CBlock,3,3,1,1,0,1,0,270,270,GasA,4,1,SBrkr,729,0,0,729,0,0,1,0,2,1,3,5,Maj2,0,0,nan,1980.0,0,0,0,0,0,N,0,0,0,0,0,0,0,nan,nan,0,7,2008,WD,Normal,999,73,5,1.0,0,0,1,0,0,4.5,52000
50,C (all),66.0,8712,Pave,Pave,4,HLS,AllPub,Inside,2,IDOTRR,Norm,Norm,1Fam,1.5Fin,4,7,1900,1950,Gable,CompShg,MetalSd,MetalSd,BrkFace,0.0,3,3,Stone,3,3,2,1,0,1,0,859,859,GasA,4,1,SBrkr,859,319,0,1178,0,0,1,0,2,1,3,7,Typ,0,0,Detchd,1964.0,2,1,384,3,3,N,68,0,98,0,0,0,0,nan,nan,0,1,2010,WD,Abnorml,2037,110,60,1.0,98,1,1,0,0,5.5,102776
120,RL,40.0,4671,Pave,nan,3,HLS,AllPub,Inside,3,StoneBr,Norm,Norm,TwnhsE,1Story,8,5,1988,1989,Gable,CompShg,HdBoard,HdBoard,BrkFace,0.0,4,3,PConc,4,3,2,6,767,1,0,461,1228,GasA,4,1,SBrkr,1228,0,0,1228,1,0,2,0,2,1,4,5,Typ,1,4,Attchd,1988.0,3,2,472,3,3,Y,168,120,0,0,0,0,0,nan,nan,0,10,2008,WD,Normal,2456,20,19,3.0,120,1,1,1,0,6.5,189000
190,RL,60.0,9873,Pave,nan,4,Lvl,AllPub,Inside,3,BrkSide,RRAn,Norm,2fmCon,1Story,4,5,1970,1970,Gable,CompShg,HdBoard,HdBoard,BrkFace,160.0,3,3,CBlock,3,3,3,5,789,1,0,171,960,GasW,3,0,SBrkr,960,0,0,960,1,0,1,0,3,1,3,6,Typ,0,0,Detchd,1970.0,1,2,576,3,3,Y,0,288,0,0,0,0,0,nan,nan,0,5,2006,WD,Normal,1920,36,36,2.0,288,1,1,0,0,4.5,129000
60,RL,69.0,13517,Pave,nan,3,Lvl,AllPub,CulDSac,3,Sawyer,RRAe,Norm,1Fam,2Story,6,8,1976,2005,Gable,CompShg,HdBoard,Plywood,BrkFace,289.0,4,3,CBlock,3,3,1,6,533,1,0,192,725,GasA,5,1,SBrkr,725,754,0,1479,0,0,2,1,3,1,4,6,Typ,0,0,Attchd,1976.0,2,2,475,3,3,Y,0,44,0,0,0,0,0,nan,nan,0,3,2010,WD,Normal,2204,34,5,2.5,44,1,1,0,0,7.0,130500
20,RL,78.0,10140,Pave,nan,4,Lvl,AllPub,Inside,3,NWAmes,Norm,Norm,1Fam,1Story,6,5,1974,1974,Hip,CompShg,HdBoard,HdBoard,BrkFace,174.0,3,3,CBlock,4,3,1,1,0,1,0,1064,1064,GasA,3,1,SBrkr,1350,0,0,1350,0,0,2,0,3,1,3,7,Typ,1,3,Attchd,1974.0,2,2,478,3,3,Y,0,0,0,0,0,0,0,MnPrv,nan,0,8,2009,WD,Normal,2414,35,35,2.0,0,1,1,1,0,5.5,165000
70,RM,60.0,10800,Pave,Grvl,4,Bnk,AllPub,Inside,3,OldTown,Norm,Norm,1Fam,2Story,7,8,1890,1998,Gable,CompShg,Wd Sdng,VinylSd,BrkFace,0.0,3,4,BrkTil,3,3,1,1,0,1,0,718,718,GasA,5,1,SBrkr,1576,978,0,2554,0,0,1,1,3,1,3,8,Typ,0,0,Detchd,1996.0,1,2,704,3,3,P,0,48,143,0,0,0,0,nan,nan,0,7,2007,WD,Normal,3272,117,9,1.5,191,1,1,0,0,7.5,159500
20,RL,80.0,10000,Pave,nan,4,Lvl,AllPub,Inside,3,NWAmes,Norm,Norm,1Fam,1Story,5,6,1973,2000,Gable,CompShg,HdBoard,HdBoard,BrkFace,0.0,3,3,CBlock,4,3,1,4,1084,1,0,92,1176,GasA,4,1,SBrkr,1178,0,0,1178,0,1,1,1,3,1,4,5,Typ,1,2,Attchd,1973.0,1,2,439,3,3,Y,224,0,0,0,0,0,0,MnPrv,nan,0,11,2008,WD,Normal,2354,35,8,2.0,0,1,1,1,0,5.5,157000
60,RL,96.0,10542,Pave,nan,4,Lvl,AllPub,Inside,3,NoRidge,Norm,Norm,1Fam,2Story,7,5,1993,1994,Hip,CompShg,Wd Sdng,ImStucc,BrkFace,651.0,4,3,PConc,4,3,4,6,1173,1,0,138,1311,GasA,5,1,SBrkr,1325,1093,0,2418,1,0,2,1,3,1,4,9,Typ,1,3,Attchd,1993.0,2,3,983,3,3,Y,250,154,216,0,0,0,0,nan,nan,0,8,2008,WD,Normal,3729,15,14,3.5,370,1,1,1,0,6.0,341000
20,RL,69.0,9920,Pave,nan,3,Lvl,AllPub,Inside,3,CollgCr,Norm,Norm,1Fam,1Story,5,6,1969,1969,Gable,CompShg,HdBoard,Plywood,BrkFace,0.0,3,3,CBlock,4,3,4,5,523,1,0,448,971,GasA,3,1,SBrkr,971,0,0,971,0,0,1,1,3,1,3,5,Typ,1,1,Attchd,1969.0,1,1,300,3,3,Y,0,0,0,0,0,0,0,nan,nan,0,5,2006,WD,Normal,1942,37,37,1.5,0,1,1,1,0,5.5,128500
120,RL,69.0,6563,Pave,nan,3,Low,AllPub,CulDSac,2,StoneBr,Norm,Norm,1Fam,1Story,8,5,1985,1985,Gable,CompShg,HdBoard,HdBoard,BrkFace,0.0,4,3,PConc,4,3,4,6,1148,1,0,594,1742,GasA,3,1,SBrkr,1742,0,0,1742,1,0,2,0,2,1,4,5,Typ,1,3,Attchd,1985.0,2,2,564,3,3,Y,114,28,234,0,0,0,0,nan,nan,0,12,2006,WD,Normal,3484,21,21,3.0,262,1,1,1,0,6.5,275000
120,RM,69.0,4426,Pave,nan,4,Lvl,AllPub,Inside,3,CollgCr,Norm,Norm,TwnhsE,1Story,6,5,2004,2004,Gable,CompShg,VinylSd,VinylSd,BrkFace,169.0,4,3,PConc,4,3,3,6,662,1,0,186,848,GasA,5,1,SBrkr,848,0,0,848,1,0,1,0,1,1,4,3,Typ,0,0,Attchd,2004.0,2,2,420,3,3,Y,160,0,0,0,0,0,0,nan,nan,0,5,2010,WD,Normal,1696,6,6,2.0,0,1,1,0,0,5.5,143000
20,RL,70.0,8120,Pave,nan,4,Lvl,AllPub,Inside,3,NAmes,Norm,Norm,1Fam,1Story,4,7,1970,1970,Gable,CompShg,MetalSd,MetalSd,BrkFace,0.0,3,4,CBlock,3,3,1,5,191,1,0,673,864,GasA,5,1,SBrkr,864,0,0,864,0,0,1,0,3,1,3,5,Typ,0,0,Detchd,1994.0,1,2,463,3,3,Y,0,0,0,0,0,0,0,nan,nan,0,7,2009,WD,Normal,1728,39,39,1.0,0,1,1,0,0,5.5,124500
50,RL,60.0,8172,Pave,nan,4,Lvl,AllPub,Inside,3,Edwards,Norm,Norm,1Fam,1.5Fin,4,6,1954,1972,Gable,CompShg,MetalSd,MetalSd,BrkFace,0.0,3,3,PConc,3,3,1,1,0,1,0,941,941,GasA,5,1,SBrkr,997,473,0,1470,0,0,2,0,4,1,3,7,Typ,0,0,Detchd,1958.0,1,1,548,3,3,Y,0,0,0,0,156,0,0,nan,nan,0,5,2008,WD,Normal,2411,54,36,2.0,156,1,1,0,0,5.0,135000
20,RL,86.0,13286,Pave,nan,3,Lvl,AllPub,Inside,3,Edwards,Norm,Norm,1Fam,1Story,9,5,2007,2008,Hip,CompShg,CemntBd,CmentBd,Stone,340.0,5,3,PConc,5,3,1,6,1234,1,0,464,1698,GasA,5,1,SBrkr,1698,0,0,1698,1,0,2,0,3,1,5,8,Typ,1,4,Attchd,2007.0,3,3,768,3,3,Y,327,64,0,0,0,0,0,nan,nan,0,2,2009,WD,Normal,3396,2,1,3.0,64,1,1,1,0,7.0,320000
20,RL,60.0,6960,Pave,nan,4,Lvl,AllPub,Inside,3,NAmes,Norm,Norm,1Fam,1Story,4,6,1970,1970,Gable,CompShg,HdBoard,Plywood,BrkFace,0.0,3,3,CBlock,3,3,1,5,375,4,239,250,864,GasA,3,1,SBrkr,864,0,0,864,0,0,1,0,3,1,4,5,Typ,0,0,Detchd,1989.0,1,2,660,3,3,Y,96,0,0,0,0,0,0,nan,Shed,500,11,2009,WD,Normal,1728,39,39,1.0,0,1,1,0,0,5.0,120500
20,RL,69.0,21695,Pave,nan,3,Lvl,AllPub,Corner,3,Crawfor,Norm,Norm,1Fam,1Story,6,9,1988,2007,Hip,CompShg,Wd Sdng,Plywood,BrkFace,260.0,4,4,CBlock,4,3,1,6,808,1,0,72,880,GasA,5,1,SBrkr,1680,0,0,1680,1,0,2,0,3,1,4,5,Typ,1,4,Attchd,1988.0,3,2,540,3,3,Y,292,44,0,182,0,0,0,nan,nan,0,12,2009,WD,Normal,2560,21,2,3.0,226,1,1,1,0,7.5,222000
20,RL,64.0,7314,Pave,nan,4,Lvl,AllPub,Inside,3,CollgCr,Norm,Norm,1Fam,1Story,7,5,2007,2007,Gable,CompShg,VinylSd,VinylSd,Stone,82.0,4,3,PConc,4,3,3,6,724,1,0,508,1232,GasA,5,1,SBrkr,1232,0,0,1232,1,0,2,0,2,1,4,6,Typ,0,0,Attchd,2007.0,2,2,632,3,3,Y,132,0,0,0,0,0,0,nan,nan,0,2,2009,WD,Normal,2464,2,2,3.0,0,1,1,0,0,6.0,194500
90,RL,85.0,11475,Pave,nan,4,Lvl,AllPub,Corner,3,NAmes,Norm,Norm,Duplex,1Story,5,5,1958,1958,Gable,CompShg,VinylSd,VinylSd,BrkFace,95.0,3,3,CBlock,3,3,1,1,0,1,0,1584,1584,GasA,3,1,SBrkr,1776,0,0,1776,1,0,2,0,4,2,3,9,Typ,0,0,Detchd,1968.0,1,3,888,3,3,Y,0,25,0,0,0,0,0,nan,nan,0,7,2009,COD,Abnorml,3360,51,51,3.0,25,1,1,0,0,5.0,110000
30,RM,52.0,6240,Pave,Grvl,4,Lvl,AllPub,Inside,3,IDOTRR,Norm,Norm,1Fam,1.5Fin,4,5,1925,1950,Gable,CompShg,MetalSd,MetalSd,BrkFace,0.0,3,3,CBlock,3,3,1,4,152,1,0,628,780,GasA,3,1,FuseA,848,0,360,1208,0,0,1,0,2,1,3,5,Typ,0,0,Detchd,1962.0,1,2,539,3,3,Y,0,23,112,0,0,0,0,nan,nan,0,1,2009,WD,Normal,1628,84,59,1.0,135,1,1,0,0,4.5,103000
120,RL,39.0,5389,Pave,nan,3,Lvl,AllPub,Inside,3,StoneBr,Norm,Norm,TwnhsE,1Story,8,5,1995,1996,Gable,CompShg,CemntBd,CmentBd,BrkFace,0.0,4,3,PConc,4,3,1,6,1180,1,0,415,1595,GasA,5,1,SBrkr,1616,0,0,1616,1,0,2,0,2,1,4,5,Typ,1,3,Attchd,1995.0,2,2,608,3,3,Y,237,152,0,0,0,0,0,nan,nan,0,3,2010,WD,Normal,3211,15,14,3.0,152,1,1,1,0,6.5,236500
80,RL,73.0,9590,Pave,nan,3,Lvl,AllPub,Corner,3,Timber,Norm,Norm,1Fam,SLvl,7,5,2003,2003,Gable,CompShg,VinylSd,VinylSd,BrkFace,442.0,4,3,PConc,5,3,3,6,786,1,0,82,868,GasA,5,1,SBrkr,1146,0,0,1146,1,0,2,0,3,1,4,6,Typ,1,4,Attchd,2003.0,3,2,438,3,3,Y,160,22,0,0,0,0,0,nan,nan,0,5,2007,WD,Normal,2014,4,4,3.0,22,1,1,1,0,6.0,187500
60,RL,75.0,11404,Pave,nan,3,Lvl,AllPub,Inside,3,CollgCr,Norm,Norm,1Fam,2Story,7,5,1998,1999,Gable,CompShg,VinylSd,VinylSd,BrkFace,202.0,4,3,PConc,4,3,3,5,252,1,0,901,1153,GasA,5,1,SBrkr,1153,878,0,2031,0,0,2,1,3,1,4,8,Typ,1,3,Attchd,1998.0,3,2,541,3,3,Y,192,84,0,0,0,0,0,nan,nan,0,7,2008,WD,Normal,3184,10,9,2.5,84,1,1,1,0,6.0,222500
20,RL,80.0,10000,Pave,nan,4,Lvl,AllPub,Corner,3,Sawyer,Feedr,Norm,1Fam,1Story,5,6,1961,1983,Hip,CompShg,HdBoard,HdBoard,BrkFace,0.0,3,3,CBlock,3,3,1,4,594,1,0,270,864,GasA,5,1,SBrkr,1144,0,0,1144,1,0,1,0,3,1,3,6,Typ,1,3,Attchd,1961.0,2,1,264,3,3,Y,165,0,0,0,0,0,0,GdWo,Shed,400,3,2009,WD,Normal,2008,48,26,2.0,0,1,1,1,0,5.5,131400
20,RL,69.0,8978,Pave,nan,3,Lvl,AllPub,Corner,3,Sawyer,Norm,Norm,1Fam,1Story,5,5,1968,1968,Gable,CompShg,Plywood,Plywood,BrkFace,0.0,3,3,PConc,3,3,1,1,0,1,0,948,948,GasA,3,1,SBrkr,948,0,0,948,0,0,1,0,3,1,3,6,Typ,0,0,Attchd,1968.0,1,1,300,3,3,Y,147,0,0,0,0,0,0,nan,nan,0,5,2007,WD,Family,1896,39,39,1.0,0,1,1,0,0,5.0,108000
75,RM,60.0,10800,Pave,nan,4,Lvl,AllPub,Inside,3,OldTown,Norm,Norm,1Fam,2.5Unf,7,7,1914,1970,Gable,CompShg,Wd Sdng,Wd Sdng,BrkFace,0.0,3,3,BrkTil,4,3,2,3,390,1,0,490,880,GasW,2,0,SBrkr,880,888,0,1768,0,0,1,1,2,1,3,6,Typ,2,3,Detchd,1914.0,1,2,320,3,3,N,0,341,0,0,0,0,0,nan,nan,0,10,2006,WD,Normal,2648,92,36,1.5,341,1,1,1,0,7.0,163000
90,RL,60.0,8544,Pave,nan,4,Lvl,AllPub,Inside,3,NAmes,Norm,Norm,Duplex,1Story,3,4,1950,1950,Gable,CompShg,Stucco,Stone,BrkFace,0.0,3,3,CBlock,0,0,0,0,0,0,0,0,0,GasA,4,0,FuseF,1040,0,0,1040,0,0,2,0,2,2,3,6,Typ,0,0,Detchd,1949.0,1,2,400,3,3,Y,0,0,0,0,0,0,0,nan,nan,0,7,2006,WD,Normal,1040,56,56,2.0,0,1,0,0,0,3.5,93500
60,RL,72.0,10463,Pave,nan,3,HLS,AllPub,CulDSac,3,Gilbert,Norm,Norm,1Fam,2Story,8,5,2005,2005,Gable,CompShg,VinylSd,VinylSd,BrkFace,0.0,4,3,PConc,4,3,1,1,0,1,0,893,893,GasA,5,1,SBrkr,901,900,0,1801,0,0,2,1,3,1,4,8,Typ,1,4,Attchd,2005.0,3,3,800,3,3,Y,0,116,0,0,0,0,0,nan,nan,0,6,2006,WD,Normal,2694,1,1,2.5,116,1,1,1,0,6.5,239900
90,RL,60.0,10800,Pave,nan,4,Lvl,AllPub,Inside,3,Edwards,Norm,Norm,Duplex,1Story,5,5,1987,1988,Gable,CompShg,Plywood,Plywood,BrkFace,0.0,3,3,CBlock,4,4,4,6,1200,1,0,0,1200,GasA,3,1,SBrkr,1200,0,0,1200,3,0,3,0,3,1,3,5,Typ,0,0,nan,1980.0,0,0,0,0,0,Y,120,0,0,0,0,0,0,nan,nan,0,3,2009,WD,Alloca,2400,22,21,6.0,0,0,1,0,0,5.0,179000
60,RL,65.0,9313,Pave,nan,3,Lvl,AllPub,Inside,3,CollgCr,Norm,Norm,1Fam,2Story,7,5,2004,2004,Gable,CompShg,VinylSd,VinylSd,BrkFace,0.0,4,3,PConc,4,3,1,1,0,1,0,864,864,GasA,5,1,SBrkr,864,864,0,1728,0,0,2,1,3,1,4,7,Typ,0,0,Attchd,2004.0,2,2,572,3,3,Y,187,56,0,0,0,0,0,nan,nan,0,4,2009,WD,Normal,2592,5,5,2.5,56,1,1,0,0,6.0,190000
70,RM,60.0,9600,Pave,Grvl,4,Lvl,AllPub,Inside,3,OldTown,Norm,Norm,1Fam,2Story,5,7,1910,2002,Gable,CompShg,Wd Sdng,Wd Shng,BrkFace,0.0,3,4,BrkTil,2,2,1,1,0,1,0,264,264,GasA,5,1,SBrkr,768,664,0,1432,0,0,2,0,2,1,3,7,Typ,0,0,Detchd,1910.0,1,2,360,3,4,Y,270,0,112,0,0,0,0,GdPrv,nan,0,5,2007,WD,Abnorml,1696,97,5,2.0,112,1,1,0,0,6.0,132000
20,RL,65.0,6768,Pave,nan,3,Lvl,AllPub,Inside,3,Sawyer,Feedr,Norm,1Fam,1Story,6,8,1961,1996,Hip,CompShg,HdBoard,HdBoard,BrkFace,0.0,3,4,CBlock,3,3,2,6,832,1,0,80,912,GasA,4,1,SBrkr,912,0,0,912,1,1,1,0,3,1,4,5,Typ,0,0,Detchd,1962.0,1,1,288,3,3,Y,168,0,0,0,0,0,0,GdPrv,nan,0,5,2008,WD,Normal,1824,47,12,2.5,0,1,1,0,0,7.0,142000
20,RL,65.0,8450,Pave,nan,4,Lvl,AllPub,Inside,3,SawyerW,Norm,Norm,1Fam,1Story,7,5,2000,2001,Gable,CompShg,VinylSd,VinylSd,BrkFace,108.0,3,3,PConc,4,3,1,1,0,1,0,1349,1349,GasA,5,1,SBrkr,1349,0,0,1349,0,0,2,0,3,1,3,6,Typ,0,0,Attchd,2000.0,1,2,539,3,3,Y,120,55,0,0,0,0,0,GdPrv,nan,0,12,2007,WD,Normal,2698,7,6,2.0,55,1,1,0,0,6.0,179000
80,RL,70.0,12886,Pave,nan,3,Lvl,AllPub,Inside,3,Sawyer,Norm,Norm,1Fam,SLvl,5,6,1963,1999,Gable,CompShg,HdBoard,HdBoard,BrkFace,0.0,3,3,CBlock,4,3,3,5,444,1,0,76,520,GasA,5,1,SBrkr,1464,0,0,1464,0,1,2,0,3,1,3,6,Min2,1,3,Attchd,1997.0,2,2,480,3,3,Y,302,0,0,0,100,0,0,nan,nan,0,10,2009,WD,Normal,1984,46,10,2.5,100,1,1,1,0,5.5,175000
120,RL,41.0,5395,Pave,nan,3,HLS,AllPub,Inside,3,StoneBr,Norm,Norm,TwnhsE,1Story,8,5,1993,1993,Gable,CompShg,HdBoard,HdBoard,BrkFace,0.0,4,3,PConc,4,3,1,6,733,1,0,604,1337,GasA,4,1,SBrkr,1337,0,0,1337,1,0,2,0,2,1,4,5,Typ,1,3,Attchd,1993.0,2,2,462,3,3,Y,96,0,70,168,0,0,0,nan,nan,0,10,2008,WD,Normal,2674,15,15,3.0,238,1,1,1,0,6.5,180000
60,RL,69.0,8963,Pave,nan,3,Lvl,AllPub,Inside,3,NWAmes,Norm,Norm,1Fam,2Story,8,9,1976,1996,Hip,CompShg,VinylSd,VinylSd,BrkFace,289.0,5,4,CBlock,3,4,1,6,575,5,80,487,1142,GasA,5,1,SBrkr,1175,1540,0,2715,0,1,3,1,4,1,4,11,Typ,2,3,BuiltIn,1994.0,3,2,831,3,3,Y,0,204,0,0,0,0,0,nan,nan,0,7,2008,WD,Normal,3857,32,12,4.0,204,1,1,1,0,8.5,299800
60,RL,69.0,8795,Pave,nan,3,Lvl,AllPub,Inside,3,Gilbert,Norm,Norm,1Fam,2Story,7,5,2000,2000,Gable,CompShg,VinylSd,VinylSd,BrkFace,0.0,4,3,PConc,4,3,1,6,300,1,0,652,952,GasA,5,1,SBrkr,980,1276,0,2256,0,0,2,1,4,1,4,8,Typ,1,3,BuiltIn,2000.0,3,2,554,3,3,Y,224,54,0,0,0,0,0,nan,nan,0,4,2009,WD,Normal,3208,9,9,2.5,54,1,1,1,0,6.0,236000
70,RM,65.0,11700,Pave,Pave,3,Lvl,AllPub,Corner,3,OldTown,Norm,Norm,1Fam,2Story,7,7,1880,2003,Mansard,CompShg,Stucco,Stucco,BrkFace,0.0,4,3,Stone,3,2,1,1,0,1,0,1240,1240,GasW,3,0,SBrkr,1320,1320,0,2640,0,0,1,1,4,1,4,8,Typ,1,4,Detchd,1950.0,1,4,864,3,3,N,181,0,386,0,0,0,0,nan,nan,0,5,2009,WD,Normal,3880,129,6,1.5,386,1,1,1,0,7.0,265979
20,RL,59.0,10593,Pave,nan,3,Lvl,AllPub,Inside,3,NoRidge,Norm,Norm,1Fam,1Story,7,5,1996,1996,Hip,CompShg,VinylSd,VinylSd,BrkFace,338.0,4,3,PConc,4,3,1,6,919,1,0,801,1720,GasA,5,1,SBrkr,1720,0,0,1720,1,0,2,0,3,1,4,7,Typ,1,3,Attchd,1996.0,3,2,527,3,3,Y,240,56,154,0,0,0,0,nan,nan,0,3,2010,WD,Normal,3440,14,14,3.0,210,1,1,1,0,6.0,260400
50,RL,50.0,8405,Pave,nan,4,Lvl,AllPub,Inside,3,Edwards,Norm,Norm,1Fam,1.5Fin,4,3,1945,1950,Gable,CompShg,WdShing,Wd Shng,BrkFace,0.0,3,3,Slab,0,0,0,0,0,0,0,0,0,Wall,3,0,FuseF,1088,441,0,1529,0,0,2,0,4,1,3,9,Mod,0,0,Detchd,1945.0,1,1,240,3,3,N,92,0,185,0,0,0,0,nan,nan,0,4,2009,WD,Normal,1529,64,59,2.0,185,1,0,0,0,3.5,98000
50,RM,55.0,8800,Pave,Grvl,4,Lvl,AllPub,Corner,3,OldTown,Norm,Norm,1Fam,1.5Fin,4,7,1910,2004,Gable,CompShg,Wd Sdng,Wd Sdng,BrkFace,0.0,3,3,BrkTil,3,2,1,1,0,1,0,576,576,GasA,4,1,SBrkr,792,348,0,1140,0,0,1,0,3,1,3,7,Min2,0,0,nan,1980.0,0,0,0,0,0,N,0,160,0,0,0,0,0,nan,nan,0,6,2010,WD,Normal,1716,100,6,1.0,160,0,1,0,0,5.5,96500
60,RL,69.0,7750,Pave,nan,4,Lvl,AllPub,Inside,3,Gilbert,RRAn,Norm,1Fam,2Story,7,5,2003,2003,Gable,CompShg,VinylSd,VinylSd,BrkFace,0.0,4,3,PConc,4,3,1,1,0,1,0,660,660,GasA,5,1,SBrkr,660,660,0,1320,0,0,2,1,3,1,4,6,Typ,0,0,Attchd,2003.0,3,2,400,3,3,Y,0,48,0,0,0,0,0,nan,nan,0,8,2007,WD,Normal,1980,4,4,2.5,48,1,1,0,0,6.0,162000
20,RL,79.0,9236,Pave,nan,3,Lvl,AllPub,Inside,3,CollgCr,Norm,Norm,1Fam,1Story,6,5,1997,1997,Gable,CompShg,VinylSd,VinylSd,BrkFace,0.0,3,4,PConc,4,3,4,6,1200,1,0,279,1479,GasA,5,1,SBrkr,1494,0,0,1494,1,0,2,0,3,1,4,6,Typ,0,0,Attchd,1997.0,2,2,576,3,3,Y,168,27,0,0,0,0,0,nan,nan,0,7,2006,WD,Normal,2973,9,9,3.0,27,1,1,0,0,5.5,217000
60,RL,80.0,10240,Pave,nan,4,Lvl,AllPub,Inside,3,NridgHt,Norm,Norm,1Fam,2Story,8,5,2005,2005,Gable,CompShg,VinylSd,VinylSd,BrkFace,178.0,4,3,PConc,4,3,2,1,0,1,0,1030,1030,GasA,4,1,SBrkr,1038,1060,0,2098,0,0,2,1,3,1,5,8,Typ,1,4,Attchd,2005.0,2,3,878,3,3,Y,192,52,0,0,0,0,0,nan,nan,0,3,2006,WD,Normal,3128,1,1,2.5,52,1,1,1,0,6.5,275500
20,RL,61.0,7930,Pave,nan,4,Lvl,AllPub,Inside,3,NAmes,Norm,Norm,1Fam,1Story,6,8,1969,2005,Gable,CompShg,Plywood,Plywood,BrkFace,0.0,3,3,CBlock,3,3,1,6,439,2,472,115,1026,GasA,4,1,SBrkr,1026,0,0,1026,1,0,1,0,3,1,4,5,Typ,0,0,Detchd,1969.0,2,2,440,3,3,Y,171,48,0,0,0,0,0,nan,nan,0,7,2009,WD,Normal,2052,40,4,2.0,48,1,1,0,0,7.0,156000
160,FV,34.0,3230,Pave,Pave,4,Lvl,AllPub,Inside,3,Somerst,Norm,Norm,TwnhsE,2Story,6,5,1999,1999,Gable,CompShg,MetalSd,MetalSd,BrkFace,894.0,3,3,PConc,4,3,1,6,381,1,0,348,729,GasA,4,1,SBrkr,742,729,0,1471,0,0,2,1,3,1,3,6,Typ,0,0,Detchd,1999.0,1,2,440,3,3,Y,0,24,0,0,0,0,0,nan,nan,0,3,2009,WD,Normal,2200,10,10,2.5,24,1,1,0,0,5.5,172500
60,RL,68.0,10769,Pave,nan,3,Lvl,AllPub,Inside,3,CollgCr,Norm,Norm,1Fam,2Story,8,5,2007,2007,Gable,CompShg,VinylSd,VinylSd,BrkFace,0.0,4,3,PConc,4,3,3,6,20,1,0,846,866,GasA,5,1,SBrkr,866,902,0,1768,0,0,2,1,3,1,4,7,Typ,0,0,Attchd,2007.0,2,2,578,3,3,Y,144,105,0,0,0,0,0,nan,nan,0,4,2009,WD,Normal,2634,2,2,2.5,105,1,1,0,0,6.5,212000
60,RL,69.0,11616,Pave,nan,3,Lvl,AllPub,CulDSac,3,Sawyer,Norm,Norm,1Fam,2Story,6,5,1978,1978,Hip,CompShg,HdBoard,HdBoard,BrkCmn,328.0,3,3,CBlock,3,3,2,3,438,1,0,234,672,GasA,3,1,SBrkr,672,714,0,1386,0,0,2,1,3,1,3,6,Typ,1,3,Attchd,1978.0,3,2,440,3,3,Y,335,0,0,0,0,0,0,GdPrv,nan,0,4,2010,WD,Abnorml,2058,32,32,2.5,0,1,1,1,0,5.5,158900
160,FV,24.0,2280,Pave,Pave,4,Lvl,AllPub,Inside,3,Somerst,Norm,Norm,Twnhs,2Story,7,5,1999,1999,Gable,CompShg,MetalSd,MetalSd,BrkFace,360.0,3,3,PConc,4,3,1,5,549,1,0,195,744,GasA,4,1,SBrkr,757,744,0,1501,0,0,2,1,3,1,3,6,Typ,0,0,Detchd,1999.0,1,2,440,3,3,Y,0,0,0,0,0,0,0,nan,nan,0,8,2008,WD,Normal,2245,9,9,2.5,0,1,1,0,0,6.0,179400
60,RL,65.0,12257,Pave,nan,3,Lvl,AllPub,Inside,3,NoRidge,Norm,Norm,1Fam,2Story,8,5,1995,1995,Gable,CompShg,VinylSd,VinylSd,BrkFace,513.0,4,3,PConc,4,3,3,2,56,5,64,1198,1318,GasA,5,1,SBrkr,1328,1203,0,2531,0,0,2,1,4,1,4,9,Typ,1,3,Attchd,1995.0,2,3,752,3,3,Y,222,98,0,0,0,0,0,nan,nan,0,11,2007,WD,Normal,3849,12,12,2.5,98,1,1,1,0,6.5,290000
20,RL,70.0,9100,Pave,nan,4,Lvl,AllPub,Inside,3,NAmes,Norm,Norm,1Fam,1Story,6,6,1959,1959,Hip,CompShg,Wd Sdng,Wd Sdng,BrkFace,0.0,3,3,CBlock,3,3,1,3,612,1,0,252,864,GasA,5,1,SBrkr,864,0,0,864,0,0,1,0,2,1,3,5,Typ,0,0,Detchd,2008.0,1,1,300,5,5,Y,0,0,0,0,0,0,0,nan,Shed,450,10,2009,WD,Normal,1728,50,50,1.0,0,1,1,0,0,6.0,127500
30,RM,60.0,6911,Pave,nan,4,Lvl,AllPub,FR2,3,BrkSide,Feedr,Norm,1Fam,1Story,5,5,1924,1950,Gable,CompShg,Wd Sdng,Wd Sdng,BrkFace,0.0,3,3,PConc,3,3,2,2,405,1,0,740,1145,GasA,3,1,SBrkr,1301,0,0,1301,0,0,1,0,2,1,2,5,Min1,0,0,Detchd,1965.0,1,2,440,3,3,Y,0,0,0,0,0,0,0,nan,nan,0,10,2009,WD,Normal,2446,85,59,1.0,0,1,1,0,0,5.0,100000
60,FV,72.0,8640,Pave,nan,4,Lvl,AllPub,Inside,3,Somerst,Norm,Norm,1Fam,2Story,7,5,2009,2009,Gable,CompShg,VinylSd,VinylSd,BrkFace,0.0,3,3,PConc,4,3,2,6,24,1,0,732,756,GasA,5,1,SBrkr,764,783,0,1547,0,0,2,1,3,1,4,7,Typ,0,0,Attchd,2009.0,1,2,614,3,3,Y,169,45,0,0,0,0,0,nan,nan,0,6,2010,Con,Normal,2303,1,1,2.5,45,1,1,0,0,6.0,215200
60,RL,82.0,9430,Pave,nan,4,Lvl,AllPub,Inside,3,NoRidge,Norm,Norm,1Fam,2Story,8,5,1999,1999,Gable,CompShg,VinylSd,VinylSd,BrkFace,673.0,4,3,PConc,4,3,2,6,1163,1,0,89,1252,GasA,5,1,SBrkr,1268,1097,0,2365,1,0,2,1,3,1,4,8,Typ,1,4,Attchd,1999.0,2,3,856,3,3,Y,0,128,0,0,180,0,0,nan,nan,0,7,2009,WD,Normal,3617,10,10,3.5,308,1,1,1,0,6.5,337000
120,RL,30.0,9549,Pave,nan,3,Lvl,AllPub,CulDSac,3,Veenker,Norm,Norm,TwnhsE,1Story,8,5,1995,1996,Hip,CompShg,BrkFace,BrkFace,BrkFace,0.0,4,4,PConc,4,4,3,2,437,6,1057,0,1494,GasA,5,1,SBrkr,1494,0,0,1494,1,0,1,1,2,1,5,6,Typ,1,4,Attchd,1995.0,3,2,481,3,3,Y,0,30,0,0,216,0,0,nan,nan,0,4,2006,WD,Normal,2988,11,10,2.5,246,1,1,1,0,6.5,270000
20,RL,75.0,14587,Pave,nan,3,Lvl,AllPub,Inside,3,Somerst,Norm,Norm,1Fam,1Story,9,5,2008,2008,Gable,CompShg,VinylSd,VinylSd,Stone,284.0,4,3,PConc,4,3,1,1,0,1,0,1498,1498,GasA,5,1,SBrkr,1506,0,0,1506,0,0,2,0,2,1,5,6,Typ,1,4,Attchd,2008.0,3,2,592,3,3,Y,0,174,0,0,0,0,0,nan,nan,0,8,2008,New,Partial,3004,0,0,2.0,174,1,1,1,0,7.0,264132
60,RL,80.0,10421,Pave,nan,4,Lvl,AllPub,Inside,3,NWAmes,Norm,Norm,1Fam,2Story,7,5,1988,1988,Gable,CompShg,HdBoard,HdBoard,BrkFace,42.0,3,3,CBlock,4,3,1,6,394,1,0,586,980,GasA,3,1,SBrkr,980,734,0,1714,0,0,2,1,3,1,3,7,Typ,1,3,Attchd,1988.0,1,2,496,3,3,Y,228,66,156,0,0,0,0,MnPrv,Shed,500,3,2010,WD,Normal,2694,22,22,2.5,222,1,1,1,0,6.0,196500
50,RL,75.0,12508,Pave,nan,3,Lvl,AllPub,Inside,3,Mitchel,Norm,Norm,1Fam,1.5Fin,6,7,1940,1985,Gable,CompShg,VinylSd,VinylSd,BrkFace,0.0,3,3,CBlock,4,3,2,5,660,1,0,323,983,GasA,5,1,SBrkr,983,767,0,1750,1,0,2,0,4,1,3,7,Mod,0,0,Attchd,1989.0,1,1,423,3,3,Y,245,0,156,0,0,0,0,nan,Shed,1300,7,2008,WD,Normal,2733,68,23,3.0,156,1,1,0,0,6.5,160000
20,RL,70.0,9100,Pave,nan,4,Lvl,AllPub,Inside,3,CollgCr,Norm,Norm,1Fam,1Story,7,5,2004,2005,Hip,CompShg,VinylSd,VinylSd,BrkFace,0.0,4,3,PConc,4,3,1,6,24,1,0,1836,1860,GasA,5,1,SBrkr,1836,0,0,1836,0,0,2,0,3,1,4,8,Typ,1,4,Attchd,2004.0,3,2,484,3,3,Y,120,33,0,0,0,0,0,nan,nan,0,10,2006,WD,Normal,3696,2,1,2.0,33,1,1,1,0,6.0,216837
60,RL,47.0,53504,Pave,nan,2,HLS,AllPub,CulDSac,2,StoneBr,Norm,Norm,1Fam,2Story,8,5,2003,2003,Hip,CompShg,CemntBd,Wd Shng,BrkFace,603.0,5,3,PConc,4,3,4,5,1416,1,0,234,1650,GasA,5,1,SBrkr,1690,1589,0,3279,1,0,3,1,4,1,5,12,Mod,1,4,BuiltIn,2003.0,3,3,841,3,3,Y,503,36,0,0,210,0,0,nan,nan,0,6,2010,WD,Normal,4929,7,7,4.5,246,1,1,1,0,6.5,538000
85,RL,69.0,7252,Pave,nan,3,Lvl,AllPub,CulDSac,3,Sawyer,Norm,Norm,1Fam,SFoyer,5,5,1982,1982,Hip,CompShg,Wd Sdng,Wd Sdng,BrkFace,0.0,3,3,CBlock,4,3,3,6,685,1,0,173,858,GasA,3,1,SBrkr,858,0,0,858,1,0,1,0,2,1,3,5,Typ,0,0,Detchd,1983.0,1,2,576,3,3,Y,120,0,0,0,0,0,0,nan,nan,0,4,2009,WD,Normal,1716,27,27,2.0,0,1,1,0,0,5.0,134900
20,RL,67.0,8877,Pave,nan,4,Lvl,AllPub,Inside,3,Edwards,Norm,Norm,1Fam,1Story,4,5,1951,1951,Gable,CompShg,Wd Sdng,Wd Sdng,BrkFace,0.0,3,3,CBlock,2,2,1,2,836,1,0,0,836,GasA,3,1,FuseF,1220,0,0,1220,0,0,1,0,2,1,3,6,Typ,0,0,Detchd,1951.0,1,2,396,3,3,Y,0,0,0,0,0,0,0,nan,nan,0,4,2006,COD,Normal,2056,55,55,1.0,0,1,1,0,0,4.5,102000
80,RL,94.0,7819,Pave,nan,4,Lvl,AllPub,Inside,3,Edwards,Norm,Norm,1Fam,SLvl,6,5,1976,1976,Gable,CompShg,Plywood,Plywood,BrkFace,0.0,3,3,CBlock,3,3,3,5,422,4,127,480,1029,GasA,3,1,SBrkr,1117,0,0,1117,1,0,1,0,3,1,3,6,Typ,1,3,Detchd,1976.0,1,2,672,3,3,Y,144,0,0,0,0,0,0,MnPrv,nan,0,3,2010,WD,Abnorml,2146,34,34,2.0,0,1,1,1,0,5.5,107000
20,RL,70.0,10150,Pave,nan,4,Lvl,AllPub,Inside,3,NAmes,Feedr,Norm,1Fam,1Story,5,5,1958,1958,Gable,CompShg,Wd Sdng,Wd Sdng,BrkFace,1.0,3,3,CBlock,3,3,1,3,456,1,0,456,912,GasA,5,1,FuseA,912,0,0,912,0,0,1,0,2,1,3,5,Typ,0,0,Attchd,1958.0,2,1,275,3,3,Y,0,0,0,0,0,0,0,nan,nan,0,7,2007,COD,Normal,1824,49,49,1.0,0,1,1,0,0,5.0,114500
20,RL,110.0,14226,Pave,nan,4,Lvl,AllPub,Corner,3,NridgHt,Norm,Norm,1Fam,1Story,8,5,2006,2006,Hip,CompShg,VinylSd,VinylSd,BrkFace,375.0,4,3,PConc,4,3,3,1,0,1,0,1935,1935,GasA,4,1,SBrkr,1973,0,0,1973,0,0,2,0,3,1,4,9,Typ,1,4,Attchd,2006.0,3,3,895,3,3,Y,315,45,0,0,0,0,0,nan,nan,0,7,2007,New,Partial,3908,1,1,2.0,45,1,1,1,0,6.5,395000
120,RM,32.0,4500,Pave,nan,4,Lvl,AllPub,FR2,3,Mitchel,Norm,Norm,TwnhsE,1Story,6,5,1998,1998,Hip,CompShg,VinylSd,VinylSd,BrkFace,320.0,3,3,PConc,5,3,1,6,866,1,0,338,1204,GasA,5,1,SBrkr,1204,0,0,1204,1,0,2,0,2,1,3,5,Typ,0,0,Attchd,1998.0,3,2,412,3,3,Y,0,247,0,0,0,0,0,nan,nan,0,6,2009,WD,Normal,2408,11,11,3.0,247,1,1,0,0,5.5,162000
20,RL,86.0,11210,Pave,nan,3,Lvl,AllPub,Inside,3,CollgCr,Norm,Norm,1Fam,1Story,7,5,2005,2006,Gable,CompShg,VinylSd,VinylSd,BrkFace,240.0,4,3,PConc,4,3,3,6,20,1,0,1594,1614,GasA,5,1,SBrkr,1614,0,0,1614,0,0,2,0,3,1,4,7,Typ,0,0,Attchd,2005.0,2,3,865,3,3,Y,144,59,0,0,0,0,0,nan,nan,0,7,2006,New,Partial,3228,1,0,2.0,59,1,1,0,0,6.0,221500
20,RL,100.0,13350,Pave,nan,3,Lvl,AllPub,Inside,3,Sawyer,Norm,Norm,1Fam,1Story,5,5,1974,1974,Hip,CompShg,HdBoard,Plywood,BrkFace,0.0,3,3,CBlock,3,3,1,5,762,1,0,102,864,GasA,3,1,SBrkr,894,0,0,894,1,0,1,0,3,1,3,5,Typ,1,2,Attchd,1974.0,1,2,440,3,3,Y,241,0,0,0,0,0,0,MnPrv,nan,0,6,2006,WD,Normal,1758,32,32,2.0,0,1,1,1,0,5.0,142500
90,RH,60.0,8400,Pave,nan,4,Lvl,AllPub,Inside,3,SawyerW,Feedr,Norm,Duplex,1Story,5,5,1977,1977,Gable,CompShg,Plywood,Plywood,BrkFace,320.0,3,3,Slab,0,0,0,0,0,0,0,0,0,GasA,3,1,SBrkr,2020,0,0,2020,0,0,2,0,4,2,3,10,Typ,2,3,Detchd,1977.0,1,2,630,3,3,Y,0,0,0,0,0,0,0,nan,nan,0,10,2007,WD,Normal,2020,30,30,2.0,0,1,0,1,0,5.0,144000
90,RL,78.0,10530,Pave,nan,4,Lvl,AllPub,Inside,3,Mitchel,Norm,Norm,Duplex,SFoyer,6,5,1977,1977,Gable,CompShg,Plywood,ImStucc,BrkFace,90.0,3,3,CBlock,4,3,4,6,975,1,0,0,975,GasA,3,1,SBrkr,1004,0,0,1004,1,0,1,0,2,1,3,4,Typ,0,0,Attchd,1977.0,1,2,504,3,3,Y,0,0,0,0,0,0,0,nan,nan,0,5,2006,WD,Normal,1979,29,29,2.0,0,1,1,0,0,5.5,135000
20,RL,63.0,7875,Pave,nan,4,Lvl,AllPub,Inside,3,Gilbert,Norm,Norm,1Fam,1Story,7,5,1995,1996,Gable,CompShg,HdBoard,HdBoard,BrkFace,38.0,3,3,PConc,4,4,1,1,0,1,0,1237,1237,GasA,4,1,SBrkr,1253,0,0,1253,0,0,2,0,3,1,3,6,Typ,1,3,Attchd,1995.0,3,2,402,3,3,Y,220,21,0,0,0,0,0,nan,nan,0,6,2007,WD,Normal,2490,12,11,2.0,21,1,1,1,0,6.0,176000
60,RL,65.0,7153,Pave,nan,4,Lvl,AllPub,Inside,3,SawyerW,Norm,Norm,1Fam,2Story,6,5,1992,1992,Gable,CompShg,VinylSd,VinylSd,BrkFace,0.0,4,4,PConc,4,3,1,5,387,1,0,374,761,GasA,5,1,SBrkr,810,793,0,1603,0,0,2,1,3,1,4,7,Typ,0,0,Attchd,1992.0,2,2,484,3,3,Y,0,124,0,0,0,0,0,nan,nan,0,7,2006,WD,Normal,2364,14,14,2.5,124,1,1,0,0,5.5,175900
20,RL,67.0,16285,Pave,nan,2,Lvl,AllPub,Inside,3,CollgCr,Norm,Norm,1Fam,1Story,7,5,2001,2002,Gable,CompShg,VinylSd,VinylSd,BrkFace,0.0,4,3,PConc,4,3,1,1,0,1,0,1413,1413,GasA,5,1,SBrkr,1430,0,0,1430,0,0,2,0,3,1,4,6,Typ,0,0,Attchd,2001.0,2,2,605,3,3,Y,0,33,0,0,0,0,0,nan,nan,0,6,2009,WD,Normal,2843,8,7,2.0,33,1,1,0,0,6.0,187100
85,RL,69.0,9101,Pave,nan,3,Lvl,AllPub,Corner,3,Mitchel,Norm,Norm,1Fam,SFoyer,5,6,1978,1978,Gable,CompShg,Plywood,Plywood,BrkFace,104.0,3,4,PConc,4,3,3,6,1097,1,0,0,1097,GasA,5,1,SBrkr,1110,0,0,1110,1,0,1,0,1,1,4,4,Typ,1,3,Attchd,1978.0,3,2,602,3,3,Y,303,30,0,0,0,0,0,nan,nan,0,7,2009,WD,Normal,2207,31,31,2.0,30,1,1,1,0,5.5,165500
75,RM,35.0,6300,Pave,Grvl,4,Lvl,AllPub,Inside,3,OldTown,Norm,Norm,1Fam,2.5Unf,6,6,1914,2001,Gable,CompShg,Wd Sdng,Wd Shng,BrkFace,0.0,3,3,CBlock,3,3,1,1,0,1,0,742,742,GasA,5,1,SBrkr,742,742,0,1484,0,0,2,0,3,1,3,9,Typ,1,4,nan,1980.0,0,0,0,0,0,Y,0,291,134,0,0,0,0,nan,nan,0,6,2008,WD,Normal,2226,94,7,2.0,425,0,1,1,0,6.0,128000
20,RL,69.0,9790,Pave,nan,4,Lvl,AllPub,Inside,3,NWAmes,Feedr,Norm,1Fam,1Story,6,5,1967,1967,Gable,CompShg,BrkFace,Wd Sdng,BrkFace,0.0,3,3,CBlock,3,3,1,3,251,2,630,491,1372,GasA,3,1,SBrkr,1342,0,0,1342,0,0,2,0,3,1,3,7,Typ,1,4,Attchd,1967.0,1,2,457,3,3,Y,0,0,0,0,197,0,0,nan,nan,0,9,2009,WD,Normal,2714,42,42,2.0,197,1,1,1,0,5.5,161500
50,RM,60.0,10800,Pave,nan,4,Lvl,AllPub,Inside,3,OldTown,Artery,Norm,1Fam,1.5Fin,5,6,1915,1950,Gable,CompShg,MetalSd,MetalSd,BrkFace,0.0,3,4,PConc,2,3,1,2,686,1,0,0,686,GasA,3,1,SBrkr,966,686,0,1652,1,0,2,0,4,1,3,7,Typ,0,0,Detchd,1961.0,1,1,416,3,3,Y,0,0,196,0,0,0,0,nan,Shed,1200,6,2010,WD,Normal,2338,95,60,3.0,196,1,1,0,0,5.5,139000
60,RL,76.0,10142,Pave,nan,3,Lvl,AllPub,Inside,3,SawyerW,Norm,Norm,1Fam,2Story,7,5,2004,2004,Gable,CompShg,VinylSd,VinylSd,BrkFace,0.0,4,3,PConc,4,3,1,6,656,1,0,300,956,GasA,5,1,SBrkr,956,1128,0,2084,1,0,2,1,4,1,4,8,Typ,0,0,BuiltIn,2004.0,2,2,618,3,3,Y,0,45,0,0,0,0,0,nan,nan,0,1,2010,WD,Normal,3040,6,6,3.5,45,1,1,0,0,6.0,233000
20,RM,50.0,6000,Pave,nan,4,Lvl,AllPub,Corner,3,OldTown,Norm,Norm,1Fam,1Story,4,7,1954,2000,Gable,CompShg,MetalSd,MetalSd,BrkFace,0.0,3,3,CBlock,3,3,1,1,0,1,0,901,901,GasA,5,1,SBrkr,901,0,0,901,0,0,1,0,2,1,3,4,Typ,0,0,Detchd,1954.0,1,1,281,2,3,Y,0,0,0,0,0,0,0,nan,nan,0,8,2008,WD,Normal,1802,54,8,1.0,0,1,1,0,0,5.5,107900
60,RL,69.0,12205,Pave,nan,3,Low,AllPub,Inside,3,ClearCr,Norm,Norm,1Fam,2Story,6,8,1966,2007,Gable,CompShg,HdBoard,HdBoard,BrkFace,157.0,3,3,CBlock,3,2,4,2,568,1,0,264,832,GasA,4,1,SBrkr,976,1111,0,2087,0,0,2,1,5,1,4,9,Typ,0,0,Attchd,1966.0,3,2,444,3,3,Y,133,168,0,0,0,0,0,nan,nan,0,7,2007,WD,Normal,2919,41,0,2.5,168,1,1,0,0,7.0,187500
120,RL,43.0,3182,Pave,nan,4,Lvl,AllPub,Inside,3,Blmngtn,Norm,Norm,TwnhsE,1Story,7,5,2005,2006,Gable,CompShg,VinylSd,VinylSd,BrkFace,11.0,4,3,PConc,4,3,1,6,16,1,0,1129,1145,GasA,5,1,SBrkr,1145,0,0,1145,0,0,2,0,2,1,4,5,Typ,1,4,Attchd,2005.0,3,2,397,3,3,Y,100,16,0,0,0,0,0,nan,nan,0,9,2009,WD,Normal,2290,4,3,2.0,16,1,1,1,0,6.0,160200
80,RL,69.0,11333,Pave,nan,3,Lvl,AllPub,Corner,3,Mitchel,Norm,Norm,1Fam,SLvl,6,5,1976,1976,Gable,CompShg,HdBoard,HdBoard,BrkFace,0.0,3,3,PConc,4,3,3,5,539,1,0,490,1029,GasA,3,1,SBrkr,1062,0,0,1062,1,0,1,0,3,1,3,5,Typ,2,3,Attchd,1976.0,2,2,539,3,3,Y,120,0,0,0,0,0,0,nan,nan,0,5,2007,WD,Normal,2091,31,31,2.0,0,1,1,1,0,5.5,146800
60,RL,92.0,9920,Pave,nan,3,Lvl,AllPub,CulDSac,3,NoRidge,Norm,Norm,1Fam,2Story,7,5,1996,1997,Gable,CompShg,MetalSd,MetalSd,BrkFace,0.0,4,3,PConc,4,3,3,6,862,1,0,255,1117,GasA,5,1,SBrkr,1127,886,0,2013,1,0,2,1,3,1,3,8,Typ,1,3,Attchd,1997.0,1,2,455,3,3,Y,180,130,0,0,0,0,0,nan,nan,0,6,2007,WD,Normal,3130,11,10,3.5,130,1,1,1,0,6.0,269790
20,RL,76.0,9158,Pave,nan,4,Lvl,AllPub,Inside,3,Somerst,Norm,Norm,1Fam,1Story,8,5,2007,2007,Gable,CompShg,CemntBd,CmentBd,Stone,140.0,4,3,PConc,4,3,3,1,0,1,0,1496,1496,GasA,5,1,SBrkr,1496,0,0,1496,0,0,2,0,3,1,4,7,Typ,0,0,Attchd,2007.0,3,2,474,3,3,Y,168,130,0,0,0,0,0,nan,nan,0,6,2007,New,Partial,2992,0,0,2.0,130,1,1,0,0,6.5,225000
60,RL,69.0,10832,Pave,nan,3,Lvl,AllPub,Corner,3,Gilbert,Norm,Norm,1Fam,2Story,7,5,1994,1996,Gable,CompShg,MetalSd,MetalSd,BrkFace,0.0,4,3,PConc,4,3,1,1,0,1,0,712,712,GasA,5,1,SBrkr,1086,809,0,1895,0,0,2,1,3,1,4,7,Typ,1,3,Attchd,1994.0,3,2,409,3,3,Y,143,46,0,0,0,0,0,nan,Shed,500,10,2008,WD,Normal,2607,14,12,2.5,46,1,1,1,0,6.0,194500
60,RL,70.0,8400,Pave,nan,4,Lvl,AllPub,Inside,3,SawyerW,Norm,Norm,1Fam,2Story,6,6,1980,1981,Gable,CompShg,HdBoard,HdBoard,BrkFace,130.0,3,3,CBlock,4,3,1,1,0,1,0,650,650,GasA,3,1,SBrkr,888,676,0,1564,0,0,2,1,3,1,3,7,Typ,1,3,Attchd,1980.0,1,2,476,3,3,Y,0,50,0,0,204,0,0,MnPrv,nan,0,4,2010,WD,Normal,2214,30,29,2.5,254,1,1,1,0,6.0,171000
20,RL,71.0,8197,Pave,nan,4,Lvl,AllPub,Inside,3,Sawyer,Norm,Norm,1Fam,1Story,6,5,1977,1977,Gable,CompShg,Plywood,Plywood,BrkFace,148.0,3,3,CBlock,3,3,1,1,0,1,0,660,660,GasA,5,1,SBrkr,1285,0,0,1285,0,0,1,1,3,1,3,7,Typ,1,3,Attchd,1977.0,2,2,528,3,3,Y,138,0,0,0,0,0,0,MnPrv,nan,0,4,2007,WD,Normal,1945,30,30,1.5,0,1,1,1,0,5.5,143500
20,RL,57.0,7677,Pave,nan,4,Lvl,AllPub,Inside,3,NAmes,Norm,Norm,1Fam,1Story,5,5,1953,1953,Gable,CompShg,VinylSd,VinylSd,BrkFace,0.0,3,3,CBlock,3,3,1,4,570,1,0,203,773,GasA,4,1,SBrkr,773,0,0,773,0,0,1,0,2,1,3,4,Typ,0,0,Attchd,1953.0,1,1,240,3,3,Y,0,0,0,0,0,0,0,nan,nan,0,4,2008,WD,Abnorml,1546,55,55,1.0,0,1,1,0,0,5.0,110000
60,RL,104.0,13518,Pave,nan,4,Lvl,AllPub,Inside,3,NridgHt,Norm,Norm,1Fam,2Story,9,5,2008,2009,Hip,CompShg,VinylSd,VinylSd,Stone,860.0,5,3,PConc,5,3,1,1,0,1,0,1926,1926,GasA,5,1,SBrkr,1966,1174,0,3140,0,0,3,1,4,1,5,11,Typ,2,4,BuiltIn,2009.0,3,3,820,3,3,Y,144,78,0,0,0,0,0,nan,nan,0,7,2009,New,Partial,5066,1,0,3.5,78,1,1,1,0,7.0,485000
50,RL,60.0,7200,Pave,nan,4,Lvl,AllPub,Corner,3,SWISU,Feedr,Norm,1Fam,1.5Fin,5,7,1937,1950,Gable,CompShg,Wd Sdng,Wd Sdng,BrkFace,252.0,3,3,BrkTil,4,3,1,5,569,1,0,162,731,GasA,5,1,SBrkr,981,787,0,1768,1,0,1,1,3,1,4,7,Typ,2,3,Detchd,1939.0,1,1,240,3,3,Y,0,0,264,0,0,0,0,MnPrv,nan,0,6,2007,WD,Normal,2499,70,57,2.5,264,1,1,1,0,6.0,175000
60,RL,79.0,12798,Pave,nan,3,HLS,AllPub,Inside,2,ClearCr,Feedr,Norm,1Fam,2Story,6,5,1997,1997,Gable,CompShg,VinylSd,VinylSd,BrkFace,0.0,3,3,PConc,4,3,4,6,462,1,0,154,616,GasA,4,1,SBrkr,616,1072,0,1688,1,0,2,1,4,1,4,8,Typ,0,0,Attchd,1997.0,2,2,603,3,3,Y,403,114,185,0,0,0,0,nan,Shed,400,5,2008,WD,Normal,2304,11,11,3.5,299,1,1,0,0,5.5,200000
30,RM,40.0,4800,Pave,nan,4,Lvl,AllPub,Inside,3,IDOTRR,Norm,Norm,1Fam,1Story,4,7,1916,1990,Gable,CompShg,MetalSd,MetalSd,BrkFace,0.0,3,3,CBlock,3,3,1,2,197,1,0,999,1196,GasA,5,1,FuseA,1196,0,0,1196,1,0,1,0,2,1,3,5,Typ,0,0,Detchd,1957.0,1,2,440,3,3,Y,0,0,0,0,0,0,0,nan,nan,0,7,2007,WD,Normal,2392,91,17,2.0,0,1,1,0,0,5.5,109900
60,RL,63.0,8199,Pave,nan,4,Lvl,AllPub,Inside,3,CollgCr,Norm,Norm,1Fam,2Story,7,5,2005,2005,Gable,CompShg,WdShing,Wd Shng,BrkFace,0.0,4,3,PConc,4,3,3,6,648,1,0,80,728,GasA,5,1,SBrkr,728,728,0,1456,1,0,2,1,3,1,4,7,Typ,1,4,Attchd,2005.0,3,2,410,3,3,Y,36,18,0,0,0,0,0,nan,nan,0,10,2008,WD,Normal,2184,3,3,3.5,18,1,1,1,0,6.0,189000
60,RL,107.0,13891,Pave,nan,4,Lvl,AllPub,Inside,3,NridgHt,Norm,Norm,1Fam,2Story,9,5,2008,2009,Hip,CompShg,VinylSd,VinylSd,Stone,424.0,5,3,PConc,5,3,4,1,0,1,0,1734,1734,GasA,5,1,SBrkr,1734,1088,0,2822,0,0,3,1,4,1,5,12,Typ,1,4,BuiltIn,2009.0,2,3,1020,3,3,Y,52,170,0,0,192,0,0,nan,nan,0,1,2009,New,Partial,4556,1,0,3.5,362,1,1,1,0,7.0,582933
20,RL,75.0,9000,Pave,nan,4,Lvl,AllPub,Inside,3,NAmes,Norm,Norm,1Fam,1Story,5,5,1954,1954,Gable,CompShg,Wd Sdng,Wd Sdng,BrkFace,0.0,3,3,CBlock,3,3,1,2,812,1,0,124,936,GasA,3,1,SBrkr,1128,0,0,1128,0,0,1,0,2,1,3,5,Min1,0,0,Attchd,1954.0,1,1,286,3,3,Y,0,0,0,0,0,0,0,GdWo,nan,0,6,2006,WD,Family,2064,52,52,1.0,0,1,1,0,0,5.0,118000
20,RL,91.0,12274,Pave,nan,3,Lvl,AllPub,FR2,3,Somerst,Norm,Norm,1Fam,1Story,7,5,2008,2008,Gable,CompShg,VinylSd,VinylSd,Stone,256.0,4,3,PConc,4,3,1,1,0,1,0,1417,1417,GasA,5,1,SBrkr,1428,0,0,1428,0,0,2,0,3,1,5,6,Typ,0,0,Attchd,2008.0,2,2,554,3,3,Y,0,60,0,0,0,0,0,nan,nan,0,7,2008,New,Partial,2845,0,0,2.0,60,1,1,0,0,6.0,227680
80,RL,75.0,9750,Pave,nan,4,Lvl,AllPub,Inside,3,NAmes,Norm,Norm,1Fam,SLvl,5,5,1967,1967,Gable,CompShg,VinylSd,VinylSd,BrkFace,0.0,3,3,PConc,3,3,3,5,400,3,480,100,980,GasA,4,1,SBrkr,980,0,0,980,0,0,2,0,3,1,3,6,Typ,0,0,Attchd,1967.0,3,1,384,3,3,Y,68,0,0,0,0,0,0,nan,nan,0,10,2006,WD,Normal,1960,39,39,2.0,0,1,1,0,0,5.0,135500
70,RL,144.0,21384,Pave,nan,4,Lvl,AllPub,Inside,3,BrkSide,Norm,Norm,1Fam,2Story,5,6,1923,2004,Gable,CompShg,Wd Sdng,Wd Sdng,BrkFace,0.0,3,3,CBlock,3,3,4,6,1309,1,0,15,1324,GasA,5,1,SBrkr,1072,504,0,1576,2,0,1,1,3,1,4,6,Typ,1,3,Attchd,1923.0,2,2,528,3,3,Y,0,312,0,0,0,0,0,nan,nan,0,5,2009,WD,Normal,2900,86,5,3.5,312,1,1,1,0,5.5,223500
80,RL,85.0,13400,Pave,nan,4,Lvl,AllPub,Inside,3,NAmes,Norm,Norm,1Fam,SLvl,5,5,1966,1966,Gable,CompShg,VinylSd,VinylSd,BrkFace,1047.0,3,3,CBlock,3,3,3,5,516,4,128,380,1024,GasA,3,1,SBrkr,1086,0,0,1086,1,0,1,0,3,1,3,6,Typ,1,4,Attchd,1966.0,2,2,484,3,3,Y,0,0,0,0,0,0,0,GdWo,nan,0,6,2006,WD,Normal,2110,40,40,2.0,0,1,1,1,0,5.0,159950
75,RM,90.0,8100,Pave,nan,4,Lvl,AllPub,Corner,3,OldTown,Norm,Norm,1Fam,2.5Unf,5,5,1898,1965,Hip,CompShg,AsbShng,AsbShng,BrkFace,0.0,3,3,PConc,3,3,1,1,0,1,0,849,849,GasA,3,0,FuseA,1075,1063,0,2138,0,0,2,0,2,3,3,11,Typ,0,0,Detchd,1910.0,1,2,360,2,1,N,40,156,0,0,0,0,0,MnPrv,nan,0,11,2009,WD,Normal,2987,111,44,2.0,156,1,1,0,0,5.0,106000
20,RL,78.0,10140,Pave,nan,4,Lvl,AllPub,Inside,3,NWAmes,Norm,Norm,1Fam,1Story,6,6,1974,1999,Hip,CompShg,HdBoard,HdBoard,BrkFace,99.0,3,3,CBlock,3,3,1,5,663,2,377,0,1040,GasA,2,1,SBrkr,1309,0,0,1309,1,0,1,1,3,1,4,5,Typ,1,2,Attchd,1974.0,2,2,484,3,3,Y,265,0,0,0,0,648,1,GdPrv,nan,0,1,2006,WD,Normal,2349,32,7,2.5,0,1,1,1,1,6.0,181000
120,RM,69.0,4438,Pave,nan,4,Lvl,AllPub,Inside,3,CollgCr,Norm,Norm,TwnhsE,1Story,6,5,2004,2004,Gable,CompShg,VinylSd,VinylSd,BrkFace,169.0,4,3,PConc,4,3,4,6,662,1,0,186,848,GasA,5,1,SBrkr,848,0,0,848,1,0,1,0,1,1,4,4,Typ,1,4,Attchd,2004.0,3,2,420,3,3,Y,140,0,0,0,0,0,0,nan,nan,0,6,2008,ConLD,Normal,1696,4,4,2.0,0,1,1,1,0,5.5,144500
20,C (all),66.0,8712,Grvl,nan,4,Bnk,AllPub,Inside,2,IDOTRR,Norm,Norm,1Fam,1Story,5,5,1952,1952,Hip,CompShg,Wd Sdng,Wd Sdng,BrkFace,0.0,2,3,CBlock,3,3,3,1,0,1,0,540,540,GasA,3,0,FuseA,1044,0,0,1044,0,0,1,0,2,1,2,4,Typ,0,0,Basment,1952.0,1,2,504,3,3,N,0,0,0,0,0,0,0,nan,Shed,54,6,2010,WD,Alloca,1584,58,58,1.0,0,1,1,0,0,5.0,55993
20,RL,75.0,9750,Pave,nan,4,Lvl,AllPub,Inside,3,NAmes,Norm,Norm,1Fam,1Story,6,6,1958,1958,Gable,CompShg,MetalSd,MetalSd,BrkFace,243.0,3,3,CBlock,3,3,1,3,608,1,0,834,1442,GasA,4,1,SBrkr,1442,0,0,1442,0,0,1,1,4,1,3,7,Typ,0,0,Attchd,1958.0,2,1,301,3,3,Y,0,0,275,0,0,0,0,nan,Shed,500,4,2007,COD,Normal,2884,49,49,1.5,275,1,1,0,0,6.0,157900
50,RL,45.0,8248,Pave,Grvl,4,Lvl,AllPub,Inside,3,Edwards,Norm,Norm,1Fam,1.5Fin,5,7,1918,1950,Gable,CompShg,Stucco,Stucco,BrkFace,0.0,3,3,BrkTil,3,3,1,1,0,1,0,686,686,GasW,4,1,SBrkr,686,564,0,1250,0,1,1,1,3,1,2,7,Typ,0,0,Detchd,1955.0,1,1,280,3,3,P,207,0,96,0,0,0,0,nan,nan,0,7,2006,WD,Normal,1936,88,56,2.0,96,1,1,0,0,6.0,116000
20,RL,48.0,12137,Pave,nan,2,Lvl,AllPub,CulDSac,3,CollgCr,Norm,Norm,1Fam,1Story,7,5,1998,1998,Gable,CompShg,VinylSd,VinylSd,BrkFace,442.0,3,3,PConc,4,3,1,1,0,1,0,1649,1649,GasA,5,1,SBrkr,1661,0,0,1661,0,0,2,0,3,1,4,6,Typ,0,0,Attchd,1998.0,2,2,598,3,3,Y,0,34,0,0,0,0,0,nan,nan,0,5,2010,WD,Normal,3310,12,12,2.0,34,1,1,0,0,6.0,224900
20,RL,69.0,11425,Pave,nan,3,Lvl,AllPub,Corner,3,NAmes,Norm,Norm,1Fam,1Story,5,6,1954,1954,Gable,CompShg,BrkFace,BrkFace,BrkFace,0.0,3,3,CBlock,3,3,1,4,486,1,0,522,1008,GasA,4,1,SBrkr,1008,0,0,1008,0,0,1,0,2,1,3,4,Typ,1,4,Attchd,1954.0,2,1,275,3,3,Y,0,0,120,0,0,0,0,nan,nan,0,7,2006,WD,Normal,2016,52,52,1.0,120,1,1,1,0,5.5,137000
20,RL,69.0,13265,Pave,nan,3,Lvl,AllPub,CulDSac,3,Mitchel,Norm,Norm,1Fam,1Story,8,5,2002,2002,Hip,CompShg,CemntBd,CmentBd,BrkFace,148.0,4,3,PConc,4,3,1,6,1218,1,0,350,1568,GasA,5,1,SBrkr,1689,0,0,1689,1,0,2,0,3,1,4,7,Typ,2,4,Attchd,2002.0,2,3,857,3,3,Y,150,59,0,0,0,0,0,nan,nan,0,7,2008,WD,Normal,3257,6,6,3.0,59,1,1,1,0,6.5,271000
80,RL,80.0,8816,Pave,nan,4,Lvl,AllPub,Inside,3,ClearCr,Norm,Norm,1Fam,SLvl,6,7,1971,1971,Gable,CompShg,HdBoard,HdBoard,BrkFace,80.0,3,3,CBlock,3,3,3,6,504,1,0,506,1010,GasA,4,1,SBrkr,1052,0,0,1052,1,0,1,0,3,1,3,6,Typ,0,0,Attchd,1971.0,1,2,440,3,3,Y,0,0,0,0,0,0,0,MnPrv,nan,0,6,2010,WD,Normal,2062,39,39,2.0,0,1,1,0,0,6.5,155000
120,RL,44.0,6371,Pave,nan,3,Lvl,AllPub,Inside,3,NridgHt,Norm,Norm,TwnhsE,1Story,7,5,2009,2010,Gable,CompShg,VinylSd,VinylSd,Stone,128.0,4,3,PConc,4,3,2,6,733,1,0,625,1358,GasA,5,1,SBrkr,1358,0,0,1358,1,0,2,0,2,1,4,6,Typ,1,4,Attchd,2010.0,2,2,484,3,3,Y,192,35,0,0,0,0,0,nan,nan,0,6,2010,New,Partial,2716,1,0,3.0,35,1,1,1,0,6.0,224000
60,RL,72.0,7226,Pave,nan,3,Lvl,AllPub,CulDSac,3,CollgCr,Norm,Norm,1Fam,2Story,7,5,2003,2003,Gable,CompShg,VinylSd,VinylSd,BrkFace,0.0,4,3,PConc,4,3,1,1,0,1,0,798,798,GasA,5,1,SBrkr,798,842,0,1640,0,0,2,1,3,1,4,6,Typ,0,0,Attchd,2003.0,2,2,595,3,3,Y,0,45,0,0,0,0,0,nan,nan,0,6,2008,WD,Normal,2438,5,5,2.5,45,1,1,0,0,6.0,183000
20,RM,60.0,6000,Pave,Pave,4,Bnk,AllPub,Inside,2,OldTown,Norm,Norm,2fmCon,1Story,4,4,1953,1953,Gable,CompShg,MetalSd,MetalSd,BrkFace,0.0,2,3,CBlock,2,3,1,1,0,1,0,936,936,GasA,3,0,SBrkr,936,0,0,936,0,0,1,0,2,1,3,4,Min2,0,0,Detchd,1974.0,1,2,576,3,3,Y,0,32,112,0,0,0,0,nan,nan,0,2,2009,WD,Normal,1872,56,56,1.0,144,1,1,0,0,4.0,93000
60,RL,69.0,12394,Pave,nan,3,Lvl,AllPub,Corner,3,Gilbert,Norm,Norm,1Fam,2Story,7,5,2003,2003,Gable,CompShg,VinylSd,VinylSd,BrkFace,0.0,4,3,PConc,4,3,4,1,0,1,0,847,847,GasA,5,1,SBrkr,847,886,0,1733,0,0,2,1,3,1,4,7,Typ,1,4,BuiltIn,2003.0,3,2,433,3,3,Y,100,48,0,0,0,0,0,nan,nan,0,10,2007,WD,Family,2580,4,4,2.5,48,1,1,1,0,6.0,225000
50,RL,60.0,9900,Pave,nan,4,Lvl,AllPub,Inside,3,SWISU,Norm,Norm,1Fam,1.5Fin,6,7,1940,1950,Gable,CompShg,VinylSd,VinylSd,BrkFace,0.0,3,3,BrkTil,3,3,1,1,0,1,0,778,778,GasA,3,1,SBrkr,944,545,0,1489,0,0,2,0,3,1,3,7,Typ,1,4,Detchd,1940.0,1,1,240,3,3,Y,335,0,0,0,0,0,0,GdWo,nan,0,7,2009,WD,Normal,2267,69,59,2.0,0,1,1,1,0,6.5,139500
20,FV,81.0,11216,Pave,nan,4,Lvl,AllPub,Inside,3,Somerst,Norm,Norm,1Fam,1Story,8,5,2006,2006,Gable,CompShg,VinylSd,VinylSd,BrkFace,0.0,4,3,PConc,4,4,1,1,0,1,0,1489,1489,GasA,5,1,SBrkr,1489,0,0,1489,0,0,2,0,3,1,4,7,Typ,1,4,Attchd,2006.0,2,2,776,3,3,Y,0,140,0,0,0,0,0,nan,nan,0,6,2006,New,Partial,2978,0,0,2.0,140,1,1,1,0,6.5,232600
20,RL,114.0,14803,Pave,nan,4,Lvl,AllPub,Inside,3,NridgHt,PosN,PosN,1Fam,1Story,10,5,2007,2008,Hip,CompShg,CemntBd,CmentBd,BrkFace,816.0,5,3,PConc,5,3,3,6,1636,1,0,442,2078,GasA,5,1,SBrkr,2084,0,0,2084,1,0,2,0,2,1,5,7,Typ,1,4,Attchd,2007.0,3,3,1220,3,3,Y,188,45,0,0,0,0,0,nan,nan,0,6,2008,New,Partial,4162,1,0,3.0,45,1,1,1,0,7.5,385000
45,RM,50.0,6130,Pave,nan,4,Lvl,AllPub,Inside,3,BrkSide,Norm,Norm,1Fam,1.5Unf,5,6,1924,1950,Gable,CompShg,MetalSd,MetalSd,BrkFace,0.0,3,3,BrkTil,3,3,1,5,784,1,0,0,784,GasA,4,1,SBrkr,784,0,0,784,1,0,1,0,2,1,4,5,Typ,0,0,nan,1980.0,0,0,0,0,0,Y,0,0,116,0,0,0,0,nan,nan,0,5,2008,WD,Normal,1568,84,58,2.0,116,0,1,0,0,5.5,109500
20,RL,65.0,8529,Pave,nan,3,Lvl,AllPub,Inside,3,SawyerW,Norm,Norm,1Fam,1Story,7,5,2001,2001,Gable,CompShg,VinylSd,VinylSd,BrkFace,0.0,4,3,PConc,4,3,1,6,20,1,0,1434,1454,GasA,5,1,SBrkr,1434,0,0,1434,0,0,2,0,3,1,4,6,Typ,1,3,Attchd,2001.0,2,2,527,3,3,Y,290,39,0,0,0,0,0,nan,nan,0,4,2009,WD,Normal,2888,8,8,2.0,39,1,1,1,0,6.0,189000
60,RL,69.0,28698,Pave,nan,2,Low,AllPub,CulDSac,1,ClearCr,Norm,Norm,1Fam,2Story,5,5,1967,1967,Flat,Tar&Grv,Plywood,Plywood,BrkFace,0.0,3,3,PConc,3,4,4,2,249,5,764,0,1013,GasA,3,1,SBrkr,1160,966,0,2126,0,1,2,1,3,1,3,7,Min2,0,0,Attchd,1967.0,3,2,538,3,3,Y,486,0,0,0,225,0,0,nan,nan,0,6,2009,WD,Abnorml,3139,42,42,3.0,225,1,1,0,0,5.0,185000
160,FV,24.0,2544,Pave,Pave,4,Lvl,AllPub,Inside,3,Somerst,Norm,Norm,Twnhs,2Story,7,5,2005,2005,Gable,CompShg,MetalSd,MetalSd,BrkFace,0.0,4,3,PConc,4,3,1,1,0,1,0,600,600,GasA,5,1,SBrkr,520,623,80,1223,0,0,2,1,2,1,4,4,Typ,0,0,Detchd,2005.0,2,2,480,3,3,Y,0,166,0,0,0,0,0,nan,nan,0,7,2006,WD,Normal,1743,1,1,2.5,166,1,1,0,0,6.0,147400
20,RL,80.0,11900,Pave,nan,3,Lvl,AllPub,Corner,3,NAmes,Norm,Norm,1Fam,1Story,6,5,1957,1957,Gable,CompShg,HdBoard,HdBoard,BrkFace,387.0,3,3,CBlock,3,3,1,3,1040,1,0,352,1392,GasA,3,1,FuseA,1392,0,0,1392,1,0,1,1,3,1,3,6,Typ,2,4,Attchd,1957.0,2,2,458,3,3,Y,0,0,0,0,192,0,0,nan,nan,0,6,2008,WD,Normal,2784,51,51,2.5,192,1,1,1,0,5.5,166000
160,FV,30.0,3180,Pave,Pave,4,Lvl,AllPub,Inside,3,Somerst,Norm,Norm,TwnhsE,2Story,7,5,2005,2005,Gable,CompShg,MetalSd,MetalSd,BrkFace,0.0,3,3,PConc,4,3,1,1,0,1,0,600,600,GasA,5,1,SBrkr,520,600,80,1200,0,0,2,1,2,1,4,4,Typ,0,0,Detchd,2005.0,2,2,480,3,3,Y,0,166,0,0,0,0,0,nan,nan,0,6,2006,WD,Normal,1720,1,1,2.5,166,1,1,0,0,6.0,151000
60,RL,44.0,9548,Pave,nan,3,Lvl,AllPub,CulDSac,3,CollgCr,Norm,Norm,1Fam,2Story,7,6,2003,2003,Gable,CompShg,VinylSd,VinylSd,BrkFace,223.0,4,3,PConc,4,3,1,6,483,1,0,458,941,GasA,5,1,SBrkr,941,888,0,1829,1,0,2,1,3,1,4,7,Typ,1,3,Attchd,2003.0,2,2,613,3,3,Y,192,39,0,0,0,0,0,nan,nan,0,1,2010,WD,Normal,2770,7,7,3.5,39,1,1,1,0,6.5,237000
20,RL,100.0,10004,Pave,nan,4,Lvl,AllPub,Inside,3,NAmes,Norm,Norm,1Fam,1Story,6,6,1964,1964,Gable,CompShg,HdBoard,Plywood,BrkFace,180.0,3,3,CBlock,3,3,1,3,196,4,345,975,1516,GasA,3,1,SBrkr,1516,0,0,1516,0,0,1,1,3,1,3,6,Typ,0,0,Attchd,1964.0,2,2,472,3,3,Y,0,0,0,0,152,0,0,nan,nan,0,2,2009,WD,Normal,3032,45,45,1.5,152,1,1,0,0,6.0,167000
20,RL,75.0,7875,Pave,nan,4,Lvl,AllPub,Inside,3,NAmes,Norm,Norm,1Fam,1Story,5,6,1961,1961,Gable,CompShg,VinylSd,VinylSd,BrkFace,136.0,3,3,CBlock,3,3,1,3,572,1,0,572,1144,GasA,4,1,SBrkr,1144,0,0,1144,1,0,1,0,3,1,3,6,Typ,0,0,Attchd,1961.0,1,2,456,3,3,Y,0,0,0,0,0,0,0,GdWo,nan,0,9,2008,WD,Normal,2288,47,47,2.0,0,1,1,0,0,5.5,139950
20,RL,60.0,9600,Pave,nan,4,Lvl,AllPub,Inside,3,Sawyer,Norm,Norm,1Fam,1Story,4,7,1950,1995,Gable,CompShg,VinylSd,HdBoard,BrkFace,0.0,3,3,CBlock,4,3,1,4,442,1,0,625,1067,GasA,3,1,SBrkr,1067,0,0,1067,0,0,2,0,2,1,4,4,Min2,0,0,Attchd,1996.0,1,2,436,3,3,Y,290,0,0,0,0,0,0,nan,nan,0,2,2010,WD,Normal,2134,60,15,2.0,0,1,1,0,0,5.5,128000
30,RM,90.0,8100,Pave,Pave,4,Lvl,AllPub,Inside,3,OldTown,Norm,Norm,1Fam,1Story,5,6,1948,1973,Gable,CompShg,VinylSd,VinylSd,BrkFace,0.0,3,3,BrkTil,3,3,1,3,338,1,0,1221,1559,GasA,4,1,SBrkr,1559,0,0,1559,1,0,1,0,2,1,3,5,Min2,0,0,Detchd,1948.0,1,2,812,3,3,Y,0,116,230,0,0,0,0,GdWo,nan,0,6,2007,COD,Normal,3118,59,34,2.0,346,1,1,0,0,5.5,153500
160,RM,21.0,1680,Pave,nan,4,Lvl,AllPub,Inside,3,BrDale,Norm,Norm,Twnhs,2Story,6,5,1973,1973,Gable,CompShg,HdBoard,HdBoard,BrkFace,158.0,3,3,CBlock,3,3,1,4,330,1,0,153,483,GasA,3,1,SBrkr,483,504,0,987,1,0,1,1,2,1,3,5,Typ,0,0,Detchd,1973.0,1,1,264,3,3,Y,0,0,0,0,0,0,0,nan,nan,0,11,2008,WD,Normal,1470,35,35,2.5,0,1,1,0,0,5.5,100000
20,RL,75.0,9525,Pave,nan,4,Lvl,AllPub,Inside,3,CollgCr,Norm,Norm,1Fam,1Story,5,6,1995,2006,Gable,CompShg,VinylSd,VinylSd,BrkFace,0.0,3,3,PConc,4,3,1,1,0,1,0,1099,1099,GasA,5,1,SBrkr,1099,0,0,1099,0,0,1,1,3,1,4,6,Typ,0,0,Attchd,1999.0,1,1,352,3,3,Y,278,0,0,0,0,0,0,nan,nan,0,6,2008,WD,Normal,2198,13,2,1.5,0,1,1,0,0,5.5,144000
50,RL,70.0,11767,Pave,nan,4,Lvl,AllPub,Inside,3,Edwards,Norm,Norm,1Fam,1.5Fin,5,6,1946,1995,Gable,CompShg,MetalSd,MetalSd,BrkFace,0.0,3,3,CBlock,3,3,1,4,352,1,0,416,768,GasA,5,1,SBrkr,768,432,0,1200,0,0,1,0,3,1,3,6,Typ,0,0,Detchd,1946.0,1,1,240,3,3,Y,0,0,0,0,0,0,0,nan,nan,0,5,2008,WD,Normal,1968,62,13,1.0,0,1,1,0,0,5.5,130500
70,RH,69.0,12155,Pave,nan,3,Lvl,AllPub,Inside,3,SWISU,Norm,Norm,1Fam,2Story,6,8,1925,1950,Gable,CompShg,Wd Sdng,Wd Sdng,BrkFace,0.0,3,3,BrkTil,3,3,1,4,156,1,0,516,672,GasA,3,0,SBrkr,810,672,0,1482,0,0,2,0,4,1,2,7,Typ,0,0,Detchd,1934.0,1,1,400,3,3,P,0,0,254,0,0,0,0,nan,nan,0,3,2008,WD,Normal,2154,83,58,2.0,254,1,1,0,0,7.0,140000
70,RM,60.0,10440,Pave,Grvl,4,Lvl,AllPub,Inside,3,OldTown,Norm,Norm,1Fam,2Story,5,8,1904,2002,Gable,CompShg,MetalSd,MetalSd,BrkFace,0.0,3,3,PConc,3,3,1,1,0,1,0,650,650,GasA,4,1,SBrkr,958,581,0,1539,0,0,2,0,3,1,4,8,Typ,1,1,Detchd,1983.0,1,2,686,4,3,P,70,78,68,0,0,0,0,nan,nan,0,6,2008,WD,Normal,2189,104,6,2.0,146,1,1,1,0,6.5,157500
80,RL,82.0,9020,Pave,nan,4,Lvl,AllPub,Inside,3,NAmes,Norm,Norm,1Fam,SLvl,6,7,1966,1966,Gable,CompShg,HdBoard,HdBoard,BrkFace,183.0,3,3,CBlock,3,3,4,3,312,5,539,276,1127,GasA,3,1,SBrkr,1165,0,0,1165,1,0,1,1,3,1,3,6,Typ,0,0,Attchd,1966.0,2,2,490,4,4,Y,0,129,0,0,0,0,0,GdPrv,nan,0,5,2008,WD,Normal,2292,42,42,2.5,129,1,1,0,0,6.5,174900
90,RL,80.0,8000,Pave,nan,4,Lvl,AllPub,Corner,3,NAmes,Artery,Norm,Duplex,1Story,5,4,1961,1961,Gable,CompShg,BrkFace,BrkFace,BrkFace,0.0,3,3,CBlock,3,3,1,1,0,1,0,1800,1800,GasA,5,0,SBrkr,1800,0,0,1800,0,0,2,0,6,2,3,10,Typ,0,0,nan,1980.0,0,0,0,0,0,Y,0,0,0,0,0,0,0,nan,nan,0,7,2007,WD,Normal,3600,46,46,2.0,0,0,1,0,0,4.5,141000
50,RM,100.0,12665,Pave,Grvl,3,Lvl,AllPub,Inside,3,OldTown,Artery,Norm,1Fam,1.5Fin,5,8,1915,1950,Gable,CompShg,Wd Sdng,Wd Sdng,BrkFace,0.0,3,3,BrkTil,3,3,2,1,0,1,0,876,876,GasA,4,1,SBrkr,876,540,0,1416,0,0,1,1,4,1,3,7,Typ,1,4,Detchd,1949.0,1,3,720,3,3,Y,418,0,194,0,0,0,0,nan,nan,0,6,2008,WD,Normal,2292,93,58,1.5,194,1,1,1,0,6.5,153900
85,RL,69.0,16647,Pave,nan,3,Lvl,AllPub,CulDSac,3,Sawyer,RRAe,Norm,1Fam,SFoyer,5,5,1975,1981,Gable,CompShg,HdBoard,HdBoard,BrkFace,0.0,3,3,CBlock,4,3,4,5,1390,1,0,0,1390,GasA,3,1,SBrkr,1701,0,0,1701,1,0,2,0,3,1,3,6,Min2,2,3,Basment,1975.0,3,2,611,3,3,Y,0,0,0,0,0,0,0,nan,nan,0,1,2007,WD,Normal,3091,32,26,3.0,0,1,1,1,0,5.0,171000
60,RL,75.0,9317,Pave,nan,4,Lvl,AllPub,Inside,3,SawyerW,Norm,Norm,1Fam,2Story,7,5,1993,1993,Gable,CompShg,HdBoard,HdBoard,BrkFace,137.0,4,3,PConc,4,3,1,5,513,1,0,227,740,GasA,5,1,SBrkr,1006,769,0,1775,1,0,2,1,3,1,4,7,Typ,1,3,Attchd,1993.0,1,2,425,3,3,Y,234,72,192,0,0,0,0,nan,nan,0,7,2009,WD,Normal,2515,16,16,3.5,264,1,1,1,0,6.0,213000
20,RL,36.0,15523,Pave,nan,3,Lvl,AllPub,CulDSac,3,CollgCr,Norm,Norm,1Fam,1Story,5,6,1972,1972,Gable,CompShg,HdBoard,Plywood,BrkFace,0.0,3,3,CBlock,3,3,3,4,460,1,0,404,864,GasA,5,1,SBrkr,864,0,0,864,1,0,1,0,3,1,3,5,Typ,1,2,Attchd,1972.0,1,1,338,3,3,Y,0,0,0,0,0,0,0,nan,nan,0,8,2009,WD,Normal,1728,37,37,2.0,0,1,1,1,0,5.5,133500
50,RL,75.0,45600,Pave,nan,2,Bnk,AllPub,Inside,3,ClearCr,Norm,Norm,1Fam,1.5Fin,6,8,1908,1997,Gable,CompShg,Wd Sdng,Wd Sdng,BrkFace,0.0,3,3,BrkTil,3,3,1,1,0,1,0,907,907,GasA,3,1,SBrkr,1307,1051,0,2358,0,0,3,0,5,1,3,10,Typ,1,4,Detchd,1908.0,1,2,360,2,3,Y,486,40,0,0,175,0,0,nan,nan,0,9,2008,WD,Normal,3265,100,11,3.0,215,1,1,1,0,7.0,240000
80,RL,80.0,9600,Pave,nan,4,Lvl,AllPub,FR2,3,Veenker,Feedr,Norm,1Fam,SLvl,6,7,1976,1994,Hip,CompShg,Plywood,Plywood,BrkFace,360.0,4,4,CBlock,3,3,1,1,0,1,0,528,528,GasA,5,1,SBrkr,1094,761,0,1855,0,0,2,1,3,1,3,7,Typ,1,3,Attchd,1976.0,2,2,512,3,3,Y,113,100,0,0,0,0,0,nan,nan,0,8,2007,WD,Normal,2383,31,13,2.5,100,1,1,1,0,6.5,187000
120,RM,36.0,4435,Pave,nan,4,Lvl,AllPub,Inside,3,CollgCr,Norm,Norm,TwnhsE,1Story,6,5,2003,2003,Gable,CompShg,VinylSd,VinylSd,BrkFace,170.0,4,3,PConc,4,3,3,6,659,1,0,189,848,GasA,5,1,SBrkr,848,0,0,848,1,0,1,0,1,1,4,3,Typ,0,0,Attchd,2003.0,3,2,420,3,3,Y,140,0,0,0,0,0,0,nan,nan,0,11,2007,WD,Normal,1696,4,4,2.0,0,1,1,0,0,5.5,131500
120,RL,69.0,3196,Pave,nan,4,Lvl,AllPub,Inside,3,Blmngtn,Norm,Norm,TwnhsE,1Story,8,5,2003,2003,Gable,CompShg,VinylSd,VinylSd,BrkFace,40.0,4,3,PConc,4,3,4,1,0,1,0,1273,1273,GasA,5,1,SBrkr,1456,0,0,1456,0,0,2,0,2,1,4,7,Typ,1,3,Attchd,2003.0,3,2,400,3,3,Y,143,20,0,0,0,0,0,nan,nan,0,5,2006,WD,Normal,2729,3,3,2.0,20,1,1,1,0,6.5,215000
75,RL,53.0,7128,Pave,nan,4,Lvl,AllPub,Inside,3,Crawfor,Norm,Norm,1Fam,2.5Unf,7,5,1941,1950,Gable,CompShg,MetalSd,MetalSd,BrkFace,0.0,3,4,CBlock,3,3,1,3,364,1,0,554,918,GasA,4,1,SBrkr,918,728,0,1646,0,0,2,0,4,1,3,7,Typ,2,4,Detchd,1941.0,1,1,240,3,3,Y,0,0,0,0,126,0,0,MnPrv,nan,0,8,2007,WD,Normal,2564,66,57,2.0,126,1,1,1,0,6.0,164000
80,RL,69.0,12095,Pave,nan,3,Lvl,AllPub,Corner,3,NAmes,Norm,Norm,1Fam,SLvl,6,6,1964,1964,Gable,CompShg,MetalSd,HdBoard,BrkFace,115.0,3,4,CBlock,3,3,4,3,564,1,0,563,1127,GasA,3,1,SBrkr,1445,0,0,1445,0,0,1,1,3,1,3,7,Typ,1,2,Attchd,1964.0,2,2,645,3,3,Y,180,0,0,0,0,0,0,MnPrv,nan,0,8,2009,WD,Normal,2572,45,45,1.5,0,1,1,1,0,6.0,158000
20,RL,102.0,17920,Pave,nan,4,Lvl,AllPub,Inside,3,Sawyer,Norm,Norm,1Fam,1Story,5,4,1955,1974,Hip,CompShg,Wd Sdng,Plywood,BrkFace,0.0,3,3,CBlock,3,3,2,5,306,3,1085,372,1763,GasA,3,1,SBrkr,1779,0,0,1779,1,0,1,1,3,1,3,6,Typ,1,4,Attchd,1955.0,1,2,454,3,3,Y,0,418,0,0,312,0,0,nan,nan,0,7,2006,WD,Abnorml,3542,51,32,2.5,730,1,1,1,0,4.5,170000
20,RL,69.0,6897,Pave,nan,3,Lvl,AllPub,Corner,3,Sawyer,Norm,Norm,1Fam,1Story,5,8,1962,2010,Gable,CompShg,HdBoard,HdBoard,BrkFace,0.0,3,4,CBlock,3,3,1,5,659,1,0,381,1040,GasA,5,1,SBrkr,1040,0,0,1040,1,0,1,1,3,1,3,6,Typ,0,0,Detchd,1962.0,1,1,260,3,3,Y,0,104,0,0,0,0,0,nan,nan,0,4,2010,WD,Normal,2080,48,0,2.5,104,1,1,0,0,6.5,127000
80,RL,69.0,10970,Pave,nan,3,Low,AllPub,Inside,2,CollgCr,Norm,Norm,1Fam,SLvl,6,6,1978,1978,Gable,CompShg,Plywood,HdBoard,BrkFace,0.0,3,3,CBlock,4,4,4,6,505,2,435,0,940,GasA,3,1,SBrkr,1026,0,0,1026,1,0,1,0,3,1,3,5,Typ,0,0,Detchd,1981.0,1,2,576,3,2,Y,0,0,34,0,0,0,0,MnPrv,nan,0,10,2008,WD,Normal,1966,30,30,2.0,34,1,1,0,0,6.0,147000
60,RL,65.0,8125,Pave,nan,4,Lvl,AllPub,Inside,3,Gilbert,Norm,Norm,1Fam,2Story,6,5,1994,1995,Gable,CompShg,HdBoard,HdBoard,BrkFace,0.0,3,3,PConc,4,3,1,1,0,1,0,702,702,GasA,4,1,SBrkr,702,779,0,1481,0,0,2,1,3,1,3,6,Typ,1,3,Attchd,1994.0,3,2,343,3,3,Y,0,36,0,0,0,0,0,nan,nan,0,3,2009,WD,Normal,2183,15,14,2.5,36,1,1,1,0,5.5,174000
20,RL,80.0,10400,Pave,nan,4,Lvl,AllPub,Inside,3,NWAmes,Norm,Norm,1Fam,1Story,7,5,1976,1976,Gable,CompShg,HdBoard,HdBoard,BrkFace,189.0,3,3,CBlock,4,3,1,1,0,1,0,1090,1090,GasA,3,1,SBrkr,1370,0,0,1370,0,0,2,0,3,1,3,6,Typ,1,3,Attchd,1976.0,2,2,479,3,3,Y,0,0,0,0,0,0,0,MnPrv,nan,0,6,2009,WD,Family,2460,33,33,2.0,0,1,1,1,0,6.0,152000
60,RL,69.0,11029,Pave,nan,3,Lvl,AllPub,Corner,3,NWAmes,PosA,Norm,1Fam,2Story,6,7,1968,1984,Gable,CompShg,HdBoard,HdBoard,BrkFace,220.0,3,3,CBlock,3,3,2,4,619,1,0,435,1054,GasA,3,1,SBrkr,1512,1142,0,2654,1,0,2,1,4,1,4,9,Typ,1,4,Attchd,1968.0,1,2,619,3,3,Y,0,65,0,0,222,0,0,nan,nan,0,8,2006,WD,Normal,3708,38,22,3.5,287,1,1,1,0,6.5,250000
50,RL,55.0,7642,Pave,nan,4,Lvl,AllPub,Corner,3,Crawfor,Norm,Norm,1Fam,1.5Fin,7,8,1918,1998,Gable,CompShg,Wd Sdng,Wd Sdng,BrkFace,0.0,4,3,BrkTil,3,3,1,1,0,1,0,912,912,GasA,4,1,SBrkr,912,514,0,1426,0,0,1,1,3,1,4,7,Typ,1,4,Detchd,1925.0,1,1,216,3,3,Y,0,240,0,0,0,0,0,GdPrv,nan,0,6,2007,WD,Normal,2338,89,9,1.5,240,1,1,1,0,7.5,189950
190,RL,75.0,11625,Pave,nan,4,Lvl,AllPub,Inside,3,Sawyer,Norm,Norm,2fmCon,1Story,5,4,1965,1965,Hip,CompShg,Plywood,HdBoard,BrkFace,0.0,3,3,PConc,3,3,2,4,841,1,0,198,1039,GasA,5,1,SBrkr,1039,0,0,1039,1,0,1,1,3,1,3,6,Typ,0,0,Attchd,1965.0,1,2,504,3,3,Y,0,0,0,0,0,0,0,nan,nan,0,4,2010,WD,Normal,2078,45,45,2.5,0,1,1,0,0,4.5,131500
20,RL,81.0,9672,Pave,nan,4,Lvl,AllPub,Corner,3,SawyerW,Norm,Norm,1Fam,1Story,6,5,1984,1985,Hip,CompShg,HdBoard,Plywood,BrkFace,0.0,3,3,PConc,4,3,1,6,338,1,0,702,1040,GasA,3,1,SBrkr,1097,0,0,1097,0,0,2,0,3,1,3,6,Typ,0,0,Attchd,1986.0,1,2,480,3,3,Y,0,0,0,0,0,0,0,GdPrv,nan,0,5,2010,WD,Normal,2137,26,25,2.0,0,1,1,0,0,5.5,152000
20,RL,70.0,7931,Pave,nan,4,Lvl,AllPub,Inside,3,NAmes,Norm,Norm,1Fam,1Story,5,5,1959,1959,Hip,CompShg,BrkFace,Plywood,BrkFace,0.0,3,3,CBlock,3,3,1,4,1148,1,0,0,1148,GasA,3,1,SBrkr,1148,0,0,1148,1,0,1,0,3,1,3,6,Typ,0,0,Attchd,1959.0,1,1,672,3,3,Y,0,0,0,0,0,0,0,GdPrv,nan,0,7,2009,WD,Normal,2296,50,50,2.0,0,1,1,0,0,5.0,132500
20,FV,72.0,8640,Pave,nan,4,Lvl,AllPub,Inside,3,Somerst,Norm,Norm,1Fam,1Story,7,5,2007,2008,Gable,CompShg,VinylSd,VinylSd,BrkFace,0.0,4,3,PConc,5,3,1,1,0,1,0,1372,1372,GasA,5,1,SBrkr,1372,0,0,1372,0,0,2,0,3,1,4,6,Typ,0,0,Attchd,2008.0,3,2,529,3,3,Y,0,140,0,0,0,0,0,nan,nan,0,5,2008,New,Partial,2744,1,0,2.0,140,1,1,0,0,6.0,250580
20,RL,69.0,8750,Pave,nan,3,Lvl,AllPub,Inside,3,NAmes,Norm,Norm,1Fam,1Story,5,6,1970,1970,Gable,CompShg,MetalSd,MetalSd,BrkFace,76.0,3,3,CBlock,3,3,1,4,828,1,0,174,1002,GasA,3,1,SBrkr,1002,0,0,1002,1,0,1,0,3,1,3,5,Typ,0,0,Detchd,1973.0,1,2,902,3,3,Y,0,0,0,0,0,0,0,MnPrv,nan,0,8,2009,WD,Normal,2004,39,39,2.0,0,1,1,0,0,5.5,148500
20,RL,67.0,10656,Pave,nan,3,HLS,AllPub,Inside,3,Timber,Norm,Norm,1Fam,1Story,8,5,2006,2007,Gable,CompShg,VinylSd,VinylSd,Stone,274.0,4,3,PConc,4,3,3,1,0,1,0,1638,1638,GasA,5,1,SBrkr,1646,0,0,1646,0,0,2,0,3,1,4,6,Typ,1,4,Attchd,2007.0,2,3,870,3,3,Y,192,80,0,0,0,0,0,nan,nan,0,11,2007,New,Partial,3284,1,0,2.0,80,1,1,1,0,6.5,248900
20,RL,85.0,6970,Pave,nan,4,Lvl,AllPub,Corner,3,Sawyer,Feedr,Norm,1Fam,1Story,4,5,1961,1961,Gable,CompShg,VinylSd,VinylSd,BrkFace,0.0,3,3,CBlock,3,3,1,5,932,1,0,108,1040,GasA,3,1,SBrkr,1120,0,0,1120,1,0,1,1,3,1,2,5,Typ,0,0,Attchd,1961.0,2,2,544,3,3,Y,168,0,0,0,0,0,0,nan,Shed,400,5,2007,WD,Normal,2160,46,46,2.5,0,1,1,0,0,4.5,129000
60,RL,69.0,14762,Pave,nan,2,Lvl,AllPub,Corner,3,Gilbert,Feedr,Norm,1Fam,2Story,5,6,1948,1950,Gable,CompShg,Plywood,Plywood,BrkFace,0.0,3,3,Slab,0,0,0,0,0,0,0,0,0,GasA,4,1,SBrkr,1547,720,53,2320,0,0,2,0,2,1,3,7,Typ,1,3,Attchd,1979.0,1,2,672,3,3,P,120,144,0,0,0,0,0,nan,nan,0,5,2006,WD,Normal,2267,58,56,2.0,144,1,0,1,0,5.5,169000
60,RL,80.0,9938,Pave,nan,4,Lvl,AllPub,Inside,3,SawyerW,Norm,Norm,1Fam,2Story,7,5,1993,1994,Gable,CompShg,MetalSd,MetalSd,BrkFace,246.0,4,3,PConc,4,3,1,6,750,1,0,300,1050,GasA,5,1,SBrkr,1062,887,0,1949,1,0,2,1,3,1,4,8,Typ,1,3,Attchd,1993.0,3,2,574,3,3,Y,156,90,0,0,0,0,0,GdPrv,nan,0,6,2010,WD,Normal,2999,17,16,3.5,90,1,1,1,0,6.0,236000
20,RL,60.0,6600,Pave,nan,4,Lvl,AllPub,Inside,3,NAmes,PosN,Norm,1Fam,1Story,5,5,1962,1962,Hip,CompShg,MetalSd,MetalSd,BrkFace,0.0,3,3,CBlock,3,3,1,1,0,1,0,894,894,GasA,4,0,SBrkr,894,0,0,894,0,0,1,0,2,1,3,5,Typ,0,0,Detchd,1962.0,1,1,308,3,3,Y,0,0,0,0,0,0,0,nan,nan,0,8,2009,WD,Normal,1788,47,47,1.0,0,1,1,0,0,5.0,109500
60,RL,70.0,8750,Pave,nan,4,Lvl,AllPub,Inside,3,CollgCr,Norm,Norm,1Fam,2Story,6,5,1998,1998,Gable,CompShg,VinylSd,VinylSd,BrkFace,116.0,3,3,PConc,4,3,1,6,505,1,0,299,804,GasA,5,1,SBrkr,804,878,0,1682,0,0,2,1,3,1,4,7,Typ,0,0,Attchd,1998.0,2,2,523,3,3,Y,0,77,0,0,0,0,0,nan,nan,0,6,2010,WD,Normal,2486,12,12,2.5,77,1,1,0,0,5.5,200500
20,RL,74.0,8892,Pave,nan,4,Lvl,AllPub,Corner,3,NAmes,Norm,Norm,1Fam,1Story,5,7,1953,1996,Gable,CompShg,WdShing,Wd Shng,BrkFace,0.0,4,3,Stone,3,3,3,1,0,1,0,105,105,GasA,4,1,SBrkr,910,0,0,910,0,0,1,0,3,1,4,5,Typ,0,0,Attchd,1953.0,1,2,414,3,3,Y,196,0,150,0,0,0,0,GdWo,nan,0,10,2008,WD,Normal,1015,55,12,1.0,150,1,1,0,0,6.0,116000
40,RL,60.0,12144,Pave,nan,4,Lvl,AllPub,Inside,3,NAmes,Norm,Norm,1Fam,1Story,5,7,1949,1950,Gable,CompShg,HdBoard,HdBoard,BrkFace,0.0,4,3,CBlock,3,3,1,3,375,1,0,457,832,GasA,4,1,SBrkr,1036,0,232,1268,0,0,1,0,3,1,3,6,Typ,1,4,Attchd,1949.0,1,1,288,3,3,Y,0,28,0,0,0,0,0,nan,Othr,0,9,2009,WD,Normal,1868,60,59,1.0,28,1,1,1,0,6.0,133000
50,RM,52.0,5720,Pave,nan,4,Lvl,AllPub,Inside,3,OldTown,Artery,Norm,1Fam,1.5Fin,5,6,1941,1950,Gable,CompShg,Wd Sdng,Wd Sdng,BrkFace,0.0,3,3,CBlock,3,3,1,1,0,1,0,676,676,GasA,5,1,SBrkr,676,455,0,1131,0,0,1,1,3,1,3,5,Typ,0,0,Detchd,1941.0,1,1,200,3,3,Y,26,0,0,0,0,0,0,nan,nan,0,8,2009,WD,Abnorml,1807,68,59,1.5,0,1,1,0,0,5.5,66500
60,FV,75.0,9000,Pave,nan,4,Lvl,AllPub,Inside,3,Somerst,Norm,Norm,1Fam,2Story,8,5,2007,2007,Gable,CompShg,CemntBd,CmentBd,BrkFace,0.0,4,3,PConc,4,3,3,6,64,1,0,1120,1184,GasA,5,1,SBrkr,1184,1426,0,2610,0,0,2,1,4,1,5,11,Typ,1,4,BuiltIn,2007.0,3,2,550,3,3,Y,208,364,0,0,0,0,0,nan,nan,0,8,2007,New,Partial,3794,0,0,2.5,364,1,1,1,0,6.5,303477
20,RL,94.0,25286,Pave,nan,4,HLS,AllPub,Inside,2,Mitchel,Norm,Norm,1Fam,1Story,4,5,1963,1963,Gable,CompShg,HdBoard,Plywood,BrkFace,0.0,3,3,PConc,3,3,4,5,633,1,0,431,1064,GasA,4,1,SBrkr,1040,0,0,1040,1,0,1,0,3,1,3,5,Typ,0,0,Attchd,1963.0,1,2,648,3,3,Y,0,0,0,0,0,0,0,nan,nan,0,1,2007,WD,Normal,2104,44,44,2.0,0,1,1,0,0,4.5,132250
60,RL,74.0,8834,Pave,nan,4,Lvl,AllPub,Inside,3,NridgHt,Norm,Norm,1Fam,2Story,9,5,2004,2005,Hip,CompShg,VinylSd,VinylSd,Stone,216.0,4,3,PConc,5,3,1,6,1170,1,0,292,1462,GasA,5,1,SBrkr,1462,762,0,2224,1,0,2,1,4,1,5,10,Typ,1,4,Attchd,2004.0,3,3,738,3,3,Y,184,0,0,0,0,0,0,nan,nan,0,6,2009,WD,Normal,3686,5,4,3.5,0,1,1,1,0,7.0,350000
85,RL,88.0,11782,Pave,nan,3,Lvl,AllPub,Inside,3,Sawyer,Norm,Norm,1Fam,SFoyer,5,7,1961,1995,Gable,CompShg,HdBoard,HdBoard,BrkFace,0.0,3,3,CBlock,3,3,3,5,899,1,0,210,1109,GasA,3,1,SBrkr,1155,0,0,1155,1,0,1,0,3,1,4,6,Min2,0,0,Detchd,1987.0,1,2,576,3,3,Y,192,0,0,0,0,0,0,MnPrv,Shed,400,6,2010,WD,Normal,2264,49,15,2.0,0,1,1,0,0,6.0,148000
20,RL,69.0,7000,Pave,nan,3,Lvl,AllPub,CulDSac,3,CollgCr,Norm,Norm,1Fam,1Story,5,8,1978,2005,Gable,CompShg,VinylSd,VinylSd,BrkFace,90.0,4,4,CBlock,3,3,1,5,646,1,0,218,864,GasA,5,1,SBrkr,864,0,0,864,1,0,1,0,3,1,3,6,Typ,0,0,Attchd,1978.0,1,1,336,3,3,Y,0,0,0,0,0,0,0,GdWo,nan,0,7,2009,WD,Normal,1728,31,4,2.0,0,1,1,0,0,6.5,136500
20,RL,60.0,7024,Pave,nan,4,Lvl,AllPub,Inside,3,Edwards,Norm,Norm,1Fam,1Story,5,5,2005,2006,Gable,CompShg,VinylSd,VinylSd,BrkFace,0.0,3,3,PConc,5,4,1,5,980,1,0,110,1090,GasA,4,1,SBrkr,1090,0,0,1090,1,0,1,1,2,1,3,5,Typ,0,0,Attchd,2005.0,3,2,450,3,3,Y,0,49,0,0,0,0,0,nan,nan,0,6,2007,WD,Normal,2180,2,1,2.5,49,1,1,0,0,5.0,157000
50,RL,44.0,13758,Pave,nan,3,Lvl,AllPub,CulDSac,3,Timber,Norm,Norm,1Fam,1.5Fin,7,5,1990,1991,Gable,CompShg,HdBoard,HdBoard,BrkFace,117.0,4,4,CBlock,4,3,2,2,902,1,0,254,1156,GasA,5,1,SBrkr,1187,530,0,1717,0,0,2,1,3,1,4,7,Typ,1,3,Attchd,1990.0,2,2,400,3,3,Y,168,36,0,0,0,0,0,nan,nan,0,4,2007,WD,Normal,2873,17,16,2.5,36,1,1,1,0,6.0,187500
60,RL,69.0,9636,Pave,nan,3,Lvl,AllPub,Corner,3,Gilbert,Norm,Norm,1Fam,2Story,6,5,1992,1993,Gable,CompShg,VinylSd,VinylSd,BrkFace,0.0,3,3,PConc,4,3,1,1,0,1,0,808,808,GasA,4,1,SBrkr,808,785,0,1593,0,0,2,1,3,1,3,7,Typ,1,3,BuiltIn,1993.0,2,2,389,3,3,Y,342,40,0,0,0,0,0,MnPrv,nan,0,12,2009,WD,Normal,2401,17,16,2.5,40,1,1,1,0,5.5,178000
75,RL,60.0,6204,Pave,nan,4,Bnk,AllPub,Inside,3,SWISU,Norm,Norm,1Fam,2.5Fin,4,5,1912,1950,Gable,CompShg,Wd Sdng,Wd Sdng,BrkFace,0.0,4,3,PConc,3,2,1,1,0,1,0,795,795,GasA,3,0,SBrkr,954,795,481,2230,1,0,1,0,5,1,3,10,Typ,0,0,Detchd,1997.0,1,1,440,3,4,Y,0,188,0,0,0,0,0,nan,nan,0,3,2006,WD,Normal,2544,94,56,2.0,188,1,1,0,0,4.5,118500
20,RL,65.0,7150,Pave,nan,4,Lvl,AllPub,Inside,3,NAmes,Norm,Norm,1Fam,1Story,5,5,1967,1967,Gable,CompShg,HdBoard,HdBoard,BrkFace,60.0,3,3,CBlock,3,3,1,4,432,1,0,460,892,GasA,3,1,SBrkr,892,0,0,892,0,0,1,0,3,1,3,5,Typ,0,0,Attchd,1967.0,2,1,288,3,3,Y,0,0,0,0,0,0,0,GdWo,nan,0,7,2009,WD,Normal,1784,42,42,1.0,0,1,1,0,0,5.0,100000
120,FV,50.0,5119,Pave,nan,3,Lvl,AllPub,CulDSac,3,Somerst,Norm,Norm,TwnhsE,1Story,9,5,1999,2000,Gable,CompShg,MetalSd,MetalSd,BrkFace,60.0,4,3,PConc,5,3,3,6,1238,1,0,460,1698,GasA,5,1,SBrkr,1709,0,0,1709,1,0,2,0,2,1,4,5,Typ,1,3,Attchd,1999.0,3,2,506,3,3,Y,97,65,0,0,0,0,0,nan,nan,0,1,2008,CWD,Abnorml,3407,9,8,3.0,65,1,1,1,0,7.0,328900
90,RL,70.0,8393,Pave,nan,4,Lvl,AllPub,Corner,3,NAmes,Norm,Norm,Duplex,1Story,5,5,1959,2005,Gable,CompShg,MetalSd,MetalSd,BrkFace,122.0,3,3,CBlock,3,3,1,2,528,1,0,1098,1626,GasA,5,1,SBrkr,1712,0,0,1712,0,0,2,0,4,2,3,8,Typ,0,0,Attchd,2005.0,3,2,588,3,3,Y,272,54,0,0,0,0,0,nan,nan,0,6,2006,WD,Family,3338,47,1,2.0,54,1,1,0,0,5.0,145000
50,RL,59.0,16466,Pave,nan,3,Lvl,AllPub,Inside,3,Edwards,Norm,Norm,1Fam,1.5Fin,5,7,1955,1955,Gable,CompShg,MetalSd,MetalSd,BrkFace,0.0,3,4,PConc,3,3,1,1,0,1,0,816,816,GasA,3,1,SBrkr,872,521,0,1393,0,0,1,1,3,1,3,8,Typ,0,0,Attchd,1955.0,1,1,300,3,3,Y,121,0,0,0,265,0,0,nan,nan,0,4,2008,WD,Normal,2209,53,53,1.5,265,1,1,0,0,6.0,135500
20,RL,95.0,15865,Pave,nan,3,Lvl,AllPub,Inside,2,NAmes,Norm,Norm,1Fam,1Story,8,6,1970,1970,Flat,Tar&Grv,Wd Sdng,Wd Sdng,BrkFace,0.0,4,4,PConc,3,4,4,5,351,3,823,1043,2217,GasA,5,1,SBrkr,2217,0,0,2217,1,0,2,0,4,1,4,8,Typ,1,3,Attchd,1970.0,1,2,621,3,3,Y,81,207,0,0,224,0,0,nan,nan,0,10,2007,WD,Normal,4434,37,37,3.0,431,1,1,1,0,7.0,268000
20,RL,128.0,12160,Pave,nan,4,Lvl,AllPub,Inside,3,NAmes,Feedr,Norm,1Fam,1Story,6,4,1953,1953,Hip,CompShg,Wd Sdng,Wd Sdng,BrkFace,90.0,3,3,CBlock,3,3,1,4,1024,1,0,481,1505,GasA,5,1,SBrkr,1505,0,0,1505,1,0,1,0,2,1,3,6,Typ,1,3,Attchd,1953.0,2,2,505,3,3,Y,0,0,0,162,0,0,0,nan,nan,0,2,2009,WD,Normal,3010,56,56,2.0,162,1,1,1,0,5.0,149500
50,RL,60.0,8064,Pave,nan,4,Lvl,AllPub,Corner,3,NAmes,Artery,Norm,1Fam,1.5Fin,5,7,1949,2006,Gable,CompShg,MetalSd,MetalSd,BrkFace,0.0,3,4,CBlock,3,3,2,1,0,1,0,672,672,GasA,5,1,SBrkr,672,252,0,924,0,0,1,0,3,1,3,6,Typ,1,1,Detchd,2003.0,1,2,576,3,3,Y,0,0,0,0,0,0,0,MnPrv,Shed,2000,7,2007,WD,Normal,1596,58,1,1.0,0,1,1,1,0,6.0,122900
60,RL,70.0,11184,Pave,nan,4,Lvl,AllPub,Inside,3,Sawyer,Norm,Norm,1Fam,2Story,6,5,1978,1978,Hip,CompShg,HdBoard,HdBoard,BrkFace,92.0,3,3,CBlock,3,3,1,2,226,3,500,192,918,GasA,4,1,SBrkr,918,765,0,1683,0,0,2,1,3,1,3,7,Typ,1,3,Attchd,1978.0,2,2,440,3,3,Y,243,0,0,0,0,0,0,nan,nan,0,7,2009,WD,Normal,2601,31,31,2.5,0,1,1,1,0,5.5,172500
20,RL,70.0,8414,Pave,nan,4,Lvl,AllPub,Inside,3,Sawyer,Norm,Norm,1Fam,1Story,6,8,1963,2003,Hip,CompShg,HdBoard,HdBoard,BrkFace,0.0,3,3,CBlock,3,3,1,6,663,1,0,396,1059,GasA,3,1,SBrkr,1068,0,0,1068,0,1,1,0,3,1,3,6,Typ,0,0,Attchd,1963.0,2,1,264,3,3,Y,192,0,0,0,0,0,0,MnPrv,nan,0,2,2006,WD,Normal,2127,43,3,1.5,0,1,1,0,0,7.0,154500
20,RL,69.0,13284,Pave,nan,4,Lvl,AllPub,Inside,3,Sawyer,PosN,Norm,1Fam,1Story,5,5,1954,1954,Gable,CompShg,Wd Sdng,Plywood,BrkFace,0.0,3,3,PConc,4,3,2,4,1064,1,0,319,1383,GasA,3,1,SBrkr,1383,0,0,1383,1,0,1,0,3,1,3,6,Typ,1,4,Attchd,1954.0,1,1,354,3,3,Y,511,116,0,0,0,0,0,GdPrv,nan,0,6,2008,WD,Normal,2766,54,54,2.0,116,1,1,1,0,5.0,165000
90,RL,64.0,7018,Pave,nan,4,Bnk,AllPub,Inside,3,SawyerW,Norm,Norm,Duplex,1Story,5,5,1979,1979,Gable,CompShg,Plywood,Plywood,BrkFace,0.0,3,3,Slab,0,0,0,0,0,0,0,0,0,GasA,3,1,SBrkr,1535,0,0,1535,0,0,2,0,4,2,3,8,Typ,0,0,Attchd,1979.0,1,2,400,3,3,Y,0,0,0,0,0,0,0,nan,nan,0,6,2009,WD,Alloca,1535,30,30,2.0,0,1,0,0,0,5.0,118858
60,RL,71.0,7056,Pave,nan,4,Lvl,AllPub,Inside,3,NAmes,Norm,Norm,1Fam,2Story,6,5,1963,1963,Hip,CompShg,HdBoard,HdBoard,BrkFace,415.0,3,3,CBlock,3,3,1,4,400,1,0,380,780,GasA,3,1,SBrkr,983,813,0,1796,1,0,1,1,4,1,3,8,Typ,1,3,Attchd,1963.0,2,2,483,3,3,Y,0,50,0,0,0,0,0,nan,nan,0,10,2008,WD,Normal,2576,45,45,2.5,50,1,1,1,0,5.5,140000
30,RM,50.0,8765,Pave,Grvl,4,Lvl,AllPub,Inside,3,IDOTRR,Norm,Norm,1Fam,1Story,4,6,1936,1950,Gable,CompShg,Wd Sdng,Wd Sdng,BrkFace,0.0,3,3,BrkTil,3,3,1,5,285,1,0,666,951,GasA,5,0,SBrkr,951,0,0,951,0,0,1,0,2,1,3,6,Typ,0,0,Detchd,1936.0,1,1,327,3,3,Y,0,28,0,0,0,0,0,nan,nan,0,4,2006,WD,Abnorml,1902,70,56,1.0,28,1,1,0,0,5.0,106500
90,RL,64.0,7018,Pave,nan,4,Lvl,AllPub,Inside,3,SawyerW,Feedr,Norm,Duplex,2Story,5,5,1979,1979,Gable,CompShg,Plywood,Plywood,BrkFace,0.0,3,3,Slab,0,0,0,0,0,0,0,0,0,GasA,3,1,SBrkr,1120,1120,0,2240,0,0,2,0,6,2,3,12,Typ,0,0,Detchd,1979.0,1,2,528,3,3,Y,154,0,0,0,0,0,0,nan,nan,0,6,2009,WD,Alloca,2240,30,30,2.0,0,1,0,0,0,5.0,142953
20,RL,100.0,12919,Pave,nan,3,Lvl,AllPub,Inside,3,NridgHt,Norm,Norm,1Fam,1Story,9,5,2009,2010,Hip,CompShg,VinylSd,VinylSd,Stone,760.0,5,3,PConc,5,3,4,6,2188,1,0,142,2330,GasA,5,1,SBrkr,2364,0,0,2364,1,0,2,1,2,1,5,11,Typ,2,4,Attchd,2009.0,3,3,820,3,3,Y,0,67,0,0,0,0,0,nan,nan,0,3,2010,New,Partial,4694,1,0,3.5,67,1,1,1,0,7.0,611657
20,RL,65.0,6993,Pave,nan,4,Lvl,AllPub,Inside,3,Sawyer,Feedr,Norm,1Fam,1Story,5,7,1961,1994,Gable,CompShg,HdBoard,Plywood,BrkFace,0.0,3,3,CBlock,3,3,1,4,465,1,0,447,912,GasA,3,1,SBrkr,1236,0,0,1236,0,0,1,0,3,1,3,6,Typ,1,3,Attchd,1961.0,1,1,288,3,3,Y,0,0,0,0,0,0,0,nan,nan,0,6,2006,WD,Normal,2148,45,12,1.0,0,1,1,1,0,6.0,135000
20,RL,69.0,7340,Pave,nan,3,Lvl,AllPub,Inside,3,NAmes,Norm,Norm,1Fam,1Story,4,6,1971,1971,Gable,CompShg,HdBoard,HdBoard,BrkFace,0.0,3,3,CBlock,3,3,1,5,322,1,0,536,858,GasA,3,1,SBrkr,858,0,0,858,0,0,1,0,2,1,3,4,Typ,0,0,Detchd,1979.0,1,1,684,3,3,Y,0,0,0,0,0,0,0,nan,nan,0,6,2007,WD,Normal,1716,36,36,1.0,0,1,1,0,0,5.0,110000
20,RL,64.0,8712,Pave,nan,3,Lvl,AllPub,Inside,3,NAmes,Norm,Norm,1Fam,1Story,5,7,1957,2000,Hip,CompShg,MetalSd,MetalSd,BrkFace,0.0,3,4,CBlock,3,3,2,4,860,1,0,132,992,GasA,3,1,SBrkr,1306,0,0,1306,1,0,1,0,2,1,3,5,Typ,0,0,Detchd,1968.0,1,1,756,3,3,Y,0,0,0,0,0,0,0,nan,nan,0,5,2009,WD,Normal,2298,52,9,2.0,0,1,1,0,0,6.0,153000
60,RL,63.0,7875,Pave,nan,4,Lvl,AllPub,Inside,3,Gilbert,Norm,Norm,1Fam,2Story,7,5,2003,2003,Gable,CompShg,VinylSd,VinylSd,BrkFace,0.0,4,3,PConc,4,3,1,1,0,1,0,783,783,GasA,5,1,SBrkr,807,702,0,1509,0,0,2,1,3,1,4,8,Typ,1,4,Attchd,2003.0,3,2,393,3,3,Y,0,75,0,0,0,0,0,nan,nan,0,7,2006,WD,Normal,2292,3,3,2.5,75,1,1,1,0,6.0,180000
20,RL,50.0,14859,Pave,nan,3,HLS,AllPub,CulDSac,3,Gilbert,Norm,Norm,1Fam,1Story,7,5,2006,2006,Hip,CompShg,VinylSd,VinylSd,BrkFace,27.0,4,3,PConc,4,3,1,1,0,1,0,1670,1670,GasA,5,1,SBrkr,1670,0,0,1670,0,0,2,0,3,1,4,7,Typ,1,4,Attchd,2006.0,2,3,690,3,3,Y,144,60,0,0,0,0,0,nan,nan,0,8,2006,New,Partial,3340,0,0,2.0,60,1,1,1,0,6.0,240000
20,RL,69.0,6173,Pave,nan,3,Lvl,AllPub,Inside,3,Sawyer,Norm,Norm,1Fam,1Story,5,6,1967,1967,Gable,CompShg,HdBoard,Wd Sdng,BrkFace,75.0,3,3,CBlock,3,3,1,6,599,1,0,277,876,GasA,3,1,SBrkr,902,0,0,902,0,0,1,0,3,1,3,6,Typ,0,0,Attchd,1967.0,1,1,288,3,3,Y,0,0,0,0,0,0,0,MnPrv,nan,0,8,2007,WD,Normal,1778,40,40,1.0,0,1,1,0,0,5.5,125500
20,RL,80.0,9920,Pave,nan,4,Lvl,AllPub,Inside,3,NAmes,Norm,Norm,1Fam,1Story,5,5,1954,1954,Gable,CompShg,HdBoard,HdBoard,Stone,110.0,3,3,CBlock,3,3,1,3,354,2,290,412,1056,GasA,3,1,SBrkr,1063,0,0,1063,1,0,1,0,3,1,3,6,Typ,0,0,Attchd,1954.0,2,1,280,3,3,Y,0,0,164,0,0,0,0,MnPrv,nan,0,2,2010,WD,Normal,2119,56,56,2.0,164,1,1,0,0,5.0,128000
20,RL,116.0,13501,Pave,nan,3,Lvl,AllPub,Corner,3,Somerst,Norm,Norm,1Fam,1Story,8,5,2006,2006,Gable,CompShg,VinylSd,VinylSd,Stone,208.0,4,3,PConc,4,3,1,6,63,1,0,1560,1623,GasA,5,1,SBrkr,1636,0,0,1636,1,0,2,0,3,1,4,8,Typ,1,4,Attchd,2006.0,2,3,865,3,3,Y,0,60,0,0,0,0,0,nan,nan,0,6,2007,WD,Normal,3259,1,1,3.0,60,1,1,1,0,6.5,255000
50,RL,86.0,11500,Pave,nan,3,Lvl,AllPub,Inside,3,Crawfor,Norm,Norm,1Fam,1.5Fin,7,7,1936,1987,Gable,CompShg,BrkFace,BrkFace,BrkFace,0.0,4,3,CBlock,4,3,1,3,223,1,0,794,1017,GasA,4,1,SBrkr,1020,1037,0,2057,0,0,1,1,3,1,4,6,Typ,1,4,Attchd,1936.0,3,1,180,2,3,Y,0,0,0,0,322,0,0,nan,nan,0,6,2006,WD,Normal,3074,70,19,1.5,322,1,1,1,0,7.0,250000
20,RL,69.0,8885,Pave,nan,3,Low,AllPub,Inside,2,Mitchel,Norm,Norm,1Fam,1Story,5,5,1983,1983,Gable,CompShg,HdBoard,HdBoard,BrkFace,0.0,3,3,CBlock,4,3,3,4,301,5,324,239,864,GasA,3,1,SBrkr,902,0,0,902,1,0,1,0,2,1,3,5,Typ,0,0,Attchd,1983.0,1,2,484,3,3,Y,164,0,0,0,0,0,0,MnPrv,nan,0,6,2006,WD,Normal,1766,23,23,2.0,0,1,1,0,0,5.0,131000
60,RL,149.0,12589,Pave,nan,2,Lvl,AllPub,Inside,3,Gilbert,Norm,Norm,1Fam,2Story,6,5,2005,2005,Gable,CompShg,VinylSd,VinylSd,BrkFace,0.0,4,3,PConc,4,3,1,1,0,1,0,742,742,GasA,5,1,SBrkr,742,742,0,1484,0,0,2,1,3,1,4,8,Typ,1,4,Attchd,2005.0,3,2,390,3,3,Y,36,24,0,0,0,0,0,nan,nan,0,6,2009,WD,Normal,2226,4,4,2.5,24,1,1,1,0,5.5,174000
90,RL,80.0,11600,Pave,nan,4,Lvl,AllPub,Corner,3,NAmes,Feedr,Norm,Duplex,2Story,5,5,1960,1960,Gable,CompShg,MetalSd,MetalSd,BrkFace,361.0,3,3,CBlock,3,3,1,3,443,1,0,662,1105,GasA,3,1,FuseA,1105,1169,0,2274,0,0,2,0,5,2,3,12,Typ,0,0,Detchd,1960.0,1,2,480,3,3,Y,0,0,0,0,0,0,0,nan,nan,0,1,2010,WD,Normal,3379,50,50,2.0,0,1,1,0,0,5.0,154300
20,RL,69.0,9286,Pave,nan,3,Lvl,AllPub,CulDSac,2,CollgCr,Norm,Norm,1Fam,1Story,5,7,1977,1989,Gable,CompShg,HdBoard,Plywood,BrkFace,0.0,3,3,CBlock,4,4,3,5,196,1,0,1072,1268,GasA,3,1,SBrkr,1268,0,0,1268,0,0,1,1,3,1,4,5,Typ,0,0,Detchd,1978.0,1,1,252,3,3,Y,173,0,0,0,0,0,0,nan,nan,0,10,2009,WD,Normal,2536,32,20,1.5,0,1,1,0,0,6.0,143500
30,RM,51.0,6120,Pave,nan,4,Lvl,AllPub,Inside,3,BrkSide,Norm,Norm,1Fam,1Story,5,7,1925,1950,Gable,CompShg,MetalSd,MetalSd,BrkFace,0.0,3,3,BrkTil,3,3,1,3,489,1,0,279,768,GasA,3,0,SBrkr,1015,0,0,1015,0,0,1,0,3,1,3,6,Min1,0,0,Detchd,1925.0,1,1,450,3,3,Y,0,0,112,0,120,0,0,MnPrv,Shed,620,7,2006,WD,Abnorml,1783,81,56,1.0,232,1,1,0,0,6.0,88000
90,RH,82.0,6270,Pave,nan,4,HLS,AllPub,Inside,3,Crawfor,Norm,Norm,Duplex,2Story,5,6,1949,1950,Gable,CompShg,MetalSd,MetalSd,BrkFace,0.0,3,3,CBlock,3,3,1,4,284,1,0,717,1001,GasA,3,0,FuseA,1001,1001,0,2002,0,0,2,0,4,2,3,8,Typ,0,0,2Types,1949.0,1,3,871,3,3,Y,0,0,0,0,0,0,0,nan,nan,0,8,2007,WD,Normal,3003,58,57,2.0,0,1,1,0,0,5.5,145000
160,FV,30.0,3000,Pave,Pave,4,Lvl,AllPub,Inside,3,Somerst,Norm,Norm,TwnhsE,2Story,6,5,2009,2009,Gable,CompShg,VinylSd,VinylSd,Stone,76.0,4,3,PConc,4,3,3,6,294,1,0,318,612,GasA,5,1,SBrkr,612,612,0,1224,0,0,2,1,2,1,4,4,Typ,0,0,Detchd,2009.0,2,2,528,3,3,Y,0,234,0,0,0,0,0,nan,nan,0,6,2009,New,Partial,1836,0,0,2.5,234,1,1,0,0,5.5,173733
160,RM,21.0,2001,Pave,nan,4,Lvl,AllPub,Inside,3,MeadowV,Norm,Norm,Twnhs,2Story,4,5,1970,1970,Gable,CompShg,CemntBd,CmentBd,BrkFace,80.0,3,3,CBlock,3,3,1,1,0,1,0,546,546,GasA,2,1,SBrkr,546,546,0,1092,0,0,1,1,3,1,3,6,Typ,0,0,Attchd,1970.0,1,1,286,3,3,Y,0,0,0,0,0,0,0,nan,nan,0,1,2007,WD,Normal,1638,37,37,1.5,0,1,1,0,0,4.5,75000
20,C (all),50.0,9000,Pave,nan,4,Lvl,AllPub,Inside,3,IDOTRR,Norm,Norm,1Fam,1Story,2,3,1949,1950,Gable,CompShg,AsbShng,AsbShng,BrkFace,0.0,3,3,CBlock,3,3,3,4,50,1,0,430,480,GasA,3,0,FuseA,480,0,0,480,1,0,0,0,1,1,3,4,Typ,0,0,Detchd,1958.0,1,1,308,3,3,Y,0,0,0,0,0,0,0,nan,nan,0,10,2006,WD,Abnorml,960,57,56,1.0,0,1,1,0,0,2.5,35311
20,RL,69.0,17140,Pave,nan,4,Lvl,AllPub,Inside,3,Edwards,Norm,Norm,1Fam,1Story,4,6,1956,1956,Gable,CompShg,VinylSd,VinylSd,BrkFace,0.0,3,3,CBlock,3,3,1,5,1059,1,0,75,1134,GasA,5,1,FuseA,1229,0,0,1229,0,0,1,0,3,1,3,6,Typ,0,0,Attchd,1956.0,2,1,284,3,3,Y,0,0,0,0,0,0,0,nan,nan,0,4,2009,WD,Normal,2363,53,53,1.0,0,1,1,0,0,5.0,135000
60,RL,103.0,13125,Pave,nan,3,Lvl,AllPub,Corner,3,SawyerW,Norm,Norm,1Fam,2Story,7,5,1991,1991,Gable,CompShg,HdBoard,HdBoard,BrkFace,0.0,4,3,PConc,5,3,2,4,48,6,634,422,1104,GasA,5,1,SBrkr,912,1215,0,2127,1,0,2,1,4,1,4,8,Typ,1,3,Attchd,1991.0,2,3,833,3,3,Y,72,192,224,0,0,0,0,GdPrv,nan,0,11,2007,WD,Normal,3231,16,16,3.5,416,1,1,1,0,6.0,238000
20,RL,87.0,11029,Pave,nan,3,Lvl,AllPub,Corner,3,NAmes,Norm,Norm,1Fam,1Story,6,8,1958,2002,Hip,CompShg,MetalSd,MetalSd,BrkFace,0.0,5,3,CBlock,4,3,1,5,528,4,411,245,1184,GasA,5,1,SBrkr,1414,0,0,1414,1,0,1,0,3,1,3,6,Min1,1,3,Attchd,1990.0,1,2,601,3,3,Y,0,51,0,0,190,0,0,nan,nan,0,5,2008,WD,Normal,2598,50,6,2.0,241,1,1,1,0,7.0,176500
60,RL,70.0,8462,Pave,nan,3,Lvl,AllPub,Inside,3,SawyerW,Norm,Norm,1Fam,2Story,6,5,1994,1994,Gable,CompShg,HdBoard,HdBoard,BrkFace,105.0,4,4,PConc,4,4,1,6,814,1,0,114,928,GasA,5,1,SBrkr,936,785,0,1721,0,1,2,1,3,1,4,7,Typ,0,0,Attchd,1994.0,2,2,471,3,3,Y,300,87,0,0,0,0,0,nan,nan,0,7,2007,WD,Normal,2649,13,13,3.0,87,1,1,0,0,5.5,201000
90,RL,67.0,8777,Pave,nan,4,Lvl,AllPub,Inside,3,Edwards,Feedr,Norm,Duplex,1.5Fin,5,7,1900,2003,Gable,CompShg,MetalSd,MetalSd,BrkFace,0.0,3,3,CBlock,3,3,1,5,1084,1,0,188,1272,GasA,4,1,SBrkr,1272,928,0,2200,2,0,2,2,4,2,3,9,Typ,0,0,nan,1980.0,0,0,0,0,0,N,0,70,0,0,0,0,0,GdPrv,nan,0,9,2008,WD,Normal,3472,108,5,5.0,70,0,1,0,0,6.0,145900
20,RL,65.0,10237,Pave,nan,4,Lvl,AllPub,Inside,3,Gilbert,RRAn,Norm,1Fam,1Story,6,5,2005,2006,Gable,CompShg,VinylSd,VinylSd,BrkFace,0.0,4,3,PConc,4,3,1,6,28,1,0,1288,1316,GasA,5,1,SBrkr,1316,0,0,1316,0,0,2,0,3,1,4,6,Typ,1,4,Attchd,2005.0,3,2,397,3,3,Y,100,0,0,23,0,0,0,nan,nan,0,10,2006,New,Partial,2632,1,0,2.0,23,1,1,1,0,5.5,169990
120,RL,50.0,8012,Pave,nan,4,Lvl,AllPub,Inside,3,SawyerW,Norm,Norm,TwnhsE,1Story,6,5,1993,1994,Gable,CompShg,Plywood,Plywood,BrkFace,0.0,4,3,PConc,4,3,1,2,165,6,841,598,1604,GasA,5,1,SBrkr,1617,0,0,1617,1,0,2,0,2,1,4,5,Typ,1,2,Attchd,1993.0,2,2,533,3,3,Y,0,69,0,0,0,0,0,nan,nan,0,7,2008,WD,Normal,3221,15,14,3.0,69,1,1,1,0,5.5,193000
20,RL,79.0,10240,Pave,nan,4,Lvl,AllPub,Inside,3,NWAmes,Norm,Norm,1Fam,1Story,6,6,1980,1980,Gable,CompShg,Plywood,Plywood,BrkFace,157.0,3,4,CBlock,4,3,1,4,625,2,1061,0,1686,GasA,3,1,SBrkr,1686,0,0,1686,1,0,2,0,3,1,3,7,Typ,1,3,Attchd,1980.0,1,2,612,3,3,Y,384,131,0,0,0,0,0,nan,nan,0,5,2006,WD,Normal,3372,26,26,3.0,131,1,1,1,0,6.0,207500
20,RL,69.0,15611,Pave,nan,3,Lvl,AllPub,Corner,3,NWAmes,Norm,Norm,1Fam,1Story,5,6,1977,1977,Gable,CompShg,VinylSd,VinylSd,BrkFace,0.0,3,3,PConc,4,3,3,5,767,2,93,266,1126,GasA,3,1,SBrkr,1126,0,0,1126,0,1,2,0,3,1,5,6,Typ,0,0,Attchd,1977.0,2,2,540,3,3,Y,180,0,0,0,0,0,0,nan,nan,0,3,2008,WD,Abnorml,2252,31,31,2.5,0,1,1,0,0,5.5,175000
60,RL,93.0,11999,Pave,nan,4,Lvl,AllPub,Inside,3,NridgHt,Norm,Norm,1Fam,2Story,8,5,2003,2004,Hip,CompShg,VinylSd,VinylSd,BrkFace,340.0,4,3,PConc,4,3,1,1,0,1,0,1181,1181,GasA,5,1,SBrkr,1234,1140,0,2374,0,0,2,1,4,1,5,10,Typ,1,4,BuiltIn,2003.0,3,3,656,3,3,Y,104,100,0,0,0,0,0,nan,nan,0,5,2007,WD,Normal,3555,4,3,2.5,100,1,1,1,0,6.5,285000
60,RL,69.0,9900,Pave,nan,4,Lvl,AllPub,Inside,3,NWAmes,Feedr,Norm,1Fam,2Story,7,5,1968,1968,Gable,CompShg,MetalSd,MetalSd,BrkFace,342.0,3,3,CBlock,3,3,1,4,552,1,0,280,832,GasA,4,1,SBrkr,1098,880,0,1978,0,0,2,1,4,1,3,9,Typ,1,4,Attchd,1968.0,2,2,486,3,3,Y,0,43,0,0,0,0,0,GdPrv,nan,0,4,2008,WD,Normal,2810,40,40,2.5,43,1,1,1,0,6.0,176000
20,RL,69.0,11838,Pave,nan,4,Lvl,AllPub,Inside,3,CollgCr,Norm,Norm,1Fam,1Story,8,5,2001,2001,Hip,CompShg,VinylSd,VinylSd,BrkFace,0.0,4,3,PConc,4,3,3,1,0,1,0,1753,1753,GasA,5,1,SBrkr,1788,0,0,1788,0,0,2,0,3,1,5,7,Typ,1,3,Attchd,2001.0,2,2,522,3,3,Y,202,151,0,0,0,0,0,nan,nan,0,6,2009,WD,Normal,3541,8,8,2.0,151,1,1,1,0,6.5,236500
60,RL,69.0,13006,Pave,nan,3,Lvl,AllPub,Corner,3,Gilbert,Norm,Norm,1Fam,2Story,7,5,1997,1997,Gable,CompShg,HdBoard,HdBoard,BrkFace,285.0,3,3,PConc,4,3,1,1,0,1,0,964,964,GasA,4,1,SBrkr,993,1243,0,2236,0,0,2,1,4,1,4,8,Typ,1,3,BuiltIn,1997.0,3,2,642,3,3,Y,0,0,0,0,0,0,0,nan,nan,0,11,2006,WD,Normal,3200,9,9,2.5,0,1,1,1,0,6.0,222000
20,RL,73.0,8925,Pave,nan,3,HLS,AllPub,Inside,3,Timber,Norm,Norm,1Fam,1Story,8,5,2007,2007,Gable,CompShg,VinylSd,VinylSd,BrkFace,0.0,4,3,PConc,4,3,3,6,16,1,0,1450,1466,GasA,5,1,SBrkr,1466,0,0,1466,0,0,2,0,3,1,4,7,Typ,0,0,Attchd,2007.0,3,3,610,3,3,Y,100,18,0,0,0,0,0,nan,nan,0,7,2009,WD,Normal,2932,2,2,2.0,18,1,1,0,0,6.5,201000
20,RL,70.0,9100,Pave,nan,4,Lvl,AllPub,Inside,3,NAmes,Norm,Norm,1Fam,1Story,5,6,1965,1965,Gable,CompShg,VinylSd,VinylSd,BrkFace,0.0,3,3,CBlock,3,3,1,4,338,3,466,121,925,GasA,5,1,SBrkr,925,0,0,925,0,1,1,0,2,1,3,5,Typ,0,0,Detchd,1965.0,1,1,429,3,3,Y,0,0,0,0,0,0,0,GdWo,nan,0,7,2009,WD,Normal,1850,44,44,1.5,0,1,1,0,0,5.5,117500
20,RL,84.0,11670,Pave,nan,3,Lvl,AllPub,Corner,3,Somerst,RRNn,Norm,1Fam,1Story,9,5,2006,2006,Hip,CompShg,VinylSd,ImStucc,Stone,302.0,5,3,PConc,5,4,1,1,0,1,0,1905,1905,GasA,5,1,SBrkr,1905,0,0,1905,0,0,2,0,3,1,5,8,Typ,1,4,Attchd,2006.0,3,3,788,3,3,Y,0,191,0,0,0,0,0,nan,nan,0,3,2007,WD,Normal,3810,1,1,2.0,191,1,1,1,0,7.0,320000
20,RL,63.0,8487,Pave,nan,4,Lvl,AllPub,FR2,3,CollgCr,Norm,Norm,1Fam,1Story,7,5,2004,2004,Gable,CompShg,VinylSd,VinylSd,BrkFace,210.0,4,3,PConc,4,3,3,6,20,1,0,1480,1500,GasA,5,1,SBrkr,1500,0,0,1500,0,0,2,0,3,1,4,6,Typ,0,0,Attchd,2004.0,2,2,570,3,3,Y,192,36,0,0,0,0,0,nan,nan,0,8,2009,WD,Normal,3000,5,5,2.0,36,1,1,0,0,6.0,190000
20,RL,313.0,27650,Pave,nan,2,HLS,AllPub,Inside,2,NAmes,PosA,Norm,1Fam,1Story,7,7,1960,2007,Flat,Tar&Grv,Wd Sdng,Wd Sdng,BrkFace,0.0,3,3,CBlock,4,3,4,6,425,1,0,160,585,GasA,5,1,SBrkr,2069,0,0,2069,1,0,2,0,4,1,4,9,Typ,1,4,Attchd,1960.0,2,2,505,3,3,Y,0,0,0,0,0,0,0,nan,nan,0,11,2008,WD,Normal,2654,48,1,3.0,0,1,1,1,0,7.0,242000
30,RL,52.0,5825,Pave,nan,3,Lvl,AllPub,Inside,3,BrkSide,Norm,Norm,1Fam,1Story,4,5,1926,1953,Gable,CompShg,MetalSd,MetalSd,BrkFace,108.0,3,4,PConc,2,3,2,1,0,1,0,600,600,GasA,4,1,SBrkr,747,0,0,747,0,0,1,0,1,1,3,5,Typ,0,0,Detchd,1953.0,1,2,528,3,3,Y,0,0,32,0,0,0,0,nan,nan,0,6,2006,WD,Normal,1347,80,53,1.0,32,1,1,0,0,4.5,79900
20,RL,67.0,10083,Pave,nan,4,Lvl,AllPub,Inside,3,SawyerW,Norm,Norm,1Fam,1Story,7,5,2003,2003,Gable,CompShg,VinylSd,VinylSd,BrkFace,0.0,4,3,PConc,4,3,1,6,833,1,0,343,1176,GasA,5,1,SBrkr,1200,0,0,1200,1,0,2,0,2,1,4,5,Typ,0,0,Attchd,2003.0,2,2,555,3,3,Y,0,41,0,0,0,0,0,nan,nan,0,8,2009,WD,Normal,2376,6,6,3.0,41,1,1,0,0,6.0,184900
60,RL,75.0,9675,Pave,nan,4,Lvl,AllPub,Inside,3,Somerst,Norm,Norm,1Fam,2Story,7,5,2005,2005,Gable,CompShg,VinylSd,VinylSd,BrkFace,0.0,4,3,PConc,4,3,2,6,341,1,0,772,1113,GasA,5,1,SBrkr,1113,858,0,1971,0,0,2,1,3,1,4,8,Typ,1,4,Attchd,2005.0,2,2,689,3,3,Y,0,48,0,0,0,0,0,nan,nan,0,2,2009,WD,Normal,3084,4,4,2.5,48,1,1,1,0,6.0,253000
60,RL,73.0,8760,Pave,nan,4,Lvl,AllPub,Inside,3,CollgCr,Norm,Norm,1Fam,2Story,7,5,2006,2006,Gable,CompShg,VinylSd,VinylSd,BrkFace,0.0,4,3,PConc,4,4,2,6,464,1,0,927,1391,GasA,5,1,SBrkr,1391,571,0,1962,0,0,2,1,3,1,4,7,Typ,0,0,Attchd,2006.0,2,3,868,3,3,Y,0,90,0,0,0,0,0,nan,nan,0,8,2006,New,Partial,3353,0,0,2.5,90,1,1,0,0,6.0,239799
70,RL,69.0,24090,Pave,nan,4,Lvl,AllPub,Inside,3,ClearCr,Norm,Norm,1Fam,2Story,7,7,1940,1950,Gable,CompShg,MetalSd,MetalSd,BrkFace,0.0,3,4,CBlock,3,3,2,1,0,1,0,1032,1032,GasA,5,1,SBrkr,1207,1196,0,2403,0,0,2,0,4,1,3,10,Typ,2,3,Attchd,1940.0,1,1,349,3,3,Y,56,0,318,0,0,0,0,nan,nan,0,6,2010,COD,Normal,3435,70,60,2.0,318,1,1,1,0,7.0,244400
90,RL,55.0,12640,Pave,nan,3,Lvl,AllPub,Inside,3,Mitchel,Norm,Norm,Duplex,1Story,6,5,1976,1976,Gable,CompShg,Plywood,Plywood,BrkFace,0.0,3,3,CBlock,3,3,4,3,936,2,396,396,1728,GasA,3,1,SBrkr,1728,0,0,1728,0,0,2,0,4,2,3,8,Typ,0,0,Attchd,1976.0,1,2,574,3,3,Y,40,0,0,0,0,0,0,nan,nan,0,7,2006,WD,Normal,3456,30,30,2.0,0,1,1,0,0,5.5,150900
60,RL,69.0,8755,Pave,nan,3,Lvl,AllPub,FR2,3,Gilbert,RRNn,Norm,1Fam,2Story,7,5,1999,1999,Gable,CompShg,VinylSd,VinylSd,BrkFace,298.0,4,3,PConc,4,3,1,5,772,1,0,220,992,GasA,5,1,SBrkr,1022,1038,0,2060,1,0,2,1,3,1,4,8,Typ,1,3,BuiltIn,1999.0,2,2,390,3,3,Y,0,0,0,168,0,0,0,GdPrv,nan,0,6,2009,WD,Normal,3052,10,10,3.5,168,1,1,1,0,6.0,214000
90,RL,42.0,7711,Pave,nan,3,Lvl,AllPub,Inside,3,Edwards,Norm,Norm,Duplex,1Story,4,3,1977,1977,Gable,CompShg,MetalSd,MetalSd,BrkFace,0.0,3,3,PConc,4,3,4,6,1440,1,0,0,1440,GasA,3,1,SBrkr,1440,0,0,1440,2,0,2,0,4,2,3,8,Typ,0,0,nan,1980.0,0,0,0,0,0,N,321,0,0,0,0,0,0,nan,nan,0,8,2007,Oth,Abnorml,2880,30,30,4.0,0,0,1,0,0,3.5,150000
90,RL,100.0,25000,Pave,nan,4,Low,AllPub,Inside,3,Mitchel,Norm,Norm,Duplex,1Story,5,4,1967,1967,Gable,CompShg,HdBoard,Plywood,BrkFace,0.0,3,3,CBlock,3,3,3,1,0,1,0,1632,1632,GasA,3,1,SBrkr,1632,0,0,1632,0,0,2,0,4,2,3,8,Typ,0,0,Attchd,1967.0,1,2,576,3,3,P,0,0,0,0,0,0,0,nan,nan,0,6,2007,WD,Normal,3264,40,40,2.0,0,1,1,0,0,4.5,143000
20,RL,69.0,14375,Pave,nan,3,Lvl,NoSeWa,CulDSac,3,Timber,Norm,Norm,1Fam,SLvl,6,6,1958,1958,Gable,CompShg,HdBoard,HdBoard,BrkFace,541.0,3,3,CBlock,3,3,1,6,111,3,354,354,819,GasA,4,1,FuseA,1344,0,0,1344,0,1,1,0,3,1,4,7,Typ,1,4,Basment,1958.0,2,2,525,3,3,Y,0,118,0,0,233,0,0,nan,nan,0,1,2009,COD,Abnorml,2163,51,51,1.5,351,1,1,1,0,6.0,137500
50,RM,98.0,8820,Pave,nan,4,Lvl,AllPub,Corner,3,OldTown,Norm,Norm,1Fam,1.5Fin,5,6,1890,1996,Hip,CompShg,VinylSd,VinylSd,BrkFace,0.0,3,3,BrkTil,3,3,1,2,1088,1,0,0,1088,GasA,3,1,SBrkr,1188,561,120,1869,0,0,1,0,2,1,3,7,Typ,0,0,Detchd,1963.0,1,2,456,3,3,Y,48,0,244,0,0,0,0,MnWw,nan,0,9,2009,WD,Normal,2837,119,13,1.0,244,1,1,0,0,5.5,124900
80,RL,70.0,8163,Pave,nan,4,Lvl,AllPub,Inside,3,NAmes,Norm,Norm,1Fam,SLvl,5,6,1959,1959,Gable,CompShg,HdBoard,HdBoard,BrkFace,128.0,3,4,CBlock,3,3,3,5,748,4,294,102,1144,GasA,3,1,SBrkr,1144,0,0,1144,1,0,1,0,3,1,3,6,Typ,1,3,Attchd,1959.0,2,1,796,3,3,Y,86,0,0,0,0,0,0,nan,nan,0,3,2006,WD,Normal,2288,47,47,2.0,0,1,1,1,0,5.5,143000
20,RL,85.0,14536,Pave,nan,4,Lvl,AllPub,Inside,3,Timber,Norm,Norm,1Fam,1Story,8,5,2002,2003,Hip,CompShg,VinylSd,VinylSd,BrkFace,236.0,4,3,PConc,4,3,3,6,1300,1,0,316,1616,GasA,5,1,SBrkr,1629,0,0,1629,1,0,2,0,3,1,4,9,Typ,1,4,Attchd,2002.0,3,3,808,3,3,Y,0,252,0,0,0,0,0,nan,nan,0,11,2007,WD,Normal,3245,5,4,3.0,252,1,1,1,0,6.5,270000
60,RL,65.0,14006,Pave,nan,3,Lvl,AllPub,Inside,3,CollgCr,Norm,Norm,1Fam,2Story,7,5,2002,2002,Gable,CompShg,VinylSd,VinylSd,BrkFace,144.0,4,3,PConc,4,3,0,1,0,1,0,936,936,GasA,5,1,SBrkr,936,840,0,1776,0,0,2,1,3,1,4,7,Typ,1,3,Attchd,2002.0,2,2,474,3,3,Y,144,96,0,0,0,0,0,nan,nan,0,2,2006,WD,Normal,2712,4,4,2.5,96,1,1,1,0,6.0,192500
20,RL,78.0,9360,Pave,nan,4,Lvl,AllPub,Inside,3,NWAmes,Norm,Norm,1Fam,1Story,6,7,1972,2006,Hip,CompShg,Plywood,Plywood,BrkFace,0.0,3,3,CBlock,3,3,1,5,982,1,0,179,1161,GasA,3,1,SBrkr,1381,0,0,1381,1,0,1,1,3,1,4,5,Typ,1,3,Attchd,1972.0,2,2,676,3,3,Y,0,0,0,0,0,0,0,nan,nan,0,3,2010,WD,Normal,2542,38,4,2.5,0,1,1,1,0,6.5,197500
20,RL,60.0,7200,Pave,nan,4,Lvl,AllPub,Inside,3,NAmes,Norm,Norm,1Fam,1Story,5,8,1950,2002,Gable,CompShg,VinylSd,VinylSd,BrkFace,0.0,3,3,CBlock,3,3,1,5,398,4,149,317,864,GasA,4,1,SBrkr,864,0,0,864,1,0,1,0,3,1,4,5,Typ,0,0,Detchd,1980.0,2,2,720,3,3,Y,194,0,0,0,0,0,0,nan,nan,0,7,2007,WD,Normal,1728,57,5,2.0,0,1,1,0,0,6.5,129000
20,RH,60.0,7800,Pave,nan,4,Lvl,AllPub,Corner,3,SawyerW,Norm,Norm,1Fam,1Story,5,5,1965,1965,Gable,CompShg,VinylSd,VinylSd,BrkFace,0.0,3,3,CBlock,3,3,1,4,641,1,0,187,828,GasA,4,1,SBrkr,965,0,0,965,1,0,1,0,3,1,3,6,Typ,0,0,Detchd,1979.0,1,1,300,3,3,Y,421,0,0,0,0,0,0,MnPrv,nan,0,7,2006,WD,Abnorml,1793,41,41,2.0,0,1,1,0,0,5.0,119900
85,RL,60.0,7200,Pave,nan,4,Lvl,AllPub,Inside,3,CollgCr,Norm,Norm,1Fam,SFoyer,5,8,1972,2003,Gable,CompShg,WdShing,HdBoard,BrkFace,0.0,3,4,CBlock,4,3,3,6,660,1,0,108,768,GasA,4,1,SBrkr,768,0,0,768,0,1,1,0,2,1,3,5,Typ,0,0,Detchd,1974.0,3,1,396,3,3,Y,192,0,0,0,0,0,0,MnPrv,nan,0,4,2009,WD,Normal,1536,37,6,1.5,0,1,1,0,0,6.5,133900
60,RL,69.0,11075,Pave,nan,3,Lvl,AllPub,Inside,2,Mitchel,Norm,Norm,1Fam,2Story,5,4,1969,1969,Gable,CompShg,HdBoard,HdBoard,BrkFace,232.0,3,3,CBlock,3,3,3,5,562,2,193,29,784,GasA,5,1,SBrkr,1168,800,0,1968,0,1,2,1,4,1,3,7,Min2,1,1,Attchd,1969.0,2,2,530,3,3,Y,305,189,0,0,0,0,0,MnPrv,Shed,400,9,2008,WD,Normal,2752,39,39,3.0,189,1,1,1,0,4.5,172000
90,RL,35.0,9400,Pave,nan,3,Lvl,AllPub,CulDSac,3,Edwards,Norm,Norm,Duplex,SFoyer,6,5,1975,1975,Flat,Tar&Grv,WdShing,Plywood,BrkFace,250.0,3,3,CBlock,4,4,4,6,945,1,0,0,945,GasA,3,1,SBrkr,980,0,0,980,0,2,2,0,4,0,3,4,Typ,0,0,nan,1980.0,0,0,0,0,0,Y,0,0,0,0,0,0,0,nan,nan,0,10,2006,WD,AdjLand,1925,31,31,3.0,0,0,1,0,0,5.5,127500
90,RH,82.0,7136,Pave,nan,3,HLS,AllPub,Inside,3,Crawfor,Norm,Norm,Duplex,2Story,6,6,1946,1950,Gable,CompShg,MetalSd,MetalSd,BrkFace,423.0,3,3,CBlock,4,3,1,3,484,1,0,495,979,GasA,3,0,FuseF,979,979,0,1958,0,0,2,0,4,2,3,8,Typ,0,0,Attchd,1946.0,1,2,492,3,3,Y,0,0,0,0,0,0,0,nan,nan,0,8,2007,WD,Normal,2937,61,57,2.0,0,1,1,0,0,6.0,145000
160,RM,24.0,1300,Pave,nan,4,Lvl,AllPub,Inside,3,Blueste,Norm,Norm,TwnhsE,2Story,6,6,1980,1980,Gable,CompShg,MetalSd,MetalSd,BrkFace,0.0,3,3,CBlock,4,3,1,5,285,1,0,276,561,GasA,3,1,SBrkr,561,668,0,1229,0,0,1,1,2,1,3,5,Typ,1,3,Attchd,1980.0,3,2,462,3,3,Y,150,0,0,0,0,0,0,GdPrv,nan,0,5,2009,WD,Normal,1790,29,29,1.5,0,1,1,1,0,6.0,124000
20,RL,70.0,7420,Pave,nan,4,Lvl,AllPub,Inside,3,Sawyer,Norm,Norm,1Fam,1Story,5,5,1962,1962,Hip,CompShg,MetalSd,MetalSd,BrkFace,0.0,3,3,CBlock,3,3,1,3,417,1,0,640,1057,GasA,3,1,SBrkr,1057,0,0,1057,0,0,1,0,3,1,3,6,Typ,0,0,Detchd,1977.0,3,2,576,3,3,Y,0,0,0,0,0,0,0,nan,nan,0,4,2007,WD,Normal,2114,45,45,1.0,0,1,1,0,0,5.0,132000
20,RL,65.0,8450,Pave,nan,4,Lvl,AllPub,Inside,3,CollgCr,Norm,Norm,1Fam,1Story,7,5,2003,2003,Gable,CompShg,VinylSd,VinylSd,BrkFace,0.0,4,3,PConc,4,3,2,6,699,1,0,638,1337,GasA,5,1,SBrkr,1337,0,0,1337,1,0,2,0,3,1,4,6,Typ,0,0,Attchd,2003.0,2,2,531,3,3,Y,0,39,0,0,0,0,0,nan,nan,0,10,2007,WD,Normal,2674,4,4,3.0,39,1,1,0,0,6.0,185000
160,FV,24.0,2572,Pave,nan,4,Lvl,AllPub,FR2,3,Somerst,Norm,Norm,Twnhs,2Story,7,5,1999,1999,Hip,CompShg,MetalSd,MetalSd,BrkFace,0.0,4,3,PConc,4,3,1,5,604,1,0,92,696,GasA,5,1,SBrkr,696,720,0,1416,1,0,2,1,3,1,4,6,Typ,0,0,Detchd,1999.0,1,2,484,3,3,Y,0,44,0,0,0,0,0,nan,nan,0,5,2010,WD,Normal,2112,11,11,3.5,44,1,1,0,0,6.0,155000
20,RL,50.0,7207,Pave,nan,3,Lvl,AllPub,Inside,3,BrkSide,Norm,Norm,1Fam,1Story,5,7,1958,2008,Gable,CompShg,Wd Sdng,Plywood,BrkFace,0.0,3,4,CBlock,3,3,4,4,696,1,0,162,858,GasA,4,1,SBrkr,858,0,0,858,1,0,1,0,2,1,3,4,Typ,0,0,nan,1980.0,0,0,0,0,0,Y,117,0,0,0,0,0,0,nan,nan,0,2,2010,WD,Normal,1716,52,2,2.0,0,0,1,0,0,6.0,116500
60,RL,69.0,12227,Pave,nan,3,Lvl,AllPub,Corner,3,NWAmes,PosN,Norm,1Fam,2Story,6,7,1977,1995,Gable,CompShg,HdBoard,HdBoard,BrkFace,424.0,3,4,CBlock,4,4,1,5,896,1,0,434,1330,GasA,3,1,SBrkr,1542,1330,0,2872,1,0,2,1,4,1,3,11,Typ,1,3,Attchd,1977.0,3,2,619,3,3,Y,550,282,0,0,0,0,0,nan,nan,0,7,2008,WD,Normal,4202,31,13,3.5,282,1,1,1,0,6.5,272000
160,RL,24.0,2308,Pave,nan,4,Lvl,AllPub,Corner,3,NPkVill,Norm,Norm,TwnhsE,2Story,6,6,1976,1976,Gable,CompShg,Plywood,Brk Cmn,BrkFace,0.0,3,3,CBlock,4,3,1,5,556,1,0,248,804,GasA,3,1,SBrkr,804,744,0,1548,1,0,2,1,3,1,4,7,Typ,1,3,Detchd,1976.0,1,2,440,3,3,Y,48,0,0,0,0,0,0,nan,nan,0,7,2007,WD,Normal,2352,31,31,3.5,0,1,1,1,0,6.0,155000
20,RL,122.0,11923,Pave,nan,3,Lvl,AllPub,Corner,3,CollgCr,Norm,Norm,1Fam,1Story,9,5,2007,2007,Gable,CompShg,VinylSd,VinylSd,BrkFace,0.0,4,3,PConc,5,3,1,1,0,1,0,1800,1800,GasA,5,1,SBrkr,1800,0,0,1800,0,0,2,0,2,1,5,7,Typ,0,0,Attchd,2007.0,3,2,702,3,3,Y,288,136,0,0,0,0,0,nan,nan,0,5,2009,WD,Normal,3600,2,2,2.0,136,1,1,0,0,7.0,239000
60,RL,80.0,11316,Pave,nan,4,Lvl,AllPub,Corner,3,Timber,Norm,Norm,1Fam,2Story,7,5,2002,2003,Gable,CompShg,VinylSd,VinylSd,BrkFace,44.0,4,3,PConc,4,3,1,6,624,1,0,193,817,GasA,5,1,SBrkr,824,1070,0,1894,1,0,2,1,4,1,4,8,Typ,1,4,BuiltIn,2002.0,3,2,510,3,3,Y,0,40,0,0,0,0,0,nan,nan,0,2,2010,WD,Normal,2711,8,7,3.5,40,1,1,1,0,6.0,214900
60,RL,65.0,10237,Pave,nan,4,Lvl,AllPub,Inside,3,Gilbert,RRAn,Norm,1Fam,2Story,6,5,2005,2007,Gable,CompShg,VinylSd,VinylSd,BrkFace,0.0,4,3,PConc,4,3,1,1,0,1,0,783,783,GasA,5,1,SBrkr,783,701,0,1484,0,0,2,1,3,1,4,8,Typ,1,4,Attchd,2005.0,3,2,393,3,3,Y,0,72,0,0,0,0,0,nan,nan,0,7,2007,New,Partial,2267,2,0,2.5,72,1,1,1,0,5.5,178900
50,RL,130.0,9600,Pave,nan,3,HLS,AllPub,Inside,3,Crawfor,Norm,Norm,1Fam,1.5Fin,5,7,1940,1950,Gable,CompShg,MetalSd,MetalSd,BrkFace,0.0,4,4,BrkTil,3,2,1,3,428,1,0,300,728,GasA,5,1,SBrkr,976,332,0,1308,1,0,1,1,2,1,3,7,Min2,2,3,Detchd,1940.0,1,1,256,3,3,Y,0,70,0,0,0,0,0,nan,nan,0,6,2009,WD,Normal,2036,69,59,2.5,70,1,1,1,0,6.0,160000
20,RL,69.0,7390,Pave,nan,3,Lvl,AllPub,Inside,3,NAmes,Norm,Norm,1Fam,1Story,5,7,1955,1955,Hip,CompShg,Wd Sdng,Wd Sdng,BrkFace,151.0,3,3,CBlock,3,3,1,5,902,1,0,196,1098,GasA,3,1,SBrkr,1098,0,0,1098,1,0,1,0,3,1,3,6,Typ,0,0,Attchd,1955.0,1,1,260,3,3,Y,0,0,0,0,0,0,0,nan,nan,0,7,2008,WD,Normal,2196,53,53,2.0,0,1,1,0,0,6.0,135000
50,RM,50.0,5925,Pave,nan,4,Lvl,AllPub,Inside,3,OldTown,Norm,Norm,1Fam,1.5Fin,3,6,1910,1950,Gable,CompShg,VinylSd,VinylSd,BrkFace,0.0,3,3,BrkTil,3,3,1,1,0,1,0,600,600,Grav,2,0,SBrkr,600,368,0,968,0,0,1,0,2,1,3,6,Typ,0,0,nan,1980.0,0,0,0,0,0,Y,0,0,0,0,0,0,0,GdWo,nan,0,5,2009,WD,Abnorml,1568,99,59,1.0,0,0,1,0,0,4.5,37900
190,RL,75.0,10382,Pave,nan,4,Lvl,AllPub,Inside,3,NAmes,Norm,Norm,2fmCon,SLvl,6,5,1958,1958,Hip,CompShg,HdBoard,HdBoard,BrkFace,105.0,3,2,CBlock,3,3,4,5,513,1,0,75,588,GasA,3,1,SBrkr,1095,0,0,1095,1,0,1,0,2,1,3,6,Typ,0,0,Attchd,1958.0,2,1,264,3,3,Y,0,0,0,0,0,0,0,nan,nan,0,3,2006,ConLD,Normal,1683,48,48,2.0,0,1,1,0,0,5.5,140000
50,RL,60.0,10800,Pave,nan,4,Lvl,AllPub,Inside,3,NAmes,Norm,Norm,1Fam,1.5Fin,4,4,1949,1950,Gable,CompShg,AsbShng,AsbShng,BrkFace,0.0,3,3,CBlock,3,3,1,1,0,1,0,720,720,GasA,3,0,FuseA,720,472,0,1192,0,0,1,1,4,1,3,6,Typ,0,0,nan,1980.0,0,0,0,0,0,Y,0,0,0,0,0,0,0,nan,nan,0,12,2006,WD,Abnorml,1912,57,56,1.5,0,0,1,0,0,4.0,135000
160,RL,36.0,2268,Pave,nan,4,Lvl,AllPub,Inside,3,NridgHt,Norm,Norm,Twnhs,2Story,7,5,2003,2004,Gable,CompShg,VinylSd,Wd Shng,Stone,106.0,4,3,PConc,4,3,1,6,567,1,0,197,764,GasA,5,1,SBrkr,764,862,0,1626,0,0,2,0,2,1,4,6,Typ,0,0,BuiltIn,2003.0,2,2,474,3,3,Y,0,27,0,0,0,0,0,nan,nan,0,7,2009,WD,Normal,2390,6,5,2.0,27,1,1,0,0,6.0,173000
120,RL,55.0,7892,Pave,nan,4,Lvl,AllPub,Inside,3,SawyerW,Norm,Norm,TwnhsE,1Story,6,5,1979,1979,Gable,CompShg,Plywood,Plywood,BrkFace,0.0,3,3,CBlock,4,3,1,1,0,1,0,918,918,GasA,3,1,SBrkr,918,0,0,918,0,0,2,0,2,1,3,5,Typ,1,3,Attchd,1979.0,1,1,264,3,3,Y,28,0,0,0,0,0,0,nan,nan,0,4,2010,WD,Normal,1836,31,31,2.0,0,1,1,1,0,5.5,99500
20,FV,95.0,11639,Pave,nan,4,Lvl,AllPub,Corner,3,Somerst,Norm,Norm,1Fam,1Story,7,5,2007,2008,Gable,CompShg,CemntBd,CmentBd,BrkFace,0.0,4,3,PConc,4,3,1,1,0,1,0,1428,1428,GasA,5,1,SBrkr,1428,0,0,1428,0,0,2,0,3,1,4,6,Typ,0,0,Attchd,2007.0,3,2,480,3,3,Y,0,120,0,0,0,0,0,nan,nan,0,12,2008,New,Partial,2856,1,0,2.0,120,1,1,0,0,6.0,182000
70,RL,60.0,11414,Pave,nan,3,Lvl,AllPub,Corner,3,BrkSide,RRAn,Feedr,1Fam,2Story,7,8,1910,1993,Gable,CompShg,HdBoard,HdBoard,BrkFace,0.0,3,4,BrkTil,4,3,1,1,0,1,0,728,728,GasA,3,0,SBrkr,1136,883,0,2019,0,0,1,0,3,1,4,8,Typ,0,0,Detchd,1997.0,1,2,532,3,3,Y,509,135,0,0,0,0,0,GdPrv,nan,0,10,2009,WD,Normal,2747,99,16,1.0,135,1,1,0,0,7.5,167500
160,FV,69.0,2651,Pave,nan,4,Lvl,AllPub,FR2,3,Somerst,Norm,Norm,Twnhs,2Story,7,5,2000,2000,Gable,CompShg,MetalSd,MetalSd,BrkFace,0.0,4,3,PConc,4,3,1,6,641,1,0,32,673,GasA,5,1,SBrkr,673,709,0,1382,1,0,2,1,3,1,4,6,Typ,0,0,Detchd,2000.0,1,2,490,3,3,Y,153,50,0,0,0,0,0,nan,nan,0,4,2006,WD,Normal,2055,6,6,3.5,50,1,1,0,0,6.0,165000
30,RL,51.0,5900,Pave,nan,3,Bnk,AllPub,Inside,3,BrkSide,Norm,Norm,1Fam,1Story,4,7,1923,1958,Gable,CompShg,Wd Sdng,Wd Sdng,BrkFace,0.0,3,3,PConc,4,3,1,1,0,1,0,440,440,GasA,3,1,FuseA,869,0,0,869,0,0,1,0,2,1,2,4,Typ,0,0,nan,1980.0,0,0,0,0,0,Y,0,0,0,0,0,0,0,nan,nan,0,8,2006,WD,Normal,1309,83,48,1.0,0,0,1,0,0,5.5,85500
120,FV,35.0,4274,Pave,Pave,3,Lvl,AllPub,Inside,3,Somerst,Norm,Norm,TwnhsE,1Story,7,5,2006,2007,Gable,CompShg,VinylSd,VinylSd,BrkFace,0.0,4,3,PConc,4,3,1,6,1106,1,0,135,1241,GasA,5,1,SBrkr,1241,0,0,1241,1,0,1,1,1,1,4,4,Typ,0,0,Attchd,2007.0,3,2,569,3,3,Y,0,116,0,0,0,0,0,nan,nan,0,11,2007,New,Partial,2482,1,0,2.5,116,1,1,0,0,6.0,199900
20,RL,68.0,9450,Pave,nan,4,Bnk,AllPub,Inside,2,Edwards,Norm,Norm,1Fam,1Story,4,5,1954,1954,Gable,CompShg,MetalSd,MetalSd,BrkFace,0.0,3,3,CBlock,3,3,1,2,552,1,0,342,894,GasA,5,1,SBrkr,894,0,0,894,0,0,1,0,3,1,3,5,Typ,0,0,Detchd,1999.0,1,2,400,3,3,Y,0,0,0,0,0,0,0,nan,nan,0,5,2007,WD,Abnorml,1788,53,53,1.0,0,1,1,0,0,4.5,110000
20,RL,80.0,8816,Pave,nan,4,Lvl,AllPub,Corner,3,Sawyer,Feedr,Norm,1Fam,1Story,5,6,1963,1963,Gable,CompShg,VinylSd,VinylSd,BrkFace,0.0,3,3,PConc,3,3,1,3,651,1,0,470,1121,GasA,3,1,SBrkr,1121,0,0,1121,1,0,1,0,3,1,3,5,Typ,0,0,Detchd,1963.0,1,2,480,3,3,Y,0,80,0,0,0,0,0,MnPrv,nan,0,6,2009,WD,Normal,2242,46,46,2.0,80,1,1,0,0,5.5,139000
85,RL,69.0,12122,Pave,nan,3,Lvl,AllPub,Corner,3,NAmes,Norm,Norm,1Fam,SFoyer,7,9,1961,2007,Gable,CompShg,CemntBd,CmentBd,Stone,210.0,5,3,CBlock,3,3,3,5,867,1,0,77,944,GasA,4,1,SBrkr,999,0,0,999,1,0,1,0,3,1,5,6,Typ,0,0,Attchd,1961.0,2,2,588,3,3,Y,144,76,0,0,0,0,0,nan,nan,0,7,2008,WD,Normal,1943,47,1,2.0,76,1,1,0,0,8.0,178400
60,RL,98.0,12203,Pave,nan,3,Lvl,AllPub,Corner,3,NoRidge,Norm,Norm,1Fam,2Story,8,5,1998,1999,Hip,CompShg,VinylSd,VinylSd,BrkFace,975.0,4,3,PConc,4,3,1,6,854,1,0,371,1225,GasA,5,1,SBrkr,1276,1336,0,2612,1,0,2,1,4,1,4,8,Typ,1,3,Attchd,1998.0,3,3,676,3,3,Y,250,0,0,0,0,0,0,nan,nan,0,7,2009,WD,Normal,3837,11,10,3.5,0,1,1,1,0,6.5,336000
20,RL,43.0,3182,Pave,nan,4,Lvl,AllPub,Inside,3,Blmngtn,Norm,Norm,1Fam,1Story,7,5,2007,2007,Gable,CompShg,VinylSd,VinylSd,BrkFace,16.0,4,3,PConc,4,3,3,1,0,1,0,1266,1266,GasA,5,1,SBrkr,1266,0,0,1266,0,0,2,0,2,1,4,6,Typ,1,4,Attchd,2007.0,3,2,388,3,3,Y,100,16,0,0,0,0,0,nan,nan,0,3,2008,WD,Normal,2532,1,1,2.0,16,1,1,1,0,6.0,159895
60,RL,69.0,11250,Pave,nan,4,Lvl,AllPub,Corner,3,CollgCr,Norm,Norm,1Fam,2Story,8,5,2002,2002,Gable,CompShg,CemntBd,CmentBd,BrkFace,0.0,4,3,PConc,4,3,2,1,0,1,0,1128,1128,GasA,5,1,SBrkr,1149,1141,0,2290,0,0,2,1,4,1,4,9,Typ,1,4,Attchd,2002.0,1,2,779,3,3,Y,0,0,0,0,0,0,0,nan,nan,0,5,2008,WD,Normal,3418,6,6,2.5,0,1,1,1,0,6.5,255900
90,RL,75.0,10125,Pave,nan,4,Lvl,AllPub,Inside,3,Mitchel,Norm,Norm,Duplex,1.5Fin,5,5,1977,1977,Gable,CompShg,Plywood,Plywood,BrkFace,0.0,3,3,CBlock,0,0,0,0,0,0,0,0,0,GasA,3,1,SBrkr,1302,432,0,1734,0,0,2,0,4,2,4,8,Typ,0,0,Attchd,1977.0,1,2,539,3,3,Y,0,0,0,0,0,0,0,nan,nan,0,8,2009,COD,Normal,1734,32,32,2.0,0,1,0,0,0,5.0,126000
190,RL,68.0,10880,Pave,nan,4,Lvl,AllPub,Inside,3,Edwards,Norm,Norm,2fmCon,1Story,5,5,1950,1950,Gable,CompShg,MetalSd,MetalSd,BrkFace,0.0,3,3,CBlock,3,3,1,5,1040,1,0,124,1164,GasW,3,0,SBrkr,1164,0,0,1164,1,0,1,0,3,1,3,5,Typ,0,0,Detchd,1950.0,1,1,240,3,3,Y,0,48,0,0,0,0,0,nan,nan,0,8,2008,ConLD,Normal,2328,58,58,2.0,48,1,1,0,0,5.0,125000
50,RM,59.0,5310,Pave,nan,4,Lvl,AllPub,Corner,3,OldTown,Feedr,Norm,1Fam,1.5Fin,6,8,1910,2003,Hip,CompShg,VinylSd,VinylSd,BrkFace,0.0,3,4,CBlock,3,2,1,1,0,1,0,485,485,GasA,4,1,SBrkr,1001,634,0,1635,0,0,1,0,2,1,4,5,Typ,0,0,Attchd,1950.0,1,1,255,2,3,Y,394,0,0,0,0,0,0,nan,nan,0,6,2006,WD,Normal,2120,96,3,1.0,0,1,1,0,0,7.0,117000
20,RL,83.0,10159,Pave,nan,3,Lvl,AllPub,Inside,3,NridgHt,Norm,Norm,1Fam,1Story,9,5,2009,2010,Hip,CompShg,VinylSd,VinylSd,Stone,450.0,5,3,PConc,5,3,3,6,1646,1,0,284,1930,GasA,5,1,SBrkr,1940,0,0,1940,1,0,2,1,3,1,5,8,Typ,1,4,Attchd,2010.0,3,3,606,3,3,Y,168,95,0,0,0,0,0,nan,nan,0,4,2010,New,Partial,3870,1,0,3.5,95,1,1,1,0,7.0,395192
60,RL,69.0,12046,Pave,nan,3,Lvl,AllPub,Inside,3,NWAmes,Norm,Norm,1Fam,2Story,6,6,1976,1976,Gable,CompShg,Plywood,Plywood,BrkFace,298.0,3,3,CBlock,3,3,1,2,156,1,0,692,848,GasA,3,1,SBrkr,1118,912,0,2030,0,0,2,1,4,1,4,8,Typ,1,3,Attchd,1976.0,3,2,551,3,3,Y,0,224,0,0,0,0,0,nan,nan,0,6,2007,WD,Normal,2878,31,31,2.5,224,1,1,1,0,6.0,195000
60,FV,65.0,8125,Pave,nan,4,Lvl,AllPub,Inside,3,Somerst,Norm,Norm,1Fam,2Story,7,5,2006,2006,Gable,CompShg,VinylSd,VinylSd,BrkFace,0.0,4,3,PConc,4,4,1,1,0,1,0,770,770,GasA,5,1,SBrkr,778,798,0,1576,0,0,2,1,3,1,4,6,Typ,0,0,Attchd,2006.0,2,2,614,3,3,Y,0,50,0,0,0,0,0,nan,nan,0,8,2006,New,Partial,2346,0,0,2.5,50,1,1,0,0,6.0,197000
60,RL,82.0,9452,Pave,nan,4,Lvl,AllPub,Inside,3,NoRidge,Norm,Norm,1Fam,2Story,8,5,1997,1998,Gable,CompShg,VinylSd,VinylSd,BrkFace,423.0,4,3,PConc,4,3,1,6,1074,1,0,322,1396,GasA,5,1,SBrkr,1407,985,0,2392,1,0,2,1,3,1,4,7,Typ,1,3,Attchd,1997.0,3,3,870,3,3,Y,0,70,0,0,0,0,0,nan,nan,0,6,2006,WD,Normal,3788,9,8,3.5,70,1,1,1,0,6.5,348000
70,RM,121.0,17671,Pave,Grvl,4,Lvl,AllPub,Corner,3,OldTown,Artery,Norm,1Fam,2Story,8,9,1882,1986,Gable,CompShg,Wd Sdng,Wd Sdng,BrkFace,0.0,4,4,BrkTil,3,3,1,4,216,1,0,700,916,GasA,4,1,SBrkr,916,826,0,1742,0,0,1,1,4,1,4,8,Typ,1,4,Attchd,1925.0,1,2,424,3,3,P,0,169,0,0,0,0,0,nan,nan,0,11,2009,WD,Normal,2658,127,23,1.5,169,1,1,1,0,8.5,168000
60,RL,80.0,9760,Pave,nan,4,Lvl,AllPub,Inside,2,NAmes,Norm,Norm,1Fam,2Story,6,8,1964,1993,Hip,CompShg,Wd Sdng,Wd Sdng,BrkFace,340.0,3,3,CBlock,3,3,4,4,536,3,117,169,822,GasA,4,1,SBrkr,1020,831,0,1851,0,0,2,1,3,1,4,7,Typ,1,2,Attchd,1964.0,2,2,440,3,3,Y,239,42,0,0,0,0,0,MnWw,nan,0,7,2007,WD,Normal,2673,43,14,2.5,42,1,1,1,0,7.0,187000
60,RL,68.0,8846,Pave,nan,4,Lvl,AllPub,Inside,3,CollgCr,Norm,Norm,1Fam,2Story,6,5,2005,2006,Gable,CompShg,VinylSd,VinylSd,BrkFace,0.0,3,3,PConc,4,3,1,1,0,1,0,750,750,GasA,5,1,SBrkr,750,750,0,1500,0,0,2,1,3,1,4,6,Typ,0,0,Attchd,2005.0,2,2,564,3,3,Y,0,35,0,0,0,0,0,nan,nan,0,8,2006,New,Partial,2250,1,0,2.5,35,1,1,0,0,5.5,173900
20,RL,96.0,12456,Pave,nan,4,Lvl,AllPub,FR2,3,NridgHt,Norm,Norm,1Fam,1Story,10,5,2006,2007,Hip,CompShg,CemntBd,CmentBd,Stone,230.0,5,3,PConc,5,3,4,6,1172,1,0,528,1700,GasA,5,1,SBrkr,1718,0,0,1718,1,0,2,0,3,1,5,7,Typ,1,4,Attchd,2008.0,3,3,786,3,3,Y,216,48,0,0,0,0,0,nan,nan,0,7,2009,WD,Normal,3418,3,2,3.0,48,1,1,1,0,7.5,337500
50,RL,51.0,4712,Pave,nan,3,Lvl,AllPub,Inside,2,BrkSide,Feedr,Norm,1Fam,1.5Fin,4,7,1946,1950,Gable,CompShg,MetalSd,MetalSd,BrkFace,0.0,3,3,CBlock,3,3,1,5,384,1,0,363,747,GasA,3,1,SBrkr,774,456,0,1230,1,0,1,1,3,1,3,5,Typ,0,0,Detchd,1946.0,1,1,305,3,3,Y,0,57,0,0,63,0,0,MnPrv,nan,0,8,2006,WD,Abnorml,1977,60,56,2.5,120,1,1,0,0,5.5,121600
20,RL,69.0,10659,Pave,nan,3,Lvl,AllPub,Inside,3,NAmes,Norm,Norm,1Fam,1Story,5,6,1961,1961,Hip,CompShg,Wd Sdng,Wd Sdng,BrkFace,0.0,3,3,CBlock,3,3,1,3,915,1,0,135,1050,GasA,3,1,SBrkr,1050,0,0,1050,1,0,1,0,3,1,3,6,Typ,0,0,Attchd,1961.0,1,1,368,3,3,Y,0,319,0,0,0,0,0,nan,nan,0,1,2006,COD,Normal,2100,45,45,2.0,319,1,1,0,0,5.5,136500
20,RL,69.0,11717,Pave,nan,3,Lvl,AllPub,Inside,3,NWAmes,PosA,Norm,1Fam,1Story,6,6,1970,1970,Hip,CompShg,HdBoard,HdBoard,BrkFace,571.0,3,3,CBlock,3,3,1,1,0,1,0,1442,1442,GasA,3,1,SBrkr,1442,0,0,1442,0,0,2,0,2,1,3,6,Typ,1,3,Attchd,1970.0,2,2,615,3,3,Y,371,0,0,0,0,0,0,nan,nan,0,2,2009,WD,Normal,2884,39,39,2.0,0,1,1,1,0,6.0,185000
30,RM,60.0,9786,Pave,nan,4,Lvl,AllPub,Inside,3,IDOTRR,Norm,Norm,1Fam,1Story,3,4,1922,1950,Hip,CompShg,Wd Sdng,Wd Sdng,BrkFace,0.0,3,3,BrkTil,3,2,1,1,0,1,0,1007,1007,GasA,2,0,SBrkr,1077,0,0,1077,0,0,1,0,3,1,3,6,Typ,1,4,Detchd,1922.0,1,1,210,3,2,P,0,100,48,0,0,0,0,nan,nan,0,5,2006,WD,Normal,2084,84,56,1.0,148,1,1,1,0,3.5,91000
20,RL,64.0,6762,Pave,nan,4,Lvl,AllPub,Inside,3,CollgCr,Norm,Norm,1Fam,1Story,7,5,2006,2006,Gable,CompShg,VinylSd,VinylSd,Stone,24.0,4,3,PConc,4,3,3,6,686,1,0,501,1187,GasA,5,1,SBrkr,1208,0,0,1208,1,0,2,0,2,1,4,6,Typ,0,0,Attchd,2006.0,2,2,632,3,3,Y,105,61,0,0,0,0,0,nan,nan,0,2,2010,WD,Normal,2395,4,4,3.0,61,1,1,0,0,6.0,206000
20,RL,74.0,10206,Pave,nan,4,Lvl,AllPub,Corner,3,Edwards,Norm,Norm,1Fam,1Story,3,3,1952,1952,Flat,Tar&Grv,BrkComm,Brk Cmn,BrkFace,0.0,3,3,Slab,0,0,0,0,0,0,0,0,0,GasW,2,0,FuseF,944,0,0,944,0,0,1,0,2,1,2,4,Min1,0,0,Detchd,1956.0,1,2,528,3,2,Y,0,0,0,0,0,0,0,nan,nan,0,7,2009,WD,Normal,944,57,57,1.0,0,1,0,0,0,3.0,82000
30,RL,60.0,5400,Pave,nan,4,Lvl,AllPub,Corner,3,OldTown,Norm,Norm,1Fam,1Story,5,6,1920,1950,Gable,CompShg,Wd Sdng,Wd Sdng,BrkFace,0.0,3,3,BrkTil,2,3,1,1,0,1,0,691,691,GasA,5,1,FuseA,691,0,0,691,0,0,1,0,2,1,5,4,Typ,0,0,Detchd,1920.0,1,1,216,2,3,N,0,20,94,0,0,0,0,nan,nan,0,1,2007,WD,Abnorml,1382,87,57,1.0,114,1,1,0,0,5.5,86000
20,RL,75.0,11957,Pave,nan,3,Lvl,AllPub,Inside,3,Somerst,RRAn,Norm,1Fam,1Story,8,5,2006,2006,Gable,CompShg,VinylSd,VinylSd,BrkFace,53.0,4,3,PConc,4,3,1,6,24,1,0,1550,1574,GasA,5,1,SBrkr,1574,0,0,1574,0,0,2,0,3,1,4,7,Typ,1,4,Attchd,2006.0,2,3,824,3,3,Y,144,104,0,0,0,0,0,nan,nan,0,7,2008,WD,Normal,3148,2,2,2.0,104,1,1,1,0,6.5,232000
90,RL,69.0,11500,Pave,nan,3,Lvl,AllPub,Corner,3,NWAmes,Feedr,RRAn,Duplex,1Story,5,6,1976,1976,Gable,CompShg,VinylSd,VinylSd,BrkFace,164.0,3,3,CBlock,3,3,1,1,0,1,0,1680,1680,GasA,2,1,SBrkr,1680,0,0,1680,0,0,2,0,4,2,3,8,Typ,0,0,Detchd,1976.0,1,2,528,3,3,Y,0,0,0,0,0,0,0,nan,nan,0,6,2007,WD,Normal,3360,31,31,2.0,0,1,1,0,0,5.5,136905
120,RL,43.0,3182,Pave,nan,4,Lvl,AllPub,Inside,3,Blmngtn,Norm,Norm,TwnhsE,1Story,7,5,2005,2006,Gable,CompShg,VinylSd,VinylSd,BrkFace,16.0,4,3,PConc,4,3,1,6,16,1,0,1330,1346,GasA,5,1,SBrkr,1504,0,0,1504,0,0,2,0,1,1,4,7,Typ,1,4,Attchd,2005.0,3,2,457,3,3,Y,156,0,0,0,0,0,0,nan,nan,0,5,2009,WD,Normal,2850,4,3,2.0,0,1,1,1,0,6.0,181000
80,RL,65.0,8385,Pave,nan,4,Lvl,AllPub,Inside,3,CollgCr,Norm,Norm,1Fam,SLvl,5,8,1977,1977,Gable,CompShg,HdBoard,HdBoard,BrkFace,220.0,4,3,CBlock,4,4,3,6,595,1,0,390,985,GasA,3,1,SBrkr,985,0,0,985,0,0,2,0,3,1,3,6,Typ,0,0,Attchd,1977.0,1,1,328,3,3,Y,210,0,0,0,0,0,0,nan,nan,0,11,2008,WD,Normal,1970,31,31,2.0,0,1,1,0,0,6.5,149900
20,RL,69.0,12155,Pave,nan,1,Lvl,AllPub,Inside,3,NAmes,PosN,Norm,1Fam,1Story,6,3,1970,1970,Gable,CompShg,Plywood,Plywood,BrkFace,0.0,3,3,CBlock,4,3,1,2,1237,1,0,420,1657,GasA,4,1,SBrkr,1657,0,0,1657,0,1,2,0,3,1,3,7,Typ,1,3,Attchd,1970.0,1,2,484,3,3,Y,0,0,0,0,147,0,0,nan,nan,0,3,2007,WD,Normal,3314,37,37,2.5,147,1,1,1,0,4.5,163500
160,RM,21.0,2217,Pave,nan,4,Lvl,AllPub,Inside,3,MeadowV,Norm,Norm,TwnhsE,2Story,4,4,1970,1970,Gable,CompShg,CemntBd,CmentBd,BrkFace,0.0,3,3,CBlock,3,3,1,4,273,2,273,0,546,GasA,3,1,SBrkr,546,546,0,1092,0,0,1,1,3,1,3,6,Typ,0,0,Attchd,1970.0,2,1,286,3,3,Y,238,0,0,0,0,0,0,nan,nan,0,8,2009,WD,Normal,1638,39,39,1.5,0,1,1,0,0,4.0,88000
20,RL,43.0,12118,Pave,nan,3,Lvl,AllPub,CulDSac,3,Mitchel,Norm,Norm,1Fam,1Story,7,5,2004,2005,Hip,CompShg,VinylSd,VinylSd,Stone,108.0,4,3,PConc,5,3,2,1,0,1,0,1710,1710,GasA,5,1,SBrkr,1710,0,0,1710,0,0,2,0,3,1,4,7,Typ,1,4,Attchd,2004.0,3,2,550,3,3,Y,100,48,0,0,180,0,0,nan,nan,0,4,2009,WD,Normal,3420,5,4,2.0,228,1,1,1,0,6.0,240000
50,RL,60.0,6000,Pave,nan,4,Lvl,AllPub,Inside,3,SWISU,Norm,Norm,1Fam,1.5Fin,5,5,1926,1950,Gable,CompShg,Wd Sdng,Wd Sdng,BrkFace,0.0,3,2,BrkTil,3,3,1,1,0,1,0,1008,1008,GasA,5,1,SBrkr,1008,0,514,1522,0,0,2,0,4,1,3,7,Typ,0,0,nan,1980.0,0,0,0,0,0,P,0,0,138,0,0,0,0,nan,nan,0,6,2006,WD,Normal,2016,80,56,2.0,138,0,1,0,0,5.0,102000
50,RL,115.0,21286,Pave,nan,4,Lvl,AllPub,Inside,3,Sawyer,Norm,Norm,1Fam,1.5Fin,5,5,1948,1950,Gable,CompShg,Wd Sdng,Wd Sdng,BrkFace,0.0,3,3,CBlock,3,3,1,1,0,1,0,720,720,GasA,3,1,SBrkr,720,551,0,1271,0,0,2,0,4,1,3,7,Typ,1,4,Attchd,1948.0,1,1,312,3,3,Y,0,0,108,0,0,0,0,nan,nan,0,8,2008,WD,Normal,1991,60,58,2.0,108,1,1,1,0,5.0,135000
90,RL,75.0,9825,Pave,nan,4,Lvl,AllPub,Inside,3,Edwards,Norm,Norm,Duplex,1Story,5,5,1965,1965,Hip,CompShg,AsphShn,AsphShn,BrkFace,0.0,3,3,CBlock,0,0,0,0,0,0,0,0,0,GasA,3,0,SBrkr,1664,0,0,1664,0,0,2,0,4,2,3,8,Typ,0,0,nan,1980.0,0,0,0,0,0,Y,0,0,0,0,0,0,0,nan,nan,0,5,2010,WD,Normal,1664,45,45,2.0,0,0,0,0,0,5.0,100000
70,RL,55.0,10592,Pave,nan,4,Lvl,AllPub,Inside,3,Crawfor,Norm,Norm,1Fam,2Story,6,7,1923,1996,Hip,CompShg,Wd Sdng,Wd Sdng,BrkFace,0.0,3,4,PConc,3,2,1,1,0,1,0,602,602,GasA,3,1,SBrkr,900,602,0,1502,0,0,1,1,3,1,4,7,Typ,2,3,Detchd,1923.0,1,1,180,3,3,Y,96,0,112,0,53,0,0,nan,nan,0,8,2007,WD,Normal,2104,84,11,1.5,165,1,1,1,0,6.5,165000
30,RM,60.0,7200,Pave,nan,4,Lvl,AllPub,Inside,3,OldTown,Norm,Norm,1Fam,1Story,5,4,1910,2006,Hip,CompShg,MetalSd,Stucco,BrkFace,0.0,3,3,BrkTil,3,3,1,5,247,3,465,310,1022,GasW,3,0,SBrkr,1022,0,0,1022,1,0,1,0,2,1,3,4,Maj2,0,0,Detchd,1956.0,1,1,280,3,3,Y,0,30,226,0,0,0,0,nan,nan,0,6,2009,WD,Normal,2044,99,3,2.0,256,1,1,0,0,4.5,85000
20,RL,60.0,11664,Pave,nan,4,Lvl,AllPub,Inside,3,NAmes,Artery,Norm,1Fam,1Story,6,5,1948,1950,Gable,CompShg,MetalSd,MetalSd,BrkFace,206.0,3,3,CBlock,3,2,1,4,336,1,0,746,1082,GasA,3,1,SBrkr,1082,0,0,1082,0,0,1,0,2,1,3,5,Typ,1,4,Detchd,1948.0,1,1,240,3,3,Y,0,130,0,0,0,0,0,nan,nan,0,11,2007,WD,Normal,2164,59,57,1.0,130,1,1,1,0,5.5,119200
60,RL,70.0,8400,Pave,nan,4,Lvl,AllPub,Inside,3,NWAmes,Norm,Norm,1Fam,2Story,8,6,2001,2001,Gable,CompShg,VinylSd,VinylSd,BrkFace,0.0,4,3,PConc,4,3,1,6,643,1,0,167,810,GasA,5,1,SBrkr,810,855,0,1665,1,0,2,1,3,1,4,6,Typ,0,0,Attchd,2001.0,3,2,528,3,3,Y,0,45,0,0,0,0,0,nan,nan,0,11,2009,WD,Normal,2475,8,8,3.5,45,1,1,0,0,7.0,227000
20,RL,73.0,11883,Pave,nan,4,Lvl,AllPub,Inside,3,CollgCr,Norm,Norm,1Fam,1Story,7,5,1996,1996,Hip,CompShg,VinylSd,VinylSd,BrkFace,196.0,4,3,PConc,4,3,4,6,690,1,0,814,1504,GasA,5,1,SBrkr,1504,0,0,1504,1,0,2,0,3,1,4,6,Typ,1,3,Attchd,1996.0,3,2,478,3,3,Y,115,66,0,0,0,0,0,nan,nan,0,6,2009,WD,Normal,3008,13,13,3.0,66,1,1,1,0,6.0,203000
120,RL,69.0,5814,Pave,nan,3,Lvl,AllPub,CulDSac,3,StoneBr,Norm,Norm,TwnhsE,1Story,8,5,1984,1984,Gable,CompShg,HdBoard,HdBoard,BrkFace,0.0,4,3,CBlock,4,3,3,6,1036,1,0,184,1220,GasA,4,1,SBrkr,1360,0,0,1360,1,0,1,0,1,1,4,4,Typ,1,5,Attchd,1984.0,2,2,565,3,3,Y,63,0,0,0,0,0,0,nan,nan,0,8,2009,COD,Abnorml,2580,25,25,2.0,0,1,1,1,0,6.5,187500
80,RL,69.0,10784,Pave,nan,3,Lvl,AllPub,FR2,3,Gilbert,Norm,Norm,1Fam,SLvl,7,5,1991,1992,Gable,CompShg,HdBoard,HdBoard,BrkFace,76.0,4,3,PConc,4,3,1,1,0,1,0,384,384,GasA,4,1,SBrkr,802,670,0,1472,0,0,2,1,3,1,4,7,Typ,1,3,Attchd,1991.0,2,2,402,3,3,Y,164,0,0,0,0,0,0,nan,nan,0,5,2007,WD,Normal,1856,16,15,2.5,0,1,1,1,0,6.0,160000
120,RL,43.0,3013,Pave,nan,4,Lvl,AllPub,Inside,3,Blmngtn,Norm,Norm,TwnhsE,1Story,7,5,2005,2005,Gable,CompShg,VinylSd,VinylSd,BrkFace,145.0,4,3,PConc,4,3,4,6,16,1,0,1346,1362,GasA,5,1,SBrkr,1506,0,0,1506,0,0,2,0,2,1,4,6,Typ,1,4,Attchd,2005.0,3,2,440,3,3,Y,142,20,0,0,0,0,0,nan,nan,0,4,2006,WD,Normal,2868,1,1,2.0,20,1,1,1,0,6.0,213490
20,RL,60.0,7024,Pave,nan,4,Lvl,AllPub,Inside,3,Edwards,Norm,Norm,1Fam,1Story,4,5,2005,2005,Gable,CompShg,VinylSd,VinylSd,BrkFace,0.0,3,3,PConc,4,3,1,6,1024,1,0,108,1132,GasA,5,1,SBrkr,1132,0,0,1132,1,0,1,1,2,1,4,5,Typ,0,0,Attchd,2005.0,3,2,451,3,3,Y,252,64,0,0,0,0,0,nan,nan,0,6,2008,WD,Normal,2264,3,3,2.5,64,1,1,0,0,4.5,176000
20,RL,64.0,7406,Pave,nan,4,Lvl,AllPub,Inside,3,CollgCr,Norm,Norm,1Fam,1Story,7,5,2006,2006,Gable,CompShg,VinylSd,VinylSd,Stone,84.0,4,3,PConc,4,3,3,6,684,1,0,515,1199,GasA,5,1,SBrkr,1220,0,0,1220,1,0,2,0,2,1,4,6,Typ,0,0,Attchd,2006.0,2,2,632,3,3,Y,105,54,0,0,0,0,0,nan,nan,0,7,2006,New,Partial,2419,0,0,3.0,54,1,1,0,0,6.0,194000
50,RM,52.0,9439,Pave,nan,4,Lvl,AllPub,Inside,3,OldTown,Norm,Norm,1Fam,1.5Fin,5,5,1930,1950,Gable,CompShg,Wd Sdng,Wd Sdng,BrkFace,0.0,3,3,CBlock,3,3,1,2,324,1,0,588,912,GasA,4,1,FuseA,912,336,0,1248,0,0,1,0,2,1,3,6,Typ,0,0,Detchd,1957.0,1,1,160,2,2,Y,0,0,192,0,0,0,0,nan,nan,0,3,2007,WD,Normal,2160,77,57,1.0,192,1,1,0,0,5.0,87000
120,RL,43.0,3182,Pave,nan,4,Lvl,AllPub,Inside,3,Blmngtn,Norm,Norm,TwnhsE,1Story,7,5,2005,2006,Gable,CompShg,VinylSd,VinylSd,BrkFace,14.0,4,3,PConc,4,4,1,6,16,1,0,1330,1346,GasA,5,1,SBrkr,1504,0,0,1504,0,0,2,0,2,1,4,7,Typ,1,4,Attchd,2005.0,3,2,437,3,3,Y,156,20,0,0,0,0,0,nan,nan,0,5,2008,WD,Normal,2850,3,2,2.0,20,1,1,1,0,6.0,191000
20,RL,69.0,15498,Pave,nan,3,Lvl,AllPub,Corner,3,Timber,Norm,Norm,1Fam,1Story,8,6,1976,1976,Hip,WdShake,Stone,HdBoard,BrkFace,0.0,4,3,CBlock,4,3,3,5,1165,2,400,0,1565,GasA,3,1,SBrkr,2898,0,0,2898,1,0,2,0,2,1,4,10,Typ,1,4,Attchd,1976.0,3,2,665,3,3,Y,0,72,174,0,0,0,0,nan,nan,0,5,2008,COD,Abnorml,4463,32,32,3.0,246,1,1,1,0,7.0,287000
20,RL,70.0,7700,Pave,nan,4,Lvl,AllPub,Corner,3,CollgCr,Norm,Norm,1Fam,1Story,5,5,1972,1972,Gable,CompShg,VinylSd,VinylSd,BrkFace,0.0,3,3,CBlock,3,3,1,2,138,3,468,276,882,GasA,3,1,SBrkr,882,0,0,882,1,0,1,0,3,1,3,5,Typ,0,0,Detchd,1980.0,1,2,461,3,3,Y,96,0,0,0,0,0,0,MnPrv,nan,0,3,2007,WD,Normal,1764,35,35,2.0,0,1,1,0,0,5.0,112500
20,RL,73.0,9300,Pave,nan,4,Lvl,AllPub,Inside,3,NAmes,Feedr,Norm,1Fam,1Story,5,5,1960,1960,Gable,CompShg,MetalSd,HdBoard,BrkFace,324.0,3,3,CBlock,3,3,1,3,697,1,0,571,1268,GasA,3,1,SBrkr,1264,0,0,1264,1,0,1,0,3,1,3,6,Typ,2,4,Attchd,1960.0,1,2,461,3,3,Y,0,0,0,0,143,0,0,nan,nan,0,4,2010,WD,Normal,2532,50,50,2.0,143,1,1,1,0,5.0,167500
20,RL,71.0,9520,Pave,nan,3,HLS,AllPub,Inside,3,Timber,Norm,Norm,1Fam,1Story,8,5,2007,2008,Gable,CompShg,VinylSd,VinylSd,Stone,338.0,4,3,PConc,4,3,4,6,1513,1,0,125,1638,GasA,5,1,SBrkr,1646,0,0,1646,1,0,2,0,3,1,4,7,Typ,1,4,Attchd,2008.0,2,3,800,3,3,Y,192,44,0,0,0,0,0,nan,nan,0,4,2008,New,Partial,3284,1,0,3.0,44,1,1,1,0,6.5,293077
50,RL,79.0,9492,Pave,nan,4,Lvl,AllPub,Inside,3,NAmes,Artery,Norm,1Fam,1.5Fin,5,5,1941,1950,Gable,CompShg,WdShing,Wd Shng,BrkFace,0.0,3,3,CBlock,3,3,1,3,368,4,41,359,768,GasA,3,1,SBrkr,968,408,0,1376,1,0,1,0,3,1,3,6,Typ,1,4,Attchd,1941.0,1,1,240,3,3,Y,0,0,0,0,0,0,0,nan,nan,0,4,2007,WD,Normal,2144,66,57,2.0,0,1,1,1,0,5.0,105000
160,RM,21.0,1680,Pave,nan,4,Lvl,AllPub,Inside,3,BrDale,Norm,Norm,Twnhs,2Story,6,7,1972,1972,Gable,CompShg,HdBoard,HdBoard,BrkFace,281.0,3,3,CBlock,3,3,1,4,317,1,0,355,672,GasA,4,1,SBrkr,672,546,0,1218,0,1,1,1,3,1,3,7,Typ,0,0,Detchd,1972.0,1,1,264,3,3,Y,0,28,0,0,0,0,0,nan,nan,0,5,2006,WD,Normal,1890,34,34,2.0,28,1,1,0,0,6.5,118000
190,RH,69.0,7082,Pave,nan,4,Lvl,AllPub,Inside,3,SWISU,Norm,Norm,2fmCon,2Story,5,8,1916,1995,Gable,CompShg,VinylSd,VinylSd,BrkFace,0.0,3,3,PConc,3,3,2,1,0,1,0,686,686,GasA,4,1,SBrkr,948,980,0,1928,0,0,2,0,5,2,3,10,Typ,0,0,nan,1980.0,0,0,0,0,0,N,0,0,228,0,0,0,0,nan,nan,0,7,2006,WD,Normal,2614,90,11,2.0,228,0,1,0,0,6.5,160000
75,RL,102.0,15863,Pave,nan,4,Lvl,AllPub,Corner,3,SWISU,Norm,Norm,1Fam,2.5Fin,7,3,1920,1970,Gable,CompShg,Wd Sdng,Plywood,BrkFace,0.0,3,3,BrkTil,3,3,1,6,523,1,0,301,824,GasA,5,1,SBrkr,1687,998,397,3082,1,0,2,1,5,1,3,12,Typ,2,3,Basment,1970.0,3,2,672,3,3,Y,136,63,0,0,0,0,0,nan,nan,0,8,2009,WD,Normal,3509,89,39,3.5,63,1,1,1,0,5.0,197000
60,RL,69.0,14541,Pave,nan,3,Lvl,AllPub,Corner,3,NoRidge,Norm,Norm,1Fam,2Story,8,7,1993,1993,Gable,CompShg,MetalSd,MetalSd,BrkFace,0.0,4,4,PConc,4,4,1,6,1012,1,0,326,1338,GasA,5,1,SBrkr,1352,1168,0,2520,1,0,2,1,5,1,4,10,Typ,1,3,Attchd,1993.0,2,3,796,3,3,Y,209,55,0,0,0,0,0,nan,nan,0,11,2006,WD,Abnorml,3858,13,13,3.5,55,1,1,1,0,7.5,310000
20,RL,69.0,8125,Pave,nan,4,Lvl,AllPub,Inside,3,CollgCr,Norm,Norm,1Fam,1Story,7,5,2002,2002,Gable,CompShg,VinylSd,VinylSd,Stone,295.0,4,3,PConc,4,3,1,6,986,1,0,668,1654,GasA,5,1,SBrkr,1654,0,0,1654,1,0,2,0,3,1,4,6,Typ,0,0,Attchd,2002.0,1,3,900,3,3,Y,0,136,0,0,0,0,0,nan,nan,0,2,2006,WD,Normal,3308,4,4,3.0,136,1,1,0,0,6.0,230000
30,RL,50.0,6305,Pave,nan,4,Bnk,AllPub,Inside,3,Crawfor,Norm,Norm,1Fam,1Story,5,7,1938,1950,Gable,CompShg,MetalSd,MetalSd,BrkFace,0.0,3,4,PConc,2,2,1,1,0,1,0,920,920,GasA,5,1,SBrkr,954,0,0,954,0,0,1,0,2,1,2,5,Typ,1,4,Basment,1938.0,1,1,240,2,3,Y,0,0,0,0,0,0,0,MnPrv,nan,0,6,2007,WD,Normal,1874,69,57,1.0,0,1,1,1,0,6.0,119750
20,RL,69.0,11500,Pave,nan,3,Lvl,AllPub,CulDSac,3,Edwards,Norm,Norm,1Fam,1Story,4,3,1957,1957,Gable,CompShg,Wd Sdng,Wd Sdng,BrkFace,0.0,3,4,Slab,0,0,0,0,0,0,0,0,0,GasA,5,0,SBrkr,845,0,0,845,0,0,1,0,3,1,3,5,Typ,0,0,Detchd,1957.0,1,1,290,3,3,N,186,0,0,0,0,0,0,nan,nan,0,1,2009,WD,Normal,845,52,52,1.0,0,1,0,0,0,3.5,84000
20,RL,89.0,12898,Pave,nan,3,HLS,AllPub,Inside,3,Timber,Norm,Norm,1Fam,1Story,9,5,2007,2008,Hip,CompShg,VinylSd,VinylSd,Stone,70.0,4,3,PConc,5,3,4,6,1022,1,0,598,1620,GasA,5,1,SBrkr,1620,0,0,1620,1,0,2,0,2,1,5,6,Typ,1,5,Attchd,2008.0,3,3,912,3,3,Y,228,0,0,0,0,0,0,nan,nan,0,9,2009,WD,Normal,3240,2,1,3.0,0,1,1,1,0,7.0,315500
60,RL,69.0,9240,Pave,nan,4,Lvl,AllPub,Inside,3,CollgCr,Norm,Norm,1Fam,2Story,8,5,2001,2002,Gable,CompShg,VinylSd,VinylSd,BrkFace,396.0,4,3,PConc,4,3,1,1,0,1,0,1055,1055,GasA,5,1,SBrkr,1055,1208,0,2263,0,0,2,1,3,1,4,7,Typ,1,3,BuiltIn,2001.0,3,2,905,3,3,Y,0,45,0,0,189,0,0,nan,nan,0,9,2008,WD,Normal,3318,7,6,2.5,234,1,1,1,0,6.5,287000
160,RM,21.0,1533,Pave,nan,4,Lvl,AllPub,Inside,3,MeadowV,Norm,Norm,Twnhs,2Story,4,6,1970,2008,Gable,CompShg,CemntBd,CmentBd,BrkFace,0.0,3,3,CBlock,3,3,1,1,0,1,0,546,546,GasA,3,1,SBrkr,798,546,0,1344,0,0,1,1,3,1,3,6,Typ,1,3,nan,1980.0,0,0,0,0,0,Y,0,0,0,0,0,0,0,nan,nan,0,5,2009,WD,Normal,1890,39,1,1.5,0,0,1,1,0,5.0,97000
180,RM,21.0,1477,Pave,nan,4,Lvl,AllPub,Inside,3,MeadowV,Norm,Norm,TwnhsE,SFoyer,4,4,1970,1970,Gable,CompShg,CemntBd,CmentBd,BrkFace,0.0,3,3,CBlock,4,3,3,6,509,1,0,121,630,GasA,3,1,SBrkr,630,0,0,630,1,0,1,0,1,1,3,3,Typ,0,0,Attchd,1970.0,1,1,286,3,3,Y,0,0,0,0,0,0,0,nan,nan,0,4,2009,WD,Normal,1260,39,39,2.0,0,1,1,0,0,4.0,80000
20,RL,88.0,13125,Pave,nan,4,Lvl,AllPub,Corner,3,Sawyer,Norm,Norm,1Fam,1Story,5,4,1957,2000,Gable,CompShg,Wd Sdng,Wd Sdng,BrkCmn,67.0,3,3,CBlock,3,3,1,3,168,4,682,284,1134,GasA,5,1,SBrkr,1803,0,0,1803,1,0,2,0,3,1,3,8,Maj1,1,3,Attchd,1957.0,2,2,484,3,3,Y,0,0,0,0,0,0,0,GdPrv,nan,0,1,2006,WD,Normal,2937,49,6,3.0,0,1,1,1,0,4.5,155000
60,RL,69.0,9130,Pave,nan,4,Lvl,AllPub,Inside,3,NWAmes,Feedr,Norm,1Fam,2Story,6,8,1966,2000,Hip,CompShg,HdBoard,HdBoard,BrkFace,252.0,3,3,CBlock,3,3,1,6,400,3,64,336,800,GasA,4,1,SBrkr,800,832,0,1632,0,1,1,1,4,1,4,7,Typ,0,0,Attchd,1966.0,1,2,484,3,3,Y,0,40,0,0,0,0,0,nan,nan,0,7,2008,WD,Normal,2432,42,8,2.0,40,1,1,0,0,7.0,173000
120,RL,34.0,5381,Pave,nan,3,Lvl,AllPub,Inside,3,NridgHt,Norm,Norm,Twnhs,1Story,6,5,2005,2005,Gable,CompShg,VinylSd,VinylSd,Stone,135.0,4,3,PConc,4,3,3,5,900,1,0,406,1306,GasA,5,1,SBrkr,1306,0,0,1306,1,0,2,0,1,1,4,5,Typ,1,4,Attchd,2005.0,2,2,624,3,3,Y,170,63,0,0,0,0,0,nan,nan,0,8,2009,WD,Normal,2612,4,4,3.0,63,1,1,1,0,5.5,196000
60,RL,86.0,11839,Pave,nan,4,Lvl,AllPub,Inside,3,SawyerW,Norm,Norm,1Fam,2Story,7,5,1990,1990,Hip,CompShg,HdBoard,HdBoard,BrkFace,99.0,3,3,PConc,4,3,1,6,1085,1,0,390,1475,GasA,5,1,SBrkr,1532,797,0,2329,1,0,2,1,4,1,4,10,Typ,1,5,Attchd,1990.0,1,2,514,3,3,Y,192,121,0,0,0,0,0,nan,nan,0,5,2008,WD,Normal,3804,18,18,3.5,121,1,1,1,0,6.0,262280
20,RL,80.0,9600,Pave,nan,4,Lvl,AllPub,Inside,3,NWAmes,PosN,Norm,1Fam,1Story,8,5,1981,1981,Hip,WdShngl,BrkFace,BrkFace,BrkFace,0.0,4,3,PConc,4,3,1,5,1104,1,0,1420,2524,GasA,3,1,SBrkr,2524,0,0,2524,1,0,2,1,4,1,4,9,Typ,1,4,Attchd,1981.0,3,2,542,3,3,Y,474,120,0,0,0,0,0,MnPrv,nan,0,7,2009,WD,Normal,5048,28,28,3.5,120,1,1,1,0,6.5,278000
20,RL,69.0,13680,Pave,nan,3,Lvl,AllPub,CulDSac,3,Edwards,Norm,Norm,1Fam,1Story,3,5,1955,1955,Hip,CompShg,BrkFace,Wd Sdng,BrkFace,0.0,3,3,Slab,0,0,0,0,0,0,0,0,0,GasA,5,1,FuseA,1733,0,0,1733,0,0,2,0,4,1,3,8,Min2,1,4,Attchd,1955.0,1,2,452,3,3,Y,0,0,0,0,0,0,0,nan,nan,0,6,2009,WD,Normal,1733,54,54,2.0,0,1,0,1,0,4.0,139600
60,RL,85.0,16056,Pave,nan,3,Lvl,AllPub,Inside,3,StoneBr,Norm,Norm,1Fam,2Story,9,5,2005,2006,Hip,CompShg,CemntBd,CmentBd,Stone,208.0,4,3,PConc,5,3,3,6,240,1,0,1752,1992,GasA,5,1,SBrkr,1992,876,0,2868,0,0,3,1,4,1,5,11,Typ,1,4,BuiltIn,2005.0,3,3,716,3,3,Y,214,108,0,0,0,0,0,nan,nan,0,7,2006,New,Partial,4860,1,0,3.5,108,1,1,1,0,7.0,556581
20,RL,57.0,9245,Pave,nan,2,Lvl,AllPub,Inside,3,CollgCr,Norm,Norm,1Fam,1Story,5,5,1994,1995,Gable,CompShg,VinylSd,VinylSd,BrkFace,0.0,3,3,PConc,4,3,1,6,686,1,0,304,990,GasA,5,1,SBrkr,990,0,0,990,0,1,1,0,3,1,3,5,Typ,0,0,Detchd,1996.0,1,2,672,3,3,Y,0,0,0,0,0,0,0,nan,nan,0,2,2008,WD,Normal,1980,14,13,1.5,0,1,1,0,0,5.0,145000
20,RL,100.0,21750,Pave,nan,4,Lvl,AllPub,Inside,3,Mitchel,Norm,Norm,1Fam,1Story,5,4,1960,2006,Hip,CompShg,HdBoard,HdBoard,BrkFace,75.0,3,2,Slab,0,0,0,0,0,0,0,0,0,GasA,3,1,SBrkr,1771,0,0,1771,0,0,1,0,3,1,3,9,Min1,1,3,Attchd,1960.0,1,2,336,3,3,Y,0,0,0,0,0,0,0,GdPrv,nan,0,11,2009,WD,Normal,1771,49,3,1.0,0,1,0,1,0,4.5,115000
20,RL,60.0,11100,Pave,nan,4,Low,AllPub,Inside,3,Edwards,Norm,Norm,1Fam,1Story,4,7,1946,2006,Gable,CompShg,MetalSd,MetalSd,BrkFace,0.0,3,3,CBlock,0,0,0,0,0,0,0,0,0,GasA,5,1,SBrkr,930,0,0,930,0,0,1,0,2,1,4,6,Typ,0,0,Detchd,1946.0,1,1,308,3,3,Y,0,0,0,0,0,0,0,nan,nan,0,4,2010,WD,Abnorml,930,64,4,1.0,0,1,0,0,0,5.5,84900
20,RL,73.0,8993,Pave,nan,3,Lvl,AllPub,Inside,3,Gilbert,Norm,Norm,1Fam,1Story,7,5,2007,2007,Gable,CompShg,VinylSd,VinylSd,BrkFace,0.0,4,3,PConc,4,3,3,1,0,1,0,1302,1302,GasA,5,1,SBrkr,1302,0,0,1302,0,0,2,0,3,1,4,6,Typ,0,0,Attchd,2007.0,3,2,436,3,3,Y,0,22,0,0,0,0,0,nan,nan,0,8,2007,New,Partial,2604,0,0,2.0,22,1,1,0,0,6.0,176485
20,RL,103.0,11175,Pave,nan,3,Lvl,AllPub,Corner,3,CollgCr,Norm,Norm,1Fam,1Story,7,5,2007,2007,Gable,CompShg,VinylSd,VinylSd,BrkFace,0.0,4,3,PConc,4,3,3,1,0,1,0,1316,1316,GasA,5,1,SBrkr,1316,0,0,1316,0,0,2,0,3,1,4,6,Typ,1,4,Attchd,2007.0,3,2,440,3,3,Y,0,20,0,0,0,0,0,nan,nan,0,10,2007,New,Partial,2632,0,0,2.0,20,1,1,1,0,6.0,200141
60,RL,100.0,9500,Pave,nan,4,Lvl,AllPub,Corner,3,NAmes,Artery,Norm,1Fam,2Story,6,6,1964,1978,Gable,CompShg,VinylSd,VinylSd,BrkCmn,272.0,3,3,CBlock,3,3,1,3,442,1,0,374,816,GasA,3,1,SBrkr,1127,850,0,1977,0,1,1,1,4,1,3,9,Typ,1,3,Attchd,1964.0,2,2,540,3,3,Y,0,52,0,0,0,0,0,GdPrv,nan,0,6,2007,WD,Normal,2793,43,29,2.0,52,1,1,1,0,6.0,165000
20,RL,68.0,8562,Pave,nan,4,Lvl,AllPub,Inside,2,Edwards,Norm,Norm,1Fam,1Story,5,6,1957,2002,Hip,CompShg,HdBoard,HdBoard,Stone,145.0,3,3,CBlock,3,3,3,3,383,1,0,833,1216,GasA,5,1,FuseA,1526,0,0,1526,0,0,1,0,4,1,3,7,Min2,1,4,Basment,1957.0,1,1,364,3,3,Y,116,78,0,0,0,0,0,nan,nan,0,5,2010,WD,Normal,2742,53,8,1.0,78,1,1,1,0,5.5,144500
60,RL,90.0,11367,Pave,nan,4,Lvl,AllPub,Corner,3,CollgCr,Norm,Norm,1Fam,2Story,8,5,2002,2002,Gable,CompShg,VinylSd,VinylSd,BrkFace,210.0,4,3,PConc,4,3,2,6,932,1,0,133,1065,GasA,5,1,SBrkr,1091,898,0,1989,1,0,2,1,3,1,4,7,Typ,1,4,Attchd,2002.0,3,2,586,3,3,Y,199,60,0,0,0,0,0,nan,nan,0,11,2006,WD,Normal,3054,4,4,3.5,60,1,1,1,0,6.5,255000
20,RL,104.0,11361,Pave,nan,4,Lvl,AllPub,Inside,3,NWAmes,Norm,Norm,1Fam,1Story,6,5,1976,1976,Gable,CompShg,Plywood,Plywood,BrkFace,160.0,3,3,CBlock,4,3,1,5,644,1,0,549,1193,GasA,3,1,SBrkr,1523,0,0,1523,0,1,2,0,3,1,3,7,Typ,1,3,Attchd,1976.0,3,2,478,3,3,Y,0,0,0,0,189,0,0,MnPrv,nan,0,5,2008,COD,Abnorml,2716,32,32,2.5,189,1,1,1,0,5.5,180000
120,RL,43.0,7052,Pave,nan,3,Lvl,AllPub,Inside,3,NridgHt,Norm,Norm,TwnhsE,1Story,7,5,2005,2005,Gable,CompShg,VinylSd,VinylSd,Stone,240.0,4,3,PConc,4,3,3,6,659,1,0,705,1364,GasA,5,1,SBrkr,1364,0,0,1364,1,0,2,0,2,1,4,6,Typ,1,4,Attchd,2005.0,2,2,484,3,3,Y,192,36,0,0,0,0,0,nan,nan,0,6,2006,WD,Normal,2728,1,1,3.0,36,1,1,1,0,6.0,185850
60,RL,69.0,29959,Pave,nan,2,Lvl,AllPub,FR2,3,NoRidge,Norm,Norm,1Fam,2Story,7,6,1994,1994,Gable,CompShg,HdBoard,HdBoard,BrkFace,0.0,4,3,PConc,4,3,1,6,595,1,0,378,973,GasA,5,1,SBrkr,979,871,0,1850,0,0,2,1,3,1,4,7,Typ,1,4,BuiltIn,1994.0,3,2,467,3,3,Y,168,98,0,0,0,0,0,nan,nan,0,1,2009,WD,Normal,2823,15,15,2.5,98,1,1,1,0,6.5,248000
60,RL,96.0,11308,Pave,nan,3,Lvl,AllPub,Inside,3,NridgHt,Norm,Norm,1Fam,2Story,9,5,2008,2008,Gable,CompShg,VinylSd,VinylSd,Stone,154.0,5,3,PConc,5,3,3,6,936,1,0,168,1104,GasA,5,1,SBrkr,1130,1054,0,2184,1,0,2,1,3,1,5,10,Typ,1,4,Attchd,2008.0,3,3,836,3,3,Y,0,102,0,0,0,0,0,nan,nan,0,7,2009,WD,Normal,3288,1,1,3.5,102,1,1,1,0,7.0,335000
50,RL,69.0,11275,Pave,nan,3,HLS,AllPub,Corner,2,Crawfor,Norm,Norm,1Fam,1.5Fin,6,7,1932,1950,Gable,CompShg,MetalSd,MetalSd,BrkFace,480.0,3,3,CBlock,3,3,2,3,297,2,557,0,854,GasA,3,1,SBrkr,1096,895,0,1991,0,0,1,1,3,1,3,7,Typ,1,4,Detchd,1977.0,1,2,432,3,2,Y,0,0,19,0,0,0,0,nan,nan,0,3,2007,WD,Normal,2845,75,57,1.5,19,1,1,1,0,6.5,220000
120,RL,41.0,4920,Pave,nan,4,Lvl,AllPub,Inside,3,StoneBr,Norm,Norm,TwnhsE,1Story,8,5,2001,2001,Gable,CompShg,CemntBd,CmentBd,BrkFace,0.0,4,3,PConc,4,3,2,6,616,1,0,722,1338,GasA,5,1,SBrkr,1338,0,0,1338,1,0,2,0,2,1,4,6,Typ,0,0,Attchd,2001.0,3,2,582,3,3,Y,0,0,170,0,0,0,0,nan,nan,0,4,2010,WD,Normal,2676,9,9,3.0,170,1,1,0,0,6.5,213500
30,C (all),120.0,18000,Grvl,nan,4,Low,AllPub,Inside,3,IDOTRR,Norm,Norm,1Fam,1Story,3,4,1935,1950,Gable,CompShg,MetalSd,MetalSd,BrkFace,0.0,2,3,CBlock,3,3,1,1,0,1,0,894,894,GasA,3,1,SBrkr,894,0,0,894,0,0,1,0,2,1,3,6,Typ,0,0,Detchd,1994.0,2,3,1248,3,3,Y,0,20,0,0,0,0,0,nan,Shed,560,8,2008,ConLD,Normal,1788,73,58,1.0,20,1,1,0,0,3.5,81000
190,RM,85.0,13600,Pave,Grvl,4,Lvl,AllPub,Inside,3,OldTown,Norm,Norm,2fmCon,2Story,5,5,1900,1950,Gable,CompShg,Wd Sdng,Wd Sdng,BrkFace,0.0,3,3,BrkTil,3,3,1,1,0,1,0,662,662,GasA,3,0,SBrkr,1422,915,0,2337,0,0,2,0,5,2,3,10,Min2,0,0,Detchd,1945.0,1,2,560,3,3,Y,0,57,0,0,0,0,0,nan,nan,0,9,2007,WD,Normal,2999,107,57,2.0,57,1,1,0,0,5.0,90000
30,RM,50.0,6000,Pave,nan,4,Lvl,AllPub,Inside,3,OldTown,Artery,Norm,1Fam,1Story,6,6,1925,1980,Gable,CompShg,MetalSd,MetalSd,BrkFace,0.0,3,4,BrkTil,3,3,1,4,397,1,0,706,1103,GasA,4,1,SBrkr,1103,0,0,1103,0,0,1,0,2,1,4,5,Typ,1,4,Detchd,1976.0,1,2,440,3,3,Y,166,120,0,0,0,0,0,MnPrv,nan,0,7,2006,WD,Normal,2206,81,26,1.0,120,1,1,1,0,6.0,110500
20,RL,69.0,11000,Pave,nan,3,Lvl,AllPub,CulDSac,3,NAmes,Norm,Norm,1Fam,1Story,5,6,1966,1966,Gable,CompShg,Plywood,Plywood,BrkFace,200.0,3,3,CBlock,3,3,2,4,740,3,230,184,1154,GasA,5,1,SBrkr,1154,0,0,1154,0,0,1,1,3,1,3,6,Typ,1,1,Attchd,1966.0,2,2,480,3,3,Y,0,58,0,0,0,0,0,MnPrv,nan,0,11,2009,WD,Normal,2308,43,43,1.5,58,1,1,1,0,5.5,154000
60,RL,80.0,14000,Pave,nan,4,Lvl,AllPub,Inside,2,ClearCr,Norm,Norm,1Fam,2Story,7,5,1996,1997,Gable,CompShg,Wd Sdng,Wd Sdng,BrkFace,0.0,4,3,PConc,5,3,4,6,1201,1,0,105,1306,GasA,5,1,SBrkr,1306,954,0,2260,1,0,2,1,3,1,4,7,Typ,0,0,Attchd,1996.0,2,2,533,3,3,Y,296,44,0,0,0,0,0,nan,nan,0,4,2010,WD,Normal,3566,14,13,3.5,44,1,1,0,0,6.0,328000
60,RL,59.0,7837,Pave,nan,3,Lvl,AllPub,Inside,3,Gilbert,Norm,Norm,1Fam,2Story,6,7,1993,1994,Gable,CompShg,VinylSd,VinylSd,BrkFace,0.0,4,3,PConc,4,3,1,1,0,1,0,799,799,GasA,4,1,SBrkr,799,772,0,1571,0,0,2,1,3,1,3,7,Typ,1,3,Attchd,1993.0,2,2,380,3,3,Y,0,40,0,0,0,0,0,nan,nan,0,5,2009,WD,Normal,2370,16,15,2.5,40,1,1,1,0,6.5,178000
60,RL,80.0,9760,Pave,nan,4,Lvl,AllPub,Inside,2,NAmes,Norm,Norm,1Fam,2Story,6,6,1964,1964,Gable,CompShg,HdBoard,HdBoard,BrkFace,360.0,3,3,CBlock,3,3,4,6,674,2,106,0,780,GasA,3,1,SBrkr,798,813,0,1611,1,0,1,1,4,1,3,7,Typ,0,0,Attchd,1964.0,2,2,442,3,3,Y,328,128,0,0,189,0,0,nan,nan,0,6,2008,WD,Normal,2391,44,44,2.5,317,1,1,0,0,6.0,167900
160,RM,42.0,3964,Pave,nan,4,Lvl,AllPub,Inside,3,MeadowV,Norm,Norm,TwnhsE,2Story,6,4,1973,1973,Gable,CompShg,CemntBd,CmentBd,BrkFace,0.0,3,3,CBlock,4,3,1,5,837,1,0,105,942,GasA,4,1,SBrkr,1291,1230,0,2521,1,0,2,1,5,1,3,10,Maj1,1,4,Attchd,1973.0,3,2,576,3,3,Y,728,20,0,0,0,0,0,GdPrv,nan,0,6,2006,WD,Normal,3463,33,33,3.5,20,1,1,1,0,5.0,151400
45,RL,60.0,9600,Pave,nan,4,Lvl,AllPub,Inside,3,NAmes,Norm,Norm,1Fam,1.5Unf,5,7,1949,2003,Gable,CompShg,MetalSd,MetalSd,BrkFace,0.0,3,3,CBlock,3,3,1,5,220,1,0,625,845,GasA,3,1,SBrkr,893,0,0,893,0,1,1,0,2,1,4,4,Typ,0,0,Detchd,1985.0,1,2,576,3,3,Y,0,0,0,0,0,0,0,nan,nan,0,5,2007,WD,Normal,1738,58,4,1.5,0,1,1,0,0,6.0,135000
20,RL,72.0,10152,Pave,nan,4,Lvl,AllPub,Inside,3,NAmes,Norm,Norm,1Fam,1Story,5,5,1956,1956,Hip,CompShg,MetalSd,MetalSd,BrkFace,120.0,3,3,CBlock,3,3,1,4,586,1,0,462,1048,GasA,3,1,SBrkr,1048,0,0,1048,1,0,1,0,3,1,3,6,Typ,0,0,Attchd,1956.0,1,1,286,3,3,Y,0,20,0,0,192,0,0,nan,nan,0,6,2007,WD,Normal,2096,51,51,2.0,212,1,1,0,0,5.0,135000
60,RL,78.0,11700,Pave,nan,4,Lvl,AllPub,Inside,3,NWAmes,RRAn,Norm,1Fam,2Story,6,6,1968,1968,Gable,CompShg,MetalSd,MetalSd,BrkFace,0.0,3,3,CBlock,3,3,1,3,298,1,0,429,727,GasA,5,1,SBrkr,829,727,0,1556,0,0,1,1,4,1,3,8,Typ,0,0,Attchd,1968.0,1,2,441,3,3,Y,0,0,0,0,0,0,0,nan,nan,0,5,2009,WD,Normal,2283,41,41,1.5,0,1,1,0,0,6.0,154000
50,RL,50.0,7585,Pave,nan,4,Lvl,AllPub,Inside,3,Edwards,Artery,Norm,1Fam,1.5Fin,5,3,1948,1950,Gable,CompShg,MetalSd,MetalSd,BrkFace,0.0,3,3,CBlock,2,2,2,1,0,1,0,810,810,GasA,2,1,FuseA,1002,454,0,1456,1,1,1,0,4,1,3,7,Typ,1,3,Detchd,1954.0,1,1,280,3,3,P,0,0,0,0,0,0,0,nan,nan,0,8,2006,WD,Normal,2266,58,56,2.5,0,1,1,1,0,4.0,91500
60,RL,75.0,7950,Pave,nan,3,Bnk,AllPub,Corner,3,Edwards,Norm,Norm,1Fam,2Story,6,6,1977,1977,Hip,CompShg,HdBoard,Plywood,BrkFace,140.0,3,3,CBlock,3,3,1,4,535,1,0,155,690,GasA,3,1,SBrkr,698,728,0,1426,0,0,1,1,3,1,3,6,Typ,0,0,Attchd,1977.0,3,2,440,3,3,Y,252,0,0,0,0,0,0,MnPrv,nan,0,7,2009,WD,Normal,2116,32,32,1.5,0,1,1,0,0,6.0,159500
20,RL,74.0,8556,Pave,nan,4,Lvl,AllPub,Inside,3,CollgCr,Norm,Norm,1Fam,1Story,7,5,2006,2006,Gable,CompShg,VinylSd,VinylSd,BrkFace,0.0,4,3,PConc,4,3,3,1,0,1,0,1240,1240,GasA,5,1,SBrkr,1240,0,0,1240,0,0,2,0,2,1,4,5,Typ,0,0,Attchd,2006.0,2,3,826,3,3,Y,140,93,0,0,0,0,0,nan,nan,0,5,2007,WD,Normal,2480,1,1,2.0,93,1,1,0,0,6.0,194000
70,RL,75.0,13125,Pave,nan,4,Lvl,AllPub,Inside,3,Crawfor,Norm,Norm,1Fam,2Story,7,6,1940,1984,Gable,CompShg,Wd Sdng,Wd Sdng,BrkFace,0.0,3,3,CBlock,3,3,1,4,410,1,0,390,800,GasA,3,1,SBrkr,960,780,0,1740,0,0,1,1,3,1,3,6,Typ,2,4,Attchd,1940.0,1,1,240,3,3,Y,0,0,0,0,0,0,0,nan,nan,0,7,2007,CWD,Normal,2540,67,23,1.5,0,1,1,1,0,6.5,219500
50,RL,60.0,10800,Pave,Grvl,4,Lvl,AllPub,Inside,3,OldTown,Norm,Norm,1Fam,1.5Fin,5,8,1936,1989,Gable,CompShg,Wd Sdng,Wd Sdng,BrkFace,0.0,3,3,CBlock,2,3,1,5,626,1,0,170,796,GasA,4,1,SBrkr,1096,370,0,1466,0,1,2,0,3,1,4,7,Min1,1,3,Attchd,1950.0,1,2,566,3,3,Y,436,21,0,0,0,0,0,nan,Shed,500,4,2006,WD,Normal,2262,70,17,2.5,21,1,1,1,0,6.5,170000
20,RL,69.0,15870,Pave,nan,3,Lvl,AllPub,Corner,3,NAmes,Norm,Norm,1Fam,1Story,5,5,1969,1969,Gable,CompShg,VinylSd,Plywood,BrkFace,0.0,3,3,CBlock,3,3,2,4,75,3,791,230,1096,GasA,5,1,SBrkr,1096,0,0,1096,1,0,1,0,3,1,3,6,Typ,0,0,Attchd,1969.0,3,1,299,3,3,Y,240,32,0,0,0,0,0,nan,nan,0,3,2006,WD,Abnorml,2192,37,37,2.0,32,1,1,0,0,5.0,138800
120,RM,37.0,4435,Pave,nan,4,Lvl,AllPub,Inside,3,CollgCr,Norm,Norm,TwnhsE,1Story,6,5,2004,2004,Gable,CompShg,VinylSd,VinylSd,BrkFace,169.0,4,3,PConc,4,3,2,6,662,1,0,186,848,GasA,5,1,SBrkr,848,0,0,848,1,0,1,0,1,1,4,3,Typ,1,4,Attchd,2004.0,2,2,420,3,3,Y,140,0,0,0,0,0,0,nan,nan,0,5,2006,WD,Normal,1696,2,2,2.0,0,1,1,1,0,5.5,155900
20,RL,65.0,8775,Pave,nan,4,Lvl,AllPub,Inside,3,CollgCr,Norm,Norm,1Fam,1Story,5,5,1994,1994,Gable,CompShg,VinylSd,VinylSd,BrkFace,0.0,3,3,PConc,4,3,1,6,495,1,0,495,990,GasA,4,1,SBrkr,990,0,0,990,0,0,1,0,3,1,3,5,Typ,0,0,Attchd,1996.0,1,1,299,3,3,Y,0,64,0,0,0,0,0,nan,nan,0,4,2007,WD,Normal,1980,13,13,1.0,64,1,1,0,0,5.0,126000
20,RL,80.0,11040,Pave,nan,4,Lvl,AllPub,Inside,3,NWAmes,Norm,Norm,1Fam,1Story,6,7,1971,2004,Gable,CompShg,VinylSd,VinylSd,BrkFace,144.0,4,4,CBlock,3,3,1,5,656,1,0,602,1258,GasA,5,1,SBrkr,1258,0,0,1258,0,1,2,0,3,1,4,5,Typ,0,0,Attchd,1971.0,2,2,528,3,3,Y,55,0,0,216,0,0,0,nan,nan,0,10,2008,COD,Abnorml,2516,37,4,2.5,216,1,1,0,0,6.5,145000
20,RL,75.0,7500,Pave,nan,4,Lvl,AllPub,Corner,3,Sawyer,Feedr,Norm,1Fam,1Story,5,5,1963,1963,Gable,CompShg,HdBoard,HdBoard,BrkFace,0.0,3,3,CBlock,3,3,1,5,824,1,0,216,1040,GasA,2,1,SBrkr,1040,0,0,1040,1,0,1,1,3,1,3,5,Typ,0,0,Attchd,1963.0,3,1,308,3,3,Y,0,0,220,0,0,0,0,MnPrv,nan,0,6,2010,WD,Normal,2080,47,47,2.5,220,1,1,0,0,5.0,133000
20,RL,70.0,8749,Pave,nan,4,Lvl,AllPub,Inside,3,CollgCr,Norm,Norm,1Fam,1Story,7,5,2002,2002,Gable,CompShg,VinylSd,VinylSd,BrkFace,100.0,4,3,PConc,4,3,1,1,0,1,0,1459,1459,GasA,5,1,SBrkr,1459,0,0,1459,0,0,2,0,3,1,4,6,Typ,1,4,Attchd,2002.0,2,2,527,3,3,Y,192,39,0,0,0,0,0,nan,nan,0,9,2007,WD,Normal,2918,5,5,2.0,39,1,1,1,0,6.0,192000
20,RL,80.0,8800,Pave,nan,4,Lvl,AllPub,Inside,3,NAmes,Norm,Norm,1Fam,1Story,6,6,1964,1964,Hip,CompShg,HdBoard,HdBoard,BrkFace,425.0,3,3,CBlock,3,3,1,4,553,1,0,698,1251,GasA,3,1,SBrkr,1251,0,0,1251,1,0,1,0,3,1,3,6,Typ,2,4,Attchd,1964.0,2,1,461,3,3,Y,0,116,0,0,0,0,0,MnPrv,Shed,700,3,2006,WD,Normal,2502,42,42,2.0,116,1,1,1,0,6.0,160000
60,RL,69.0,13031,Pave,nan,2,Lvl,AllPub,Corner,3,Gilbert,Norm,Norm,1Fam,2Story,6,5,1995,1996,Gable,CompShg,HdBoard,HdBoard,BrkFace,0.0,3,3,PConc,4,3,1,5,592,1,0,99,691,GasA,4,1,SBrkr,691,807,0,1498,0,0,2,1,3,1,3,6,Typ,1,3,Attchd,1995.0,3,2,409,3,3,Y,315,44,0,0,0,0,0,nan,nan,0,7,2006,WD,Normal,2189,11,10,2.5,44,1,1,1,0,5.5,187500
85,RL,73.0,9069,Pave,nan,4,Lvl,AllPub,Inside,3,SawyerW,Norm,Norm,1Fam,SFoyer,6,6,1992,1992,Gable,CompShg,HdBoard,HdBoard,BrkFace,0.0,3,3,PConc,4,3,3,6,747,1,0,189,936,GasA,5,1,SBrkr,996,0,0,996,1,0,1,0,2,1,4,5,Typ,0,0,Attchd,1992.0,1,2,564,3,3,Y,120,0,0,0,0,0,0,nan,nan,0,4,2010,WD,Normal,1932,18,18,2.0,0,1,1,0,0,6.0,147000
160,RM,69.0,1974,Pave,nan,4,Lvl,AllPub,Inside,3,MeadowV,Norm,Norm,TwnhsE,2Story,4,5,1973,1973,Gable,CompShg,CemntBd,CmentBd,BrkFace,0.0,3,3,CBlock,3,3,1,4,334,1,0,212,546,GasA,3,1,SBrkr,546,546,0,1092,0,0,1,1,3,1,3,6,Typ,0,0,Attchd,1973.0,2,1,286,3,3,Y,120,96,0,0,0,0,0,nan,nan,0,5,2010,WD,Normal,1638,37,37,1.5,96,1,1,0,0,4.5,83500
60,FV,85.0,10574,Pave,nan,4,Lvl,AllPub,Inside,3,Somerst,Norm,Norm,1Fam,2Story,8,5,2005,2006,Gable,CompShg,VinylSd,VinylSd,BrkFace,0.0,4,3,PConc,4,3,2,1,0,1,0,1082,1082,GasA,5,1,SBrkr,1082,871,0,1953,0,0,2,1,3,1,4,9,Typ,1,4,Attchd,2005.0,2,3,1043,3,3,Y,160,50,0,0,0,0,0,nan,nan,0,5,2009,WD,Normal,3035,4,3,2.5,50,1,1,1,0,6.5,252000
160,RM,24.0,2522,Pave,nan,4,Lvl,AllPub,Inside,3,Edwards,Norm,Norm,Twnhs,2Story,7,5,2004,2004,Gable,CompShg,VinylSd,VinylSd,Stone,50.0,4,3,PConc,4,3,1,1,0,1,0,970,970,GasA,5,1,SBrkr,970,739,0,1709,0,0,2,0,3,1,4,7,Maj1,0,0,Detchd,2004.0,1,2,380,3,3,Y,0,40,0,0,0,0,0,nan,nan,0,4,2006,WD,Normal,2679,2,2,2.0,40,1,1,0,0,6.0,137500
120,FV,37.0,3316,Pave,Pave,3,Lvl,AllPub,Inside,3,Somerst,Norm,Norm,TwnhsE,1Story,8,5,2005,2005,Gable,CompShg,MetalSd,MetalSd,BrkFace,0.0,4,3,PConc,4,3,1,6,1039,1,0,208,1247,GasA,5,1,SBrkr,1247,0,0,1247,1,0,1,1,1,1,4,4,Typ,1,4,Attchd,2005.0,3,2,550,3,3,Y,0,84,0,0,0,0,0,nan,nan,0,4,2006,WD,Normal,2494,1,1,2.5,84,1,1,1,0,6.5,197000
90,RL,60.0,8544,Pave,nan,4,Lvl,AllPub,Corner,3,NAmes,Norm,Norm,Duplex,1Story,3,4,1950,1950,Gable,CompShg,BrkFace,BrkFace,BrkFace,0.0,3,3,Slab,0,0,0,0,0,0,0,0,0,Wall,2,0,FuseA,1040,0,0,1040,0,0,2,0,2,2,3,6,Typ,0,0,Detchd,1987.0,1,2,400,3,3,Y,0,0,0,0,0,0,0,nan,nan,0,6,2009,WD,Normal,1040,59,59,2.0,0,1,0,0,0,3.5,92900
160,FV,24.0,2160,Pave,Pave,4,Lvl,AllPub,Inside,3,Somerst,Norm,Norm,Twnhs,2Story,7,5,1999,2000,Gable,CompShg,MetalSd,MetalSd,BrkFace,212.0,4,3,PConc,4,3,1,4,510,1,0,90,600,GasA,5,1,SBrkr,624,628,0,1252,1,0,2,1,2,1,4,4,Typ,0,0,Detchd,1999.0,1,2,462,3,3,Y,0,48,0,0,0,0,0,nan,nan,0,3,2008,WD,Normal,1852,9,8,3.5,48,1,1,0,0,6.0,160000
50,RL,60.0,8400,Pave,nan,4,Bnk,AllPub,Inside,3,SWISU,Norm,Norm,1Fam,1.5Fin,6,5,1925,1950,Gable,CompShg,MetalSd,MetalSd,BrkFace,0.0,3,3,PConc,3,3,1,3,423,1,0,758,1181,GasA,2,1,SBrkr,1390,304,0,1694,0,0,2,0,4,1,3,7,Typ,1,4,Detchd,1925.0,1,2,576,3,3,Y,342,0,128,0,0,0,0,nan,nan,0,6,2008,WD,Normal,2875,83,58,2.0,128,1,1,1,0,5.5,136500
20,RL,71.0,9230,Pave,nan,4,Lvl,AllPub,Corner,3,NAmes,Feedr,Norm,1Fam,1Story,5,8,1965,1998,Hip,CompShg,MetalSd,MetalSd,BrkFace,166.0,3,3,CBlock,3,3,2,6,661,1,0,203,864,GasA,4,1,SBrkr,1200,0,0,1200,1,0,1,1,1,1,4,6,Typ,0,0,Detchd,1977.0,1,2,884,3,3,Y,0,64,0,0,0,0,0,MnPrv,nan,0,10,2006,WD,Normal,2064,41,8,2.5,64,1,1,0,0,6.5,146000
20,RL,74.0,5868,Pave,nan,4,Lvl,AllPub,Inside,3,NAmes,Norm,Norm,1Fam,1Story,5,7,1956,2000,Gable,CompShg,MetalSd,MetalSd,BrkFace,0.0,3,3,CBlock,3,3,1,4,248,3,240,448,936,GasA,5,1,SBrkr,936,0,0,936,1,0,1,0,2,1,3,4,Typ,0,0,Attchd,1956.0,3,1,308,3,3,Y,0,0,80,0,160,0,0,nan,nan,0,5,2010,WD,Normal,1872,54,10,2.0,240,1,1,0,0,6.0,129000
20,RL,78.0,9317,Pave,nan,3,Lvl,AllPub,Inside,3,CollgCr,Norm,Norm,1Fam,1Story,6,5,2006,2006,Gable,CompShg,VinylSd,VinylSd,BrkFace,0.0,4,3,PConc,4,3,1,6,24,1,0,1290,1314,GasA,4,1,SBrkr,1314,0,0,1314,0,0,2,0,3,1,4,6,Typ,1,4,Attchd,2006.0,2,2,440,3,3,Y,0,22,0,0,0,0,0,nan,nan,0,3,2007,WD,Normal,2628,1,1,2.0,22,1,1,1,0,5.5,176432
70,RM,60.0,6882,Pave,nan,4,Lvl,AllPub,Inside,3,IDOTRR,Norm,Norm,1Fam,2Story,6,7,1914,2006,Gable,CompShg,Wd Sdng,Wd Sdng,BrkFace,0.0,3,3,PConc,3,3,1,1,0,1,0,684,684,GasA,3,1,SBrkr,773,582,0,1355,0,0,1,1,3,1,4,7,Typ,0,0,nan,1980.0,0,0,0,0,0,Y,136,0,115,0,0,0,0,nan,nan,0,3,2007,WD,Normal,2039,93,1,1.5,115,0,1,0,0,6.5,127000
120,RL,69.0,3696,Pave,nan,4,Lvl,AllPub,Inside,3,StoneBr,Norm,Norm,TwnhsE,1Story,8,5,1986,1986,Gable,CompShg,HdBoard,HdBoard,BrkFace,0.0,4,3,CBlock,4,3,1,1,0,1,0,1074,1074,GasA,5,1,SBrkr,1088,0,0,1088,0,0,1,1,2,1,4,5,Typ,0,0,Attchd,1987.0,2,2,461,3,3,Y,0,74,137,0,0,0,0,nan,nan,0,10,2007,WD,Normal,2162,21,21,1.5,211,1,1,0,0,6.5,170000
50,RM,50.0,6000,Pave,nan,4,Lvl,AllPub,Inside,3,BrkSide,Norm,Norm,1Fam,1.5Fin,4,6,1936,1950,Gable,CompShg,MetalSd,MetalSd,BrkFace,0.0,3,3,BrkTil,3,3,1,4,672,1,0,0,672,GasA,3,1,SBrkr,757,567,0,1324,0,0,1,0,3,1,3,6,Typ,0,0,Detchd,1936.0,1,1,240,3,3,Y,0,0,0,0,0,0,0,nan,nan,0,7,2009,WD,Normal,1996,73,59,1.0,0,1,1,0,0,5.0,128000
20,RL,82.0,11880,Pave,nan,3,Lvl,AllPub,Inside,3,NWAmes,RRAn,Norm,1Fam,1Story,7,5,1978,1978,Gable,CompShg,Plywood,Plywood,BrkFace,206.0,3,3,CBlock,4,3,1,5,704,1,0,567,1271,GasA,3,1,SBrkr,1601,0,0,1601,0,0,2,0,3,1,3,7,Typ,1,3,Attchd,1978.0,2,2,478,3,3,Y,0,0,0,0,0,0,0,nan,nan,0,4,2009,COD,Abnorml,2872,31,31,2.0,0,1,1,1,0,6.0,157000
30,RL,60.0,8400,Pave,nan,4,Bnk,AllPub,Inside,3,SWISU,Norm,Norm,1Fam,1Story,2,5,1920,1950,Gable,CompShg,Wd Sdng,Wd Sdng,BrkFace,0.0,3,3,CBlock,3,2,1,3,290,1,0,0,290,GasA,3,0,FuseF,438,0,0,438,0,0,1,0,1,1,2,3,Typ,0,0,Detchd,1930.0,1,1,246,3,3,N,0,0,0,0,0,0,0,nan,nan,0,1,2009,WD,Normal,728,89,59,1.0,0,1,1,0,0,3.5,60000
20,RL,61.0,9758,Pave,nan,3,Lvl,AllPub,Inside,3,NAmes,Norm,Norm,1Fam,1Story,5,5,1971,1971,Gable,CompShg,HdBoard,MetalSd,BrkFace,0.0,3,3,CBlock,3,3,1,4,412,2,287,251,950,GasA,3,1,SBrkr,950,0,0,950,0,0,1,0,3,1,3,5,Typ,0,0,Detchd,1981.0,1,1,280,3,3,Y,0,0,0,0,0,0,0,nan,nan,0,7,2007,WD,Normal,1900,36,36,1.0,0,1,1,0,0,5.0,119500
20,RL,70.0,7000,Pave,nan,4,Lvl,AllPub,Inside,3,NAmes,Norm,Norm,1Fam,1Story,5,7,1960,2002,Gable,CompShg,Wd Sdng,Wd Sdng,BrkFace,45.0,3,3,CBlock,3,3,1,3,588,1,0,422,1010,GasA,5,1,SBrkr,1134,0,0,1134,0,0,1,0,2,1,3,6,Typ,0,0,Attchd,1960.0,2,1,254,3,3,Y,0,16,0,0,0,0,0,MnWw,nan,0,4,2007,WD,Family,2144,47,5,1.0,16,1,1,0,0,6.0,135000
20,RL,79.0,8910,Pave,nan,4,Lvl,AllPub,Corner,3,NAmes,Norm,Norm,1Fam,1Story,6,6,1959,1959,Hip,CompShg,BrkFace,BrkFace,BrkFace,0.0,3,3,CBlock,3,3,2,5,655,1,0,0,655,GasA,5,1,SBrkr,1194,0,0,1194,0,1,1,0,3,1,3,6,Typ,1,2,BuiltIn,1954.0,3,2,539,3,3,Y,0,0,192,0,0,0,0,nan,nan,0,7,2006,WD,Normal,1849,47,47,1.5,192,1,1,1,0,6.0,159500
160,RM,24.0,2016,Pave,nan,4,Lvl,AllPub,Inside,3,BrDale,Norm,Norm,TwnhsE,2Story,5,5,1970,1970,Gable,CompShg,HdBoard,HdBoard,BrkFace,304.0,3,3,CBlock,3,3,1,1,0,1,0,630,630,GasA,3,1,SBrkr,630,672,0,1302,0,0,2,1,3,1,3,6,Typ,0,0,Detchd,1970.0,1,2,440,3,3,Y,0,0,0,0,0,0,0,nan,nan,0,4,2007,WD,Normal,1932,37,37,2.5,0,1,1,0,0,5.0,106000
60,RL,98.0,12256,Pave,nan,3,Lvl,AllPub,Corner,3,NoRidge,Norm,Norm,1Fam,2Story,8,5,1994,1995,Gable,CompShg,HdBoard,HdBoard,BrkFace,362.0,4,3,PConc,5,3,3,6,1032,1,0,431,1463,GasA,5,1,SBrkr,1500,1122,0,2622,1,0,2,1,3,1,4,9,Typ,2,3,Attchd,1994.0,2,2,712,3,3,Y,186,32,0,0,0,0,0,nan,nan,0,4,2010,WD,Normal,4085,16,15,3.5,32,1,1,1,0,6.5,325000
20,RL,114.0,10357,Pave,nan,3,Lvl,AllPub,Corner,3,SawyerW,Feedr,Norm,1Fam,1Story,7,5,1990,1991,Hip,CompShg,HdBoard,HdBoard,BrkFace,0.0,4,3,PConc,4,3,2,6,738,1,0,172,910,GasA,4,1,SBrkr,1442,0,0,1442,1,0,2,0,3,1,4,6,Typ,1,3,Attchd,1990.0,3,2,719,3,3,Y,0,244,0,0,0,0,0,nan,nan,0,5,2007,WD,Normal,2352,17,16,3.0,244,1,1,1,0,6.0,179900
60,RL,168.0,23257,Pave,nan,1,HLS,AllPub,CulDSac,3,Gilbert,Norm,Norm,1Fam,2Story,7,5,2006,2006,Gable,CompShg,VinylSd,VinylSd,BrkFace,0.0,4,3,PConc,5,4,1,1,0,1,0,868,868,GasA,5,1,SBrkr,887,1134,0,2021,0,0,2,1,3,1,4,9,Typ,1,4,BuiltIn,2006.0,2,2,422,3,3,Y,0,100,0,0,0,0,0,nan,nan,0,9,2006,New,Partial,2889,0,0,2.5,100,1,1,1,0,6.0,274725
60,RL,69.0,8063,Pave,nan,4,Lvl,AllPub,Inside,3,Gilbert,Norm,Norm,1Fam,2Story,6,5,2000,2000,Gable,CompShg,VinylSd,VinylSd,BrkFace,0.0,3,3,PConc,4,3,1,1,0,1,0,924,924,GasA,5,1,SBrkr,948,742,0,1690,0,0,2,1,3,1,3,7,Typ,1,3,Attchd,2000.0,2,2,463,3,3,Y,100,48,0,0,0,0,0,nan,nan,0,11,2007,WD,Abnorml,2614,7,7,2.5,48,1,1,1,0,5.5,181000
20,RL,107.0,11362,Pave,nan,3,Lvl,AllPub,Inside,3,NridgHt,Norm,Norm,1Fam,1Story,8,5,2004,2005,Gable,CompShg,MetalSd,MetalSd,Stone,42.0,4,3,PConc,5,3,2,6,1039,1,0,797,1836,GasA,5,1,SBrkr,1836,0,0,1836,1,0,2,0,3,1,4,7,Typ,1,4,Attchd,2004.0,3,3,862,3,3,Y,125,185,0,0,0,0,0,nan,nan,0,3,2009,WD,Normal,3672,5,4,3.0,185,1,1,1,0,6.5,280000
60,RL,69.0,8000,Pave,nan,4,Lvl,AllPub,Inside,3,Gilbert,Norm,Norm,1Fam,2Story,6,5,1995,1996,Gable,CompShg,HdBoard,HdBoard,BrkFace,0.0,3,3,PConc,4,3,1,6,219,1,0,554,773,GasA,4,1,SBrkr,773,885,0,1658,1,0,2,1,3,1,3,8,Typ,1,3,Attchd,1995.0,3,2,431,3,3,Y,224,84,0,0,0,0,0,nan,nan,0,6,2008,WD,Normal,2431,13,12,3.5,84,1,1,1,0,5.5,188000
60,RL,80.0,10480,Pave,nan,4,Lvl,AllPub,Inside,3,NWAmes,Norm,Norm,1Fam,2Story,7,6,1976,1976,Hip,CompShg,Plywood,Plywood,BrkFace,660.0,3,3,CBlock,3,3,1,5,403,1,0,400,803,GasA,3,1,SBrkr,1098,866,0,1964,0,0,2,1,4,1,3,8,Typ,1,4,Attchd,1976.0,2,2,483,3,3,Y,0,69,0,0,0,0,0,nan,nan,0,9,2008,WD,Normal,2767,32,32,2.5,69,1,1,1,0,6.5,205000
20,RL,73.0,7100,Pave,nan,3,Lvl,AllPub,Corner,3,NAmes,Norm,Norm,1Fam,1Story,5,7,1957,1957,Gable,CompShg,WdShing,Wd Shng,BrkFace,0.0,3,3,CBlock,3,3,1,6,708,1,0,108,816,GasA,3,1,FuseA,816,0,0,816,1,0,1,0,2,1,3,5,Typ,0,0,Detchd,1957.0,1,1,308,3,3,Y,0,0,0,0,0,0,0,nan,nan,0,7,2006,WD,Normal,1632,49,49,2.0,0,1,1,0,0,6.0,129900
20,RL,66.0,8923,Pave,nan,4,Lvl,AllPub,Inside,3,NAmes,Norm,Norm,1Fam,1Story,5,7,1953,2006,Gable,CompShg,Wd Sdng,Wd Sdng,BrkFace,0.0,3,3,CBlock,3,3,1,4,643,1,0,365,1008,GasA,4,1,SBrkr,1008,0,0,1008,1,0,1,0,2,1,4,6,Typ,0,0,Attchd,1953.0,1,1,240,3,3,Y,0,18,0,0,0,0,0,nan,nan,0,5,2007,WD,Normal,2016,54,1,2.0,18,1,1,0,0,6.0,134500
20,RL,90.0,5400,Pave,nan,4,Lvl,AllPub,Inside,3,OldTown,Norm,Norm,1Fam,1Story,5,7,1954,2000,Gable,CompShg,MetalSd,MetalSd,BrkFace,0.0,3,4,CBlock,3,3,1,3,415,1,0,418,833,GasA,5,1,SBrkr,833,0,0,833,0,0,1,0,2,1,4,4,Typ,0,0,Detchd,1955.0,1,1,326,3,3,Y,0,0,0,0,0,0,0,MnPrv,nan,0,8,2006,WD,Normal,1666,52,6,1.0,0,1,1,0,0,6.0,117000
20,RL,93.0,12085,Pave,nan,4,Lvl,AllPub,Inside,3,NridgHt,Norm,Norm,1Fam,1Story,8,5,2007,2007,Hip,CompShg,VinylSd,VinylSd,Stone,328.0,4,3,PConc,5,3,1,6,1004,1,0,730,1734,GasA,5,1,SBrkr,1734,0,0,1734,1,0,2,0,3,1,5,7,Typ,1,4,Attchd,2007.0,2,3,928,3,3,Y,0,0,0,0,0,0,0,nan,nan,0,11,2007,New,Partial,3468,0,0,3.0,0,1,1,1,0,6.5,318000
80,RL,69.0,7750,Pave,nan,4,Lvl,AllPub,Inside,3,Gilbert,Norm,Norm,1Fam,SLvl,8,5,2002,2002,Hip,CompShg,VinylSd,VinylSd,BrkFace,0.0,4,3,PConc,4,3,1,6,353,1,0,55,408,GasA,5,1,SBrkr,779,640,0,1419,1,0,2,1,3,1,4,7,Typ,1,3,BuiltIn,2002.0,3,2,527,3,3,Y,120,0,0,0,0,0,0,nan,nan,0,3,2009,WD,Normal,1827,7,7,3.5,0,1,1,1,0,6.5,184100
20,RL,57.0,9764,Pave,nan,3,Lvl,AllPub,FR2,3,Sawyer,Feedr,Norm,1Fam,1Story,5,7,1967,2003,Gable,CompShg,VinylSd,VinylSd,BrkFace,0.0,3,3,CBlock,3,3,1,4,702,1,0,192,894,GasA,5,1,SBrkr,894,0,0,894,1,0,1,0,3,1,4,5,Typ,0,0,Attchd,1967.0,2,2,450,3,3,Y,0,0,0,0,0,0,0,nan,nan,0,5,2008,WD,Normal,1788,41,5,2.0,0,1,1,0,0,6.0,130000
80,RL,85.0,13825,Pave,nan,4,Lvl,AllPub,Inside,3,Sawyer,Norm,Norm,1Fam,SLvl,5,6,1958,1987,Gable,CompShg,MetalSd,MetalSd,BrkFace,0.0,3,4,CBlock,3,3,1,1,0,1,0,533,533,GasA,3,1,SBrkr,1021,580,0,1601,0,1,1,0,3,1,3,6,Min2,0,0,BuiltIn,1958.0,2,1,300,3,3,Y,280,34,0,0,0,0,0,nan,nan,0,12,2008,WD,Normal,2134,50,21,1.5,34,1,1,0,0,5.5,140000
20,RL,70.0,7560,Pave,nan,4,Lvl,AllPub,Inside,3,NAmes,Norm,Norm,1Fam,1Story,5,5,1959,1959,Gable,CompShg,BrkFace,Wd Sdng,BrkFace,0.0,3,3,CBlock,3,3,1,2,369,1,0,671,1040,GasA,3,1,FuseA,1040,0,0,1040,0,0,1,0,3,1,3,6,Typ,0,0,Attchd,1959.0,2,1,286,3,3,Y,140,0,252,0,0,0,0,GdWo,nan,0,7,2006,WD,Normal,2080,47,47,1.0,252,1,1,0,0,5.0,133700
30,RM,59.0,8263,Pave,nan,4,Bnk,AllPub,Inside,2,IDOTRR,Norm,Norm,1Fam,1Story,6,5,1920,1950,Gable,CompShg,BrkFace,BrkFace,BrkFace,0.0,3,3,BrkTil,3,3,1,1,0,1,0,1012,1012,GasA,3,1,FuseA,1012,0,0,1012,0,0,1,0,2,1,3,6,Typ,1,4,Detchd,1920.0,1,1,308,3,3,Y,0,22,112,0,0,0,0,MnPrv,nan,0,5,2007,WD,Normal,2024,87,57,1.0,134,1,1,1,0,5.5,118400
20,RL,84.0,10084,Pave,nan,4,Lvl,AllPub,Inside,3,CollgCr,Norm,Norm,1Fam,1Story,7,5,2005,2006,Gable,CompShg,VinylSd,VinylSd,BrkFace,196.0,4,3,PConc,4,3,3,6,24,1,0,1528,1552,GasA,5,1,SBrkr,1552,0,0,1552,0,0,2,0,3,1,4,7,Typ,0,0,Attchd,2005.0,2,3,782,3,3,Y,144,20,0,0,0,0,0,nan,nan,0,7,2006,New,Partial,3104,1,0,2.0,20,1,1,0,0,6.0,212900
20,RL,69.0,8926,Pave,nan,3,Lvl,AllPub,Corner,3,Edwards,Norm,Norm,1Fam,1Story,4,3,1956,1956,Gable,CompShg,AsbShng,AsbShng,BrkFace,0.0,3,3,CBlock,3,3,1,1,0,1,0,672,672,GasA,5,1,FuseA,960,0,0,960,0,0,1,0,3,1,3,5,Typ,0,0,Basment,1956.0,1,1,288,3,3,Y,64,0,0,0,160,0,0,MnPrv,nan,0,10,2009,COD,Abnorml,1632,53,53,1.0,160,1,1,0,0,3.5,112000
20,RL,50.0,9405,Pave,nan,4,Lvl,AllPub,Inside,3,Edwards,Norm,Norm,1Fam,1Story,5,9,1947,2008,Hip,CompShg,VinylSd,VinylSd,BrkFace,0.0,3,5,CBlock,3,3,1,1,0,1,0,698,698,GasA,5,1,SBrkr,698,0,0,698,0,1,1,0,2,1,3,4,Typ,0,0,nan,1980.0,0,0,0,0,0,Y,0,200,0,0,0,0,0,nan,nan,0,6,2009,WD,Normal,1396,62,1,1.5,200,0,1,0,0,7.0,118000
80,RL,69.0,9125,Pave,nan,3,Lvl,AllPub,Inside,3,Gilbert,Norm,Norm,1Fam,SLvl,7,5,1992,1992,Gable,CompShg,HdBoard,HdBoard,BrkFace,170.0,3,3,PConc,4,3,1,1,0,1,0,384,384,GasA,4,1,SBrkr,812,670,0,1482,0,0,2,1,3,1,4,7,Typ,1,3,Attchd,1992.0,3,2,392,3,3,Y,100,25,0,0,0,0,0,nan,nan,0,7,2007,WD,Normal,1866,15,15,2.5,25,1,1,1,0,6.0,163900
20,RL,60.0,10434,Pave,nan,4,Lvl,AllPub,Inside,3,NAmes,Norm,Norm,1Fam,1Story,4,5,1955,1955,Gable,CompShg,Plywood,Plywood,BrkFace,0.0,3,3,CBlock,3,3,1,1,0,1,0,1005,1005,GasA,3,1,SBrkr,1005,0,0,1005,0,0,1,0,2,1,2,5,Typ,1,3,Detchd,1977.0,1,2,672,2,2,Y,0,0,0,0,0,0,0,nan,nan,0,11,2009,WD,Normal,2010,54,54,1.0,0,1,1,1,0,4.5,115000
120,RL,53.0,3684,Pave,nan,4,Lvl,AllPub,Inside,3,Blmngtn,Norm,Norm,TwnhsE,1Story,7,5,2007,2007,Hip,CompShg,VinylSd,VinylSd,BrkFace,130.0,4,3,PConc,4,3,1,1,0,1,0,1373,1373,GasA,5,1,SBrkr,1555,0,0,1555,0,0,2,0,2,1,4,7,Typ,1,3,Attchd,2007.0,3,3,660,3,3,Y,143,20,0,0,0,0,0,nan,nan,0,6,2009,WD,Normal,2928,2,2,2.0,20,1,1,1,0,6.0,174000
20,RL,182.0,14572,Pave,nan,1,Lvl,AllPub,Corner,3,Gilbert,Norm,Norm,1Fam,1Story,7,5,2004,2004,Hip,CompShg,VinylSd,VinylSd,BrkFace,0.0,4,3,PConc,4,3,3,6,1300,1,0,230,1530,GasA,5,1,SBrkr,1530,0,0,1530,1,0,2,0,3,1,4,7,Typ,1,4,Attchd,2004.0,3,3,630,3,3,Y,144,36,0,0,0,0,0,nan,nan,0,11,2007,WD,Family,3060,3,3,3.0,36,1,1,1,0,6.0,259000
60,RL,59.0,11796,Pave,nan,3,Lvl,AllPub,Inside,3,Gilbert,Norm,Norm,1Fam,2Story,7,5,2004,2005,Gable,CompShg,VinylSd,VinylSd,BrkFace,0.0,4,3,PConc,4,3,3,1,0,1,0,847,847,GasA,5,1,SBrkr,847,1112,0,1959,0,0,2,1,4,1,4,8,Typ,1,4,BuiltIn,2004.0,3,2,434,3,3,Y,100,48,0,0,0,0,0,nan,nan,0,7,2007,WD,Normal,2806,3,2,2.5,48,1,1,1,0,6.0,215000
90,RM,60.0,7200,Pave,Grvl,4,Lvl,AllPub,Inside,3,OldTown,Norm,Norm,Duplex,SFoyer,5,5,1980,1980,Gable,CompShg,MetalSd,MetalSd,BrkFace,180.0,3,3,CBlock,4,3,4,6,936,1,0,0,936,GasA,3,1,SBrkr,936,0,0,936,1,0,1,0,2,1,3,4,Typ,0,0,Detchd,1980.0,1,2,672,3,3,Y,49,0,0,0,0,0,0,nan,nan,0,8,2007,WD,Normal,1872,27,27,2.0,0,1,1,0,0,5.0,140000
50,RL,65.0,7804,Pave,nan,4,Lvl,AllPub,Inside,3,SWISU,Norm,Norm,1Fam,1.5Fin,4,3,1928,1950,Gable,CompShg,WdShing,Plywood,BrkFace,0.0,3,3,BrkTil,3,3,1,4,622,1,0,500,1122,GasA,3,1,SBrkr,1328,653,0,1981,1,0,2,0,4,1,4,7,Min2,2,3,Detchd,1981.0,1,2,576,3,3,Y,431,44,0,0,0,0,0,MnPrv,nan,0,12,2009,WD,Normal,3103,81,59,3.0,44,1,1,1,0,3.5,135000
20,RL,63.0,10712,Pave,nan,4,Lvl,AllPub,Inside,3,Mitchel,Norm,Norm,1Fam,1Story,5,5,1991,1992,Gable,CompShg,HdBoard,HdBoard,BrkFace,0.0,3,3,PConc,4,3,2,4,212,1,0,762,974,GasA,3,1,SBrkr,974,0,0,974,0,0,1,0,3,1,3,5,Typ,0,0,nan,1980.0,0,0,0,0,0,Y,0,28,0,0,0,0,0,MnPrv,nan,0,9,2007,Oth,Abnorml,1948,16,15,1.0,28,0,1,0,0,5.0,93500
70,RM,90.0,9900,Pave,nan,4,Lvl,AllPub,Inside,3,OldTown,Norm,Norm,1Fam,2Story,6,4,1880,1950,Gable,CompShg,Wd Sdng,Wd Sdng,BrkFace,0.0,3,3,BrkTil,3,3,2,1,0,1,0,1008,1008,GasW,3,1,SBrkr,1178,1032,0,2210,0,0,2,0,5,1,2,8,Typ,0,0,Detchd,1930.0,1,1,205,2,3,N,0,48,0,0,0,0,0,nan,nan,0,5,2007,WD,Normal,3218,127,57,2.0,48,1,1,0,0,5.0,117500
60,RL,80.0,9828,Pave,nan,3,Lvl,AllPub,Inside,3,SawyerW,Norm,Norm,1Fam,2Story,8,5,1995,1995,Gable,CompShg,VinylSd,VinylSd,BrkFace,0.0,4,3,PConc,4,3,1,6,584,1,0,544,1128,GasA,5,1,SBrkr,1142,878,0,2020,0,0,2,1,3,1,4,8,Typ,1,3,Attchd,1995.0,2,2,466,3,3,Y,0,155,0,0,0,0,0,nan,nan,0,6,2009,WD,Normal,3148,14,14,2.5,155,1,1,1,0,6.5,239500
60,RL,57.0,8773,Pave,nan,3,HLS,AllPub,Inside,3,Gilbert,Norm,Norm,1Fam,2Story,6,5,1997,1997,Gable,CompShg,VinylSd,VinylSd,BrkFace,0.0,3,3,PConc,4,3,3,1,0,1,0,916,916,GasA,4,1,SBrkr,916,684,0,1600,0,0,2,1,3,1,3,7,Typ,1,3,Attchd,1997.0,3,2,460,3,3,Y,100,38,0,0,0,0,0,nan,nan,0,8,2007,WD,Normal,2516,10,10,2.5,38,1,1,1,0,5.5,169000
30,RM,60.0,6180,Pave,nan,4,Lvl,AllPub,Corner,3,BrkSide,Norm,Norm,1Fam,1Story,6,5,1926,1950,Gable,CompShg,Wd Sdng,Wd Sdng,BrkFace,0.0,3,3,BrkTil,3,3,1,1,0,1,0,960,960,GasA,3,0,SBrkr,986,0,0,986,0,0,1,0,2,1,3,5,Typ,1,4,Detchd,1926.0,1,1,180,3,3,Y,0,128,0,0,0,0,0,nan,nan,0,5,2007,WD,Normal,1946,81,57,1.0,128,1,1,1,0,5.5,102000
50,RL,80.0,9600,Pave,nan,4,Lvl,AllPub,Inside,3,NAmes,Norm,Norm,1Fam,1.5Fin,6,5,1950,1950,Gable,CompShg,VinylSd,VinylSd,BrkFace,0.0,3,3,CBlock,3,3,1,4,280,1,0,752,1032,GasA,3,1,FuseA,1032,220,0,1252,0,0,1,0,3,1,3,6,Typ,0,0,Attchd,1950.0,1,1,288,3,3,Y,0,0,96,0,0,0,0,nan,nan,0,4,2008,WD,Abnorml,2284,58,58,1.0,96,1,1,0,0,5.5,119000
50,RL,54.0,6342,Pave,nan,4,Lvl,AllPub,Inside,3,Sawyer,Feedr,Norm,1Fam,1.5Fin,5,8,1875,1996,Gable,CompShg,VinylSd,VinylSd,BrkFace,0.0,3,4,CBlock,3,3,1,1,0,1,0,780,780,GasA,4,0,SBrkr,780,240,0,1020,0,0,1,0,2,1,3,6,Typ,0,0,nan,1980.0,0,0,0,0,0,N,0,0,176,0,0,0,0,nan,nan,0,5,2010,WD,Normal,1800,135,14,1.0,176,0,1,0,0,6.5,94000
20,RL,69.0,9819,Pave,nan,3,Lvl,AllPub,Inside,2,Mitchel,Norm,Norm,1Fam,1Story,6,5,1977,1977,Gable,CompShg,Plywood,ImStucc,BrkFace,0.0,3,3,PConc,3,3,4,5,1567,1,0,0,1567,GasA,3,1,SBrkr,1567,0,0,1567,1,0,2,0,2,1,4,5,Typ,2,3,Attchd,1977.0,2,2,714,3,3,Y,264,32,0,0,0,0,0,nan,nan,0,5,2009,WD,Normal,3134,32,32,3.0,32,1,1,1,0,5.5,196000
30,RL,98.0,8731,Pave,nan,3,Lvl,AllPub,Inside,3,BrkSide,Norm,Norm,1Fam,1Story,5,5,1920,1950,Gable,CompShg,Stucco,Stucco,BrkFace,0.0,3,2,BrkTil,3,3,1,4,645,1,0,270,915,GasA,3,1,SBrkr,1167,0,0,1167,0,0,1,0,3,1,3,6,Maj1,1,4,Detchd,1972.0,1,2,495,3,3,Y,0,0,216,0,126,0,0,nan,nan,0,5,2007,WD,Normal,2082,87,57,1.0,342,1,1,1,0,5.0,144000
20,RL,60.0,7350,Pave,nan,4,Lvl,AllPub,Corner,3,NAmes,Norm,Norm,1Fam,1Story,5,7,1951,1951,Gable,CompShg,HdBoard,HdBoard,BrkFace,0.0,3,3,CBlock,3,3,2,5,852,1,0,100,952,GasA,3,1,SBrkr,952,0,0,952,1,0,1,0,2,1,3,4,Typ,0,0,Detchd,1988.0,1,2,840,3,3,Y,0,0,0,0,0,0,0,nan,nan,0,6,2008,COD,Abnorml,1904,57,57,2.0,0,1,1,0,0,6.0,139000
60,RL,69.0,10304,Pave,nan,3,Lvl,AllPub,CulDSac,3,NWAmes,PosN,Norm,1Fam,2Story,5,7,1976,1976,Gable,CompShg,Plywood,Plywood,BrkFace,44.0,3,4,CBlock,3,3,1,5,381,1,0,399,780,GasA,5,1,SBrkr,1088,780,0,1868,1,0,2,1,4,1,4,9,Typ,1,3,Attchd,1976.0,1,2,484,3,3,Y,448,96,0,0,0,0,0,nan,nan,0,10,2009,WD,Normal,2648,33,33,3.5,96,1,1,1,0,6.0,197500
60,RL,77.0,9965,Pave,nan,4,Lvl,AllPub,Inside,3,CollgCr,Norm,Norm,1Fam,2Story,8,5,2006,2007,Hip,CompShg,VinylSd,VinylSd,Stone,340.0,4,3,PConc,5,3,4,6,1150,1,0,316,1466,GasA,5,1,SBrkr,1466,1362,0,2828,1,0,3,0,4,1,4,11,Typ,1,3,BuiltIn,2006.0,2,3,1052,3,3,Y,125,144,0,0,0,0,0,nan,nan,0,4,2007,New,Partial,4294,1,0,4.0,144,1,1,1,0,6.5,424870
20,RL,69.0,9000,Pave,nan,4,Lvl,AllPub,Inside,3,Sawyer,Norm,Norm,1Fam,1Story,5,3,1959,1959,Gable,CompShg,Wd Sdng,Plywood,BrkFace,0.0,3,3,CBlock,3,3,1,6,288,1,0,718,1006,GasA,3,1,SBrkr,1006,0,0,1006,0,0,1,0,3,1,3,5,Typ,0,0,nan,1980.0,0,0,0,0,0,Y,0,24,0,0,0,0,0,nan,nan,0,7,2008,WD,Normal,2012,49,49,1.0,24,0,1,0,0,4.0,80000
190,RL,60.0,12180,Pave,nan,4,Lvl,AllPub,Inside,3,Edwards,Norm,Norm,2fmCon,1.5Fin,4,4,1941,1950,Gable,CompShg,MetalSd,MetalSd,BrkFace,0.0,3,2,BrkTil,4,3,1,4,348,1,0,324,672,Grav,2,0,FuseA,672,252,0,924,1,0,1,0,2,1,2,5,Typ,0,0,Detchd,1941.0,1,1,280,3,3,Y,0,0,0,0,0,0,0,MnPrv,nan,0,7,2010,WD,Normal,1596,69,60,2.0,0,1,1,0,0,4.0,80000
50,RM,52.0,6240,Pave,nan,4,Lvl,AllPub,Inside,3,BrkSide,Norm,Norm,1Fam,1.5Fin,5,6,1928,1950,Gable,CompShg,MetalSd,MetalSd,BrkFace,0.0,3,3,BrkTil,3,3,1,1,0,1,0,1042,1042,GasA,5,1,SBrkr,1042,534,0,1576,0,0,1,0,3,1,3,8,Typ,1,4,Detchd,1928.0,1,1,225,3,3,Y,0,0,0,0,0,0,0,nan,nan,0,8,2006,WD,Family,2618,78,56,1.0,0,1,1,1,0,5.5,149000
20,RL,69.0,11200,Pave,nan,4,Lvl,AllPub,Inside,3,SawyerW,Norm,Norm,1Fam,1Story,6,5,1985,1985,Gable,CompShg,Wd Sdng,Wd Shng,BrkFace,85.0,4,3,CBlock,4,3,1,6,1258,1,0,40,1298,GasA,3,1,SBrkr,1298,0,0,1298,1,0,2,0,3,1,4,5,Typ,1,3,Attchd,1985.0,1,2,403,3,3,Y,165,26,0,0,0,0,0,nan,nan,0,5,2006,WD,Normal,2596,21,21,3.0,26,1,1,1,0,5.5,180000
70,RL,75.0,12000,Pave,nan,4,Bnk,AllPub,Inside,3,Crawfor,Norm,Norm,1Fam,2Story,7,7,1941,1950,Gable,CompShg,MetalSd,MetalSd,BrkFace,0.0,3,3,CBlock,3,3,1,3,275,1,0,429,704,GasA,5,1,SBrkr,860,704,0,1564,0,0,1,1,3,1,2,7,Typ,1,4,Attchd,1941.0,1,1,234,3,3,Y,0,0,0,0,0,0,0,nan,nan,0,7,2009,WD,Normal,2268,68,59,1.5,0,1,1,1,0,7.0,174500
50,RM,69.0,5700,Pave,nan,4,Lvl,AllPub,Inside,3,OldTown,Norm,Norm,1Fam,1.5Fin,7,7,1926,1950,Gable,CompShg,Wd Sdng,Wd Sdng,BrkFace,0.0,3,3,PConc,3,3,1,1,0,1,0,572,572,GasA,3,1,SBrkr,572,539,0,1111,0,0,1,0,2,1,3,5,Typ,1,4,Detchd,1982.0,1,1,288,3,3,Y,0,0,176,0,0,0,0,nan,nan,0,8,2008,WD,Normal,1683,82,58,1.0,176,1,1,1,0,7.0,116900
70,RM,50.0,9000,Pave,nan,4,Lvl,AllPub,Inside,3,OldTown,Artery,Norm,1Fam,2Story,7,9,1920,1988,Hip,CompShg,VinylSd,VinylSd,BrkFace,0.0,3,4,PConc,3,3,1,5,624,1,0,26,650,GasA,5,1,SBrkr,832,650,0,1482,0,1,1,0,3,1,3,7,Typ,0,0,Detchd,1930.0,1,2,324,3,3,Y,0,0,0,0,0,0,0,nan,nan,0,7,2009,WD,Normal,2132,89,21,1.5,0,1,1,0,0,8.0,143000
20,RL,57.0,8280,Pave,nan,3,Lvl,AllPub,Inside,3,NAmes,Norm,Norm,1Fam,1Story,6,5,1950,1950,Gable,CompShg,BrkFace,BrkFace,BrkFace,0.0,3,3,CBlock,3,3,1,1,0,1,0,932,932,GasA,5,1,FuseA,932,0,0,932,0,0,1,0,2,1,4,4,Typ,1,4,Attchd,1950.0,1,1,306,3,3,Y,0,0,214,0,0,0,0,GdPrv,nan,0,11,2007,WD,Normal,1864,57,57,1.0,214,1,1,1,0,5.5,124000
20,RL,134.0,17755,Pave,nan,4,Lvl,AllPub,Inside,3,Edwards,Norm,Norm,1Fam,1Story,5,4,1959,1959,Gable,CompShg,HdBoard,Plywood,BrkFace,132.0,3,3,CBlock,3,3,1,4,176,1,0,1290,1466,GasA,3,1,SBrkr,1466,0,0,1466,0,0,1,1,3,1,2,6,Typ,2,4,Attchd,1959.0,3,2,528,3,3,Y,0,140,0,0,100,0,0,nan,nan,0,11,2006,WD,Normal,2932,47,47,1.5,240,1,1,1,0,4.5,149900
20,RL,90.0,14115,Pave,nan,3,Lvl,AllPub,Inside,3,Crawfor,Norm,Norm,1Fam,1Story,6,7,1956,2004,Gable,CompShg,Stone,Stone,BrkFace,0.0,3,3,PConc,3,3,1,5,296,6,547,230,1073,GasA,5,1,SBrkr,1811,0,0,1811,0,0,1,0,2,1,5,6,Typ,1,4,Attchd,1956.0,3,2,470,3,3,Y,0,0,280,0,0,0,0,nan,nan,0,7,2006,WD,Abnorml,2884,50,2,1.0,280,1,1,1,0,6.5,230000
30,RM,69.0,5890,Pave,nan,4,Lvl,AllPub,Corner,3,IDOTRR,Norm,Norm,1Fam,1Story,6,8,1930,2007,Gable,CompShg,Wd Sdng,Wd Sdng,BrkFace,0.0,4,4,BrkTil,3,3,3,5,538,1,0,278,816,GasA,5,1,SBrkr,816,0,0,816,0,0,1,0,2,1,3,5,Typ,0,0,Detchd,2002.0,1,1,432,3,3,Y,0,0,96,0,0,0,0,nan,nan,0,6,2008,WD,Normal,1632,78,1,1.0,96,1,1,0,0,7.0,120500
60,RL,69.0,13700,Pave,nan,3,Lvl,AllPub,Inside,3,NAmes,Norm,Norm,1Fam,2Story,7,6,1965,1988,Gable,CompShg,VinylSd,VinylSd,Stone,288.0,3,3,CBlock,3,3,4,5,454,1,0,410,864,GasA,3,1,SBrkr,902,918,0,1820,0,0,1,2,4,1,4,8,Typ,2,4,Attchd,1965.0,1,2,492,3,3,Y,60,84,0,0,273,0,0,GdPrv,nan,0,5,2008,WD,Normal,2684,43,20,2.0,357,1,1,1,0,6.5,201800
20,RL,90.0,10768,Pave,nan,3,Lvl,AllPub,Corner,3,Veenker,Norm,Norm,1Fam,1Story,5,8,1976,2004,Gable,CompShg,Plywood,Plywood,BrkFace,0.0,4,4,CBlock,4,3,4,5,1157,1,0,280,1437,GasA,3,1,SBrkr,1437,0,0,1437,1,0,2,0,3,1,4,6,Typ,1,2,Attchd,1976.0,2,2,528,3,3,Y,0,21,0,0,180,0,0,nan,nan,0,7,2007,WD,Normal,2874,31,3,3.0,201,1,1,1,0,6.5,218000
80,RL,85.0,9350,Pave,nan,4,Lvl,AllPub,Inside,3,NAmes,Norm,Norm,1Fam,SLvl,5,8,1965,1999,Gable,CompShg,BrkFace,BrkFace,BrkFace,0.0,3,4,PConc,3,3,4,5,633,1,0,586,1219,GasA,4,1,SBrkr,1265,0,0,1265,0,1,2,0,3,1,4,6,Typ,1,4,Attchd,1965.0,2,2,502,3,3,Y,0,92,0,96,0,0,0,MnPrv,nan,0,10,2008,WD,Normal,2484,43,9,2.5,188,1,1,1,0,6.5,179900
120,RL,34.0,5001,Pave,nan,3,Lvl,AllPub,Inside,3,NridgHt,Norm,Norm,Twnhs,1Story,7,5,2007,2008,Gable,CompShg,VinylSd,VinylSd,Stone,166.0,4,3,PConc,4,3,1,6,904,1,0,410,1314,GasA,5,1,SBrkr,1314,0,0,1314,1,0,2,0,2,1,4,6,Typ,1,4,Attchd,2008.0,2,2,626,3,3,Y,172,62,0,0,0,0,0,nan,nan,0,7,2009,WD,Normal,2628,2,1,3.0,62,1,1,1,0,6.0,230000
20,RL,92.0,11932,Pave,nan,4,Lvl,AllPub,FR2,3,Somerst,Feedr,Norm,1Fam,1Story,8,5,2007,2008,Gable,CompShg,VinylSd,VinylSd,Stone,186.0,4,3,PConc,4,3,1,1,0,1,0,1580,1580,GasA,5,1,SBrkr,1580,0,0,1580,0,0,2,0,3,1,4,7,Typ,0,0,Attchd,2008.0,2,3,830,3,3,Y,0,24,0,0,0,0,0,nan,nan,0,6,2008,ConLD,Partial,3160,1,0,2.0,24,1,1,0,0,6.5,235128
60,RL,76.0,9120,Pave,nan,4,Lvl,AllPub,Inside,3,NWAmes,Norm,Norm,1Fam,2Story,6,6,1974,1974,Hip,CompShg,HdBoard,HdBoard,BrkFace,270.0,4,3,CBlock,3,3,1,5,442,1,0,459,901,GasA,3,1,SBrkr,943,933,0,1876,0,0,2,1,4,1,4,8,Typ,1,3,Attchd,1974.0,2,2,540,4,3,Y,0,69,0,0,0,0,0,nan,nan,0,7,2008,WD,Normal,2777,34,34,2.5,69,1,1,1,0,6.0,185000
160,RL,24.0,2280,Pave,nan,4,Lvl,AllPub,Inside,3,NPkVill,Norm,Norm,Twnhs,2Story,6,5,1978,1978,Gable,CompShg,Plywood,Brk Cmn,BrkFace,0.0,3,3,CBlock,4,3,1,5,311,1,0,544,855,GasA,2,1,SBrkr,855,601,0,1456,0,0,2,1,3,1,3,7,Typ,1,3,Attchd,1978.0,1,2,440,3,3,Y,26,0,0,0,0,0,0,nan,nan,0,7,2010,WD,Normal,2311,32,32,2.5,0,1,1,1,0,5.5,146000
20,RL,69.0,14778,Pave,nan,3,Low,AllPub,CulDSac,3,Crawfor,PosN,Norm,1Fam,1Story,6,7,1954,2006,Hip,CompShg,HdBoard,HdBoard,BrkFace,72.0,4,3,CBlock,3,3,1,4,728,1,0,568,1296,GasA,5,1,SBrkr,1640,0,0,1640,1,0,1,0,3,1,4,7,Typ,1,4,Detchd,1993.0,1,2,924,3,3,Y,108,0,0,216,0,0,0,nan,nan,0,11,2008,WD,Normal,2936,54,2,2.0,216,1,1,1,0,6.5,224000
20,RL,109.0,8724,Pave,nan,4,Lvl,AllPub,Inside,3,Sawyer,Norm,Norm,1Fam,1Story,5,5,1968,1968,Gable,CompShg,VinylSd,VinylSd,BrkFace,0.0,3,3,CBlock,4,3,1,4,492,1,0,402,894,GasA,4,1,SBrkr,894,0,0,894,0,0,1,0,3,1,3,5,Typ,1,1,Attchd,1968.0,3,2,450,3,3,Y,0,0,0,0,0,0,0,nan,nan,0,5,2007,WD,Normal,1788,39,39,1.0,0,1,1,1,0,5.0,129000
90,RL,60.0,12900,Pave,nan,4,Lvl,AllPub,Inside,3,Sawyer,Feedr,Norm,Duplex,SFoyer,4,4,1969,1969,Gable,CompShg,Plywood,Plywood,BrkFace,0.0,3,3,CBlock,4,3,3,6,1198,1,0,0,1198,GasA,3,1,SBrkr,1258,0,0,1258,2,0,0,2,0,2,3,6,Typ,0,0,CarPort,1969.0,1,2,400,2,3,Y,120,0,0,0,0,0,0,nan,nan,0,1,2008,WD,Alloca,2456,39,39,3.0,0,1,1,0,0,4.0,108959
80,RL,69.0,16157,Pave,nan,3,Lvl,AllPub,FR2,3,Veenker,Feedr,Norm,1Fam,SLvl,5,7,1978,1978,Gable,CompShg,Plywood,Plywood,BrkFace,0.0,3,3,PConc,4,3,4,5,680,3,391,289,1360,GasA,5,1,SBrkr,1432,0,0,1432,1,0,1,1,2,1,4,5,Typ,1,3,Attchd,1978.0,1,2,588,3,3,Y,168,180,0,0,0,0,0,nan,nan,0,6,2007,WD,Normal,2792,29,29,2.5,180,1,1,1,0,6.0,194000
20,RL,79.0,9541,Pave,nan,3,Lvl,AllPub,Inside,3,NridgHt,Norm,Norm,1Fam,1Story,7,5,2009,2009,Gable,CompShg,VinylSd,VinylSd,Stone,268.0,4,3,PConc,4,3,1,1,0,1,0,1502,1502,GasA,5,1,SBrkr,1502,0,0,1502,0,0,2,0,3,1,4,7,Typ,0,0,Attchd,2009.0,2,2,644,3,3,Y,0,114,0,0,0,0,0,nan,nan,0,9,2009,New,Partial,3004,0,0,2.0,114,1,1,0,0,6.0,233170
20,RL,64.0,10475,Pave,nan,3,Lvl,AllPub,Corner,3,CollgCr,Norm,Norm,1Fam,1Story,8,5,2008,2008,Gable,CompShg,VinylSd,VinylSd,Stone,72.0,4,3,PConc,4,3,3,1,0,1,0,1694,1694,GasA,5,1,SBrkr,1694,0,0,1694,0,0,2,0,3,1,4,7,Typ,0,0,Attchd,2008.0,2,3,776,3,3,Y,160,33,0,0,0,0,0,nan,nan,0,2,2010,WD,Normal,3388,2,2,2.0,33,1,1,0,0,6.5,245350
60,RL,58.0,10852,Pave,nan,3,Lvl,AllPub,Inside,3,Gilbert,RRAn,Norm,1Fam,2Story,6,5,2000,2000,Gable,CompShg,VinylSd,VinylSd,BrkFace,0.0,3,3,PConc,4,3,1,6,786,1,0,173,959,GasA,5,1,SBrkr,959,712,0,1671,1,0,2,1,3,1,3,7,Typ,1,3,Attchd,2000.0,3,2,472,3,3,Y,0,38,0,0,0,0,0,nan,nan,0,2,2006,WD,Normal,2630,6,6,3.5,38,1,1,1,0,5.5,173000
70,RL,120.0,13728,Pave,nan,4,Lvl,AllPub,Corner,3,Edwards,Norm,Norm,1Fam,2Story,6,7,1935,1986,Hip,CompShg,Stucco,Stucco,BrkFace,0.0,3,3,CBlock,3,3,1,3,626,1,0,501,1127,GasA,5,1,SBrkr,1236,872,0,2108,0,0,2,0,4,1,4,7,Typ,2,3,Basment,1935.0,1,2,540,3,3,Y,0,0,0,0,90,0,0,nan,nan,0,7,2008,WD,Normal,3235,73,22,2.0,90,1,1,1,0,6.5,235000
60,RL,118.0,35760,Pave,nan,3,Lvl,AllPub,CulDSac,3,NoRidge,Norm,Norm,1Fam,2Story,10,5,1995,1996,Hip,CompShg,HdBoard,HdBoard,BrkFace,1378.0,4,4,PConc,5,3,4,6,1387,1,0,543,1930,GasA,5,1,SBrkr,1831,1796,0,3627,1,0,3,1,4,1,4,10,Typ,1,3,Attchd,1995.0,3,3,807,3,3,Y,361,76,0,0,0,0,0,nan,nan,0,7,2006,WD,Normal,5557,11,10,4.5,76,1,1,1,0,7.5,625000
80,RL,76.0,9880,Pave,nan,4,Lvl,AllPub,Inside,3,Mitchel,Norm,Norm,1Fam,SLvl,6,6,1977,1977,Gable,CompShg,Plywood,Plywood,BrkFace,0.0,3,3,CBlock,3,3,3,5,522,1,0,574,1096,GasA,3,1,SBrkr,1118,0,0,1118,1,0,1,0,3,1,3,6,Typ,1,1,Attchd,1977.0,3,1,358,3,3,Y,203,0,0,0,0,576,3,GdPrv,nan,0,7,2008,WD,Normal,2214,31,31,2.0,0,1,1,1,1,6.0,171000
20,RL,76.0,9120,Pave,nan,4,Lvl,AllPub,Inside,3,NAmes,Norm,Norm,1Fam,1Story,6,6,1958,1958,Hip,CompShg,MetalSd,MetalSd,BrkFace,0.0,3,3,CBlock,3,3,1,5,662,1,0,599,1261,GasA,5,1,SBrkr,1261,0,0,1261,1,0,1,0,3,1,3,6,Typ,1,3,Attchd,1958.0,2,2,433,3,3,Y,0,0,0,0,288,0,0,nan,Shed,1400,11,2008,WD,Normal,2522,50,50,2.0,288,1,1,1,0,6.0,163000
160,FV,35.0,4017,Pave,Pave,3,Lvl,AllPub,Inside,3,Somerst,Norm,Norm,TwnhsE,2Story,7,5,2006,2007,Gable,CompShg,MetalSd,MetalSd,BrkFace,0.0,4,3,PConc,4,3,1,1,0,1,0,625,625,GasA,5,1,SBrkr,625,625,0,1250,0,0,2,1,2,1,4,5,Typ,0,0,Detchd,2006.0,3,2,625,3,3,Y,0,54,0,0,0,0,0,nan,nan,0,3,2008,WD,Normal,1875,2,1,2.5,54,1,1,0,0,6.0,171900
50,RL,138.0,18030,Pave,nan,3,Bnk,AllPub,Inside,3,ClearCr,Norm,Norm,1Fam,1.5Fin,5,6,1946,1994,Gable,CompShg,MetalSd,MetalSd,BrkFace,0.0,3,3,CBlock,3,3,1,3,152,4,469,977,1598,GasA,3,1,SBrkr,1636,971,479,3086,0,0,3,0,3,1,5,12,Maj1,1,4,nan,1980.0,0,0,0,0,0,Y,122,0,0,0,0,0,0,MnPrv,nan,0,3,2007,WD,Normal,4205,61,13,3.0,0,0,1,1,0,5.5,200500
70,RL,80.0,16560,Pave,nan,3,Lvl,AllPub,Inside,3,Crawfor,Norm,Norm,1Fam,2Story,6,8,1932,1950,Gable,CompShg,Wd Sdng,Wd Sdng,BrkFace,0.0,3,3,BrkTil,4,3,1,3,503,1,0,449,952,GasA,3,1,SBrkr,1170,1175,0,2345,0,0,2,1,4,1,3,9,Typ,1,4,Detchd,1932.0,1,2,360,3,3,Y,0,0,0,0,0,0,0,nan,nan,0,7,2006,WD,Normal,3297,74,56,2.5,0,1,1,1,0,7.0,239000
50,RL,85.0,10678,Pave,nan,4,Lvl,AllPub,Inside,3,NoRidge,Norm,Norm,1Fam,1.5Fin,8,5,1992,2000,Hip,CompShg,HdBoard,HdBoard,BrkFace,337.0,4,3,PConc,4,3,1,6,700,1,0,983,1683,GasA,5,1,SBrkr,2129,743,0,2872,0,0,2,1,4,1,4,9,Typ,1,3,Attchd,1992.0,3,2,541,3,3,Y,0,33,0,0,0,0,0,nan,nan,0,4,2007,WD,Normal,4555,15,7,2.5,33,1,1,1,0,6.5,285000
20,RL,37.0,6951,Pave,nan,3,Lvl,AllPub,CulDSac,3,Mitchel,Norm,Norm,1Fam,1Story,5,5,1984,1985,Gable,CompShg,HdBoard,Plywood,BrkFace,0.0,3,3,CBlock,3,3,1,5,658,1,0,218,876,GasA,3,1,SBrkr,923,0,0,923,1,0,1,0,3,1,3,5,Typ,0,0,Attchd,1984.0,1,1,264,3,3,Y,362,0,0,0,0,0,0,MnPrv,nan,0,10,2008,WD,Normal,1799,24,23,2.0,0,1,1,0,0,5.0,119500
50,RM,69.0,3950,Pave,Grvl,4,Bnk,AllPub,Inside,3,OldTown,Artery,Norm,1Fam,1.5Fin,6,8,1926,2004,Gable,CompShg,MetalSd,MetalSd,BrkFace,0.0,3,3,CBlock,3,3,1,3,468,1,0,350,818,GasA,3,1,SBrkr,818,406,0,1224,0,0,1,0,3,1,3,5,Typ,0,0,Detchd,1926.0,1,1,210,3,3,N,0,0,116,0,0,0,0,nan,nan,0,12,2009,WD,Normal,2042,83,5,1.0,116,1,1,0,0,7.0,115000
50,RL,54.0,7681,Pave,nan,3,Lvl,AllPub,FR2,3,Crawfor,Norm,Norm,1Fam,1.5Fin,5,6,1921,1950,Gable,CompShg,Wd Sdng,Wd Sdng,BrkFace,0.0,3,3,BrkTil,3,3,1,1,0,1,0,731,731,GasA,5,1,SBrkr,820,523,0,1343,0,0,1,1,3,1,3,7,Typ,1,4,Detchd,1921.0,1,1,186,2,3,Y,192,0,102,0,0,0,0,nan,nan,0,7,2009,WD,Normal,2074,88,59,1.5,102,1,1,1,0,5.5,154900
20,RL,77.0,8335,Pave,nan,4,Lvl,AllPub,Corner,3,Edwards,Norm,Norm,1Fam,1Story,5,5,1954,1954,Gable,CompShg,Wd Sdng,Wd Sdng,BrkFace,0.0,3,3,Slab,0,0,0,0,0,0,0,0,0,GasA,4,1,SBrkr,1124,0,0,1124,0,0,1,0,3,1,3,5,Min2,1,4,nan,1980.0,0,0,0,0,0,N,0,36,190,0,0,0,0,nan,nan,0,4,2006,WD,Normal,1124,52,52,1.0,226,0,0,1,0,5.0,93000
60,RL,69.0,11170,Pave,nan,2,Lvl,AllPub,Corner,3,Timber,Norm,Norm,1Fam,2Story,7,5,1990,1991,Gable,CompShg,MetalSd,MetalSd,BrkFace,0.0,3,3,Wood,4,3,1,2,1216,1,0,0,1216,GasA,5,1,SBrkr,1298,1216,0,2514,0,0,2,1,4,1,3,8,Typ,0,0,Attchd,1990.0,3,2,693,3,3,Y,0,0,0,0,0,0,0,GdPrv,nan,0,4,2006,WD,Normal,3730,16,15,2.5,0,1,1,0,0,6.0,250000
120,RM,64.0,5587,Pave,nan,3,HLS,AllPub,Inside,2,Crawfor,Norm,Norm,TwnhsE,1Story,8,5,2008,2008,Hip,CompShg,CemntBd,CmentBd,Stone,186.0,5,3,PConc,5,3,4,6,1480,1,0,120,1600,GasA,5,1,SBrkr,1652,0,0,1652,1,1,2,0,2,1,4,5,Typ,1,4,Attchd,2008.0,3,2,482,3,3,Y,162,53,0,153,0,0,0,nan,nan,0,11,2008,New,Partial,3252,0,0,3.5,206,1,1,1,0,6.5,392500
60,RL,160.0,15623,Pave,nan,3,Lvl,AllPub,Corner,3,NoRidge,Norm,Norm,1Fam,2Story,10,5,1996,1996,Hip,CompShg,Wd Sdng,ImStucc,BrkFace,0.0,4,3,PConc,5,3,3,6,2096,1,0,300,2396,GasA,5,1,SBrkr,2411,2065,0,4476,1,0,3,1,4,1,5,10,Typ,2,3,Attchd,1996.0,3,3,813,3,3,Y,171,78,0,0,0,555,4,MnPrv,nan,0,7,2007,WD,Abnorml,6872,11,11,4.5,78,1,1,1,1,7.5,745000
30,RL,60.0,10800,Pave,Grvl,4,Lvl,AllPub,Inside,3,OldTown,Norm,Norm,1Fam,1Story,5,6,1920,1950,Hip,CompShg,Stucco,Stucco,BrkFace,0.0,3,3,BrkTil,3,3,1,3,821,1,0,299,1120,GasA,5,1,SBrkr,1130,0,0,1130,1,0,1,0,2,1,3,5,Typ,1,4,Detchd,1970.0,1,2,720,3,3,Y,229,0,0,0,0,0,0,nan,nan,0,6,2006,WD,Normal,2250,86,56,2.0,0,1,1,1,0,5.5,120000
20,RL,50.0,35133,Grvl,nan,4,Lvl,AllPub,Inside,2,Timber,Norm,Norm,1Fam,1Story,5,4,1963,1963,Hip,CompShg,MetalSd,MetalSd,BrkFace,226.0,3,3,CBlock,3,3,4,3,1159,1,0,413,1572,GasA,4,1,SBrkr,1572,0,0,1572,1,0,1,1,3,1,3,5,Typ,2,3,2Types,1963.0,2,3,995,3,3,Y,0,263,0,0,263,0,0,nan,nan,0,5,2007,WD,Normal,3144,44,44,2.5,526,1,1,1,0,4.5,186700
50,RL,60.0,9738,Pave,nan,4,Lvl,AllPub,Inside,3,Edwards,Norm,Norm,1Fam,1.5Fin,5,7,1924,1950,Gable,CompShg,AsbShng,AsbShng,BrkFace,0.0,3,4,BrkTil,3,3,1,4,392,1,0,392,784,GasA,4,1,SBrkr,949,272,0,1221,1,0,1,0,4,1,3,7,Typ,0,0,Attchd,1965.0,1,1,392,3,3,Y,0,0,236,0,0,0,0,nan,nan,0,3,2006,WD,Normal,2005,82,56,2.0,236,1,1,0,0,6.0,104900
190,RL,107.0,10615,Pave,nan,3,Bnk,AllPub,Corner,2,OldTown,Artery,Artery,2fmCon,2Story,3,5,1900,1970,Gable,CompShg,HdBoard,HdBoard,BrkFace,0.0,3,3,CBlock,2,3,2,4,440,1,0,538,978,GasA,3,1,SBrkr,1014,685,0,1699,1,0,2,0,3,2,3,7,Typ,0,0,CarPort,1920.0,1,2,420,2,2,Y,0,74,0,0,0,0,0,nan,nan,0,8,2009,WD,Abnorml,2677,109,39,3.0,74,1,1,0,0,4.0,95000
20,RL,89.0,12461,Pave,nan,4,Lvl,AllPub,Corner,3,NoRidge,Norm,Norm,1Fam,1Story,8,5,1994,1995,Gable,CompShg,ImStucc,ImStucc,BrkFace,0.0,4,3,PConc,4,3,1,6,1456,1,0,168,1624,GasA,5,1,SBrkr,1624,0,0,1624,1,0,2,0,2,1,4,5,Typ,1,2,Attchd,1994.0,2,3,757,3,3,Y,0,114,192,0,0,0,0,GdPrv,nan,0,7,2006,WD,Normal,3248,12,11,3.0,306,1,1,1,0,6.5,262000
60,RL,68.0,8935,Pave,nan,3,Lvl,AllPub,Inside,3,CollgCr,Norm,Norm,1Fam,2Story,7,5,2002,2002,Gable,CompShg,VinylSd,VinylSd,BrkFace,95.0,4,3,PConc,4,3,1,1,0,1,0,831,831,GasA,5,1,SBrkr,831,829,0,1660,0,0,2,1,3,1,4,7,Typ,0,0,Attchd,2002.0,2,2,493,3,3,Y,144,68,0,0,0,0,0,nan,nan,0,7,2009,WD,Normal,2491,7,7,2.5,68,1,1,0,0,6.0,195000
60,RL,60.0,7500,Pave,nan,4,Lvl,AllPub,Inside,3,Gilbert,Norm,Norm,1Fam,2Story,7,5,1999,1999,Gable,CompShg,VinylSd,VinylSd,BrkFace,0.0,3,3,PConc,3,3,1,1,0,1,0,994,994,GasA,4,1,SBrkr,1028,776,0,1804,0,0,2,1,3,1,4,7,Typ,1,3,Attchd,1999.0,3,2,442,3,3,Y,140,60,0,0,0,0,0,nan,nan,0,6,2010,WD,Normal,2798,11,11,2.5,60,1,1,1,0,6.0,189000
190,RL,69.0,32463,Pave,nan,4,Low,AllPub,Inside,2,Mitchel,Norm,Norm,2fmCon,1Story,4,4,1961,1975,Gable,CompShg,MetalSd,MetalSd,Stone,149.0,3,4,CBlock,3,3,3,4,1159,1,0,90,1249,GasA,5,1,SBrkr,1622,0,0,1622,1,0,1,0,3,1,3,7,Typ,1,3,2Types,1975.0,3,4,1356,3,3,Y,439,0,0,0,0,0,0,nan,nan,0,3,2007,WD,Normal,2871,46,32,2.0,0,1,1,1,0,4.0,168000
160,FV,24.0,2645,Pave,Pave,4,Lvl,AllPub,Inside,3,Somerst,Norm,Norm,Twnhs,2Story,8,5,1999,2000,Gable,CompShg,MetalSd,MetalSd,BrkFace,456.0,4,3,PConc,4,3,1,1,0,1,0,776,776,GasA,5,1,SBrkr,764,677,0,1441,0,0,2,1,2,1,4,5,Typ,0,0,Detchd,1999.0,1,2,492,3,3,Y,206,0,0,0,0,0,0,nan,nan,0,11,2007,WD,Normal,2217,8,7,2.5,0,1,1,0,0,6.5,174000
50,RM,60.0,9600,Pave,Grvl,4,Lvl,AllPub,Inside,3,OldTown,Norm,Norm,1Fam,1.5Fin,5,8,1925,1994,Gambrel,CompShg,VinylSd,VinylSd,BrkFace,0.0,3,3,PConc,3,3,2,1,0,1,0,702,702,GasA,4,1,SBrkr,842,630,0,1472,0,0,1,0,3,1,4,6,Typ,0,0,Detchd,1925.0,1,1,250,3,2,P,0,0,84,0,0,0,0,GdWo,nan,0,7,2007,WD,Normal,2174,82,13,1.0,84,1,1,0,0,6.5,125000
120,RM,69.0,4500,Pave,nan,4,Lvl,AllPub,FR2,3,Mitchel,Norm,Norm,TwnhsE,1Story,6,5,1999,1999,Hip,CompShg,VinylSd,VinylSd,BrkFace,425.0,3,3,PConc,5,3,1,6,883,1,0,341,1224,GasA,5,1,SBrkr,1224,0,0,1224,1,0,2,0,2,1,3,5,Typ,0,0,Attchd,1999.0,3,2,402,3,3,Y,0,304,0,0,0,0,0,nan,nan,0,6,2009,WD,Normal,2448,10,10,3.0,304,1,1,0,0,5.5,165000
60,RL,80.0,9364,Pave,nan,4,Lvl,AllPub,Corner,3,Sawyer,Norm,Norm,1Fam,2Story,6,7,1969,1969,Gable,CompShg,HdBoard,HdBoard,Stone,143.0,3,3,CBlock,3,3,1,5,371,1,0,292,663,GasA,3,1,SBrkr,663,689,0,1352,0,0,1,1,4,1,3,7,Typ,0,0,Attchd,1969.0,3,1,299,3,3,Y,379,36,0,0,0,0,0,MnPrv,nan,0,3,2010,WD,Normal,2015,41,41,1.5,36,1,1,0,0,6.5,158000
60,RL,51.0,8029,Pave,nan,3,Lvl,AllPub,Inside,3,Gilbert,Norm,Norm,1Fam,2Story,6,5,2005,2005,Gable,CompShg,VinylSd,VinylSd,BrkFace,0.0,3,3,PConc,4,3,1,1,0,1,0,728,728,GasA,5,1,SBrkr,728,728,0,1456,0,0,2,1,3,1,4,8,Typ,0,0,Attchd,2005.0,3,2,400,3,3,Y,100,24,0,0,0,0,0,nan,nan,0,7,2008,WD,Normal,2184,3,3,2.5,24,1,1,0,0,5.5,176000
60,RL,58.0,14054,Pave,nan,3,Lvl,AllPub,Inside,3,Gilbert,Norm,Norm,1Fam,2Story,7,5,2006,2006,Gable,CompShg,VinylSd,VinylSd,BrkFace,0.0,4,3,PConc,4,3,3,1,0,1,0,879,879,GasA,5,1,SBrkr,879,984,0,1863,0,0,2,1,4,1,4,9,Typ,1,4,BuiltIn,2006.0,3,3,660,3,3,Y,100,17,0,0,0,0,0,nan,nan,0,11,2006,New,Partial,2742,0,0,2.5,17,1,1,1,0,6.0,219210
75,RM,65.0,8850,Pave,nan,3,Bnk,AllPub,Corner,3,OldTown,Norm,Norm,1Fam,2.5Unf,7,6,1916,1950,Gable,CompShg,MetalSd,MetalSd,BrkFace,0.0,3,3,BrkTil,3,3,1,1,0,1,0,815,815,GasA,5,1,SBrkr,815,875,0,1690,0,0,1,0,3,1,3,7,Typ,1,4,Detchd,1916.0,1,1,225,3,3,Y,0,0,330,0,0,0,0,nan,nan,0,7,2006,ConLw,Normal,2505,90,56,1.0,330,1,1,1,0,6.5,144000
20,RL,70.0,9100,Pave,nan,4,Lvl,AllPub,Inside,3,CollgCr,Norm,Norm,1Fam,1Story,7,5,2001,2001,Gable,CompShg,VinylSd,VinylSd,BrkFace,0.0,4,3,PConc,4,3,1,1,0,1,0,1212,1212,GasA,5,1,SBrkr,1212,0,0,1212,0,0,2,0,3,1,4,6,Typ,0,0,Attchd,2001.0,2,2,573,3,3,Y,356,0,0,0,0,0,0,nan,nan,0,6,2009,WD,Normal,2424,8,8,2.0,0,1,1,0,0,6.0,178000
20,RL,75.0,11235,Pave,nan,4,Lvl,AllPub,Inside,3,Sawyer,Norm,Norm,1Fam,1Story,4,5,1963,1979,Gable,CompShg,HdBoard,HdBoard,BrkFace,51.0,3,3,CBlock,3,3,1,3,547,1,0,504,1051,GasA,4,1,SBrkr,1382,0,0,1382,0,0,1,1,3,1,3,6,Typ,1,1,Attchd,1974.0,1,2,459,3,3,Y,0,82,0,0,0,0,0,nan,nan,0,10,2006,WD,Normal,2433,43,27,1.5,82,1,1,1,0,4.5,148000
20,RL,71.0,9353,Pave,nan,4,Lvl,AllPub,Inside,3,NAmes,Norm,Norm,1Fam,1Story,4,5,1970,1970,Gable,CompShg,MetalSd,MetalSd,BrkFace,0.0,3,3,CBlock,3,3,1,1,0,1,0,864,864,GasA,4,1,SBrkr,864,0,0,864,0,0,1,0,3,1,3,5,Typ,0,0,Attchd,1972.0,1,1,280,3,3,Y,0,0,0,0,0,0,0,nan,Shed,0,7,2006,Oth,Abnorml,1728,36,36,1.0,0,1,1,0,0,4.5,116050
60,RL,80.0,10400,Pave,nan,4,Lvl,AllPub,Corner,3,CollgCr,Norm,Norm,1Fam,2Story,7,5,1998,1998,Gable,CompShg,VinylSd,VinylSd,BrkFace,0.0,3,3,PConc,4,3,3,1,0,1,0,866,866,GasA,5,1,SBrkr,866,913,0,1779,0,0,2,1,3,1,4,6,Typ,0,0,Attchd,1998.0,2,2,546,3,3,Y,198,36,0,0,0,0,0,nan,nan,0,3,2009,WD,Normal,2645,11,11,2.5,36,1,1,0,0,6.0,197900
50,RM,50.0,6000,Pave,nan,4,Lvl,AllPub,Corner,3,BrkSide,Norm,Norm,1Fam,1.5Fin,5,8,1925,1997,Gable,CompShg,Wd Sdng,Wd Sdng,BrkFace,0.0,3,3,BrkTil,3,3,1,1,0,1,0,884,884,GasA,5,1,SBrkr,884,464,0,1348,1,0,1,0,3,1,3,5,Typ,1,2,Detchd,1960.0,1,1,216,3,3,N,0,0,208,0,0,0,0,nan,nan,0,5,2009,WD,Normal,2232,84,12,2.0,208,1,1,1,0,6.5,117000
20,RL,75.0,9750,Pave,nan,4,Lvl,AllPub,Inside,3,CollgCr,Norm,Norm,1Fam,1Story,7,5,2000,2001,Gable,CompShg,VinylSd,VinylSd,BrkFace,171.0,4,3,PConc,4,3,1,1,0,1,0,1630,1630,GasA,5,1,SBrkr,1630,0,0,1630,0,0,2,0,3,1,4,6,Typ,1,3,Attchd,2000.0,1,2,451,3,3,Y,74,234,0,0,0,0,0,nan,nan,0,10,2009,WD,Normal,3260,9,8,2.0,234,1,1,1,0,6.0,213000
20,RL,78.0,10140,Pave,nan,4,Lvl,AllPub,Inside,3,NWAmes,Norm,Norm,1Fam,1Story,5,6,1975,1975,Gable,CompShg,HdBoard,HdBoard,BrkFace,0.0,3,3,CBlock,4,3,1,5,788,1,0,268,1056,GasA,5,1,SBrkr,1074,0,0,1074,1,0,1,1,3,1,3,6,Typ,0,0,Attchd,1975.0,2,2,495,3,3,Y,0,88,0,0,0,0,0,MnPrv,nan,0,7,2006,WD,Normal,2130,31,31,2.5,88,1,1,0,0,5.5,153500
20,RL,90.0,14684,Pave,nan,3,Lvl,AllPub,CulDSac,3,SawyerW,Norm,Norm,1Fam,1Story,7,7,1990,1991,Hip,CompShg,HdBoard,HdBoard,BrkFace,234.0,4,3,CBlock,4,3,2,5,485,4,177,1496,2158,GasA,4,1,SBrkr,2196,0,0,2196,0,0,2,0,3,1,4,7,Typ,1,3,Attchd,1990.0,2,3,701,3,3,Y,84,70,0,0,0,0,0,nan,nan,0,6,2009,WD,Normal,4354,19,18,2.0,70,1,1,1,0,7.0,271900
20,RH,69.0,8900,Pave,nan,4,Lvl,AllPub,Inside,3,SawyerW,Norm,Norm,1Fam,1Story,4,4,1966,1966,Gable,CompShg,HdBoard,HdBoard,BrkFace,0.0,3,3,CBlock,3,3,1,3,1056,1,0,0,1056,GasA,3,1,SBrkr,1056,0,0,1056,1,0,1,0,2,1,3,5,Typ,0,0,Detchd,1966.0,1,1,384,3,3,Y,0,42,0,0,0,0,0,MnPrv,nan,0,11,2006,WD,Normal,2112,40,40,2.0,42,1,1,0,0,4.0,107000
20,RL,70.0,9135,Pave,nan,4,Lvl,AllPub,Inside,3,CollgCr,Norm,Norm,1Fam,1Story,6,5,2003,2003,Gable,CompShg,VinylSd,VinylSd,BrkFace,120.0,4,3,PConc,4,3,3,6,340,1,0,1342,1682,GasA,5,1,SBrkr,1700,0,0,1700,1,0,2,0,3,1,4,7,Typ,0,0,Attchd,2003.0,2,2,544,3,3,Y,192,23,0,0,0,0,0,nan,nan,0,5,2006,WD,Normal,3382,3,3,3.0,23,1,1,0,0,5.5,200000
20,RL,70.0,7763,Pave,nan,4,Lvl,AllPub,Inside,3,NAmes,Norm,Norm,1Fam,1Story,5,7,1962,1980,Gable,CompShg,MetalSd,MetalSd,BrkFace,0.0,3,4,CBlock,3,3,1,3,504,4,108,319,931,GasA,3,1,SBrkr,1283,0,0,1283,1,0,1,0,3,1,3,6,Typ,0,0,Detchd,1980.0,1,2,506,3,3,Y,0,0,0,0,0,0,0,nan,nan,0,10,2008,WD,Normal,2214,46,28,2.0,0,1,1,0,0,6.0,140000
20,RL,85.0,10182,Pave,nan,3,Lvl,AllPub,CulDSac,3,Somerst,RRNn,Norm,1Fam,1Story,8,5,2006,2006,Hip,CompShg,VinylSd,VinylSd,Stone,420.0,4,3,PConc,5,3,2,6,1220,1,0,440,1660,GasA,5,1,SBrkr,1660,0,0,1660,1,0,2,0,3,1,4,8,Typ,1,4,Attchd,2006.0,2,2,500,3,3,Y,322,50,0,0,0,0,0,nan,nan,0,5,2006,New,Partial,3320,0,0,3.0,50,1,1,1,0,6.5,290000
60,RL,70.0,11218,Pave,nan,4,Lvl,AllPub,Inside,3,SawyerW,Norm,Norm,1Fam,2Story,6,5,1992,1992,Gable,CompShg,Wd Sdng,Wd Sdng,BrkFace,0.0,4,3,PConc,4,3,1,1,0,1,0,1055,1055,GasA,5,1,SBrkr,1055,790,0,1845,0,0,2,1,3,1,4,8,Typ,1,3,Attchd,1992.0,2,2,462,3,3,Y,635,104,0,0,0,0,0,GdPrv,Shed,400,5,2010,WD,Normal,2900,18,18,2.5,104,1,1,1,0,5.5,189000
50,RL,152.0,12134,Pave,nan,3,Bnk,AllPub,Inside,2,Gilbert,Norm,Norm,1Fam,1.5Fin,8,7,1988,2005,Gable,CompShg,Wd Sdng,Wd Sdng,BrkFace,0.0,4,3,Wood,4,3,3,6,427,1,0,132,559,GasA,4,1,SBrkr,1080,672,0,1752,0,0,2,0,4,1,3,8,Typ,0,0,Basment,1988.0,2,2,492,3,3,Y,325,12,0,0,0,0,0,nan,nan,0,6,2010,WD,Normal,2311,22,5,2.0,12,1,1,0,0,7.5,164000
30,RL,50.0,9340,Pave,nan,4,Lvl,AllPub,Inside,3,Edwards,Norm,Norm,1Fam,1Story,4,6,1941,1950,Hip,CompShg,MetalSd,MetalSd,BrkFace,0.0,3,3,CBlock,3,3,1,3,344,1,0,328,672,GasA,3,1,SBrkr,672,0,0,672,1,0,1,0,2,1,3,4,Typ,0,0,Attchd,1941.0,1,1,234,3,3,N,0,113,0,0,0,0,0,nan,nan,0,8,2009,WD,Normal,1344,68,59,2.0,113,1,1,0,0,5.0,113000
80,RL,69.0,10246,Pave,nan,3,Lvl,AllPub,CulDSac,3,Sawyer,Norm,Norm,1Fam,SLvl,4,9,1965,2001,Gable,CompShg,VinylSd,VinylSd,BrkFace,0.0,3,4,CBlock,3,4,3,6,648,1,0,0,648,GasA,5,1,SBrkr,960,0,0,960,1,1,0,0,0,1,3,3,Typ,0,0,Attchd,1965.0,1,1,364,3,3,Y,88,0,0,0,0,0,0,nan,nan,0,5,2006,WD,Normal,1608,41,5,1.5,0,1,1,0,0,6.5,145000
85,RL,69.0,10205,Pave,nan,3,Lvl,AllPub,Inside,3,NAmes,Norm,Norm,1Fam,SFoyer,5,5,1962,1962,Gable,CompShg,MetalSd,MetalSd,BrkFace,0.0,3,3,CBlock,3,3,3,4,784,1,0,141,925,GasA,3,1,SBrkr,999,0,0,999,1,0,1,0,3,1,3,6,Typ,0,0,Attchd,1962.0,1,1,300,3,3,Y,150,72,0,0,0,0,0,nan,nan,0,5,2006,WD,Normal,1924,44,44,2.0,72,1,1,0,0,5.0,134500
20,RL,99.0,7094,Pave,nan,3,Lvl,AllPub,Inside,3,Sawyer,Norm,Norm,1Fam,1Story,5,5,1966,1966,Gable,CompShg,VinylSd,VinylSd,BrkFace,0.0,3,3,CBlock,3,3,1,3,180,2,374,340,894,GasA,3,1,SBrkr,894,0,0,894,0,0,1,0,3,1,3,5,Typ,0,0,Detchd,1966.0,2,1,384,3,3,Y,0,0,0,0,0,0,0,MnPrv,nan,0,5,2007,WD,Normal,1788,41,41,1.0,0,1,1,0,0,5.0,125000
90,RM,68.0,8930,Pave,nan,4,Lvl,AllPub,Inside,3,Sawyer,RRAe,Norm,Duplex,1.5Fin,6,5,1978,1978,Gable,CompShg,VinylSd,VinylSd,BrkFace,0.0,3,3,Slab,0,0,0,0,0,0,0,0,0,GasA,3,1,SBrkr,1318,584,0,1902,0,0,2,0,4,2,3,8,Typ,0,0,Attchd,1978.0,1,2,539,3,3,Y,0,0,0,0,0,0,0,nan,nan,0,4,2010,WD,Normal,1902,32,32,2.0,0,1,0,0,0,5.5,112000
20,FV,72.0,8640,Pave,nan,4,Lvl,AllPub,Inside,3,Somerst,Norm,Norm,1Fam,1Story,8,5,2009,2009,Gable,CompShg,CemntBd,CmentBd,Stone,72.0,4,3,PConc,4,3,2,6,936,1,0,364,1300,GasA,5,1,SBrkr,1314,0,0,1314,1,0,2,0,3,1,4,6,Typ,0,0,Attchd,2009.0,2,2,552,3,3,Y,135,112,0,0,0,0,0,nan,nan,0,9,2009,New,Partial,2614,0,0,3.0,112,1,1,0,0,6.5,229456
50,RM,52.0,6240,Pave,nan,4,Lvl,AllPub,Inside,3,BrkSide,Norm,Norm,1Fam,1.5Fin,4,5,1947,1950,Gable,CompShg,AsbShng,AsbShng,BrkFace,0.0,3,3,Slab,0,0,0,0,0,0,0,0,0,GasA,4,0,SBrkr,672,240,0,912,0,0,1,0,2,1,3,3,Typ,0,0,nan,1980.0,0,0,0,0,0,N,0,0,0,0,0,0,0,nan,nan,0,7,2006,WD,Normal,912,59,56,1.0,0,0,0,0,0,4.5,80500
160,RM,21.0,1680,Pave,nan,4,Lvl,AllPub,Inside,3,BrDale,Norm,Norm,Twnhs,2Story,6,5,1971,1971,Gable,CompShg,CemntBd,CmentBd,BrkFace,236.0,3,3,CBlock,3,3,1,1,0,1,0,672,672,GasA,3,1,SBrkr,672,546,0,1218,0,0,1,1,3,1,3,7,Typ,0,0,nan,1980.0,0,0,0,0,0,N,201,0,0,0,0,0,0,nan,nan,0,4,2006,WD,Abnorml,1890,35,35,1.5,0,0,1,0,0,5.5,91500
20,RL,66.0,7800,Pave,nan,3,Lvl,AllPub,Inside,3,NAmes,Norm,Norm,1Fam,1Story,5,5,1964,1964,Gable,CompShg,Wd Sdng,Wd Sdng,BrkFace,0.0,3,3,CBlock,3,3,1,3,312,2,600,0,912,GasA,3,1,SBrkr,912,0,0,912,0,0,1,0,2,1,3,5,Typ,0,0,Attchd,1964.0,1,1,288,3,3,Y,0,0,0,0,0,0,0,nan,nan,0,11,2006,WD,Abnorml,1824,42,42,1.0,0,1,1,0,0,5.0,115000
20,RL,55.0,8250,Pave,nan,4,Lvl,AllPub,Inside,3,Sawyer,Feedr,Norm,1Fam,1Story,5,5,1968,1968,Hip,CompShg,HdBoard,HdBoard,BrkFace,0.0,3,3,CBlock,3,3,1,4,250,2,492,210,952,GasA,5,1,SBrkr,1211,0,0,1211,0,0,1,0,3,1,3,5,Typ,1,3,Attchd,1968.0,1,1,322,3,3,Y,0,63,0,0,0,0,0,nan,nan,0,8,2008,WD,Normal,2163,40,40,1.0,63,1,1,1,0,5.0,134000
50,RL,78.0,10496,Pave,nan,4,Lvl,AllPub,Inside,3,NAmes,Artery,Norm,1Fam,1.5Fin,6,6,1949,1950,Gable,CompShg,Wd Sdng,Wd Sdng,BrkFace,320.0,3,3,CBlock,3,3,2,3,196,1,0,844,1040,GasA,5,1,SBrkr,1168,678,0,1846,0,0,2,0,3,1,3,7,Typ,1,4,Attchd,1949.0,1,1,315,3,3,Y,0,0,0,0,0,0,0,GdWo,nan,0,1,2007,WD,Normal,2886,58,57,2.0,0,1,1,1,0,6.0,143000
20,RL,89.0,10680,Pave,nan,4,Lvl,AllPub,Inside,3,NAmes,Norm,Norm,1Fam,1Story,5,3,1951,1951,Hip,CompShg,Wd Sdng,Wd Sdng,BrkFace,44.0,3,3,CBlock,3,2,1,2,756,1,0,1380,2136,GasA,3,0,FuseA,2136,0,0,2136,0,0,2,0,4,1,3,7,Mod,0,0,Detchd,1951.0,1,2,528,3,3,Y,0,30,0,0,0,0,0,MnPrv,nan,0,10,2006,WD,Normal,4272,55,55,2.0,30,1,1,0,0,4.0,137900
60,RL,60.0,15384,Pave,nan,3,Lvl,AllPub,Inside,3,Gilbert,RRAn,Norm,1Fam,2Story,7,5,2004,2005,Gable,CompShg,VinylSd,VinylSd,BrkFace,0.0,4,3,PConc,4,3,3,6,724,1,0,64,788,GasA,5,1,SBrkr,788,702,0,1490,1,0,2,1,3,1,4,8,Typ,1,4,Attchd,2004.0,3,2,388,3,3,Y,100,75,0,0,0,0,0,nan,nan,0,2,2008,WD,Normal,2278,4,3,3.5,75,1,1,1,0,6.0,184000
80,RL,65.0,10482,Pave,nan,4,Lvl,AllPub,Inside,3,NAmes,Norm,Norm,1Fam,SLvl,6,8,1958,1958,Hip,CompShg,VinylSd,VinylSd,BrkFace,63.0,3,4,CBlock,3,3,3,6,507,1,0,81,588,GasA,5,1,SBrkr,1138,0,0,1138,0,1,1,0,3,1,3,6,Typ,0,0,Attchd,1958.0,2,1,264,3,3,Y,224,0,0,0,0,0,0,MnWw,nan,0,6,2007,WD,Normal,1726,49,49,1.5,0,1,1,0,0,7.0,145000
60,RL,86.0,14598,Pave,nan,3,Lvl,AllPub,CulDSac,3,Somerst,Feedr,Norm,1Fam,2Story,6,5,2007,2007,Gable,CompShg,VinylSd,VinylSd,Stone,74.0,4,3,PConc,4,3,2,1,0,1,0,894,894,GasA,5,1,SBrkr,894,1039,0,1933,0,0,2,1,4,1,4,9,Typ,1,4,BuiltIn,2007.0,3,3,668,3,3,Y,100,18,0,0,0,0,0,nan,nan,0,1,2008,WD,Normal,2827,1,1,2.5,18,1,1,1,0,5.5,214000
20,RL,72.0,8872,Pave,nan,4,Lvl,AllPub,Corner,3,NAmes,Norm,Norm,1Fam,1Story,5,8,1965,2008,Gable,CompShg,VinylSd,VinylSd,BrkFace,300.0,3,3,CBlock,3,3,1,5,595,1,0,317,912,GasA,5,1,SBrkr,912,0,0,912,1,0,1,0,2,1,4,5,Typ,0,0,Detchd,1992.0,1,2,576,3,3,Y,0,240,0,0,0,0,0,nan,nan,0,12,2008,WD,Normal,1824,43,0,2.0,240,1,1,0,0,6.5,147000
120,RL,65.0,8769,Pave,nan,4,Lvl,AllPub,Corner,3,NridgHt,Norm,Norm,TwnhsE,1Story,9,5,2008,2008,Hip,CompShg,MetalSd,MetalSd,BrkFace,766.0,5,3,PConc,5,3,1,6,1540,1,0,162,1702,GasA,5,1,SBrkr,1702,0,0,1702,1,0,1,1,1,1,5,7,Typ,1,4,Attchd,2008.0,3,3,1052,3,3,Y,0,72,0,0,224,0,0,nan,nan,0,10,2008,New,Partial,3404,0,0,2.5,296,1,1,1,0,7.0,367294
80,RL,70.0,7910,Pave,nan,4,Lvl,AllPub,Inside,3,NAmes,Norm,Norm,1Fam,SLvl,5,5,1960,1960,Hip,CompShg,BrkFace,HdBoard,BrkFace,0.0,3,3,CBlock,3,3,1,5,666,1,0,409,1075,GasA,4,1,SBrkr,1507,0,0,1507,0,0,2,0,4,1,3,7,Maj1,0,0,Basment,1960.0,1,1,404,3,3,Y,0,0,0,0,0,0,0,GdWo,nan,0,8,2008,WD,Normal,2582,48,48,2.0,0,1,1,0,0,5.0,127000
90,RL,69.0,18890,Pave,nan,3,Lvl,AllPub,Inside,3,Sawyer,Feedr,RRAe,Duplex,1.5Fin,5,5,1977,1977,Shed,CompShg,Plywood,Plywood,BrkFace,1.0,3,3,CBlock,4,3,1,6,498,3,211,652,1361,GasA,5,1,SBrkr,1361,1259,0,2620,0,0,2,2,4,2,3,12,Typ,1,3,BuiltIn,1977.0,2,2,600,3,3,N,155,24,145,0,0,0,0,nan,Gar2,8300,8,2007,WD,Normal,3981,30,30,3.0,169,1,1,1,0,5.0,190000
90,RL,70.0,7728,Pave,nan,4,Lvl,AllPub,Inside,3,NAmes,Norm,Norm,Duplex,SLvl,5,6,1962,1962,Hip,CompShg,Wd Sdng,Wd Sdng,BrkFace,120.0,3,3,CBlock,3,3,3,5,803,1,0,303,1106,GasA,3,1,SBrkr,1190,0,0,1190,1,0,1,0,3,1,3,6,Typ,0,0,Attchd,1962.0,1,2,540,3,3,Y,0,18,0,0,0,0,0,GdWo,nan,0,5,2006,WD,Normal,2296,44,44,2.0,18,1,1,0,0,5.5,132500
90,RL,70.0,9842,Pave,nan,4,Lvl,AllPub,FR2,3,NAmes,Norm,Norm,Duplex,1Story,4,5,1962,1962,Gable,CompShg,HdBoard,HdBoard,BrkFace,0.0,3,3,Slab,0,0,0,0,0,0,0,0,0,GasA,3,1,SBrkr,1224,0,0,1224,0,0,2,0,2,2,3,6,Typ,0,0,CarPort,1962.0,1,2,462,3,3,Y,0,0,0,0,0,0,0,nan,nan,0,3,2007,WD,Normal,1224,45,45,2.0,0,1,0,0,0,4.5,101800
20,RL,69.0,12160,Pave,nan,3,Lvl,AllPub,Inside,3,NAmes,Norm,Norm,1Fam,1Story,5,5,1959,1959,Hip,CompShg,Plywood,Plywood,BrkFace,180.0,3,3,CBlock,3,3,1,3,1000,1,0,188,1188,GasA,2,1,SBrkr,1188,0,0,1188,1,0,1,0,3,1,3,6,Typ,0,0,Attchd,1959.0,2,2,531,3,3,Y,0,0,0,0,0,0,0,MnPrv,nan,0,5,2010,COD,Abnorml,2376,51,51,2.0,0,1,1,0,0,5.0,142000
70,RH,55.0,8525,Pave,nan,4,Bnk,AllPub,Inside,3,SWISU,Norm,Norm,1Fam,2Story,5,6,1911,1950,Gable,CompShg,MetalSd,MetalSd,BrkFace,0.0,3,3,PConc,3,3,3,1,0,1,0,940,940,GasA,3,0,FuseA,1024,940,0,1964,0,0,1,1,4,1,3,7,Typ,0,0,nan,1980.0,0,0,0,0,0,N,0,192,0,0,0,0,0,nan,nan,0,11,2008,WD,Abnorml,2904,97,58,1.5,192,0,1,0,0,5.5,130000
70,RL,96.0,13132,Pave,nan,4,Lvl,AllPub,Inside,3,Crawfor,Norm,Norm,1Fam,2Story,5,5,1914,1950,Gable,CompShg,Wd Sdng,Wd Sdng,BrkFace,0.0,3,3,BrkTil,4,3,2,1,0,1,0,747,747,GasA,4,1,FuseF,892,892,0,1784,0,0,1,1,4,1,3,9,Typ,0,0,Detchd,1914.0,1,1,180,2,2,N,203,40,0,0,0,0,0,nan,nan,0,7,2006,WD,Normal,2531,92,56,1.5,40,1,1,0,0,5.0,138887
160,RL,36.0,2628,Pave,nan,4,Lvl,AllPub,Inside,3,NridgHt,Norm,Norm,Twnhs,2Story,7,5,2003,2003,Gable,CompShg,VinylSd,Wd Shng,Stone,106.0,4,3,PConc,4,3,1,1,0,1,0,764,764,GasA,5,1,SBrkr,764,862,0,1626,0,0,2,1,2,1,4,6,Typ,0,0,BuiltIn,2003.0,2,2,474,3,3,Y,0,27,0,0,0,0,0,nan,nan,0,6,2010,WD,Normal,2390,7,7,2.5,27,1,1,0,0,6.0,175500
60,RL,41.0,12393,Pave,nan,2,Lvl,AllPub,FR2,3,CollgCr,Norm,Norm,1Fam,2Story,7,5,2004,2005,Gable,CompShg,VinylSd,VinylSd,BrkFace,0.0,4,3,PConc,4,3,1,1,0,1,0,847,847,GasA,5,1,SBrkr,847,1101,0,1948,0,0,2,1,4,1,4,8,Typ,1,4,BuiltIn,2004.0,3,2,434,3,3,Y,100,48,0,0,0,0,0,nan,nan,0,9,2006,WD,Normal,2795,2,1,2.5,48,1,1,1,0,6.0,195000
20,RL,63.0,13072,Pave,nan,4,Lvl,AllPub,Inside,3,SawyerW,RRAe,Norm,1Fam,1Story,6,5,2005,2005,Gable,CompShg,VinylSd,VinylSd,BrkFace,0.0,4,3,PConc,4,3,1,1,0,1,0,1141,1141,GasA,5,1,SBrkr,1141,0,0,1141,0,0,1,1,3,1,3,6,Typ,0,0,Detchd,2005.0,1,2,484,3,3,Y,0,0,0,0,0,0,0,nan,nan,0,3,2006,WD,Abnorml,2282,1,1,1.5,0,1,1,0,0,5.5,142500
20,RL,64.0,9037,Pave,nan,3,HLS,AllPub,Inside,3,Timber,Norm,Norm,1Fam,1Story,8,5,2006,2006,Hip,CompShg,VinylSd,VinylSd,BrkFace,32.0,4,3,PConc,4,3,3,6,428,1,0,1048,1476,GasA,5,1,SBrkr,1484,0,0,1484,0,0,2,0,2,1,5,6,Typ,1,4,Attchd,2006.0,2,2,472,3,3,Y,120,33,0,0,0,0,0,nan,nan,0,12,2007,WD,Normal,2960,1,1,2.0,33,1,1,1,0,6.5,265900
60,RL,65.0,8158,Pave,nan,4,Lvl,AllPub,Inside,3,CollgCr,Norm,Norm,1Fam,2Story,7,5,2003,2003,Gable,CompShg,VinylSd,VinylSd,BrkFace,252.0,4,3,PConc,4,3,1,6,550,1,0,334,884,GasA,5,1,SBrkr,884,884,0,1768,1,0,2,1,3,1,4,8,Typ,0,0,Attchd,2003.0,2,2,543,3,3,Y,0,63,0,0,0,0,0,nan,nan,0,7,2008,WD,Normal,2652,5,5,3.5,63,1,1,0,0,6.0,224900
20,RL,83.0,9849,Pave,nan,4,Lvl,AllPub,Inside,3,Somerst,Norm,Norm,1Fam,1Story,7,6,2007,2007,Hip,CompShg,VinylSd,VinylSd,Stone,0.0,4,3,PConc,4,3,3,1,0,1,0,1689,1689,GasA,5,1,SBrkr,1689,0,0,1689,0,0,2,0,3,1,4,7,Typ,0,0,Attchd,2007.0,2,3,954,3,3,Y,0,56,0,0,0,0,0,nan,nan,0,6,2007,New,Partial,3378,0,0,2.0,56,1,1,0,0,6.5,248328
85,RL,85.0,10625,Pave,nan,4,Lvl,AllPub,Inside,3,NWAmes,Norm,Norm,1Fam,SFoyer,7,6,1974,1974,Gable,CompShg,Plywood,Plywood,BrkFace,81.0,3,3,CBlock,4,3,4,6,885,2,168,0,1053,GasA,3,1,SBrkr,1173,0,0,1173,1,0,2,0,3,1,4,6,Typ,2,3,Attchd,1974.0,2,2,528,3,3,Y,0,120,0,0,0,0,0,MnPrv,nan,0,1,2010,WD,Family,2226,36,36,3.0,120,1,1,1,0,6.5,170000
20,RL,107.0,13891,Pave,nan,4,Lvl,AllPub,Inside,3,NridgHt,Norm,Norm,1Fam,1Story,10,5,2006,2006,Gable,CompShg,VinylSd,VinylSd,BrkFace,0.0,5,3,PConc,5,4,4,6,1386,1,0,690,2076,GasA,5,1,SBrkr,2076,0,0,2076,1,0,2,1,2,1,5,7,Typ,1,4,Attchd,2006.0,3,3,850,3,3,Y,216,229,0,0,0,0,0,nan,nan,0,9,2006,New,Partial,4152,0,0,3.5,229,1,1,1,0,7.5,465000
70,RL,69.0,11435,Pave,nan,3,HLS,AllPub,Corner,2,Crawfor,Norm,Norm,1Fam,2Story,8,7,1929,1950,Gable,CompShg,BrkFace,Stucco,BrkFace,0.0,3,3,PConc,4,3,1,1,0,1,0,792,792,GasA,2,1,SBrkr,792,725,0,1517,0,0,1,0,3,1,4,7,Typ,2,4,Detchd,1931.0,1,2,400,3,3,Y,0,0,0,0,0,0,0,nan,nan,0,6,2006,WD,Normal,2309,77,56,1.0,0,1,1,1,0,7.5,230000
80,RL,78.0,12090,Pave,nan,4,Lvl,AllPub,Inside,3,NWAmes,Norm,Norm,1Fam,SLvl,6,7,1984,2003,Hip,CompShg,VinylSd,VinylSd,BrkFace,74.0,3,3,CBlock,4,3,1,1,0,1,0,585,585,GasA,5,1,SBrkr,1140,728,0,1868,0,0,3,1,3,1,3,7,Typ,1,3,BuiltIn,1984.0,3,2,477,3,3,Y,268,112,0,0,147,0,0,nan,nan,0,1,2007,WD,Abnorml,2453,23,4,3.5,259,1,1,1,0,6.5,178000
60,FV,65.0,8125,Pave,nan,4,Lvl,AllPub,Inside,3,Somerst,Norm,Norm,1Fam,2Story,7,5,2005,2006,Gable,CompShg,VinylSd,VinylSd,BrkFace,0.0,4,3,PConc,4,3,1,1,0,1,0,756,756,GasA,5,1,SBrkr,756,797,0,1553,0,0,2,1,3,1,4,6,Typ,0,0,Attchd,2005.0,2,2,615,3,3,Y,0,45,0,0,0,0,0,nan,nan,0,3,2006,New,Partial,2309,1,0,2.5,45,1,1,0,0,6.0,186500
80,RL,69.0,12328,Pave,nan,3,Lvl,AllPub,Inside,3,Mitchel,Norm,Norm,1Fam,SLvl,6,5,1976,1976,Gable,CompShg,HdBoard,HdBoard,BrkFace,335.0,3,3,CBlock,3,3,3,6,539,1,0,473,1012,GasA,3,1,SBrkr,1034,0,0,1034,1,0,1,0,3,1,3,6,Typ,0,0,Attchd,1976.0,1,3,888,3,3,Y,0,0,0,0,0,0,0,nan,nan,0,5,2010,WD,Normal,2046,34,34,2.0,0,1,1,0,0,5.5,169900
75,RM,60.0,9600,Pave,Grvl,4,Lvl,AllPub,Inside,3,OldTown,Norm,Norm,1Fam,2.5Unf,6,5,1917,1950,Gable,CompShg,AsbShng,AsbShng,BrkFace,0.0,3,3,BrkTil,4,3,1,3,319,1,0,416,735,OthW,2,0,SBrkr,1134,924,0,2058,0,0,1,1,3,1,3,8,Typ,1,4,Detchd,1950.0,1,2,396,2,2,P,0,0,259,0,0,0,0,nan,nan,0,4,2008,WD,Normal,2793,91,58,1.5,259,1,1,1,0,5.5,129500
20,RL,60.0,7200,Pave,nan,4,Lvl,AllPub,Inside,3,NAmes,Norm,Norm,1Fam,1Story,5,7,1950,1950,Gable,CompShg,MetalSd,MetalSd,BrkFace,0.0,3,3,CBlock,3,3,1,4,534,3,96,246,876,GasA,3,1,SBrkr,988,0,0,988,0,0,1,0,3,1,3,6,Typ,0,0,Attchd,1950.0,1,1,276,3,3,Y,0,80,0,0,0,0,0,nan,nan,0,5,2007,WD,Normal,1864,57,57,1.0,80,1,1,0,0,6.0,119000
20,RL,93.0,11160,Pave,nan,4,Lvl,AllPub,Corner,3,NAmes,Norm,Norm,1Fam,1Story,7,5,1968,1968,Hip,CompShg,BrkFace,BrkFace,BrkFace,0.0,4,3,CBlock,3,3,1,5,1065,1,0,1045,2110,GasA,5,1,SBrkr,2110,0,0,2110,1,0,2,1,3,1,5,8,Typ,2,3,Attchd,1968.0,3,2,522,3,3,Y,0,0,0,0,0,0,0,nan,nan,0,4,2010,WD,Normal,4220,42,42,3.5,0,1,1,1,0,6.0,244000
120,RL,69.0,3136,Pave,nan,3,Lvl,AllPub,Corner,3,NridgHt,Norm,Norm,TwnhsE,1Story,7,5,2003,2003,Gable,CompShg,VinylSd,Wd Shng,Stone,163.0,4,3,PConc,4,3,1,1,0,1,0,1405,1405,GasA,5,1,SBrkr,1405,0,0,1405,0,0,2,0,2,1,4,6,Typ,1,4,Attchd,2003.0,2,2,478,3,3,Y,148,36,0,0,0,0,0,nan,nan,0,3,2006,WD,Normal,2810,3,3,2.0,36,1,1,1,0,6.0,171750
20,RL,62.0,9858,Pave,nan,4,Lvl,AllPub,Inside,3,Mitchel,Norm,Norm,1Fam,1Story,5,6,1968,1968,Gable,CompShg,HdBoard,HdBoard,BrkFace,0.0,3,3,CBlock,3,3,1,4,510,1,0,354,864,GasA,3,1,SBrkr,874,0,0,874,1,0,1,0,3,1,3,5,Typ,0,0,Attchd,1968.0,2,1,288,3,3,Y,33,0,0,0,0,0,0,GdWo,Shed,600,11,2009,WD,Normal,1738,41,41,2.0,0,1,1,0,0,5.5,130000
60,RL,69.0,17542,Pave,nan,3,Lvl,AllPub,Inside,3,Veenker,Norm,Norm,1Fam,2Story,7,7,1974,2003,Gable,CompShg,Wd Sdng,Wd Sdng,BrkFace,0.0,4,3,CBlock,3,3,4,2,125,5,1031,36,1192,GasA,3,1,SBrkr,1516,651,0,2167,1,0,2,1,3,1,4,9,Typ,2,4,Attchd,1974.0,2,2,518,3,3,Y,220,47,0,0,0,0,0,MnPrv,nan,0,7,2007,WD,Normal,3359,33,4,3.5,47,1,1,1,0,7.0,294000
60,RL,60.0,6931,Pave,nan,4,Lvl,AllPub,Inside,3,Edwards,Norm,Norm,1Fam,2Story,7,5,2003,2004,Gable,CompShg,VinylSd,VinylSd,Stone,92.0,4,3,PConc,4,3,1,1,0,1,0,746,746,GasA,5,1,SBrkr,760,896,0,1656,0,0,2,1,3,1,4,7,Typ,1,4,BuiltIn,2003.0,3,2,397,3,3,Y,178,128,0,0,0,0,0,nan,nan,0,7,2008,WD,Normal,2402,5,4,2.5,128,1,1,1,0,6.0,165400
50,RM,52.0,6240,Pave,nan,4,Lvl,AllPub,Inside,3,BrkSide,Norm,Norm,1Fam,1.5Fin,6,6,1931,1950,Gable,CompShg,Wd Sdng,Wd Sdng,BrkFace,0.0,3,3,BrkTil,3,2,1,2,425,1,0,459,884,GasA,3,1,FuseA,959,408,0,1367,0,0,1,0,3,1,3,6,Typ,1,4,Detchd,1978.0,1,1,560,3,3,Y,0,0,0,0,120,0,0,nan,nan,0,11,2007,WD,Normal,2251,76,57,1.0,120,1,1,1,0,6.0,127500
20,RL,91.0,14303,Pave,nan,3,Lvl,AllPub,Corner,3,NoRidge,Norm,Norm,1Fam,1Story,8,5,1994,1994,Hip,CompShg,HdBoard,HdBoard,BrkFace,554.0,4,3,PConc,4,3,4,6,1314,1,0,672,1986,GasA,5,1,SBrkr,1987,0,0,1987,1,0,2,0,2,1,4,7,Typ,1,3,Attchd,1994.0,3,2,691,3,3,Y,262,36,0,0,0,0,0,nan,nan,0,8,2008,WD,Normal,3973,14,14,3.0,36,1,1,1,0,6.5,301500
30,RL,56.0,4060,Pave,nan,4,Lvl,AllPub,Corner,3,Edwards,Feedr,Norm,1Fam,1Story,5,8,1922,1950,Gable,CompShg,Wd Sdng,Wd Sdng,BrkFace,0.0,3,3,PConc,2,3,1,1,0,1,0,864,864,GasA,5,1,SBrkr,864,0,0,864,0,0,1,0,2,1,3,4,Typ,0,0,nan,1980.0,0,0,0,0,0,Y,0,96,0,0,0,0,0,nan,nan,0,7,2009,WD,Normal,1728,87,59,1.0,96,0,1,0,0,6.5,99900
80,RL,59.0,9587,Pave,nan,3,Lvl,AllPub,Inside,3,Gilbert,Norm,Norm,1Fam,SLvl,7,5,2005,2005,Gable,CompShg,VinylSd,VinylSd,Stone,182.0,4,3,PConc,4,3,4,6,655,1,0,201,856,GasA,5,1,SBrkr,1166,0,0,1166,1,0,2,0,2,1,4,5,Typ,0,0,Attchd,2005.0,3,2,400,3,3,Y,212,0,0,0,0,0,0,nan,nan,0,7,2008,WD,Normal,2022,3,3,3.0,0,1,1,0,0,6.0,190000
20,RL,65.0,9750,Pave,nan,4,Lvl,AllPub,FR2,3,NAmes,Norm,Norm,1Fam,1Story,6,8,1969,1969,Gable,CompShg,HdBoard,HdBoard,BrkFace,0.0,3,3,CBlock,4,3,1,5,602,2,438,14,1054,GasA,4,1,SBrkr,1054,0,0,1054,1,0,1,1,3,1,3,6,Typ,0,0,Attchd,1969.0,1,2,460,3,3,Y,180,0,0,0,80,0,0,nan,nan,0,7,2008,WD,Normal,2108,39,39,2.5,80,1,1,0,0,7.0,151000
60,RL,69.0,24682,Pave,nan,1,Lvl,AllPub,CulDSac,3,Gilbert,RRAn,Norm,1Fam,2Story,6,5,1999,1999,Gable,CompShg,VinylSd,VinylSd,BrkFace,0.0,3,3,PConc,4,3,1,1,0,1,0,841,841,GasA,5,1,SBrkr,892,783,0,1675,0,0,2,1,3,1,3,7,Typ,1,3,BuiltIn,1999.0,3,2,502,3,3,Y,0,103,0,0,0,0,0,nan,nan,0,6,2009,WD,Normal,2516,10,10,2.5,103,1,1,1,0,5.5,181000
20,RL,80.0,9600,Pave,nan,4,Lvl,AllPub,Inside,3,NAmes,Norm,Norm,1Fam,1Story,5,6,1956,1956,Hip,CompShg,MetalSd,MetalSd,BrkFace,0.0,3,3,CBlock,3,3,1,3,504,1,0,546,1050,GasA,4,1,SBrkr,1050,0,0,1050,0,0,1,0,2,1,3,5,Typ,0,0,Attchd,1956.0,1,1,338,3,3,Y,0,0,0,0,0,0,0,nan,nan,0,6,2009,WD,Normal,2100,53,53,1.0,0,1,1,0,0,5.5,128900
50,RL,69.0,11250,Pave,nan,4,Lvl,AllPub,Inside,3,ClearCr,Norm,Norm,1Fam,1.5Fin,4,5,1957,1989,Gable,CompShg,Wd Sdng,Wd Sdng,BrkFace,0.0,3,3,CBlock,3,3,3,1,0,1,0,1104,1104,GasA,5,1,FuseA,1104,684,0,1788,1,0,1,0,5,1,3,8,Min2,2,3,Attchd,1957.0,1,1,304,3,3,Y,120,0,0,0,0,0,0,nan,nan,0,11,2009,WD,Normal,2892,52,20,2.0,0,1,1,1,0,4.5,161500
70,RL,60.0,13515,Pave,Pave,4,Lvl,AllPub,Inside,3,BrkSide,Norm,Norm,1Fam,2Story,6,6,1919,1950,Gambrel,CompShg,Wd Sdng,Wd Sdng,BrkFace,0.0,3,3,PConc,3,3,1,1,0,1,0,764,764,GasA,5,1,FuseA,1060,764,0,1824,0,0,1,0,3,1,3,8,Typ,1,4,Detchd,1940.0,1,2,520,3,3,N,0,0,126,0,0,0,0,GdPrv,nan,0,7,2007,WD,Normal,2588,88,57,1.0,126,1,1,1,0,6.0,180500
120,RH,34.0,4060,Pave,nan,4,Lvl,AllPub,Inside,3,NAmes,Norm,Norm,TwnhsE,1Story,6,5,1998,1999,Gable,CompShg,MetalSd,MetalSd,BrkFace,0.0,4,3,PConc,4,3,1,6,266,1,0,1139,1405,GasA,5,1,SBrkr,1337,0,0,1337,1,0,2,0,2,1,4,5,Typ,0,0,Attchd,1998.0,3,2,511,3,3,Y,144,68,0,0,0,0,0,nan,nan,0,8,2008,COD,Abnorml,2742,10,9,3.0,68,1,1,0,0,5.5,181000
160,FV,35.0,3735,Pave,nan,4,Lvl,AllPub,FR3,3,Somerst,Norm,Norm,TwnhsE,2Story,7,5,1999,1999,Hip,CompShg,MetalSd,MetalSd,BrkFace,218.0,4,3,PConc,4,3,1,6,450,1,0,241,691,GasA,5,1,SBrkr,713,739,0,1452,1,0,2,1,3,1,4,6,Typ,0,0,Detchd,1999.0,1,2,506,3,3,Y,0,34,0,0,0,0,0,nan,nan,0,3,2006,WD,Normal,2143,7,7,3.5,34,1,1,0,0,6.0,183900
190,RM,60.0,10120,Pave,nan,3,Bnk,AllPub,Inside,3,OldTown,Feedr,Norm,2fmCon,2.5Unf,7,4,1910,1950,Hip,CompShg,Wd Sdng,Wd Sdng,BrkFace,0.0,2,3,CBlock,3,3,1,1,0,1,0,925,925,GasA,3,0,FuseF,964,925,0,1889,0,0,1,1,4,2,3,9,Typ,1,4,Detchd,1960.0,1,1,308,3,3,N,0,0,264,0,0,0,0,MnPrv,nan,0,1,2007,WD,Normal,2814,97,57,1.5,264,1,1,1,0,5.5,122000
20,RL,89.0,13214,Pave,nan,3,HLS,AllPub,Inside,3,Timber,Norm,Norm,1Fam,1Story,9,5,2008,2009,Hip,CompShg,Stucco,CmentBd,BrkFace,0.0,5,3,PConc,5,3,4,1,0,1,0,2002,2002,GasA,5,1,SBrkr,2018,0,0,2018,0,0,2,0,3,1,5,10,Typ,1,4,Attchd,2009.0,3,3,746,3,3,Y,144,76,0,0,0,0,0,nan,nan,0,5,2010,WD,Normal,4020,2,1,2.0,76,1,1,1,0,7.0,378500
50,RL,69.0,14100,Pave,nan,3,Lvl,AllPub,Inside,2,Crawfor,Norm,Norm,1Fam,1.5Fin,8,9,1935,1997,Gable,CompShg,Stucco,Stucco,BrkFace,632.0,3,4,CBlock,3,3,2,3,192,1,0,536,728,GasA,5,1,SBrkr,1968,1479,0,3447,0,0,3,1,4,1,4,11,Typ,2,4,BuiltIn,1982.0,1,3,1014,3,3,Y,314,12,0,0,0,0,0,GdWo,nan,0,5,2008,WD,Normal,4175,73,11,3.5,12,1,1,1,0,8.5,381000
50,RL,78.0,11344,Pave,nan,4,Lvl,AllPub,Inside,3,NAmes,Feedr,Norm,1Fam,1.5Fin,5,5,1958,1958,Gable,CompShg,MetalSd,MetalSd,BrkFace,180.0,3,3,CBlock,3,3,1,4,460,1,0,414,874,GasW,3,1,FuseA,874,650,0,1524,0,0,1,1,3,1,3,7,Typ,0,0,Attchd,1958.0,1,1,315,3,3,Y,0,0,0,0,0,0,0,GdWo,nan,0,7,2007,WD,Normal,2398,49,49,1.5,0,1,1,0,0,5.0,144000
40,RL,69.0,23595,Pave,nan,4,Low,AllPub,Inside,1,ClearCr,Norm,Norm,1Fam,1Story,7,6,1979,1979,Shed,WdShake,Plywood,Plywood,BrkFace,0.0,4,3,PConc,4,3,4,6,1258,1,0,74,1332,GasA,3,1,SBrkr,1332,192,0,1524,2,0,0,1,0,1,4,4,Typ,1,3,Attchd,1979.0,3,2,586,3,3,Y,268,0,0,0,0,0,0,nan,nan,0,4,2010,WD,Normal,2856,31,31,2.5,0,1,1,1,0,6.5,260000
20,RL,69.0,9156,Pave,nan,3,Lvl,AllPub,Inside,3,NWAmes,PosN,Norm,1Fam,1Story,6,7,1968,1968,Hip,CompShg,BrkFace,BrkFace,BrkFace,0.0,3,3,CBlock,3,3,1,1,0,1,0,1489,1489,GasA,4,1,SBrkr,1489,0,0,1489,0,0,2,0,3,1,4,7,Typ,1,4,Attchd,1968.0,2,2,462,3,3,Y,0,0,0,0,0,0,0,nan,nan,0,8,2009,WD,Normal,2978,41,41,2.0,0,1,1,1,0,6.5,185750
20,RL,69.0,13526,Pave,nan,3,Lvl,AllPub,CulDSac,3,Sawyer,Norm,Norm,1Fam,1Story,5,6,1965,1965,Hip,CompShg,HdBoard,Plywood,BrkFace,114.0,3,3,CBlock,3,3,1,4,560,2,375,0,935,GasA,3,1,SBrkr,935,0,0,935,1,0,1,0,3,1,3,5,Typ,0,0,Attchd,1965.0,1,1,288,3,3,Y,180,0,0,0,0,0,0,MnPrv,nan,0,11,2006,WD,Normal,1870,41,41,2.0,0,1,1,0,0,5.5,137000
80,RL,124.0,11512,Pave,nan,3,Lvl,AllPub,Corner,3,Edwards,Norm,Norm,1Fam,SLvl,6,7,1959,2006,Gable,CompShg,Plywood,Plywood,BrkFace,84.0,3,3,CBlock,3,3,3,5,719,1,0,300,1019,GasA,4,1,SBrkr,1357,0,0,1357,1,0,1,0,2,1,5,5,Typ,1,4,Basment,1959.0,2,1,312,3,3,Y,0,0,0,0,163,0,0,GdPrv,nan,0,5,2008,WD,Normal,2376,49,2,2.0,163,1,1,1,0,6.5,177000
50,RL,53.0,5362,Pave,nan,4,Lvl,AllPub,Corner,3,Crawfor,Norm,Norm,1Fam,1.5Fin,5,6,1910,2003,Gable,CompShg,Wd Sdng,Wd Shng,BrkFace,0.0,3,3,PConc,3,3,1,1,0,1,0,661,661,GasA,5,1,SBrkr,661,589,0,1250,0,0,2,0,3,1,3,8,Typ,1,4,Detchd,1985.0,1,2,552,3,3,Y,242,0,81,0,0,0,0,nan,nan,0,11,2007,WD,Normal,1911,97,4,2.0,81,1,1,1,0,5.5,139000
90,RL,95.0,11345,Pave,nan,4,Lvl,AllPub,Corner,3,NAmes,Feedr,Norm,Duplex,2Story,5,5,1948,1950,Gable,Roll,AsbShng,AsbShng,Stone,567.0,3,3,CBlock,3,3,1,3,220,1,0,708,928,GasA,4,1,FuseA,928,992,0,1920,0,0,2,0,4,2,3,10,Typ,0,0,Detchd,1948.0,1,2,400,3,2,Y,0,0,0,0,0,0,0,nan,nan,0,7,2007,WD,Normal,2848,59,57,2.0,0,1,1,0,0,5.0,137000
60,RL,69.0,12936,Pave,nan,3,Lvl,AllPub,CulDSac,3,NWAmes,Norm,Norm,1Fam,2Story,6,6,1972,1972,Gable,CompShg,HdBoard,Plywood,BrkFace,0.0,3,3,CBlock,3,4,1,4,593,1,0,130,723,GasA,3,1,SBrkr,735,660,0,1395,0,1,1,1,3,1,3,6,Typ,1,3,Attchd,1972.0,1,2,497,3,3,Y,294,116,0,0,0,0,0,nan,nan,0,12,2009,WD,Normal,2118,37,37,2.0,116,1,1,1,0,6.0,162000
80,RL,69.0,17871,Pave,nan,3,Lvl,AllPub,CulDSac,3,NWAmes,Norm,Norm,1Fam,SLvl,6,5,1967,1976,Gable,CompShg,HdBoard,HdBoard,BrkFace,359.0,3,3,CBlock,4,3,3,5,528,1,0,1152,1680,GasA,2,1,SBrkr,1724,0,0,1724,1,0,1,1,3,1,3,7,Typ,1,4,Attchd,1967.0,2,2,480,3,3,Y,0,0,0,0,0,0,0,nan,nan,0,6,2009,WD,Normal,3404,42,33,2.5,0,1,1,1,0,5.5,197900
60,RL,75.0,9473,Pave,nan,4,Lvl,AllPub,Inside,3,CollgCr,Norm,Norm,1Fam,2Story,8,5,2002,2002,Gable,CompShg,VinylSd,VinylSd,BrkFace,0.0,4,3,PConc,4,3,1,6,804,1,0,324,1128,GasA,5,1,SBrkr,1128,903,0,2031,1,0,2,1,3,1,4,7,Typ,1,4,Attchd,2002.0,2,2,577,3,3,Y,0,211,0,0,0,0,0,nan,nan,0,3,2008,WD,Normal,3159,6,6,3.5,211,1,1,1,0,6.5,237000
50,C (all),60.0,7500,Pave,nan,4,Lvl,AllPub,Inside,3,IDOTRR,Norm,Norm,1Fam,1.5Fin,4,4,1920,1950,Gable,CompShg,MetalSd,MetalSd,BrkFace,0.0,3,4,CBlock,3,3,1,1,0,1,0,698,698,GasA,3,1,FuseA,698,430,0,1128,0,0,1,0,2,1,3,6,Typ,0,0,Detchd,1980.0,2,2,528,3,3,Y,30,0,164,0,0,0,0,nan,nan,0,4,2010,COD,Abnorml,1826,90,60,1.0,164,1,1,0,0,4.0,68400
20,RL,67.0,9808,Pave,nan,3,Lvl,AllPub,Inside,3,CollgCr,Norm,Norm,1Fam,1Story,7,5,2002,2002,Gable,CompShg,VinylSd,VinylSd,BrkFace,110.0,4,3,PConc,4,3,1,6,788,1,0,785,1573,GasA,5,1,SBrkr,1573,0,0,1573,1,0,2,0,3,1,4,6,Typ,0,0,Attchd,2002.0,2,2,544,3,3,Y,0,72,0,0,0,0,0,nan,nan,0,3,2009,WD,Normal,3146,7,7,3.0,72,1,1,0,0,6.0,227000
20,RL,50.0,8049,Pave,nan,3,Lvl,AllPub,CulDSac,3,Timber,Norm,Norm,1Fam,1Story,7,5,1990,1990,Hip,CompShg,HdBoard,HdBoard,BrkFace,54.0,3,3,CBlock,4,3,1,5,1053,1,0,256,1309,GasA,3,1,SBrkr,1339,0,0,1339,1,0,2,0,2,1,3,6,Typ,1,3,Attchd,1990.0,3,2,484,4,4,Y,0,58,0,0,90,0,0,nan,nan,0,7,2006,WD,Normal,2648,16,16,3.0,148,1,1,1,0,6.0,180000
20,RL,61.0,8800,Pave,nan,3,Lvl,AllPub,Inside,3,CollgCr,Norm,Norm,1Fam,1Story,5,7,1977,2008,Gable,CompShg,HdBoard,HdBoard,BrkFace,0.0,3,3,CBlock,4,3,2,2,532,3,144,364,1040,GasA,3,1,SBrkr,1040,0,0,1040,0,0,2,0,3,1,4,5,Typ,0,0,Detchd,1977.0,1,2,484,3,3,Y,0,0,0,0,288,0,0,nan,nan,0,9,2009,WD,Normal,2080,32,1,2.0,288,1,1,0,0,6.0,150500
90,RL,94.0,9400,Pave,nan,4,Low,AllPub,Corner,3,Mitchel,Norm,Norm,Duplex,2Story,6,5,1971,1971,Mansard,CompShg,MetalSd,Wd Shng,BrkFace,0.0,3,3,CBlock,3,3,3,1,0,1,0,912,912,GasA,3,1,SBrkr,912,912,0,1824,0,0,2,2,4,2,3,8,Typ,0,0,nan,1980.0,0,0,0,0,0,Y,128,0,0,0,0,0,0,nan,nan,0,4,2010,WD,Normal,2736,39,39,3.0,0,0,1,0,0,5.5,139000
50,RL,50.0,9638,Pave,nan,4,Lvl,AllPub,Inside,3,SWISU,Feedr,Norm,1Fam,1.5Fin,6,7,1919,1990,Gable,CompShg,Wd Sdng,Wd Shng,BrkFace,0.0,3,3,PConc,3,3,1,1,0,1,0,804,804,GasA,5,1,SBrkr,1699,748,0,2447,0,0,2,0,4,1,4,10,Min2,1,4,Detchd,1969.0,1,1,336,3,3,Y,272,0,42,0,116,0,0,nan,nan,0,3,2010,WD,Normal,3251,91,20,2.0,158,1,1,1,0,6.5,169000
50,RM,50.0,6000,Pave,nan,4,Lvl,AllPub,Inside,3,BrkSide,Norm,Norm,1Fam,1.5Fin,6,6,1939,1950,Gable,CompShg,MetalSd,MetalSd,BrkFace,0.0,3,2,CBlock,3,3,1,1,0,1,0,780,780,GasA,5,1,FuseF,825,587,0,1412,0,0,1,0,4,1,3,6,Typ,1,4,Detchd,1939.0,1,1,280,3,3,Y,45,0,0,0,0,0,0,nan,nan,0,5,2009,WD,Normal,2192,70,59,1.0,0,1,1,1,0,6.0,132500
20,RL,69.0,9790,Pave,nan,4,Lvl,AllPub,Inside,3,NWAmes,Feedr,Norm,1Fam,1Story,6,5,1963,1963,Hip,CompShg,HdBoard,HdBoard,BrkFace,451.0,3,3,CBlock,3,3,1,5,569,3,81,678,1328,GasA,3,1,SBrkr,1328,0,0,1328,1,0,1,1,3,1,3,6,Typ,2,4,Attchd,1963.0,1,2,528,3,3,Y,0,26,0,0,0,0,0,nan,nan,0,6,2010,WD,Normal,2656,47,47,2.5,26,1,1,1,0,5.5,143000
20,RL,69.0,36500,Pave,nan,3,Low,AllPub,Inside,2,ClearCr,Norm,Norm,1Fam,1Story,5,5,1964,1964,Gable,CompShg,Wd Sdng,Wd Sdng,BrkCmn,621.0,3,4,CBlock,3,3,3,3,812,1,0,812,1624,GasA,2,1,SBrkr,1582,0,0,1582,0,1,2,0,4,1,3,7,Typ,0,0,Attchd,1964.0,1,2,390,3,3,N,168,198,0,0,0,0,0,nan,nan,0,6,2006,WD,Normal,3206,42,42,2.5,198,1,1,0,0,5.0,190000
120,RL,40.0,5664,Pave,nan,3,Lvl,AllPub,Inside,3,StoneBr,Norm,Norm,TwnhsE,1Story,8,5,2000,2000,Gable,CompShg,CemntBd,CmentBd,BrkFace,0.0,4,3,PConc,4,3,1,6,1158,1,0,343,1501,GasA,5,1,SBrkr,1659,0,0,1659,1,0,2,0,2,1,5,5,Typ,1,5,Attchd,2000.0,3,2,499,3,3,Y,212,59,0,0,0,0,0,nan,nan,0,10,2009,WD,Normal,3160,9,9,3.0,59,1,1,1,0,6.5,278000
60,RL,86.0,11065,Pave,nan,3,Lvl,AllPub,Inside,3,NridgHt,Norm,Norm,1Fam,2Story,8,5,2006,2006,Gable,CompShg,VinylSd,VinylSd,Stone,788.0,4,3,PConc,4,3,2,1,0,1,0,1085,1085,GasA,5,1,SBrkr,1120,850,0,1970,0,0,2,1,3,1,5,8,Typ,1,4,BuiltIn,2006.0,3,3,753,3,3,Y,177,74,0,0,0,0,0,nan,nan,0,10,2006,New,Partial,3055,0,0,2.5,74,1,1,1,0,6.5,281000
80,RL,69.0,14112,Pave,nan,3,Lvl,AllPub,Corner,3,NAmes,Norm,Norm,1Fam,SLvl,5,7,1964,1964,Hip,CompShg,Wd Sdng,HdBoard,BrkFace,86.0,3,3,PConc,3,3,3,6,1014,1,0,138,1152,GasA,3,1,SBrkr,1152,0,0,1152,1,0,1,0,3,1,3,6,Typ,1,4,Attchd,1964.0,2,2,484,3,3,Y,227,0,0,0,0,0,0,nan,nan,0,4,2010,WD,Normal,2304,46,46,2.0,0,1,1,1,0,6.0,180500
160,RM,21.0,1680,Pave,nan,4,Lvl,AllPub,Inside,3,BrDale,Norm,Norm,Twnhs,2Story,5,7,1972,1972,Gable,CompShg,CemntBd,CmentBd,BrkFace,268.0,3,3,CBlock,3,3,1,5,231,1,0,399,630,GasA,3,1,SBrkr,630,672,0,1302,0,0,2,1,3,1,3,6,Typ,0,0,Detchd,1972.0,1,1,264,3,3,Y,185,0,0,0,0,0,0,nan,nan,0,2,2009,WD,Normal,1932,37,37,2.5,0,1,1,0,0,6.0,119500
70,RM,60.0,6600,Pave,nan,4,Lvl,AllPub,Corner,3,OldTown,Norm,Norm,1Fam,2Story,5,4,1892,1965,Gable,CompShg,Wd Sdng,Wd Sdng,BrkFace,0.0,3,3,Stone,3,3,1,1,0,1,0,994,994,GasA,3,0,SBrkr,1378,994,0,2372,0,0,2,0,4,2,3,11,Min2,0,0,Attchd,1985.0,2,1,432,3,3,Y,0,287,0,0,0,0,0,nan,nan,0,12,2009,WD,Normal,3366,117,44,2.0,287,1,1,0,0,4.5,107500
60,RL,78.0,10140,Pave,nan,4,Lvl,AllPub,Inside,3,NWAmes,Norm,Norm,1Fam,2Story,7,5,1976,1976,Gable,CompShg,HdBoard,HdBoard,BrkFace,0.0,3,3,PConc,4,3,1,6,194,1,0,638,832,GasA,3,1,SBrkr,832,832,0,1664,0,0,2,1,4,1,3,8,Typ,1,3,Attchd,1976.0,2,2,528,3,3,Y,0,28,0,0,259,0,0,GdWo,nan,0,3,2006,WD,Normal,2496,30,30,2.5,287,1,1,1,0,6.0,162900
20,RL,60.0,8172,Pave,nan,4,Lvl,AllPub,Inside,3,Edwards,Norm,Norm,1Fam,1Story,5,7,1955,1990,Hip,CompShg,WdShing,Plywood,BrkFace,0.0,3,3,CBlock,3,3,1,3,167,1,0,697,864,GasA,3,1,SBrkr,864,0,0,864,1,0,1,0,2,1,3,5,Typ,0,0,Detchd,1957.0,1,2,572,3,3,N,0,0,0,0,0,0,0,nan,nan,0,4,2006,WD,Normal,1728,51,16,2.0,0,1,1,0,0,6.0,115000
20,RL,70.0,8400,Pave,nan,4,Lvl,AllPub,Inside,3,NAmes,Feedr,Norm,1Fam,1Story,5,5,1968,1968,Hip,CompShg,HdBoard,HdBoard,BrkFace,168.0,3,3,CBlock,3,3,3,4,1016,1,0,36,1052,GasA,4,1,SBrkr,1052,0,0,1052,1,0,1,1,3,1,3,5,Typ,0,0,Attchd,1968.0,2,1,288,3,3,Y,356,0,0,0,0,0,0,GdWo,nan,0,11,2006,WD,Normal,2104,38,38,2.5,0,1,1,0,0,5.0,138500
20,RL,80.0,8700,Pave,nan,4,Lvl,AllPub,Inside,3,NAmes,Norm,Norm,1Fam,1Story,5,6,1963,1963,Hip,CompShg,MetalSd,MetalSd,BrkFace,148.0,3,4,CBlock,3,3,2,5,776,1,0,344,1120,GasA,4,1,SBrkr,1128,0,0,1128,1,0,2,0,3,1,3,6,Typ,0,0,Attchd,1963.0,2,2,525,3,3,Y,192,20,123,0,0,0,0,MnPrv,nan,0,12,2008,WD,Normal,2248,45,45,3.0,143,1,1,0,0,5.5,155000
180,RM,35.0,3675,Pave,nan,4,Lvl,AllPub,Inside,3,Edwards,Norm,Norm,TwnhsE,SFoyer,6,5,2005,2006,Gable,CompShg,VinylSd,VinylSd,BrkFace,82.0,3,3,PConc,4,3,4,6,547,1,0,0,547,GasA,4,1,SBrkr,1072,0,0,1072,1,0,2,0,2,1,3,5,Typ,0,0,Basment,2005.0,3,2,525,3,3,Y,0,44,0,0,0,0,0,nan,nan,0,6,2006,New,Partial,1619,1,0,3.0,44,1,1,0,0,5.5,140000
60,RL,313.0,63887,Pave,nan,1,Bnk,AllPub,Corner,3,Edwards,Feedr,Norm,1Fam,2Story,10,5,2008,2008,Hip,ClyTile,Stucco,Stucco,Stone,796.0,5,3,PConc,5,3,4,6,5644,1,0,466,6110,GasA,5,1,SBrkr,4692,950,0,5642,2,0,2,1,3,1,5,12,Typ,3,4,Attchd,2008.0,3,2,1418,3,3,Y,214,292,0,0,0,480,3,nan,nan,0,1,2008,New,Partial,11752,0,0,4.5,292,1,1,1,1,7.5,160000
20,RL,75.0,7500,Pave,nan,4,Lvl,AllPub,Inside,3,NAmes,Norm,Norm,1Fam,1Story,5,7,1959,1994,Hip,CompShg,BrkFace,BrkFace,BrkFace,0.0,3,3,CBlock,3,3,1,2,340,3,906,0,1246,GasA,5,1,SBrkr,1246,0,0,1246,1,0,1,1,3,1,4,6,Typ,0,0,Attchd,1959.0,2,1,305,3,3,Y,218,0,0,0,0,0,0,GdPrv,nan,0,5,2010,WD,Normal,2492,51,16,2.5,0,1,1,0,0,6.0,154000
60,RL,69.0,10762,Pave,nan,3,Lvl,AllPub,CulDSac,3,Gilbert,Norm,Norm,1Fam,2Story,7,5,1999,1999,Gable,CompShg,VinylSd,VinylSd,BrkFace,344.0,4,3,PConc,4,3,1,6,694,1,0,284,978,GasA,5,1,SBrkr,1005,978,0,1983,0,0,2,1,3,1,4,9,Typ,1,3,Attchd,1999.0,3,2,490,3,3,Y,0,0,0,0,0,0,0,nan,nan,0,5,2009,WD,Normal,2961,10,10,2.5,0,1,1,1,0,6.0,225000
70,RL,69.0,7500,Pave,nan,3,Bnk,AllPub,Inside,3,Crawfor,Norm,Norm,1Fam,2Story,6,7,1942,1950,Gable,CompShg,Wd Sdng,Wd Sdng,BrkFace,0.0,3,3,CBlock,3,3,1,4,547,1,0,224,771,GasA,2,1,SBrkr,753,741,0,1494,0,0,1,0,3,1,4,7,Typ,2,4,Attchd,1942.0,1,1,213,3,3,P,0,0,0,0,224,0,0,nan,nan,0,11,2009,WD,Normal,2265,67,59,1.0,224,1,1,1,0,6.5,177500
60,RL,92.0,10120,Pave,nan,4,Lvl,AllPub,Inside,3,NoRidge,Norm,Norm,1Fam,2Story,8,5,1994,1994,Hip,CompShg,VinylSd,VinylSd,BrkFace,391.0,4,3,PConc,4,3,1,6,740,1,0,425,1165,GasA,5,1,SBrkr,1203,1323,0,2526,1,0,2,1,4,1,4,8,Typ,1,3,Attchd,1994.0,2,3,844,3,3,Y,309,78,0,0,0,0,0,nan,nan,0,12,2006,WD,Normal,3691,12,12,3.5,78,1,1,1,0,6.5,290000
20,RL,73.0,8688,Pave,nan,4,Lvl,AllPub,Inside,3,Somerst,Norm,Norm,1Fam,1Story,7,5,2005,2005,Gable,CompShg,VinylSd,VinylSd,BrkFace,228.0,4,3,PConc,4,3,3,1,0,1,0,1616,1616,GasA,5,1,SBrkr,1616,0,0,1616,0,0,2,0,3,1,4,7,Typ,0,0,Attchd,2005.0,2,3,834,3,3,Y,208,59,0,0,0,0,0,nan,nan,0,4,2006,WD,Normal,3232,1,1,2.0,59,1,1,0,0,6.0,232000
160,RM,32.0,3363,Pave,nan,4,Lvl,AllPub,Inside,3,Edwards,Norm,Norm,TwnhsE,2Story,7,5,2004,2004,Gable,CompShg,VinylSd,VinylSd,Stone,117.0,4,3,PConc,4,3,1,1,0,1,0,976,976,GasA,5,1,SBrkr,976,732,0,1708,0,0,2,0,3,1,4,7,Maj1,0,0,Detchd,2004.0,1,2,380,3,3,Y,0,40,0,0,0,0,0,nan,nan,0,4,2006,WD,Normal,2684,2,2,2.0,40,1,1,0,0,6.0,130000
20,RL,108.0,13173,Pave,nan,3,Lvl,AllPub,Corner,3,NridgHt,Norm,Norm,1Fam,1Story,9,5,2006,2007,Hip,CompShg,VinylSd,VinylSd,Stone,300.0,4,3,PConc,5,3,1,6,1572,1,0,80,1652,GasA,5,1,SBrkr,1652,0,0,1652,1,0,2,0,2,1,5,6,Typ,2,5,Attchd,2006.0,3,2,840,3,3,Y,404,102,0,0,0,0,0,nan,nan,0,11,2009,WD,Normal,3304,3,2,3.0,102,1,1,1,0,7.0,325000
120,RL,48.0,6955,Pave,nan,3,Lvl,AllPub,Inside,3,NridgHt,Norm,Norm,TwnhsE,1Story,7,5,2005,2006,Gable,CompShg,VinylSd,VinylSd,Stone,94.0,4,3,PConc,4,3,1,1,0,1,0,1368,1368,GasA,5,1,SBrkr,1368,0,0,1368,0,0,2,0,2,1,4,6,Typ,1,4,Attchd,2005.0,2,2,474,3,3,Y,132,35,0,0,0,0,0,nan,nan,0,9,2006,New,Partial,2736,1,0,2.0,35,1,1,1,0,6.0,202500
20,RL,60.0,8072,Pave,nan,4,Lvl,AllPub,Inside,3,CollgCr,Norm,Norm,1Fam,1Story,5,5,1994,1995,Gable,CompShg,VinylSd,VinylSd,BrkFace,0.0,3,4,PConc,4,4,1,5,746,1,0,244,990,GasA,5,1,SBrkr,990,0,0,990,1,0,1,0,3,1,3,5,Typ,0,0,Detchd,2000.0,1,2,480,3,3,Y,0,64,0,0,0,0,0,nan,nan,0,5,2009,WD,Normal,1980,15,14,2.0,64,1,1,0,0,5.0,138000
20,RM,100.0,12000,Pave,nan,4,Lvl,AllPub,Inside,3,OldTown,Norm,Norm,1Fam,1Story,5,7,1948,2005,Gable,CompShg,MetalSd,MetalSd,BrkFace,0.0,3,3,CBlock,3,3,1,6,144,5,608,172,924,GasA,5,1,SBrkr,1122,0,0,1122,1,0,1,0,2,1,4,6,Typ,0,0,Attchd,1948.0,1,2,528,3,3,Y,0,36,0,0,0,0,0,GdWo,nan,0,5,2008,WD,Normal,2046,60,3,2.0,36,1,1,0,0,6.0,147000
20,RL,69.0,7153,Pave,nan,4,Lvl,AllPub,Inside,3,SawyerW,Norm,Norm,1Fam,1Story,6,5,1991,1991,Gable,CompShg,HdBoard,HdBoard,BrkFace,88.0,3,3,CBlock,4,3,1,6,1200,1,0,78,1278,GasA,4,1,SBrkr,1294,0,0,1294,1,0,2,0,3,1,4,6,Typ,0,0,Attchd,1991.0,2,2,496,3,3,Y,112,51,0,0,0,0,0,GdWo,nan,0,6,2008,WD,Normal,2572,17,17,3.0,51,1,1,0,0,5.5,179200
20,RL,100.0,17500,Pave,nan,4,Lvl,AllPub,Inside,3,Crawfor,PosA,Norm,1Fam,1Story,7,8,1959,2002,Gable,CompShg,BrkFace,HdBoard,BrkFace,0.0,4,4,PConc,4,3,3,6,1406,1,0,496,1902,GasA,3,1,SBrkr,1902,0,0,1902,1,0,2,0,3,1,5,7,Typ,2,3,Attchd,1959.0,3,2,567,3,3,Y,0,207,162,0,0,0,0,nan,nan,0,5,2010,WD,Normal,3804,51,8,3.0,369,1,1,1,0,7.5,335000
20,RL,68.0,8814,Pave,nan,4,Lvl,AllPub,Inside,3,CollgCr,Norm,Norm,1Fam,1Story,7,5,2005,2007,Gable,CompShg,VinylSd,VinylSd,BrkFace,80.0,4,3,PConc,4,3,1,6,925,1,0,349,1274,GasA,5,1,SBrkr,1274,0,0,1274,1,0,2,0,3,1,4,6,Typ,0,0,Attchd,2005.0,2,2,508,3,3,Y,264,98,0,0,0,0,0,nan,nan,0,1,2007,New,Partial,2548,2,0,3.0,98,1,1,0,0,6.0,203000
60,RL,69.0,9572,Pave,nan,3,Lvl,AllPub,Inside,3,NoRidge,Norm,Norm,1Fam,2Story,8,5,1990,1990,Gable,CompShg,Wd Sdng,Wd Sdng,BrkFace,336.0,4,3,PConc,5,3,1,6,482,1,0,971,1453,GasA,5,1,SBrkr,1453,1357,0,2810,0,0,2,1,4,1,4,9,Typ,1,5,Attchd,1990.0,2,2,750,4,4,Y,500,0,0,0,0,0,0,nan,nan,0,6,2007,WD,Normal,4263,17,17,2.5,0,1,1,1,0,6.5,302000
60,RL,108.0,14774,Pave,nan,3,Lvl,AllPub,Corner,3,NoRidge,Norm,Norm,1Fam,2Story,9,5,1999,1999,Gable,CompShg,VinylSd,VinylSd,BrkFace,165.0,4,3,PConc,4,3,1,1,0,1,0,1393,1393,GasA,5,1,SBrkr,1422,1177,0,2599,0,0,2,1,4,1,4,10,Typ,1,3,BuiltIn,1999.0,3,3,779,3,3,Y,668,30,0,0,0,0,0,nan,nan,0,5,2010,WD,Normal,3992,11,11,2.5,30,1,1,1,0,7.0,333168
20,RL,60.0,8190,Pave,nan,4,Lvl,AllPub,Inside,3,Edwards,Norm,Norm,1Fam,1Story,4,6,1954,1954,Hip,CompShg,Wd Sdng,Wd Sdng,BrkFace,0.0,3,3,CBlock,3,3,1,3,732,1,0,216,948,GasA,5,1,SBrkr,948,0,0,948,1,0,1,0,3,1,3,5,Typ,1,3,Detchd,1956.0,1,1,280,3,3,Y,0,36,0,0,0,0,0,nan,nan,0,10,2007,WD,Normal,1896,53,53,2.0,36,1,1,1,0,5.0,119000
60,RL,85.0,11075,Pave,nan,4,Lvl,AllPub,Inside,3,NAmes,Norm,Norm,1Fam,2Story,6,5,1969,1969,Gable,CompShg,HdBoard,HdBoard,BrkFace,0.0,3,3,CBlock,2,3,2,5,500,2,276,176,952,GasA,3,1,SBrkr,1092,1020,0,2112,0,0,2,1,4,1,3,9,Typ,2,4,Attchd,1969.0,1,2,576,3,3,Y,280,0,0,0,0,0,0,nan,nan,0,6,2008,WD,Normal,3064,39,39,2.5,0,1,1,1,0,5.5,206900
20,RL,61.0,10226,Pave,nan,3,Lvl,AllPub,Inside,3,CollgCr,Norm,Norm,1Fam,1Story,8,5,2008,2008,Gable,CompShg,VinylSd,VinylSd,Stone,270.0,4,3,PConc,5,3,4,1,0,1,0,1622,1622,GasA,5,1,SBrkr,1630,0,0,1630,1,0,2,0,3,1,5,8,Typ,1,4,Attchd,2008.0,2,3,860,3,3,Y,172,42,0,0,0,0,0,nan,nan,0,1,2009,WD,Normal,3252,1,1,3.0,42,1,1,1,0,6.5,295493
120,FV,47.0,4230,Pave,Pave,4,Lvl,AllPub,Corner,3,Somerst,Norm,Norm,TwnhsE,1Story,7,5,2006,2007,Gable,CompShg,VinylSd,VinylSd,BrkFace,0.0,4,3,PConc,5,4,1,1,0,1,0,1352,1352,GasA,5,1,SBrkr,1352,0,0,1352,0,0,2,0,2,1,4,5,Typ,1,4,Attchd,2006.0,2,2,466,3,3,Y,0,241,0,0,0,0,0,nan,nan,0,4,2007,New,Partial,2704,1,0,2.0,241,1,1,1,0,6.0,208900
20,RL,69.0,14781,Pave,nan,2,Lvl,AllPub,CulDSac,3,CollgCr,Norm,Norm,1Fam,1Story,8,5,2001,2002,Hip,CompShg,VinylSd,VinylSd,BrkFace,178.0,4,3,PConc,4,3,4,1,0,1,0,1753,1753,GasA,5,1,SBrkr,1787,0,0,1787,0,0,2,0,3,1,4,7,Typ,1,3,Attchd,2001.0,2,3,748,3,3,Y,198,150,0,0,0,0,0,nan,nan,0,8,2006,WD,Normal,3540,5,4,2.0,150,1,1,1,0,6.5,275000
20,RL,75.0,10215,Pave,nan,4,Bnk,AllPub,Inside,3,Edwards,Norm,Norm,1Fam,1Story,4,5,1954,1954,Hip,CompShg,Wd Sdng,Wd Sdng,BrkFace,132.0,3,3,PConc,3,3,1,5,492,1,0,372,864,GasA,5,1,SBrkr,948,0,0,948,0,0,1,0,3,1,3,5,Typ,0,0,Attchd,1954.0,1,1,248,3,3,Y,0,0,0,0,0,0,0,nan,nan,0,2,2007,WD,Normal,1812,53,53,1.0,0,1,1,0,0,4.5,111000
20,RL,70.0,8400,Pave,nan,4,Lvl,AllPub,Inside,3,NAmes,Norm,Norm,1Fam,1Story,6,3,1957,1957,Hip,CompShg,BrkFace,BrkFace,BrkFace,0.0,3,3,CBlock,3,3,1,5,189,3,661,628,1478,GasA,4,1,SBrkr,1478,0,0,1478,1,0,1,1,3,1,3,6,Typ,2,4,Attchd,1957.0,2,2,442,3,3,Y,114,0,0,0,216,0,0,nan,nan,0,6,2009,WD,Normal,2956,52,52,2.5,216,1,1,1,0,4.5,156500
20,RL,69.0,6627,Pave,nan,3,Lvl,AllPub,Corner,3,BrkSide,Feedr,Norm,1Fam,1Story,3,6,1949,1950,Hip,CompShg,VinylSd,VinylSd,BrkFace,0.0,3,3,CBlock,0,0,0,0,0,0,0,0,0,Floor,3,0,SBrkr,720,0,0,720,0,0,1,0,2,1,3,4,Typ,0,0,Detchd,1955.0,1,1,287,3,2,Y,0,0,0,0,0,0,0,nan,nan,0,7,2008,WD,Normal,720,59,58,1.0,0,1,0,0,0,4.5,72500
60,RL,107.0,10186,Pave,nan,3,Lvl,AllPub,Inside,3,NoRidge,Norm,Norm,1Fam,2Story,7,5,1992,1992,Gable,CompShg,HdBoard,HdBoard,BrkFace,0.0,4,3,PConc,4,3,1,6,674,1,0,76,750,GasA,5,1,SBrkr,1061,862,0,1923,1,0,2,1,3,1,4,8,Typ,1,3,Attchd,1992.0,2,2,564,3,3,Y,240,39,0,0,0,0,0,nan,nan,0,6,2010,WD,Normal,2673,18,18,3.5,39,1,1,1,0,6.0,190000
30,RL,50.0,5330,Pave,nan,4,HLS,AllPub,Inside,3,BrkSide,Norm,Norm,1Fam,1Story,4,7,1940,1950,Hip,CompShg,VinylSd,VinylSd,BrkFace,0.0,2,3,CBlock,3,3,1,2,280,1,0,140,420,GasA,4,1,SBrkr,708,0,0,708,0,0,1,0,2,1,2,5,Typ,0,0,nan,1980.0,0,0,0,0,0,Y,164,0,0,0,0,0,0,nan,nan,0,12,2009,WD,Normal,1128,69,59,1.0,0,0,1,0,0,5.5,82500
20,RL,75.0,9986,Pave,nan,4,Lvl,AllPub,Inside,3,Somerst,Norm,Norm,1Fam,1Story,8,5,2006,2007,Gable,CompShg,VinylSd,VinylSd,BrkFace,428.0,4,3,PConc,5,3,3,1,0,1,0,1795,1795,GasA,5,1,SBrkr,1795,0,0,1795,0,0,2,0,2,1,4,7,Typ,1,4,Attchd,2007.0,2,3,895,3,3,Y,0,49,0,0,0,0,0,nan,nan,0,2,2007,New,Partial,3590,1,0,2.0,49,1,1,1,0,6.5,147000
30,RM,40.0,3636,Pave,nan,4,Lvl,AllPub,Inside,3,IDOTRR,Norm,Norm,1Fam,1Story,4,4,1922,1950,Gable,CompShg,AsbShng,AsbShng,BrkFace,0.0,3,3,BrkTil,3,2,1,1,0,1,0,796,796,GasA,2,0,SBrkr,796,0,0,796,0,0,1,0,2,1,3,5,Typ,0,0,nan,1980.0,0,0,0,0,0,N,0,0,100,0,0,0,0,MnPrv,nan,0,1,2008,WD,Normal,1592,86,58,1.0,100,0,1,0,0,4.0,55000
30,RH,70.0,4270,Pave,nan,4,Bnk,AllPub,Inside,2,Edwards,Norm,Norm,1Fam,1Story,3,6,1931,2006,Gable,CompShg,MetalSd,MetalSd,BrkFace,0.0,3,3,BrkTil,3,3,1,3,544,1,0,0,544,GasA,5,1,SBrkr,774,0,0,774,0,0,1,0,3,1,4,6,Typ,0,0,nan,1980.0,0,0,0,0,0,Y,0,0,286,0,0,0,0,nan,nan,0,5,2007,WD,Normal,1318,76,1,1.0,286,0,1,0,0,4.5,79000
20,RL,60.0,6600,Pave,nan,4,Lvl,AllPub,Inside,3,Mitchel,Norm,Norm,1Fam,1Story,5,9,1982,2008,Gable,CompShg,VinylSd,VinylSd,BrkFace,0.0,4,4,CBlock,3,3,1,5,641,1,0,175,816,GasA,5,1,SBrkr,816,0,0,816,0,1,1,0,3,1,4,5,Typ,1,5,Attchd,1982.0,1,1,264,3,3,Y,0,0,0,0,0,0,0,MnPrv,nan,0,10,2008,WD,Normal,1632,26,0,1.5,0,1,1,1,0,7.0,130500
50,RM,60.0,10440,Pave,Grvl,4,Lvl,AllPub,Corner,3,OldTown,Norm,Norm,1Fam,1.5Fin,6,7,1920,1950,Gable,CompShg,BrkFace,Wd Sdng,BrkFace,0.0,4,4,BrkTil,4,3,1,2,493,1,0,1017,1510,GasW,5,1,SBrkr,1584,1208,0,2792,0,0,2,0,5,1,3,8,Mod,2,3,Detchd,1920.0,1,2,520,2,3,Y,0,547,0,0,480,0,0,MnPrv,Shed,1150,6,2008,WD,Normal,4302,88,58,2.0,1027,1,1,1,0,6.5,256000
60,RL,63.0,9084,Pave,nan,3,Lvl,AllPub,Inside,3,Gilbert,Norm,Norm,1Fam,2Story,7,5,1998,1998,Hip,CompShg,VinylSd,VinylSd,BrkFace,0.0,3,3,PConc,4,3,1,1,0,1,0,935,935,GasA,4,1,SBrkr,955,677,0,1632,0,0,2,1,3,1,3,8,Typ,1,3,Attchd,1998.0,3,2,462,3,3,Y,0,28,0,0,0,0,0,nan,nan,0,6,2006,WD,Normal,2567,8,8,2.5,28,1,1,1,0,6.0,176500
20,RL,85.0,10000,Pave,nan,4,Lvl,AllPub,Inside,3,Somerst,Norm,Norm,1Fam,1Story,8,5,2006,2006,Hip,CompShg,VinylSd,VinylSd,Stone,410.0,4,3,PConc,4,4,3,1,0,1,0,1588,1588,GasA,5,1,SBrkr,1588,0,0,1588,0,0,2,0,3,1,4,7,Typ,1,4,Attchd,2006.0,2,3,825,3,3,Y,144,45,0,0,0,0,0,nan,nan,0,12,2007,WD,Normal,3176,1,1,2.0,45,1,1,1,0,6.5,227000
80,RL,55.0,10780,Pave,nan,3,Lvl,AllPub,Inside,3,CollgCr,Norm,Norm,1Fam,SLvl,5,5,1976,1976,Gable,CompShg,MetalSd,MetalSd,BrkFace,0.0,3,3,CBlock,3,3,3,5,483,1,0,428,911,GasA,4,1,SBrkr,954,0,0,954,0,0,1,0,3,1,3,6,Typ,0,0,Detchd,1976.0,1,2,576,3,3,Y,0,0,0,0,0,0,0,nan,nan,0,7,2006,WD,Normal,1865,30,30,1.0,0,1,1,0,0,5.0,132500
20,RL,67.0,8877,Pave,nan,4,Lvl,AllPub,Inside,2,Edwards,Norm,Norm,1Fam,1Story,4,6,1938,1958,Gable,CompShg,MetalSd,MetalSd,BrkFace,0.0,3,3,CBlock,3,3,2,5,690,1,0,126,816,GasA,5,1,SBrkr,816,0,0,816,1,0,1,0,2,1,3,3,Typ,1,4,Detchd,1958.0,1,1,288,2,2,Y,0,0,0,0,0,0,0,nan,nan,0,5,2009,WD,Normal,1632,71,51,2.0,0,1,1,1,0,5.0,100000
50,RM,60.0,7200,Pave,nan,4,Lvl,AllPub,Corner,3,IDOTRR,Norm,Norm,1Fam,1.5Fin,5,6,1938,1995,Gable,CompShg,Wd Sdng,Wd Sdng,BrkFace,0.0,3,3,CBlock,3,3,1,1,0,1,0,803,803,GasA,5,1,SBrkr,803,557,0,1360,0,0,1,1,2,1,4,6,Typ,0,0,Detchd,1951.0,1,1,297,3,3,Y,0,65,190,0,0,0,0,MnPrv,nan,0,7,2006,WD,Normal,2163,68,11,1.5,255,1,1,0,0,5.5,125500
160,RM,24.0,2368,Pave,nan,4,Lvl,AllPub,Inside,3,BrDale,Norm,Norm,TwnhsE,2Story,5,6,1970,1970,Gable,CompShg,HdBoard,HdBoard,BrkFace,312.0,3,3,CBlock,3,3,1,2,765,1,0,0,765,GasA,3,1,SBrkr,765,600,0,1365,0,0,1,1,3,1,3,7,Min1,0,0,Attchd,1970.0,1,2,440,3,3,Y,0,36,0,0,0,0,0,nan,nan,0,5,2009,WD,Normal,2130,39,39,1.5,36,1,1,0,0,5.5,125000
20,RL,80.0,9650,Pave,nan,4,Lvl,AllPub,Inside,3,NWAmes,Norm,Norm,1Fam,1Story,6,5,1977,1977,Gable,CompShg,Plywood,Plywood,BrkFace,360.0,3,3,CBlock,4,3,1,5,686,1,0,664,1350,GasA,3,1,SBrkr,1334,0,0,1334,0,1,2,0,2,1,3,6,Typ,1,3,Attchd,1977.0,2,2,630,3,3,Y,0,16,0,0,0,0,0,nan,nan,0,4,2009,WD,Normal,2684,32,32,2.5,16,1,1,1,0,5.5,167900
90,RL,87.0,9246,Pave,nan,3,Lvl,AllPub,Inside,3,NWAmes,Feedr,Norm,Duplex,1Story,5,5,1973,1973,Gable,CompShg,Plywood,Plywood,BrkFace,564.0,3,3,CBlock,3,3,1,1,0,1,0,1656,1656,GasA,3,1,SBrkr,1656,0,0,1656,0,0,2,0,4,2,3,8,Typ,0,0,Detchd,1973.0,1,2,506,3,3,Y,0,211,0,0,0,0,0,nan,nan,0,11,2008,WD,Normal,3312,35,35,2.0,211,1,1,0,0,5.0,135000
30,RM,153.0,4118,Pave,Grvl,3,Bnk,AllPub,Corner,2,OldTown,Feedr,Norm,1Fam,1Story,4,4,1941,1950,Gable,CompShg,Wd Sdng,Wd Sdng,BrkFace,0.0,3,3,CBlock,3,3,1,1,0,1,0,693,693,Grav,2,0,FuseA,693,0,0,693,0,0,1,0,2,1,2,4,Typ,0,0,nan,1980.0,0,0,0,0,0,N,0,20,0,0,0,0,0,nan,nan,0,3,2006,WD,Normal,1386,65,56,1.0,20,0,1,0,0,4.0,52500
60,RL,95.0,13450,Pave,nan,3,Lvl,AllPub,Corner,3,CollgCr,Norm,Norm,1Fam,2Story,7,5,2002,2002,Gable,CompShg,VinylSd,VinylSd,BrkFace,0.0,4,3,PConc,4,3,1,6,700,1,0,216,916,GasA,5,1,SBrkr,920,941,0,1861,1,0,2,1,3,1,4,8,Typ,0,0,BuiltIn,2002.0,2,2,492,3,3,Y,146,91,0,0,0,0,0,nan,nan,0,6,2006,WD,Normal,2777,4,4,3.5,91,1,1,0,0,6.0,200000
20,RL,120.0,9560,Pave,nan,3,Lvl,AllPub,Corner,3,CollgCr,Norm,Norm,1Fam,1Story,5,7,1972,1972,Hip,CompShg,MetalSd,MetalSd,BrkFace,0.0,3,4,CBlock,3,3,2,3,360,1,0,504,864,GasA,5,1,SBrkr,864,0,0,864,0,0,1,0,3,1,3,5,Typ,0,0,Attchd,1972.0,2,1,288,3,3,Y,0,0,0,0,0,0,0,nan,nan,0,6,2006,WD,Normal,1728,34,34,1.0,0,1,1,0,0,6.0,128500
20,RL,70.0,8294,Pave,nan,4,Lvl,AllPub,Inside,3,NAmes,Norm,Norm,1Fam,1Story,4,5,1971,1971,Gable,CompShg,MetalSd,MetalSd,BrkFace,0.0,3,3,CBlock,3,3,1,1,0,1,0,858,858,GasA,3,1,SBrkr,872,0,0,872,0,0,1,0,3,1,3,5,Typ,0,0,Detchd,1974.0,1,4,480,3,3,Y,0,0,0,0,0,0,0,GdWo,nan,0,6,2007,WD,Normal,1730,36,36,1.0,0,1,1,0,0,4.5,123000
20,RL,66.0,13695,Pave,nan,4,Lvl,AllPub,Inside,3,SawyerW,RRAe,Norm,1Fam,1Story,6,5,2003,2004,Gable,CompShg,VinylSd,VinylSd,BrkFace,0.0,3,3,PConc,4,3,1,6,814,1,0,300,1114,GasA,5,1,SBrkr,1114,0,0,1114,1,0,1,0,3,1,4,6,Typ,0,0,Detchd,2004.0,1,2,576,3,3,Y,0,78,0,0,0,0,0,nan,nan,0,7,2008,WD,Normal,2228,5,4,2.0,78,1,1,0,0,5.5,155000
60,RL,69.0,9375,Pave,nan,4,Lvl,AllPub,Inside,3,CollgCr,Norm,Norm,1Fam,2Story,8,5,2002,2002,Gable,CompShg,VinylSd,VinylSd,BrkFace,149.0,4,3,PConc,4,3,1,1,0,1,0,1284,1284,GasA,5,1,SBrkr,1284,885,0,2169,0,0,2,1,3,1,4,7,Typ,1,4,Attchd,2002.0,2,2,647,3,3,Y,192,87,0,0,0,0,0,nan,nan,0,8,2007,WD,Normal,3453,5,5,2.5,87,1,1,1,0,6.5,228500
50,RL,57.0,7558,Pave,nan,4,Bnk,AllPub,Inside,3,Crawfor,Norm,Norm,1Fam,1.5Fin,6,6,1928,1950,Gable,CompShg,BrkFace,Stone,BrkFace,0.0,3,3,BrkTil,3,3,1,1,0,1,0,896,896,GasA,4,1,SBrkr,1172,741,0,1913,0,0,1,1,3,1,3,9,Typ,1,3,Detchd,1929.0,1,2,342,2,2,Y,0,0,0,0,0,0,0,nan,nan,0,3,2009,WD,Normal,2809,81,59,1.5,0,1,1,1,0,6.0,177000
60,RL,85.0,11103,Pave,nan,3,Lvl,AllPub,Corner,3,CollgCr,Norm,Norm,1Fam,2Story,7,5,2006,2006,Gable,CompShg,VinylSd,VinylSd,BrkFace,0.0,4,3,PConc,4,3,1,1,0,1,0,728,728,GasA,5,1,SBrkr,728,728,0,1456,0,0,2,1,3,1,4,8,Typ,1,3,Attchd,2006.0,3,2,440,3,3,Y,0,0,0,0,0,0,0,nan,nan,0,7,2007,New,Partial,2184,1,1,2.5,0,1,1,1,0,6.0,155835
30,RM,50.0,6000,Pave,nan,4,Lvl,AllPub,Inside,3,OldTown,Norm,Norm,1Fam,1Story,4,4,1920,1950,Hip,CompShg,MetalSd,MetalSd,BrkFace,0.0,3,3,PConc,3,3,1,5,250,1,0,710,960,GasA,4,1,FuseA,960,0,0,960,0,0,1,0,2,1,2,5,Typ,0,0,Detchd,1997.0,1,1,308,3,3,Y,0,0,168,0,0,0,0,nan,nan,0,7,2007,WD,Normal,1920,87,57,1.0,168,1,1,0,0,4.0,108500
20,RL,69.0,20781,Pave,nan,2,Lvl,AllPub,CulDSac,3,NWAmes,PosN,Norm,1Fam,1Story,7,7,1968,2003,Hip,CompShg,BrkFace,HdBoard,BrkFace,0.0,3,3,CBlock,3,3,1,4,297,3,68,1203,1568,GasA,3,1,SBrkr,2156,0,0,2156,0,0,2,0,3,1,3,9,Typ,1,4,Attchd,1968.0,2,2,508,4,3,Y,0,80,0,290,0,0,0,nan,nan,0,6,2006,WD,Normal,3724,38,3,2.0,370,1,1,1,0,7.0,262500
20,RL,93.0,15306,Pave,nan,3,HLS,AllPub,Corner,3,Timber,Norm,Norm,1Fam,1Story,8,5,2006,2007,Gable,CompShg,VinylSd,VinylSd,Stone,100.0,4,3,PConc,5,3,4,6,80,1,0,1652,1732,GasA,5,1,SBrkr,1776,0,0,1776,1,0,2,0,3,1,4,7,Typ,1,4,Attchd,2006.0,3,3,712,3,3,Y,0,0,0,0,0,0,0,nan,nan,0,5,2007,New,Partial,3508,1,0,3.0,0,1,1,1,0,6.5,283463
20,RL,69.0,16196,Pave,nan,1,Low,AllPub,Inside,3,SawyerW,Norm,Norm,1Fam,1Story,7,5,1998,1998,Gable,CompShg,VinylSd,VinylSd,BrkFace,0.0,4,3,PConc,4,3,4,6,1443,1,0,39,1482,GasA,5,1,SBrkr,1494,0,0,1494,1,0,2,0,3,1,4,5,Typ,1,2,Attchd,1998.0,2,2,514,3,3,Y,402,25,0,0,0,0,0,nan,nan,0,8,2007,WD,Normal,2976,9,9,3.0,25,1,1,1,0,6.0,215000
70,RM,50.0,5250,Pave,Pave,4,Lvl,AllPub,Inside,3,OldTown,Norm,Norm,1Fam,2Story,8,5,1872,1987,Gable,CompShg,MetalSd,MetalSd,BrkFace,0.0,3,4,BrkTil,3,2,1,2,259,1,0,425,684,OthW,2,0,SBrkr,938,1215,205,2358,0,0,2,0,4,1,3,8,Typ,0,0,nan,1980.0,0,0,0,0,0,Y,0,54,20,0,0,0,0,nan,nan,0,12,2008,WD,Normal,2837,136,21,2.0,74,0,1,0,0,6.5,122000
90,RL,91.0,11643,Pave,nan,4,Lvl,AllPub,Inside,3,NAmes,Artery,Norm,Duplex,2Story,5,5,1969,1969,Gable,CompShg,MetalSd,MetalSd,BrkFace,368.0,3,3,CBlock,3,3,1,2,500,1,0,748,1248,GasA,3,1,SBrkr,1338,1296,0,2634,1,1,2,2,6,2,3,12,Typ,0,0,Detchd,1969.0,1,4,968,3,3,Y,0,0,0,0,0,0,0,nan,nan,0,8,2009,WD,Normal,3882,40,40,4.5,0,1,1,0,0,5.0,200000
60,RL,70.0,9247,Pave,nan,3,Lvl,AllPub,Inside,3,NAmes,Norm,Norm,1Fam,2Story,6,6,1962,1962,Gable,CompShg,HdBoard,HdBoard,BrkFace,318.0,3,3,CBlock,3,3,1,3,319,1,0,539,858,GasA,5,1,SBrkr,858,858,0,1716,0,0,1,1,4,1,3,8,Typ,1,4,Attchd,1962.0,3,2,490,3,3,Y,0,84,0,0,120,0,0,nan,nan,0,3,2008,WD,Normal,2574,46,46,1.5,204,1,1,1,0,6.0,171000
50,RM,50.0,6000,Pave,nan,4,Lvl,AllPub,Inside,3,BrkSide,Norm,Norm,1Fam,1.5Fin,6,9,1937,2000,Gable,CompShg,MetalSd,MetalSd,BrkFace,0.0,4,3,BrkTil,3,3,1,1,0,1,0,698,698,GasA,3,1,SBrkr,786,390,0,1176,0,0,1,0,2,1,3,4,Typ,0,0,Detchd,1999.0,1,2,624,3,3,N,210,0,0,0,0,0,0,nan,nan,0,7,2009,WD,Normal,1874,72,9,1.0,0,1,1,0,0,7.5,134900
50,RL,56.0,14720,Pave,nan,3,Lvl,AllPub,CulDSac,3,NoRidge,Norm,Norm,1Fam,1.5Fin,8,5,1995,1996,Hip,CompShg,VinylSd,VinylSd,BrkFace,579.0,4,3,PConc,4,3,3,6,816,1,0,1217,2033,GasA,5,1,SBrkr,2053,1185,0,3238,1,0,2,1,4,1,4,9,Typ,1,5,Attchd,1996.0,3,3,666,3,3,Y,283,86,0,0,0,0,0,nan,nan,0,3,2010,WD,Normal,5271,15,14,3.5,86,1,1,1,0,6.5,410000
60,RL,69.0,10316,Pave,nan,3,Lvl,AllPub,Inside,3,CollgCr,Norm,Norm,1Fam,2Story,7,5,2000,2000,Gable,CompShg,VinylSd,VinylSd,BrkFace,0.0,4,3,PConc,4,3,1,6,735,1,0,257,992,GasA,5,1,SBrkr,992,873,0,1865,1,0,2,1,3,1,4,7,Typ,1,3,Attchd,2000.0,2,3,839,3,3,Y,0,184,0,0,0,0,0,nan,nan,0,6,2008,WD,Normal,2857,8,8,3.5,184,1,1,1,0,6.0,235000
80,RL,102.0,10192,Pave,nan,3,Lvl,AllPub,Inside,3,NWAmes,Norm,Norm,1Fam,SLvl,7,6,1968,1992,Gable,CompShg,MetalSd,MetalSd,BrkFace,143.0,3,3,CBlock,3,3,1,1,0,1,0,570,570,GasA,4,1,SBrkr,1222,698,0,1920,0,0,3,0,4,1,4,8,Typ,1,3,Attchd,1968.0,2,2,487,3,3,Y,0,98,0,0,0,0,0,GdPrv,nan,0,9,2006,WD,Normal,2490,38,14,3.0,98,1,1,1,0,6.5,170000
20,RL,69.0,9477,Pave,nan,4,Lvl,AllPub,Corner,3,NAmes,Norm,Norm,1Fam,1Story,5,5,1966,1966,Gable,CompShg,HdBoard,HdBoard,BrkFace,65.0,3,3,CBlock,3,3,1,3,340,1,0,524,864,GasA,3,1,SBrkr,892,0,0,892,0,0,1,0,3,1,3,5,Typ,0,0,Attchd,1966.0,2,1,264,3,3,Y,0,0,0,0,0,0,0,GdWo,nan,0,10,2008,WD,Normal,1756,42,42,1.0,0,1,1,0,0,5.0,110000
20,RL,69.0,12537,Pave,nan,3,Lvl,AllPub,CulDSac,3,NAmes,Norm,Norm,1Fam,1Story,5,6,1971,2008,Gable,CompShg,VinylSd,VinylSd,BrkFace,0.0,3,3,CBlock,3,3,1,6,734,1,0,344,1078,GasA,5,1,SBrkr,1078,0,0,1078,1,0,1,1,3,1,3,6,Typ,1,2,Attchd,1971.0,3,2,500,3,3,Y,0,0,0,0,0,0,0,nan,nan,0,4,2010,WD,Normal,2156,39,2,2.5,0,1,1,1,0,5.5,149900
160,FV,69.0,2117,Pave,nan,4,Lvl,AllPub,Inside,3,Somerst,Norm,Norm,Twnhs,2Story,6,5,2000,2000,Gable,CompShg,MetalSd,MetalSd,BrkFace,216.0,4,3,PConc,4,3,1,6,378,1,0,378,756,GasA,5,1,SBrkr,769,804,0,1573,0,0,2,1,3,1,4,5,Typ,0,0,Detchd,2000.0,1,2,440,3,3,Y,0,32,0,0,0,0,0,nan,nan,0,6,2010,WD,Normal,2329,10,10,2.5,32,1,1,0,0,5.5,177500
20,RL,129.0,16737,Pave,nan,4,Lvl,AllPub,FR3,3,NridgHt,Norm,Norm,1Fam,1Story,9,5,2004,2005,Hip,CompShg,VinylSd,VinylSd,BrkFace,66.0,4,3,PConc,5,3,3,6,1447,1,0,533,1980,GasA,5,1,SBrkr,1980,0,0,1980,1,0,2,0,3,1,5,8,Typ,1,4,Attchd,2004.0,3,3,770,3,3,Y,194,45,0,0,0,0,0,nan,nan,0,9,2006,WD,Normal,3960,2,1,3.0,45,1,1,1,0,7.0,315000
70,RL,51.0,9842,Pave,nan,4,Lvl,AllPub,Inside,3,SWISU,Feedr,Norm,1Fam,2Story,5,6,1921,1998,Gable,CompShg,MetalSd,Wd Sdng,BrkFace,0.0,3,3,BrkTil,3,2,1,1,0,1,0,612,612,GasA,5,1,SBrkr,990,1611,0,2601,0,0,3,1,4,1,3,8,Typ,0,0,BuiltIn,1998.0,2,2,621,3,3,Y,183,0,301,0,0,0,0,nan,nan,0,5,2008,WD,Normal,3213,87,10,3.5,301,1,1,0,0,5.5,189000
20,RL,124.0,16158,Pave,nan,3,Low,AllPub,Inside,2,StoneBr,Norm,Norm,1Fam,1Story,7,5,2005,2005,Hip,CompShg,VinylSd,VinylSd,Stone,16.0,4,3,PConc,5,3,3,5,1274,1,0,256,1530,GasA,5,1,SBrkr,1530,0,0,1530,1,0,2,0,3,1,4,7,Typ,1,4,Attchd,2005.0,3,2,430,3,3,Y,168,36,0,0,0,0,0,nan,nan,0,6,2009,WD,Normal,3060,4,4,3.0,36,1,1,1,0,6.0,260000
50,RL,69.0,12513,Pave,nan,3,Lvl,AllPub,FR2,3,NAmes,Feedr,Norm,1Fam,1.5Fin,4,4,1920,2007,Gable,CompShg,VinylSd,VinylSd,BrkFace,0.0,3,4,BrkTil,3,2,1,1,0,1,0,715,715,GasA,4,1,SBrkr,1281,457,0,1738,0,0,2,0,4,1,3,7,Typ,1,4,Attchd,1920.0,1,1,368,3,3,Y,55,0,0,0,0,0,0,nan,nan,0,6,2009,WD,Normal,2453,89,2,2.0,0,1,1,1,0,4.0,104900
60,RL,73.0,8499,Pave,nan,3,Lvl,AllPub,Inside,3,Gilbert,Norm,Norm,1Fam,2Story,6,5,2006,2007,Gable,CompShg,VinylSd,VinylSd,BrkFace,0.0,3,3,PConc,4,3,1,1,0,1,0,616,616,GasA,5,1,SBrkr,616,796,0,1412,0,0,2,1,3,1,4,6,Typ,1,4,BuiltIn,2007.0,3,2,432,3,3,Y,0,36,0,0,0,0,0,nan,nan,0,3,2007,New,Partial,2028,1,0,2.5,36,1,1,1,0,5.5,156932
160,FV,30.0,3180,Pave,Pave,4,Lvl,AllPub,Inside,3,Somerst,Norm,Norm,TwnhsE,2Story,7,5,2005,2005,Gable,CompShg,MetalSd,MetalSd,BrkFace,0.0,4,3,PConc,4,3,1,1,0,1,0,600,600,GasA,5,1,SBrkr,520,600,80,1200,0,0,2,1,2,1,4,4,Typ,0,0,Detchd,2005.0,2,2,480,3,3,Y,0,166,0,0,0,0,0,nan,nan,0,4,2006,WD,Abnorml,1720,1,1,2.5,166,1,1,0,0,6.0,144152
60,FV,69.0,7500,Pave,nan,4,Lvl,AllPub,Inside,3,Somerst,Norm,Norm,1Fam,2Story,7,5,2000,2000,Gable,CompShg,VinylSd,VinylSd,BrkFace,0.0,4,3,PConc,4,3,1,6,533,1,0,281,814,GasA,5,1,SBrkr,814,860,0,1674,1,0,2,1,3,1,4,7,Typ,0,0,Attchd,2000.0,2,2,663,3,3,Y,0,96,0,0,0,0,0,nan,nan,0,1,2010,WD,Normal,2488,10,10,3.5,96,1,1,0,0,6.0,216000
60,RL,68.0,9179,Pave,nan,3,Lvl,AllPub,Inside,3,CollgCr,Norm,Norm,1Fam,2Story,7,5,1999,1999,Gable,CompShg,VinylSd,VinylSd,BrkFace,158.0,4,3,PConc,4,3,1,6,633,1,0,240,873,GasA,5,1,SBrkr,882,908,0,1790,1,0,2,1,3,1,4,7,Typ,0,0,Attchd,1999.0,2,2,588,3,3,Y,0,88,0,0,0,0,0,nan,nan,0,6,2008,WD,Abnorml,2663,9,9,3.5,88,1,1,0,0,6.0,193000
160,RM,41.0,2665,Pave,nan,4,Lvl,AllPub,Inside,3,MeadowV,Norm,Norm,TwnhsE,2Story,5,6,1977,1977,Gable,CompShg,CemntBd,CmentBd,BrkFace,0.0,3,3,PConc,3,3,1,5,548,3,173,36,757,GasA,5,1,SBrkr,925,550,0,1475,0,0,2,0,4,1,3,6,Typ,1,3,Attchd,1977.0,2,1,336,3,3,Y,104,26,0,0,0,0,0,nan,nan,0,7,2006,WD,Normal,2232,29,29,2.0,26,1,1,1,0,5.5,127000
120,RM,69.0,4435,Pave,nan,4,Lvl,AllPub,Inside,3,CollgCr,Norm,Norm,TwnhsE,1Story,6,5,2003,2004,Gable,CompShg,VinylSd,VinylSd,BrkFace,170.0,4,3,PConc,4,3,3,6,685,1,0,163,848,GasA,5,1,SBrkr,848,0,0,848,1,0,1,0,1,1,4,4,Typ,0,0,Attchd,2003.0,3,2,420,3,3,Y,140,0,0,0,0,0,0,nan,nan,0,6,2009,WD,Normal,1696,6,5,2.0,0,1,1,0,0,5.5,144000
20,RL,48.0,10635,Pave,nan,2,Lvl,AllPub,FR2,3,CollgCr,Norm,Norm,1Fam,1Story,8,5,2003,2003,Hip,CompShg,VinylSd,VinylSd,BrkFace,171.0,4,3,PConc,4,3,3,4,370,6,972,315,1657,GasA,5,1,SBrkr,1668,0,0,1668,1,0,2,0,3,1,4,8,Typ,1,3,Attchd,2003.0,3,2,502,3,3,Y,0,262,0,0,0,0,0,nan,nan,0,5,2010,WD,Normal,3325,7,7,3.0,262,1,1,1,0,6.5,232000
50,RL,90.0,5400,Pave,nan,4,Lvl,AllPub,Corner,3,OldTown,Artery,Norm,1Fam,1.5Fin,4,6,1920,1950,Gable,CompShg,CBlock,CBlock,BrkFace,0.0,2,3,PConc,3,3,1,5,315,3,105,420,840,GasA,5,1,SBrkr,840,534,0,1374,0,0,1,0,2,1,3,6,Typ,0,0,Detchd,1967.0,3,1,338,3,3,Y,0,0,198,0,0,0,0,nan,nan,0,10,2009,WD,Normal,2214,89,59,1.0,198,1,1,0,0,5.0,105000
80,RL,80.0,9600,Pave,nan,4,Lvl,AllPub,Inside,3,NAmes,Norm,Norm,1Fam,SLvl,6,6,1955,1996,Hip,CompShg,AsbShng,AsbShng,BrkFace,0.0,3,3,CBlock,3,3,3,4,831,1,0,161,992,GasA,4,1,SBrkr,1661,0,0,1661,1,0,1,0,3,1,4,8,Typ,1,3,BuiltIn,1955.0,2,1,377,3,3,Y,0,28,0,0,178,0,0,MnPrv,nan,0,10,2008,WD,Normal,2653,53,12,2.0,206,1,1,1,0,6.0,165500
60,RL,75.0,9750,Pave,nan,4,Lvl,AllPub,Corner,3,CollgCr,Norm,Norm,1Fam,2Story,7,6,1998,1998,Gable,CompShg,VinylSd,VinylSd,BrkFace,0.0,3,3,PConc,4,3,3,6,975,1,0,133,1108,GasA,5,1,SBrkr,1108,989,0,2097,1,0,2,1,3,1,4,8,Typ,1,3,Detchd,1998.0,2,2,583,3,3,Y,253,170,0,0,0,0,0,nan,nan,0,6,2006,WD,Normal,3205,8,8,3.5,170,1,1,1,0,6.5,274300
20,RL,69.0,11400,Pave,nan,4,Lvl,AllPub,Inside,3,NoRidge,Norm,Norm,1Fam,1Story,10,5,2001,2002,Hip,CompShg,VinylSd,VinylSd,BrkFace,705.0,5,3,PConc,5,3,4,6,1282,1,0,1351,2633,GasA,5,1,SBrkr,2633,0,0,2633,1,0,2,1,2,1,5,8,Typ,2,4,Attchd,2001.0,2,3,804,3,3,Y,314,140,0,0,0,0,0,nan,nan,0,3,2007,WD,Normal,5266,6,5,3.5,140,1,1,1,0,7.5,466500
60,FV,85.0,10625,Pave,nan,4,Lvl,AllPub,Inside,3,Somerst,Norm,Norm,1Fam,2Story,7,5,2005,2005,Gable,CompShg,CemntBd,CmentBd,BrkFace,0.0,4,3,PConc,4,3,1,1,0,1,0,1026,1026,GasA,5,1,SBrkr,1026,932,0,1958,0,0,2,1,3,1,4,9,Typ,1,4,Attchd,2005.0,3,3,936,3,3,Y,154,210,0,0,0,0,0,nan,nan,0,7,2008,WD,Normal,2984,3,3,2.5,210,1,1,1,0,6.0,250000
20,RL,89.0,10991,Pave,nan,3,HLS,AllPub,Inside,3,Timber,Norm,Norm,1Fam,1Story,8,5,2007,2007,Gable,CompShg,VinylSd,VinylSd,BrkFace,80.0,4,3,PConc,4,3,4,1,0,1,0,1571,1571,GasA,5,1,SBrkr,1571,0,0,1571,0,0,2,0,3,1,4,7,Typ,1,4,Attchd,2007.0,3,3,722,3,3,Y,100,36,0,0,0,0,0,nan,nan,0,12,2007,New,Partial,3142,0,0,2.0,36,1,1,1,0,6.5,239000
30,RL,52.0,6292,Pave,nan,4,Bnk,AllPub,Inside,3,SWISU,Norm,Norm,1Fam,1Story,6,5,1930,1950,Gable,CompShg,Wd Sdng,Wd Sdng,BrkFace,0.0,3,3,BrkTil,4,3,2,3,384,1,0,384,768,GasA,3,0,SBrkr,790,0,0,790,0,0,1,0,2,1,3,4,Typ,0,0,Detchd,1925.0,1,1,160,2,3,Y,0,141,0,0,0,0,0,nan,nan,0,4,2008,WD,Normal,1558,78,58,1.0,141,1,1,0,0,5.5,91000
50,RL,60.0,10998,Pave,Grvl,4,Lvl,AllPub,Inside,3,Edwards,Norm,Norm,1Fam,1.5Fin,5,5,1941,1960,Gable,CompShg,Wd Sdng,Wd Sdng,BrkFace,0.0,3,3,CBlock,3,3,1,2,408,4,420,156,984,GasA,5,1,SBrkr,984,620,0,1604,0,0,2,0,3,1,3,6,Min2,0,0,Detchd,1977.0,1,2,660,3,3,Y,0,68,0,0,0,0,0,nan,nan,0,7,2009,WD,Normal,2588,68,49,2.0,68,1,1,0,0,5.0,117000
160,RM,21.0,1953,Pave,nan,4,Lvl,AllPub,Inside,3,BrDale,Norm,Norm,Twnhs,2Story,6,5,1973,1973,Gable,CompShg,HdBoard,HdBoard,BrkFace,408.0,3,3,CBlock,3,2,1,4,309,1,0,174,483,GasA,3,1,SBrkr,483,504,0,987,0,0,1,1,2,1,3,5,Typ,0,0,Detchd,1973.0,1,1,264,3,3,Y,72,0,0,0,0,0,0,nan,nan,0,6,2006,WD,Normal,1470,33,33,1.5,0,1,1,0,0,5.5,83000
80,RL,73.0,9735,Pave,nan,4,Lvl,AllPub,Inside,3,Timber,Norm,Norm,1Fam,SLvl,5,5,2006,2007,Gable,CompShg,VinylSd,VinylSd,BrkFace,0.0,3,3,PConc,4,3,1,1,0,1,0,384,384,GasA,4,1,SBrkr,754,640,0,1394,0,0,2,1,3,1,4,7,Typ,0,0,BuiltIn,2007.0,3,2,400,3,3,Y,100,0,0,0,0,0,0,nan,nan,0,5,2008,WD,Normal,1778,2,1,2.5,0,1,1,0,0,5.0,167500
30,RL,45.0,8212,Pave,Grvl,4,Lvl,AllPub,Inside,3,Edwards,Norm,Norm,1Fam,1Story,3,3,1914,1950,Gable,CompShg,Stucco,Stucco,BrkFace,0.0,3,2,BrkTil,3,2,1,3,203,1,0,661,864,GasA,3,0,FuseF,864,0,0,864,1,0,1,0,2,1,3,5,Typ,0,0,Detchd,1938.0,1,1,200,3,2,Y,0,0,96,0,0,0,0,nan,nan,0,6,2010,WD,Normal,1728,96,60,2.0,96,1,1,0,0,3.0,58500
20,RL,69.0,12925,Pave,nan,3,Lvl,AllPub,Corner,3,NAmes,Norm,Norm,1Fam,1Story,6,7,1970,1970,Gable,CompShg,BrkFace,Plywood,BrkFace,0.0,3,3,CBlock,3,3,2,4,865,1,0,340,1205,GasA,5,1,SBrkr,2117,0,0,2117,0,0,2,1,4,1,3,7,Typ,2,4,Attchd,1970.0,3,2,550,3,3,Y,0,42,0,0,0,0,0,nan,nan,0,5,2008,WD,Normal,3322,38,38,2.5,42,1,1,1,0,6.5,237500
70,RM,60.0,7200,Pave,nan,4,Lvl,AllPub,Corner,3,OldTown,Norm,Norm,1Fam,2Story,7,7,1920,1950,Hip,CompShg,Wd Sdng,Wd Sdng,BrkFace,0.0,3,3,BrkTil,2,3,1,1,0,1,0,596,596,GasA,5,1,SBrkr,998,764,0,1762,1,0,1,1,4,1,4,8,Typ,0,0,Detchd,1989.0,1,2,576,3,3,N,36,0,221,0,0,0,0,nan,nan,0,10,2006,WD,Normal,2358,86,56,2.5,221,1,1,0,0,7.0,157000
30,RL,69.0,25339,Pave,nan,4,Lvl,AllPub,Inside,3,Sawyer,Norm,Norm,1Fam,1Story,5,7,1918,2007,Gable,CompShg,Wd Sdng,Wd Sdng,BrkFace,0.0,3,4,BrkTil,3,3,1,1,0,1,0,816,816,GasA,5,1,SBrkr,1416,0,0,1416,0,0,2,0,3,1,4,7,Typ,0,0,Attchd,2007.0,1,2,576,3,3,N,0,0,112,0,0,0,0,nan,nan,0,8,2007,WD,Normal,2232,89,0,2.0,112,1,1,0,0,6.0,112000
50,RL,60.0,9060,Pave,nan,4,Lvl,AllPub,Inside,3,Edwards,Norm,Norm,1Fam,1.5Fin,6,5,1939,1950,Gable,CompShg,WdShing,Wd Shng,BrkFace,0.0,3,3,BrkTil,3,3,2,3,204,1,0,356,560,GasA,3,1,SBrkr,698,560,0,1258,0,0,1,0,2,1,3,6,Typ,0,0,Detchd,1939.0,1,1,280,3,3,P,0,0,0,0,0,0,0,MnPrv,nan,0,10,2009,WD,Normal,1818,70,59,1.0,0,1,1,0,0,5.5,105000
50,RM,40.0,5436,Pave,nan,4,Lvl,AllPub,Inside,3,IDOTRR,Norm,Norm,1Fam,1.5Fin,4,8,1922,2007,Gable,CompShg,VinylSd,VinylSd,BrkFace,0.0,3,4,BrkTil,3,3,1,4,735,1,0,61,796,GasA,4,1,SBrkr,796,358,0,1154,1,0,1,0,3,1,4,7,Typ,0,0,Detchd,1922.0,1,1,240,3,3,N,0,96,0,0,0,0,0,MnPrv,nan,0,5,2010,WD,Normal,1950,88,3,2.0,96,1,1,0,0,6.0,125500
60,RL,80.0,16692,Pave,nan,3,Lvl,AllPub,Inside,3,NWAmes,RRAn,Norm,1Fam,2Story,7,5,1978,1978,Gable,CompShg,Plywood,Plywood,BrkFace,184.0,3,3,CBlock,4,3,1,4,790,2,469,133,1392,GasA,3,1,SBrkr,1392,1392,0,2784,1,0,3,1,5,1,4,12,Typ,2,3,Attchd,1978.0,2,2,564,3,3,Y,0,112,0,0,440,519,1,MnPrv,TenC,2000,7,2006,WD,Normal,4176,28,28,4.5,552,1,1,1,1,6.0,250000
50,RM,60.0,8520,Pave,Grvl,4,Lvl,AllPub,Inside,3,OldTown,Artery,Norm,1Fam,1.5Fin,6,7,1916,1950,Gable,CompShg,Stucco,Stucco,BrkFace,0.0,3,4,BrkTil,3,3,1,3,168,2,546,0,714,GasW,3,0,SBrkr,1664,862,0,2526,0,0,2,0,5,1,4,10,Typ,1,4,Detchd,1916.0,1,1,216,3,3,Y,88,15,0,0,0,0,0,GdWo,nan,0,8,2007,CWD,Family,3240,91,57,2.0,15,1,1,1,0,6.5,136000
20,RL,42.0,14892,Pave,nan,3,HLS,AllPub,CulDSac,3,Gilbert,Norm,Norm,1Fam,1Story,9,5,2006,2007,Gable,CompShg,VinylSd,VinylSd,Stone,160.0,5,3,PConc,5,3,4,6,1320,1,0,426,1746,GasA,5,1,SBrkr,1746,0,0,1746,1,0,2,0,3,1,5,7,Typ,2,4,Attchd,2006.0,3,3,758,3,3,Y,201,39,0,0,0,0,0,nan,nan,0,10,2009,WD,Normal,3492,3,2,3.0,39,1,1,1,0,7.0,377500
50,RM,60.0,6000,Pave,nan,4,Lvl,AllPub,Inside,3,BrkSide,Norm,Norm,1Fam,1.5Fin,6,6,1941,1950,Gable,CompShg,Wd Sdng,Wd Sdng,BrkFace,0.0,3,4,BrkTil,3,4,1,5,375,1,0,360,735,GasA,5,1,SBrkr,869,349,0,1218,0,1,1,0,3,1,3,6,Typ,1,4,Detchd,2003.0,1,2,440,3,3,Y,0,0,0,0,0,0,0,nan,nan,0,3,2007,WD,Normal,1953,66,57,1.5,0,1,1,1,0,6.0,131000
20,RL,70.0,9100,Pave,nan,4,Lvl,AllPub,Inside,3,CollgCr,Norm,Norm,1Fam,1Story,7,5,2000,2000,Gable,CompShg,VinylSd,VinylSd,BrkFace,244.0,4,3,PConc,4,3,3,6,1400,1,0,125,1525,GasA,5,1,SBrkr,1525,0,0,1525,1,0,2,0,3,1,4,6,Typ,0,0,Attchd,2000.0,2,2,541,3,3,Y,219,36,0,0,0,0,0,nan,nan,0,9,2006,WD,Normal,3050,6,6,3.0,36,1,1,0,0,6.0,235000
90,RL,65.0,8944,Pave,nan,4,Lvl,AllPub,Inside,3,NAmes,Norm,Norm,Duplex,1Story,5,5,1967,1967,Gable,CompShg,Plywood,Plywood,BrkFace,0.0,3,3,CBlock,3,3,1,1,0,1,0,1584,1584,GasA,3,1,SBrkr,1584,0,0,1584,0,0,2,0,4,2,3,8,Mod,0,0,Detchd,1967.0,1,3,792,3,3,Y,0,152,0,0,0,0,0,nan,nan,0,4,2009,WD,Normal,3168,42,42,2.0,152,1,1,0,0,5.0,124000
85,RL,68.0,7838,Pave,nan,4,Lvl,AllPub,Inside,3,NAmes,Norm,Norm,1Fam,SFoyer,5,5,1967,1967,Gable,CompShg,HdBoard,HdBoard,BrkFace,0.0,3,3,CBlock,3,3,3,5,769,1,0,95,864,GasA,3,1,SBrkr,900,0,0,900,1,0,1,0,3,1,3,6,Typ,1,1,Attchd,1967.0,2,1,288,3,3,Y,175,144,0,0,0,0,0,MnWw,nan,0,12,2006,WD,Normal,1764,39,39,2.0,144,1,1,1,0,5.0,123000
190,RM,60.0,10800,Pave,Pave,4,Lvl,AllPub,Inside,3,OldTown,Norm,Norm,2fmCon,1.5Fin,6,7,1905,2000,Gable,CompShg,Wd Sdng,Wd Sdng,BrkFace,0.0,3,3,BrkTil,2,3,1,1,0,1,0,482,482,GasA,5,0,SBrkr,1221,691,0,1912,0,0,2,0,3,2,3,7,Typ,1,3,Detchd,2003.0,1,2,672,4,3,Y,0,25,212,0,0,0,0,nan,nan,0,4,2008,WD,Normal,2394,103,8,2.0,237,1,1,1,0,6.5,163000
120,RL,53.0,4045,Pave,nan,4,Lvl,AllPub,Inside,3,Blmngtn,Norm,Norm,TwnhsE,1Story,7,5,2006,2006,Hip,CompShg,VinylSd,VinylSd,BrkFace,45.0,4,3,PConc,4,3,3,6,1070,1,0,286,1356,GasA,5,1,SBrkr,1500,0,0,1500,1,0,2,0,2,1,4,6,Typ,1,4,Attchd,2006.0,3,3,648,3,3,Y,161,20,0,0,0,0,0,nan,nan,0,10,2006,New,Partial,2856,0,0,3.0,20,1,1,1,0,6.0,246578
60,RL,88.0,12665,Pave,nan,3,Lvl,AllPub,Inside,3,Timber,Norm,Norm,1Fam,2Story,8,5,2005,2006,Hip,CompShg,VinylSd,VinylSd,BrkFace,245.0,4,3,PConc,4,4,4,1,0,1,0,1094,1094,GasA,5,1,SBrkr,1133,1349,0,2482,0,0,2,1,4,1,4,9,Typ,1,4,BuiltIn,2005.0,3,3,642,3,3,Y,144,39,0,0,0,0,0,nan,nan,0,2,2007,WD,Normal,3576,2,1,2.5,39,1,1,1,0,6.5,281213
20,RL,69.0,57200,Pave,nan,3,Bnk,AllPub,Inside,1,Timber,Norm,Norm,1Fam,1Story,5,5,1948,1950,Gable,CompShg,Wd Sdng,Wd Sdng,BrkFace,0.0,3,3,CBlock,3,3,3,4,353,3,334,60,747,GasA,3,1,SBrkr,1687,0,0,1687,1,0,1,0,3,1,3,7,Min1,2,3,Detchd,1966.0,1,2,572,3,3,N,0,0,50,0,0,0,0,nan,nan,0,6,2010,WD,Normal,2434,62,60,2.0,50,1,1,1,0,5.0,160000
70,RM,51.0,6120,Pave,nan,4,Lvl,AllPub,Inside,3,BrkSide,Norm,Norm,1Fam,2Story,5,8,1920,2004,Gable,CompShg,MetalSd,MetalSd,BrkFace,0.0,3,3,BrkTil,3,3,2,1,0,1,0,939,939,GasA,5,1,SBrkr,939,574,0,1513,0,0,1,1,4,1,3,8,Typ,0,0,Detchd,1933.0,1,1,180,2,2,N,24,0,150,0,0,0,0,nan,nan,0,5,2007,WD,Normal,2452,87,3,1.5,150,1,1,0,0,6.5,137500
50,RL,60.0,7200,Pave,nan,4,Lvl,AllPub,Inside,3,NAmes,Norm,Norm,1Fam,1.5Fin,5,4,1950,1982,Gable,CompShg,VinylSd,Wd Sdng,BrkFace,0.0,3,3,CBlock,3,3,1,3,180,4,352,676,1208,GasA,4,1,FuseA,1136,768,0,1904,1,0,1,1,3,1,3,7,Min1,0,0,Attchd,1950.0,1,1,240,3,3,Y,0,0,168,0,0,0,0,GdPrv,nan,0,5,2009,WD,Normal,3112,59,27,2.5,168,1,1,0,0,4.5,138000
50,RL,51.0,6171,Pave,nan,4,Lvl,AllPub,Inside,3,SWISU,Norm,Norm,1Fam,1.5Fin,6,6,1925,1990,Gable,CompShg,WdShing,Wd Shng,BrkFace,0.0,3,3,BrkTil,3,3,1,4,264,1,0,712,976,GasA,5,1,SBrkr,1160,448,0,1608,0,0,2,1,3,1,4,7,Typ,1,4,Detchd,1925.0,1,1,216,2,3,Y,147,16,0,0,0,0,0,MnPrv,nan,0,10,2009,WD,Normal,2584,84,19,2.5,16,1,1,1,0,6.0,137450
50,RM,50.0,6000,Pave,nan,4,Lvl,AllPub,Corner,3,BrkSide,Norm,Norm,1Fam,1.5Fin,6,7,1929,1950,Gable,CompShg,WdShing,Wd Shng,BrkFace,0.0,3,3,BrkTil,3,3,1,1,0,1,0,862,862,GasA,3,1,SBrkr,950,208,0,1158,0,0,1,0,3,1,3,5,Typ,1,4,BuiltIn,1929.0,2,1,208,3,3,Y,0,0,112,0,0,0,0,nan,nan,0,7,2008,WD,Normal,2020,79,58,1.0,112,1,1,1,0,6.5,120000
60,RL,62.0,7415,Pave,nan,3,Lvl,AllPub,Inside,3,Gilbert,Norm,Norm,1Fam,2Story,6,5,2004,2004,Gable,CompShg,VinylSd,VinylSd,BrkFace,0.0,3,3,PConc,3,3,1,6,759,1,0,80,839,GasA,5,1,SBrkr,864,729,0,1593,1,0,2,1,3,1,3,8,Typ,1,3,Attchd,2004.0,3,2,398,3,3,Y,100,75,0,0,0,0,0,nan,nan,0,4,2008,WD,Normal,2432,4,4,3.5,75,1,1,1,0,5.5,193000
20,RL,64.0,6762,Pave,nan,4,Lvl,AllPub,Inside,3,CollgCr,Norm,Norm,1Fam,1Story,7,5,2006,2006,Gable,CompShg,VinylSd,VinylSd,BrkFace,0.0,4,3,PConc,4,4,3,1,0,1,0,1286,1286,GasA,5,1,SBrkr,1294,0,0,1294,0,0,2,0,2,1,4,6,Typ,1,4,Attchd,2006.0,2,2,662,3,3,Y,168,55,0,0,0,0,0,nan,nan,0,7,2006,New,Partial,2580,0,0,2.0,55,1,1,1,0,6.0,193879
20,RL,49.0,15256,Pave,nan,3,Lvl,AllPub,CulDSac,3,Somerst,RRAn,Norm,1Fam,1Story,8,5,2007,2007,Gable,CompShg,VinylSd,VinylSd,Stone,84.0,4,3,PConc,4,3,4,6,929,1,0,556,1485,GasA,5,1,SBrkr,1464,0,0,1464,1,0,2,0,3,1,4,6,Typ,0,0,Attchd,2007.0,1,3,754,3,3,Y,168,160,0,0,0,0,0,nan,nan,0,8,2007,WD,Normal,2949,0,0,3.0,160,1,1,0,0,6.5,282922
50,RL,60.0,10410,Pave,Grvl,4,Lvl,AllPub,Corner,3,OldTown,Artery,Norm,1Fam,1.5Fin,3,4,1915,1950,Gable,CompShg,Wd Sdng,Wd Sdng,BrkFace,0.0,3,3,PConc,3,3,1,1,0,1,0,672,672,GasA,3,1,SBrkr,694,520,0,1214,0,0,1,0,3,1,3,6,Typ,0,0,Detchd,1998.0,1,3,936,3,3,Y,216,0,160,0,0,0,0,MnPrv,nan,0,1,2006,WD,Family,1886,91,56,1.0,160,1,1,0,0,3.5,105000
120,RM,44.0,3842,Pave,nan,3,HLS,AllPub,Inside,2,Crawfor,Norm,Norm,TwnhsE,1Story,8,5,2004,2005,Hip,CompShg,CemntBd,CmentBd,Stone,174.0,4,3,PConc,5,3,4,6,1373,1,0,221,1594,GasA,5,1,SBrkr,1646,0,0,1646,1,1,2,0,2,1,4,5,Typ,1,4,Attchd,2004.0,3,2,482,3,3,Y,128,53,0,0,155,0,0,nan,nan,0,1,2008,WD,Normal,3240,4,3,3.5,208,1,1,1,0,6.5,275000
85,RL,70.0,8445,Pave,nan,4,Lvl,AllPub,Corner,3,CollgCr,Norm,Norm,1Fam,SFoyer,5,7,1972,2007,Gable,CompShg,HdBoard,Wd Shng,BrkFace,0.0,3,3,CBlock,4,3,3,6,656,1,0,112,768,GasA,3,1,SBrkr,768,0,0,768,1,0,1,0,2,1,3,5,Typ,0,0,Detchd,1988.0,1,2,396,3,3,Y,58,0,0,0,0,0,0,MnPrv,nan,0,3,2009,WD,Normal,1536,37,2,2.0,0,1,1,0,0,6.0,133000
20,RL,69.0,8780,Pave,nan,3,Lvl,AllPub,Corner,3,Mitchel,Norm,Norm,1Fam,1Story,5,5,1985,1985,Gable,CompShg,HdBoard,Plywood,BrkFace,0.0,3,3,CBlock,3,3,1,5,625,1,0,208,833,GasA,5,1,SBrkr,833,0,0,833,1,0,1,0,3,1,3,5,Typ,0,0,nan,1980.0,0,0,0,0,0,Y,0,0,0,0,0,0,0,MnPrv,nan,0,3,2009,WD,Normal,1666,24,24,2.0,0,0,1,0,0,5.0,112000
70,RM,60.0,7740,Pave,nan,4,Lvl,AllPub,Inside,3,OldTown,Norm,Norm,1Fam,2Story,4,7,1910,1950,Gable,CompShg,VinylSd,VinylSd,BrkFace,0.0,3,3,CBlock,2,3,1,1,0,1,0,622,622,GasA,4,1,SBrkr,741,622,0,1363,0,0,1,0,3,1,3,6,Typ,0,0,Detchd,1966.0,1,2,528,3,3,Y,0,0,0,0,168,0,0,nan,nan,0,6,2010,WD,Normal,1985,100,60,1.0,168,1,1,0,0,5.5,125500
60,RL,46.0,20544,Pave,nan,3,Lvl,AllPub,CulDSac,3,NWAmes,Norm,Norm,1Fam,2Story,7,6,1986,1991,Gable,CompShg,Plywood,Plywood,BrkFace,123.0,3,4,CBlock,4,3,1,1,0,1,0,791,791,GasA,4,1,SBrkr,1236,857,0,2093,0,0,2,1,3,1,3,7,Typ,1,3,Attchd,1986.0,3,2,542,3,3,Y,364,63,0,0,0,0,0,MnPrv,nan,0,11,2008,WD,Normal,2884,22,17,2.5,63,1,1,1,0,6.5,215000
60,RL,79.0,12420,Pave,nan,4,Lvl,AllPub,Inside,3,CollgCr,Norm,Norm,1Fam,2Story,7,5,2001,2001,Gable,CompShg,VinylSd,VinylSd,BrkFace,0.0,4,3,PConc,4,3,1,6,666,1,0,278,944,GasA,5,1,SBrkr,944,896,0,1840,1,0,2,1,3,1,4,6,Typ,0,0,Attchd,2001.0,2,2,622,3,3,Y,0,45,0,0,0,0,0,nan,nan,0,6,2009,WD,Normal,2784,8,8,3.5,45,1,1,0,0,6.0,230000
50,RL,80.0,9600,Pave,nan,4,Lvl,AllPub,Inside,3,NAmes,Norm,Norm,1Fam,1.5Fin,6,8,1950,2005,Gable,CompShg,VinylSd,VinylSd,BrkFace,0.0,3,4,CBlock,3,3,1,4,120,1,0,736,856,GasA,5,1,SBrkr,1112,556,0,1668,0,0,1,1,3,1,3,6,Min2,0,0,Attchd,1950.0,1,1,271,3,3,Y,0,0,0,0,0,0,0,MnPrv,nan,0,9,2009,WD,Normal,2524,59,4,1.5,0,1,1,0,0,7.0,140000
90,RL,60.0,7200,Pave,nan,4,Lvl,AllPub,Inside,3,NAmes,Norm,Norm,Duplex,1Story,4,5,1949,1950,Gable,CompShg,BrkFace,Stone,BrkFace,0.0,3,3,Slab,0,0,0,0,0,0,0,0,0,Wall,2,0,FuseF,1040,0,0,1040,0,0,2,0,2,2,3,6,Typ,0,0,Detchd,1956.0,1,2,420,3,3,Y,0,0,0,0,0,0,0,nan,nan,0,6,2009,WD,Normal,1040,60,59,2.0,0,1,0,0,0,4.5,90000
20,RL,88.0,10994,Pave,nan,3,Lvl,AllPub,Corner,3,SawyerW,Norm,Norm,1Fam,1Story,8,5,2005,2006,Gable,CompShg,VinylSd,VinylSd,Stone,366.0,4,3,PConc,4,4,1,6,976,1,0,868,1844,GasA,5,1,SBrkr,1844,0,0,1844,1,0,2,0,2,1,4,7,Typ,1,4,Attchd,2005.0,3,2,620,3,3,Y,165,44,0,0,0,0,0,nan,nan,0,9,2009,COD,Abnorml,3688,4,3,3.0,44,1,1,1,0,6.5,257000
50,RL,64.0,13053,Pave,Pave,4,Bnk,AllPub,Inside,3,BrkSide,Norm,Norm,1Fam,1.5Fin,6,7,1923,2000,Gambrel,CompShg,Wd Sdng,Wd Sdng,BrkFace,0.0,3,3,BrkTil,3,3,1,1,0,1,0,833,833,GasA,4,1,SBrkr,1053,795,0,1848,0,0,1,1,4,1,4,8,Typ,1,4,Detchd,1922.0,1,2,370,3,3,N,0,0,0,0,220,0,0,nan,nan,0,6,2008,WD,Normal,2681,85,8,1.5,220,1,1,1,0,6.5,207000
120,RL,51.0,3635,Pave,nan,4,Lvl,AllPub,Inside,3,Blmngtn,Norm,Norm,TwnhsE,1Story,7,5,2007,2007,Hip,CompShg,VinylSd,VinylSd,BrkFace,130.0,4,3,PConc,4,3,1,5,988,1,0,398,1386,GasA,5,1,SBrkr,1569,0,0,1569,0,1,2,0,1,1,4,7,Typ,1,3,Attchd,2007.0,2,3,660,3,3,Y,143,20,0,0,0,0,0,nan,nan,0,5,2009,WD,Normal,2955,2,2,2.5,20,1,1,1,0,6.0,175900
190,RM,60.0,11340,Pave,nan,4,Lvl,AllPub,Inside,3,OldTown,Norm,Norm,2fmCon,2Story,4,6,1885,1950,Gable,CompShg,VinylSd,AsbShng,BrkFace,0.0,3,3,PConc,3,3,1,1,0,1,0,777,777,GasA,4,1,SBrkr,1246,1044,0,2290,0,0,2,0,4,2,3,11,Typ,0,0,Detchd,1971.0,1,2,560,3,3,N,0,0,114,0,0,0,0,nan,nan,0,4,2010,WD,Normal,3067,125,60,2.0,114,1,1,0,0,5.0,122500
60,RL,69.0,16545,Pave,nan,3,Lvl,AllPub,Inside,3,NoRidge,Norm,Norm,1Fam,2Story,8,5,1998,1998,Gable,CompShg,VinylSd,VinylSd,BrkFace,731.0,4,3,PConc,4,3,2,6,781,1,0,503,1284,GasA,5,1,SBrkr,1310,1140,0,2450,1,0,2,1,3,1,4,7,Typ,1,3,Attchd,1998.0,3,3,1069,3,3,Y,0,126,0,0,0,0,0,nan,nan,0,5,2009,WD,Normal,3734,11,11,3.5,126,1,1,1,0,6.5,340000
20,RL,71.0,9204,Pave,nan,4,Lvl,AllPub,Inside,3,NAmes,Norm,Norm,1Fam,1Story,5,5,1963,1963,Gable,CompShg,HdBoard,HdBoard,BrkFace,0.0,3,3,CBlock,3,3,1,4,25,3,872,247,1144,GasA,3,1,SBrkr,1144,0,0,1144,1,0,1,1,3,1,3,6,Typ,0,0,Detchd,1962.0,1,1,336,3,3,Y,0,88,0,0,0,0,0,nan,nan,0,8,2008,COD,Normal,2288,45,45,2.5,88,1,1,0,0,5.0,124000
20,RL,69.0,16381,Pave,nan,3,Lvl,AllPub,Inside,3,Crawfor,Norm,Norm,1Fam,1Story,6,5,1969,1969,Gable,CompShg,Plywood,Plywood,BrkFace,312.0,4,4,CBlock,3,3,3,3,1110,1,0,734,1844,GasA,4,1,SBrkr,1844,0,0,1844,1,0,2,0,3,1,4,7,Typ,1,3,Attchd,1969.0,2,2,540,3,3,Y,0,73,216,0,0,0,0,nan,nan,0,12,2006,WD,Normal,3688,37,37,3.0,289,1,1,1,0,5.5,223000
60,RL,90.0,11700,Pave,nan,4,Lvl,AllPub,Corner,3,NWAmes,Norm,Norm,1Fam,2Story,6,6,1968,1968,Gable,CompShg,HdBoard,HdBoard,BrkFace,420.0,3,3,CBlock,3,3,1,5,404,1,0,304,708,GasA,4,1,SBrkr,708,708,0,1416,0,0,2,1,3,1,3,7,Typ,1,3,Attchd,1968.0,2,2,776,3,3,Y,0,169,0,0,119,0,0,nan,nan,0,5,2006,WD,Normal,2124,38,38,2.5,288,1,1,1,0,6.0,179900
120,RL,53.0,4043,Pave,nan,4,Lvl,AllPub,Inside,3,NPkVill,Norm,Norm,TwnhsE,1Story,6,5,1977,1977,Gable,CompShg,Plywood,Plywood,BrkFace,0.0,3,3,CBlock,4,3,1,5,360,1,0,709,1069,GasA,3,1,SBrkr,1069,0,0,1069,0,0,2,0,2,1,3,4,Typ,1,2,Attchd,1977.0,2,2,440,3,3,Y,0,55,0,0,165,0,0,nan,nan,0,7,2010,WD,Normal,2138,33,33,2.0,220,1,1,1,0,5.5,127500
120,RM,37.0,4435,Pave,nan,4,Lvl,AllPub,Inside,3,CollgCr,Norm,Norm,TwnhsE,1Story,6,5,2003,2003,Gable,CompShg,VinylSd,VinylSd,BrkFace,170.0,4,3,PConc,4,3,3,6,686,1,0,162,848,GasA,5,1,SBrkr,848,0,0,848,1,0,1,0,1,1,4,3,Typ,0,0,Attchd,2003.0,3,2,420,3,3,Y,140,0,0,0,0,0,0,nan,nan,0,3,2008,WD,Normal,1696,5,5,2.0,0,1,1,0,0,5.5,136500
80,RL,69.0,19690,Pave,nan,3,Lvl,AllPub,CulDSac,3,Edwards,Norm,Norm,1Fam,SLvl,6,7,1966,1966,Flat,Tar&Grv,Plywood,Plywood,BrkFace,0.0,4,4,CBlock,4,3,3,1,0,1,0,697,697,GasA,3,1,SBrkr,1575,626,0,2201,0,0,2,0,4,1,4,8,Typ,1,4,Attchd,1966.0,1,2,432,4,4,Y,586,236,0,0,0,738,3,GdPrv,nan,0,8,2006,WD,Alloca,2898,40,40,2.0,236,1,1,1,1,6.5,274970
20,RL,69.0,9503,Pave,nan,4,Lvl,AllPub,Inside,3,NAmes,Norm,Norm,1Fam,1Story,5,5,1958,1983,Hip,CompShg,HdBoard,HdBoard,BrkFace,0.0,3,3,CBlock,3,3,1,5,457,3,374,193,1024,GasA,3,1,SBrkr,1344,0,0,1344,1,0,1,0,2,1,3,6,Min1,1,3,Detchd,1970.0,1,1,484,3,3,Y,316,28,0,0,0,0,0,GdWo,nan,0,6,2007,WD,Normal,2368,49,24,2.0,28,1,1,1,0,5.0,144000
20,RL,80.0,10721,Pave,nan,3,Lvl,AllPub,Inside,3,NAmes,Norm,Norm,1Fam,1Story,6,6,1959,1959,Hip,CompShg,HdBoard,HdBoard,Stone,243.0,4,3,CBlock,3,3,1,1,0,1,0,1252,1252,GasA,5,1,SBrkr,1252,0,0,1252,0,0,1,0,3,1,4,7,Typ,0,0,Detchd,1960.0,1,2,528,3,3,Y,0,39,0,0,0,0,0,nan,nan,0,10,2008,WD,Normal,2504,49,49,1.0,39,1,1,0,0,6.0,142000
60,RL,81.0,10944,Pave,nan,3,Lvl,AllPub,Inside,3,NoRidge,Norm,Norm,1Fam,2Story,7,5,1994,1994,Gable,CompShg,VinylSd,VinylSd,BrkFace,448.0,4,3,PConc,4,3,1,6,1000,1,0,223,1223,GasA,5,1,SBrkr,1223,904,0,2127,1,0,2,1,3,1,4,5,Typ,2,3,Attchd,1994.0,2,2,525,3,3,Y,171,132,0,0,0,0,0,nan,nan,0,8,2008,WD,Normal,3350,14,14,3.5,132,1,1,1,0,6.0,271000
50,RL,60.0,10930,Pave,Grvl,4,Bnk,AllPub,Inside,3,NAmes,Artery,Norm,1Fam,1.5Fin,5,6,1945,1950,Gable,CompShg,MetalSd,MetalSd,BrkFace,0.0,3,3,CBlock,3,3,1,4,580,1,0,333,913,GasA,3,1,FuseA,1048,510,0,1558,1,0,1,1,3,1,3,6,Typ,1,3,Attchd,1962.0,1,1,288,3,3,Y,0,0,0,0,0,0,0,nan,nan,0,4,2008,WD,Normal,2471,63,58,2.5,0,1,1,1,0,5.5,140000
30,RM,60.0,7200,Pave,nan,4,Lvl,AllPub,Corner,3,OldTown,Norm,Norm,1Fam,1Story,5,7,1940,1992,Gable,CompShg,MetalSd,MetalSd,Stone,294.0,3,4,CBlock,3,3,1,4,510,1,0,278,788,GasA,3,1,SBrkr,804,0,0,804,1,0,1,0,2,1,4,4,Typ,2,4,Attchd,1940.0,1,1,240,3,3,Y,0,0,154,0,0,0,0,MnPrv,nan,0,2,2010,WD,Abnorml,1592,70,18,2.0,154,1,1,1,0,6.0,119000
20,RL,69.0,12546,Pave,nan,3,Lvl,AllPub,Corner,3,NWAmes,Norm,Norm,1Fam,1Story,6,7,1981,1981,Gable,CompShg,MetalSd,MetalSd,BrkFace,310.0,4,4,CBlock,4,3,1,4,678,1,0,762,1440,GasA,5,1,SBrkr,1440,0,0,1440,0,0,2,0,3,1,4,7,Typ,1,3,Attchd,1981.0,3,2,467,3,3,Y,0,0,99,0,0,0,0,nan,nan,0,4,2007,WD,Normal,2880,26,26,2.0,99,1,1,1,0,6.5,182900
60,RL,60.0,21930,Pave,nan,1,Lvl,AllPub,Inside,3,Gilbert,RRAn,Norm,1Fam,2Story,5,5,2005,2005,Gable,CompShg,VinylSd,VinylSd,BrkFace,0.0,4,3,PConc,4,4,3,1,0,1,0,732,732,GasA,5,1,SBrkr,734,1104,0,1838,0,0,2,1,4,1,3,7,Typ,1,4,BuiltIn,2005.0,3,2,372,3,3,Y,100,40,0,0,0,0,0,nan,nan,0,7,2006,WD,Normal,2570,1,1,2.5,40,1,1,1,0,5.0,192140
120,RL,69.0,4928,Pave,nan,3,Lvl,AllPub,Inside,3,NPkVill,Norm,Norm,TwnhsE,1Story,6,6,1976,1976,Gable,CompShg,Plywood,Plywood,BrkFace,0.0,3,3,CBlock,4,3,1,2,958,1,0,0,958,GasA,3,1,SBrkr,958,0,0,958,0,0,2,0,2,1,3,5,Typ,0,0,Attchd,1976.0,2,2,440,3,3,Y,0,60,0,0,0,0,0,nan,nan,0,10,2009,WD,Normal,1916,33,33,2.0,60,1,1,0,0,6.0,143750
30,RL,60.0,10800,Pave,Grvl,4,Lvl,AllPub,Inside,3,OldTown,Norm,Norm,1Fam,1Story,4,6,1927,2007,Gable,CompShg,Wd Sdng,Wd Sdng,BrkFace,0.0,3,3,BrkTil,3,3,1,1,0,1,0,656,656,GasA,3,1,SBrkr,968,0,0,968,0,0,2,0,4,1,3,5,Typ,0,0,Detchd,1928.0,1,1,216,2,2,Y,0,0,0,0,0,0,0,nan,nan,0,8,2007,WD,Normal,1624,80,0,2.0,0,1,1,0,0,5.0,64500
60,RL,93.0,10261,Pave,nan,3,Lvl,AllPub,Inside,3,Gilbert,Norm,Norm,1Fam,2Story,6,5,2000,2000,Gable,CompShg,VinylSd,VinylSd,BrkFace,318.0,3,3,PConc,4,3,1,1,0,1,0,936,936,GasA,5,1,SBrkr,962,830,0,1792,1,0,2,1,3,1,3,8,Typ,1,3,Attchd,2000.0,3,2,451,3,3,Y,0,0,0,0,0,0,0,nan,nan,0,5,2008,WD,Normal,2728,8,8,3.5,0,1,1,1,0,5.5,186500
20,RL,80.0,17400,Pave,nan,4,Low,AllPub,Inside,2,Mitchel,Norm,Norm,1Fam,1Story,5,5,1977,1977,Gable,CompShg,BrkFace,BrkFace,BrkFace,0.0,3,3,CBlock,3,3,1,5,936,1,0,190,1126,GasA,2,1,SBrkr,1126,0,0,1126,1,0,2,0,3,1,3,5,Typ,1,4,Attchd,1977.0,2,2,484,3,3,P,295,41,0,0,0,0,0,nan,nan,0,5,2006,WD,Normal,2252,29,29,3.0,41,1,1,1,0,5.0,160000
20,RL,80.0,8400,Pave,nan,4,Lvl,AllPub,Inside,3,NAmes,Norm,Norm,1Fam,1Story,6,9,1962,2005,Gable,CompShg,Wd Sdng,Wd Sdng,BrkFace,237.0,4,4,CBlock,3,3,1,1,0,1,0,1319,1319,GasA,3,1,SBrkr,1537,0,0,1537,1,0,1,1,3,1,4,7,Typ,1,4,Attchd,1962.0,2,2,462,3,3,Y,0,36,0,0,0,0,0,GdPrv,nan,0,7,2008,COD,Abnorml,2856,46,3,2.5,36,1,1,1,0,7.5,174000
20,RL,60.0,9000,Pave,nan,4,Lvl,AllPub,FR2,3,NAmes,Norm,Norm,1Fam,1Story,4,6,1971,1971,Gable,CompShg,HdBoard,HdBoard,BrkFace,0.0,3,3,PConc,3,3,1,5,616,1,0,248,864,GasA,3,1,SBrkr,864,0,0,864,0,0,1,0,3,1,3,5,Typ,0,0,Detchd,1974.0,1,2,528,3,3,Y,0,0,0,0,0,0,0,GdWo,nan,0,5,2007,WD,Normal,1728,36,36,1.0,0,1,1,0,0,5.0,120500
20,RL,96.0,12444,Pave,nan,4,Lvl,AllPub,FR2,3,NridgHt,Norm,Norm,1Fam,1Story,8,5,2008,2008,Hip,CompShg,VinylSd,VinylSd,Stone,426.0,5,3,PConc,5,3,3,6,1336,1,0,596,1932,GasA,5,1,SBrkr,1932,0,0,1932,1,0,2,0,2,1,5,7,Typ,1,4,Attchd,2008.0,3,3,774,3,3,Y,0,66,0,304,0,0,0,nan,nan,0,11,2008,New,Partial,3864,0,0,3.0,370,1,1,1,0,6.5,394617
20,RM,90.0,7407,Pave,nan,4,Lvl,AllPub,Inside,3,OldTown,Artery,Norm,1Fam,1Story,6,7,1957,1996,Gable,CompShg,MetalSd,MetalSd,BrkFace,0.0,3,3,CBlock,3,3,1,6,600,1,0,312,912,GasA,3,1,FuseA,1236,0,0,1236,1,0,1,0,2,1,3,6,Typ,0,0,Attchd,1957.0,1,2,923,3,3,Y,0,158,158,0,0,0,0,MnPrv,nan,0,4,2010,WD,Normal,2148,53,14,2.0,316,1,1,0,0,6.5,149700
60,RL,80.0,11584,Pave,nan,4,Lvl,AllPub,Inside,3,NWAmes,Norm,Norm,1Fam,SLvl,7,6,1979,1979,Hip,CompShg,HdBoard,HdBoard,BrkFace,96.0,3,3,CBlock,3,3,1,6,315,3,110,114,539,GasA,3,1,SBrkr,1040,685,0,1725,0,0,2,1,3,1,3,6,Typ,1,3,Attchd,1979.0,2,2,550,3,3,Y,0,88,216,0,0,0,0,nan,nan,0,11,2007,WD,Normal,2264,28,28,2.5,304,1,1,1,0,6.5,197000
70,RL,79.0,11526,Pave,nan,3,Bnk,AllPub,Inside,2,Crawfor,Norm,Norm,1Fam,2.5Fin,6,7,1922,1994,Gable,CompShg,MetalSd,MetalSd,BrkFace,0.0,3,3,BrkTil,5,3,1,1,0,1,0,588,588,GasA,2,1,SBrkr,1423,748,384,2555,0,0,2,0,3,1,3,11,Min1,1,4,Detchd,1993.0,3,2,672,3,3,Y,431,0,0,0,0,0,0,nan,nan,0,9,2008,WD,Normal,2759,86,14,2.0,0,1,1,1,0,6.5,191000
120,RM,69.0,4426,Pave,nan,4,Lvl,AllPub,Inside,3,CollgCr,Norm,Norm,TwnhsE,1Story,6,5,2004,2004,Gable,CompShg,VinylSd,VinylSd,BrkFace,147.0,4,3,PConc,4,3,3,6,697,1,0,151,848,GasA,5,1,SBrkr,848,0,0,848,1,0,1,0,1,1,4,3,Typ,1,3,Attchd,2004.0,2,2,420,3,3,Y,149,0,0,0,0,0,0,nan,nan,0,5,2008,WD,Normal,1696,4,4,2.0,0,1,1,1,0,5.5,149300
60,FV,85.0,11003,Pave,nan,4,Lvl,AllPub,Inside,3,Somerst,Norm,Norm,1Fam,2Story,10,5,2008,2008,Gable,CompShg,VinylSd,VinylSd,Stone,160.0,5,3,PConc,5,3,3,6,765,1,0,252,1017,GasA,5,1,SBrkr,1026,981,0,2007,1,0,2,1,3,1,5,10,Typ,1,5,Attchd,2008.0,3,3,812,3,3,Y,168,52,0,0,0,0,0,nan,nan,0,4,2009,WD,Normal,3024,1,1,3.5,52,1,1,1,0,7.5,310000
30,RL,69.0,8854,Pave,nan,4,Lvl,AllPub,Inside,3,BrkSide,Norm,Norm,1Fam,1.5Unf,6,6,1916,1950,Gable,CompShg,Wd Sdng,Wd Sdng,BrkFace,0.0,3,3,BrkTil,3,3,1,1,0,1,0,952,952,Grav,2,0,FuseF,952,0,0,952,0,0,1,0,2,1,2,4,Typ,1,4,Detchd,1916.0,1,1,192,2,1,P,0,98,0,0,40,0,0,nan,nan,0,5,2009,WD,Normal,1904,93,59,1.0,138,1,1,1,0,6.0,121000
20,RL,63.0,8500,Pave,nan,4,Lvl,AllPub,FR2,3,CollgCr,Norm,Norm,1Fam,1Story,7,5,2004,2004,Gable,CompShg,VinylSd,VinylSd,BrkFace,106.0,4,3,PConc,4,3,3,1,0,1,0,1422,1422,GasA,5,1,SBrkr,1422,0,0,1422,0,0,2,0,3,1,4,7,Typ,0,0,Attchd,2004.0,2,2,626,3,3,Y,192,60,0,0,0,0,0,nan,nan,0,11,2007,WD,Normal,2844,3,3,2.0,60,1,1,0,0,6.0,179600
85,RL,70.0,8400,Pave,nan,4,Lvl,AllPub,Inside,3,Sawyer,Norm,Norm,1Fam,SFoyer,6,5,1966,1966,Gable,CompShg,VinylSd,VinylSd,BrkFace,0.0,3,3,CBlock,3,3,4,2,187,3,627,0,814,GasA,4,1,SBrkr,913,0,0,913,1,0,1,0,3,1,3,6,Typ,0,0,Detchd,1990.0,1,1,240,3,3,Y,0,0,252,0,0,0,0,nan,nan,0,5,2007,WD,Normal,1727,41,41,2.0,252,1,1,0,0,5.5,129000
20,RL,69.0,26142,Pave,nan,3,Lvl,AllPub,CulDSac,3,Mitchel,Norm,Norm,1Fam,1Story,5,7,1962,1962,Gable,CompShg,HdBoard,HdBoard,BrkFace,189.0,3,3,CBlock,3,3,1,3,593,1,0,595,1188,GasA,3,1,SBrkr,1188,0,0,1188,0,0,1,0,3,1,3,6,Typ,0,0,Attchd,1962.0,1,1,312,3,3,P,261,39,0,0,0,0,0,nan,nan,0,4,2010,WD,Normal,2376,48,48,1.0,39,1,1,0,0,6.0,157900
60,RL,80.0,10000,Pave,nan,4,Lvl,AllPub,Inside,3,CollgCr,Norm,Norm,1Fam,2Story,8,5,1995,1996,Gable,CompShg,VinylSd,VinylSd,BrkFace,438.0,4,3,PConc,4,3,1,6,1079,1,0,141,1220,GasA,5,1,SBrkr,1220,870,0,2090,1,0,2,1,3,1,4,8,Typ,1,3,Attchd,1995.0,2,2,556,3,3,Y,0,65,0,0,0,0,0,nan,nan,0,12,2007,WD,Normal,3310,12,11,3.5,65,1,1,1,0,6.5,240000
50,RL,70.0,11767,Pave,nan,4,Lvl,AllPub,Inside,3,Edwards,Norm,Norm,1Fam,2Story,4,7,1910,2000,Gable,CompShg,MetalSd,HdBoard,BrkFace,0.0,3,3,CBlock,2,3,1,1,0,1,0,560,560,GasA,4,0,SBrkr,796,550,0,1346,0,0,1,1,2,1,3,6,Min2,0,0,Detchd,1950.0,1,1,384,2,3,Y,168,24,0,0,0,0,0,GdWo,nan,0,5,2007,WD,Normal,1906,97,7,1.5,24,1,1,0,0,5.5,112000
180,RM,21.0,1533,Pave,nan,4,Lvl,AllPub,Inside,3,MeadowV,Norm,Norm,Twnhs,SFoyer,5,7,1970,1970,Gable,CompShg,CemntBd,CmentBd,BrkFace,0.0,3,3,CBlock,4,3,3,6,553,1,0,77,630,GasA,5,1,SBrkr,630,0,0,630,1,0,1,0,1,1,5,3,Typ,0,0,nan,1980.0,0,0,0,0,0,Y,0,0,0,0,0,0,0,nan,nan,0,8,2006,WD,Abnorml,1260,36,36,2.0,0,0,1,0,0,6.0,92000
90,RL,60.0,9000,Pave,nan,4,Lvl,AllPub,FR2,3,NAmes,Norm,Norm,Duplex,2Story,5,5,1974,1974,Gable,CompShg,VinylSd,VinylSd,BrkFace,0.0,3,3,CBlock,4,3,1,1,0,1,0,896,896,GasA,3,1,SBrkr,896,896,0,1792,0,0,2,2,4,2,3,8,Typ,0,0,nan,1980.0,0,0,0,0,0,Y,32,45,0,0,0,0,0,nan,nan,0,9,2009,WD,Normal,2688,35,35,3.0,45,0,1,0,0,5.0,136000
20,RL,78.0,9262,Pave,nan,4,Lvl,AllPub,Inside,3,Somerst,Norm,Norm,1Fam,1Story,8,5,2008,2009,Gable,CompShg,CemntBd,CmentBd,Stone,194.0,4,3,PConc,4,3,1,1,0,1,0,1573,1573,GasA,5,1,SBrkr,1578,0,0,1578,0,0,2,0,3,1,5,7,Typ,1,4,Attchd,2008.0,3,3,840,3,3,Y,0,36,0,0,0,0,0,nan,nan,0,5,2009,New,Partial,3151,1,0,2.0,36,1,1,1,0,6.5,287090
180,RM,35.0,3675,Pave,nan,4,Lvl,AllPub,Inside,3,Edwards,Norm,Norm,TwnhsE,SLvl,5,5,2005,2005,Gable,CompShg,VinylSd,VinylSd,BrkFace,80.0,3,3,PConc,4,3,4,6,547,1,0,0,547,GasA,4,1,SBrkr,1072,0,0,1072,1,0,1,0,2,1,3,5,Typ,0,0,Basment,2005.0,3,2,525,3,3,Y,0,28,0,0,0,0,0,nan,nan,0,5,2006,WD,Normal,1619,1,1,2.0,28,1,1,0,0,5.0,145000
20,RL,90.0,17217,Pave,nan,4,Lvl,AllPub,Inside,3,Mitchel,Norm,Norm,1Fam,1Story,5,5,2006,2006,Gable,CompShg,VinylSd,VinylSd,BrkFace,0.0,3,3,PConc,4,3,1,1,0,1,0,1140,1140,GasA,5,1,SBrkr,1140,0,0,1140,0,0,1,0,3,1,3,6,Typ,0,0,nan,1980.0,0,0,0,0,0,Y,36,56,0,0,0,0,0,nan,nan,0,7,2006,WD,Abnorml,2280,0,0,1.0,56,0,1,0,0,5.0,84500
20,FV,62.0,7500,Pave,Pave,4,Lvl,AllPub,Inside,3,Somerst,Norm,Norm,1Fam,1Story,7,5,2004,2005,Gable,CompShg,VinylSd,VinylSd,BrkFace,0.0,4,3,PConc,4,3,1,6,410,1,0,811,1221,GasA,5,1,SBrkr,1221,0,0,1221,1,0,2,0,2,1,4,6,Typ,0,0,Attchd,2004.0,2,2,400,3,3,Y,0,113,0,0,0,0,0,nan,nan,0,10,2009,WD,Normal,2442,5,4,3.0,113,1,1,0,0,6.0,185000
60,RL,62.0,7917,Pave,nan,4,Lvl,AllPub,Inside,3,Gilbert,Norm,Norm,1Fam,2Story,6,5,1999,2000,Gable,CompShg,VinylSd,VinylSd,BrkFace,0.0,3,3,PConc,4,3,1,1,0,1,0,953,953,GasA,5,1,SBrkr,953,694,0,1647,0,0,2,1,3,1,3,7,Typ,1,3,Attchd,1999.0,2,2,460,3,3,Y,0,40,0,0,0,0,0,nan,nan,0,8,2007,WD,Normal,2600,8,7,2.5,40,1,1,1,0,5.5,175000
20,RL,85.0,13175,Pave,nan,4,Lvl,AllPub,Inside,3,NWAmes,Norm,Norm,1Fam,1Story,6,6,1978,1988,Gable,CompShg,Plywood,Plywood,Stone,119.0,3,3,CBlock,4,3,1,5,790,3,163,589,1542,GasA,3,1,SBrkr,2073,0,0,2073,1,0,2,0,3,1,3,7,Min1,2,3,Attchd,1978.0,1,2,500,3,3,Y,349,0,0,0,0,0,0,MnPrv,nan,0,2,2010,WD,Normal,3615,32,22,3.0,0,1,1,1,0,6.0,210000
70,RL,66.0,9042,Pave,nan,4,Lvl,AllPub,Inside,3,Crawfor,Norm,Norm,1Fam,2Story,7,9,1941,2006,Gable,CompShg,CemntBd,CmentBd,BrkFace,0.0,5,4,Stone,3,4,1,6,275,1,0,877,1152,GasA,5,1,SBrkr,1188,1152,0,2340,0,0,2,0,4,1,4,9,Typ,2,4,Attchd,1941.0,2,1,252,3,3,Y,0,60,0,0,0,0,0,GdPrv,Shed,2500,5,2010,WD,Normal,3492,69,4,2.0,60,1,1,1,0,8.0,266500
20,RL,68.0,9717,Pave,nan,4,Lvl,AllPub,Inside,3,NAmes,Norm,Norm,1Fam,1Story,5,6,1950,1996,Hip,CompShg,MetalSd,MetalSd,BrkFace,0.0,3,3,CBlock,3,3,2,6,49,3,1029,0,1078,GasA,4,1,FuseA,1078,0,0,1078,1,0,1,0,2,1,4,5,Typ,0,0,Attchd,1950.0,1,1,240,3,3,Y,366,0,112,0,0,0,0,nan,nan,0,4,2010,WD,Normal,2156,60,14,2.0,112,1,1,0,0,5.5,142125
20,RL,75.0,9937,Pave,nan,4,Lvl,AllPub,Inside,3,Edwards,Norm,Norm,1Fam,1Story,5,6,1965,1965,Gable,CompShg,HdBoard,HdBoard,BrkFace,0.0,4,3,CBlock,3,3,1,4,830,2,290,136,1256,GasA,4,1,SBrkr,1256,0,0,1256,1,0,1,1,3,1,3,6,Typ,0,0,Attchd,1965.0,3,1,276,3,3,Y,736,68,0,0,0,0,0,nan,nan,0,6,2008,WD,Normal,2512,43,43,2.5,68,1,1,0,0,5.5,147500
