Id,Linear_Regression,Decision_Tree,Random_Forest,Gradient_Boosting
1461,111842.22569617815,142210.3023255814,127509.08532442154,126341.51556486986
1462,168011.9871960492,148885.7142857143,156071.74302521665,155146.5544898879
1463,187636.61602679547,225000.0,175012.10247100555,183034.117304933
1464,196663.99565089028,174274.75342465754,184857.8941324028,190913.0861644615
1465,210428.68525891798,196166.66666666666,205266.9128868661,194474.06441288683
1466,171436.50943961553,174274.75342465754,186511.2648462104,173367.8110300837
1467,175401.05599890463,163908.02127659574,167487.6740491003,172989.38451523724
1468,155594.86167520052,174274.75342465754,176999.4830863419,168570.78751285977
1469,208242.18070551194,82500.0,181165.1546303775,181279.27021426815
1470,112357.67384193093,94204.54545454546,123305.21287482006,125359.4895986148
1471,162205.28149750363,133000.0,195127.89286796335,199925.59486330874
1472,98528.3037464763,102608.0,91193.42607337108,98261.1061812902
1473,97569.45908052521,102608.0,107029.00081933354,102145.74278568967
1474,143705.93986414745,174274.75342465754,153493.54811112263,157552.1424268147
1475,97905.1922787414,189405.15625,144216.4710666001,131775.05733337137
1476,376647.8682597573,317433.3333333333,331034.4372023809,378833.39041608426
1477,261156.97321869433,244116.62162162163,257615.53595959596,255846.73122992695
1478,301495.4758588206,270973.28571428574,295022.5586309524,275293.44996525213
1479,300482.2552253739,274000.0,241735.17254797978,235864.43193962675
1480,483712.8246786208,451500.0,473254.37,488216.7786400509
1481,313160.8978143078,244116.62162162163,296334.8832556789,302818.4260781502
1482,202579.65018267743,202766.66666666666,211199.3735538307,205630.62936231506
1483,175166.92313202005,163908.02127659574,179097.88405424653,167781.09746857214
1484,157157.65984666906,189405.15625,176757.26869863234,171352.55446274925
1485,172119.5755396774,217903.33333333334,172612.50816802456,172166.337488881
1486,187611.7394622364,192078.94736842104,196951.72179401928,192241.4372654522
1487,325376.9742947896,317433.3333333333,311370.2456190476,344034.1807167309
1488,225244.0572221987,244116.62162162163,236851.7464953102,230916.21205561524
1489,204182.77009852603,230852.0,210042.99885103785,204040.53124191597
1490,257711.383539089,214046.42857142858,199910.5684632546,200320.86563805433
1491,198195.6796585219,192078.94736842104,194674.88477571352,191294.1054248932
1492,89894.10082012322,79041.43333333333,100490.74580580783,88095.40237425477
1493,201210.17115669604,174274.75342465754,175058.39836576275,184889.54911385427
1494,284456.51620754227,244116.62162162163,290363.78444444446,273618.2887075315
1495,280251.8411580622,196166.66666666666,291934.6116446609,281220.1750747488
1496,245236.51527252095,189405.15625,213214.90995300733,223305.18039865332
1497,172481.27475854475,192078.94736842104,187519.31346056573,182972.44433177673
1498,168383.3031421923,162036.84210526315,154206.1092031887,159591.26792562942
1499,159752.5912435935,162036.84210526315,153677.4411743287,162376.46437364968
1500,149799.11510151532,142210.3023255814,155586.63153017111,151217.81750692628
1501,207876.91672070092,174274.75342465754,174120.44553721882,180029.22595499898
1502,129916.88102733484,189405.15625,161605.4010163253,161933.79086228585
1503,341751.31444645673,315384.14285714284,283504.7383712121,306039.91594781284
1504,230919.80102039268,202766.66666666666,229377.2518599535,237396.32034990442
1505,221970.1546378755,226019.4814814815,220554.3021062446,223390.9158237521
1506,198806.46072009252,174274.75342465754,182718.72419540025,193015.0574936131
1507,262481.5034133196,247330.0,233834.02965686272,242839.9947942928
1508,207022.10101481806,182068.42105263157,197316.1954993302,190968.2187474935
1509,147659.03548287693,174274.75342465754,162743.24339228618,159267.9162730336
1510,147978.15999741387,163908.02127659574,150182.8012073727,147544.3225077384
1511,156713.32902617753,163908.02127659574,150668.61099921845,146572.93478366267
1512,182318.45026876032,155800.0,170136.8034531675,171071.03907773853
1513,150569.30943129165,174274.75342465754,157623.56724266885,150632.37584720433
1514,174552.35130402073,155800.0,160774.42494468446,172248.60697526863
1515,214699.74628636055,155800.0,167687.9571318115,196007.773802289
1516,162551.89066721778,174274.75342465754,158975.3130466349,166760.7313674649
1517,194370.00642748084,136852.27272727274,148751.95602127805,158280.90994010377
1518,121747.54852677649,138847.3947368421,134779.02845775438,123038.14341617891
1519,230569.4046237399,189405.15625,221072.67596552736,213711.04752328884
1520,123196.56197182275,136852.27272727274,135198.7804483578,138997.7434433628
1521,143005.62943171943,148885.7142857143,144565.85661504196,139648.5431640296
1522,191536.5027227751,182068.42105263157,161329.733627349,165385.95694736455
1523,108243.13628751645,110451.6129032258,113150.67597475256,111051.10553008252
1524,121010.47218926251,120767.9125,120987.94192629826,125025.02984763077
1525,117532.34935937123,120767.9125,124515.78773761481,124617.18471571224
1526,106344.83540311316,136852.27272727274,128612.25837646339,117899.73396936001
1527,104519.91266897833,110451.6129032258,111216.7144742867,109572.33603997834
1528,127424.37052234262,120767.9125,126299.606446226,129060.42662563227
1529,157995.50699629076,163908.02127659574,142977.84474479768,146389.30027791247
1530,210200.65303468984,182068.42105263157,168880.23990591898,190863.72023774992
1531,118529.57908775611,138847.3947368421,134290.18651267825,137418.3144021555
1532,95254.37367070513,102608.0,107315.96006951082,103128.26349498148
1533,164221.227092735,115268.75,146409.35465050855,146413.53767621785
1534,122624.15184694668,120767.9125,117979.99419732206,117071.58707911044
1535,154208.14365652204,155800.0,158193.47042313535,152802.8867540399
1536,96780.44135035388,119141.42857142857,113724.72237092159,115142.23924512809
1537,46068.85253366688,79041.43333333333,79996.10927536231,64258.03649261296
1538,146690.17688740836,157000.0,189561.97992661764,171256.4784243781
1539,201213.2024641903,244116.62162162163,246826.055,180725.41971262114
1540,121090.75408137217,85333.33333333333,122197.3849155474,85340.46551569398
1541,140682.4325803155,174274.75342465754,151911.30975265597,154799.02013586328
1542,157945.4555403376,155800.0,146588.3015347143,147009.12262868954
1543,202595.39519133838,294000.0,220541.15575521707,226490.13753238457
1544,72850.57943999441,79041.43333333333,82177.19544494971,79627.4061269063
1545,124943.2637944445,102608.0,106182.6717280552,102822.02121448924
1546,125212.5724939988,125636.0,125048.29135459576,130098.24227844887
1547,141977.7661178168,155800.0,136989.7488383824,140235.3406569848
1548,144953.99323228747,151031.81818181818,133911.85100995592,135061.09255451543
1549,112143.4997056271,125636.0,117768.88169160199,119108.8636544529
1550,139043.93679077178,155800.0,143916.10945541266,147805.40191911103
1551,106200.89868104504,119141.42857142857,117231.58166666668,111991.82935540177
1552,148427.30100117344,138847.3947368421,142633.5694720156,133803.3520027685
1553,154665.30256092967,139137.5,146901.4935919821,150270.61232744527
1554,116077.81781650754,102608.0,110488.27848409291,115426.71030917324
1555,172275.2377413283,155800.0,168015.81342003657,182138.3906429651
1556,48334.51760839159,110752.0,92457.59285714285,82789.11099094938
1557,141582.6376347323,155800.0,126233.84730038479,121365.42243319635
1558,101424.45696885139,79041.43333333333,91670.8810067053,90058.05319325582
1559,65063.084025629796,107612.5,123148.13434010644,87186.00150158448
1560,116148.0871853265,95000.0,150851.66124002315,139467.3282773965
1561,163960.40990306344,155800.0,148118.9911690736,132676.5757918355
1562,127790.21274871426,120767.9125,124654.01749848312,128133.07855239714
1563,128894.21911198925,120767.9125,126042.32348342158,125447.95969648534
1564,146983.2409685026,163908.02127659574,162472.00934348363,153277.4584011111
1565,154375.71547083743,155800.0,154803.27487339015,152438.66885407342
1566,221851.71658752952,217903.33333333334,205491.79414663516,217652.2514181814
1567,74186.53591440339,79041.43333333333,80666.40759545923,72694.4170596704
1568,218251.75230256934,209405.88235294117,223457.2036664175,217577.44065316414
1569,136628.01136639155,155800.0,138346.47957860195,135601.1697643702
1570,123298.35245604673,125636.0,132810.4904211186,140034.67364305462
1571,108257.19250840973,138847.3947368421,130821.76263473183,134716.1397394376
1572,142713.46443013987,148885.7142857143,143115.97120978273,145582.77182820276
1573,202667.892012591,217903.33333333334,223262.3695728325,232821.82123409648
1574,138838.47422388336,131500.0,124507.84441756291,105384.31850169397
1575,216538.61957927095,189405.15625,197401.63257195058,201444.70255574246
1576,240692.75206473935,214046.42857142858,223335.23026423712,223899.72615161052
1577,187278.99411472678,230852.0,205057.1838689663,195809.03362822183
1578,155820.88821417745,174274.75342465754,151806.87749454982,150349.0380740686
1579,130224.19642999116,142210.3023255814,141317.10598033486,145458.7658301748
1580,191841.4761836757,226019.4814814815,194643.65713625762,193156.54248779625
1581,147472.62603434874,136852.27272727274,135703.20535474355,145472.1651247071
1582,129819.9992731656,142210.3023255814,129318.01875918377,129403.77316623899
1583,288361.95064125117,389729.44444444444,343901.94948484853,345226.23852130206
1584,219436.5090824738,294000.0,248236.52300969057,237179.9381930309
1585,132539.12551359553,142210.3023255814,140009.0021830992,141505.93238729617
1586,66999.82557118777,79041.43333333333,77677.08756191013,75025.90727601596
1587,104289.89472782472,120767.9125,105405.52965878024,96055.0751853485
1588,158067.5550207249,163908.02127659574,149600.70498917488,160067.4664270743
1589,96982.76283307001,130500.0,97690.01516807234,82749.59953465781
1590,121734.5103818844,119141.42857142857,129826.34763035065,133086.77190631424
1591,93593.81739108823,94204.54545454546,103185.90206996398,96869.1018410913
1592,161493.96524997568,148885.7142857143,126190.57242197309,113336.54906785517
1593,119727.7154308944,120767.9125,118762.45107707176,131370.66347065783
1594,144442.55364058958,138847.3947368421,134992.38154855277,123636.66178570285
1595,106697.49984517554,138847.3947368421,133065.60800664916,109162.77744187546
1596,231554.46711629443,294000.0,237183.9444313482,243257.25159368885
1597,205697.8252417976,155800.0,168276.5164175236,180251.5328602904
1598,210899.83881256077,175000.0,184751.62154654958,207244.28563547236
1599,189918.30430158088,157000.0,231349.54118716574,192252.71937198745
1600,168363.29388111783,196166.66666666666,196296.7934962567,184822.17566759526
1601,59621.225754668005,110451.6129032258,83203.80339076772,67998.12470568408
1602,128199.91295781638,125636.0,119316.70156693006,111088.06866646341
1603,41660.51386729581,94204.54545454546,101283.87135072058,95773.5014940051
1604,278189.08869418735,315384.14285714284,315603.165297619,308512.2050497987
1605,223525.84945392236,244116.62162162163,245129.70297322606,240473.43062451872
1606,150868.84622209333,163908.02127659574,166945.92007803742,170503.99667263782
1607,171354.65283381846,148200.0,177707.8328428789,159203.65100016742
1608,202265.5811177236,230852.0,214922.44339087885,205675.54624737828
1609,192738.8406878477,179047.86956521738,194249.12348313886,194526.68074251807
1610,156568.29461084725,182880.0,160219.31663231933,152004.40511783003
1611,138558.16114497604,163908.02127659574,154125.62589155298,140335.45730087048
1612,187925.88022297854,111225.0,162892.1501135925,149728.12561108352
1613,166651.74310522713,163908.02127659574,165958.1760824144,156115.15929729133
1614,123555.13314509066,102608.0,123165.24948252126,123738.33973207732
1615,90194.90666826488,83363.63636363637,84903.10344805368,89058.39390864463
1616,69828.77789118607,83363.63636363637,83933.54296270567,82490.42456890763
1617,83872.0291697993,83363.63636363637,94956.84853915822,93103.90798847612
1618,123882.05643217266,120767.9125,126913.88542772584,125471.95117011214
1619,139432.55043085525,142210.3023255814,131892.14104484065,133613.757726202
1620,193022.5243850737,138847.3947368421,156676.02124999647,150977.66262483416
1621,132408.22190513415,142210.3023255814,138591.7561604713,137656.3766895898
1622,133161.95428784145,155800.0,149059.64314498004,135956.27367843586
1623,252715.94803345017,267163.27777777775,291371.42861471866,284408.1373518153
1624,204119.81948824553,214046.42857142858,218453.34805013757,218396.05004916678
1625,113526.0923716859,125636.0,129563.0033107948,129066.60138424633
1626,168334.56363594346,182068.42105263157,173976.70740906696,169162.95914688584
1627,190493.7676070258,182068.42105263157,184681.78136664222,184905.06026557361
1628,276728.6745084566,267163.27777777775,281064.74239357864,271268.18806872587
1629,179811.61655753106,214850.0,175248.3471469183,185168.214254759
1630,380253.67575950036,501837.0,420485.55,441895.1224313858
1631,259910.74532281654,202766.66666666666,226619.7967193082,230458.46881674806
1632,257200.9832778899,244116.62162162163,241998.09065803446,247198.72249178131
1633,167134.03930775356,179047.86956521738,168722.94055776641,171998.22375090726
1634,180367.79490677267,174274.75342465754,181170.9677750109,183282.20456028322
1635,168804.19707062747,174274.75342465754,179741.29019114104,188043.86533790972
1636,145419.74834269984,163908.02127659574,164966.6727866551,158805.5528076016
1637,203253.4631027081,155800.0,174007.46420689402,169139.38909561854
1638,189947.173915728,268080.0,221018.71445508196,203186.48810475034
1639,189898.29535532836,174274.75342465754,176304.412388302,180058.79721116857
1640,242773.46376528963,322687.5,259139.76787878788,264764.2241551064
1641,190126.92219103733,182068.42105263157,179823.30530765918,168059.04041100264
1642,253015.67207563762,226019.4814814815,219315.88065927933,220254.86479568327
1643,225216.50568503514,202766.66666666666,222232.39204676673,216126.9002070023
1644,230297.36172989383,244116.62162162163,226714.12614385426,235607.33985950454
1645,229676.83242768282,155800.0,175398.8563053901,182088.8400080985
1646,153443.04418413248,147851.16279069768,151361.61598607956,159266.52747198057
1647,153964.48315190105,160668.75,162497.1948965938,165148.79065024416
1648,127844.58787861373,163908.02127659574,141749.6688554579,132334.9015493336
1649,126044.41807899531,136852.27272727274,137574.30025316545,140907.82886618053
1650,106546.92389504332,110451.6129032258,124300.78898674948,114564.45064424448
1651,111365.3707438577,110451.6129032258,121422.64080252223,126488.62398262974
1652,100305.73670324031,102608.0,91976.88968145417,93839.4628243794
1653,102347.3411843325,102608.0,98410.50318434015,95921.27132774971
1654,146283.31268703472,174274.75342465754,154790.360294824,151869.9335848049
1655,119538.37370798364,160668.75,152817.9991959652,157203.85190063162
1656,139452.15851067938,174274.75342465754,148985.64173920316,153149.50755080715
1657,158295.85746798525,174274.75342465754,153888.83642808386,152555.54273105497
1658,143572.204371538,174274.75342465754,151510.1807137804,150327.19835550268
1659,124462.47270785319,160668.75,144353.02034780578,136825.75301998033
1660,150159.09589402797,142210.3023255814,144545.32291097255,153196.55313680318
1661,444671.5488439086,412500.0,414358.4164285714,418139.9076443387
1662,380898.8590449556,315384.14285714284,347694.74227941176,368046.297161404
1663,379148.627325132,389729.44444444444,383901.69909523806,358151.9508086747
1664,517599.60673196847,501837.0,485325.07,500964.9298953165
1665,325644.1016758969,270973.28571428574,297708.3252380952,281967.3668728245
1666,324225.9043991403,378239.2,335089.054475957,330529.15615676256
1667,373821.6624880261,425435.0,350518.97,389390.05152043735
1668,346361.32220893074,315384.14285714284,321776.55978174607,317593.4905764351
1669,309201.5607298985,315384.14285714284,295082.4068347339,288730.89468687796
1670,349240.69433787325,315384.14285714284,327722.6886785715,317586.13393165474
1671,272820.80398325296,226019.4814814815,239976.51702286757,250913.12434916254
1672,414291.1541097285,501837.0,499711.4877777778,567096.8590420765
1673,294952.44125273125,329579.5,299084.1695833333,315291.7657902425
1674,243060.07397726458,244116.62162162163,247847.65220389984,252590.94938184856
1675,205555.75873767352,163908.02127659574,185492.78186736832,174938.68336436816
1676,206258.38532666862,163908.02127659574,190888.60368006176,174624.89602955675
1677,221421.66864505596,207783.33333333334,207578.56876433463,215998.65477628502
1678,481867.645339231,501837.0,484489.0,517412.65699548804
1679,389778.53019207483,389729.44444444444,400150.07,391661.11373508873
1680,340271.58765285276,389729.44444444444,355883.63783333334,353425.137820829
1681,273786.6412078091,270973.28571428574,267333.0007142857,265279.8026953646
1682,321767.32706528436,315384.14285714284,306627.522460084,294934.0292130232
1683,194558.29435948282,189405.15625,190308.24068630356,187228.25304224476
1684,165179.0199152683,179047.86956521738,175490.1983959064,167939.77030427926
1685,162438.1741092289,174274.75342465754,174300.09328148703,178157.4668405336
1686,155281.1482459046,179047.86956521738,168887.55431879728,167397.53058042502
1687,153166.02575199166,179047.86956521738,167737.49473350975,166411.37323521133
1688,183829.94616675237,226019.4814814815,190380.2512274649,186425.8698720711
1689,180682.93432077905,192078.94736842104,192065.11997693035,190994.2936948184
1690,183666.14183878526,189405.15625,184138.1420221134,197082.32205380447
1691,170559.84403474582,189405.15625,175454.90455068985,180303.04895533223
1692,246828.89614709467,345000.0,270404.1913755816,255157.98577559425
1693,166106.40410642745,179047.86956521738,169759.2784061198,167427.39355312227
1694,177534.07811809657,182068.42105263157,181800.25811162082,180317.24250477558
1695,163731.61036044126,179047.86956521738,167732.67067748934,161145.07937535158
1696,274931.0066375141,294000.0,261238.09484468342,263853.29815562395
1697,173564.08679322153,179047.86956521738,171207.14635721286,167216.40241865325
1698,340131.3354378273,329579.5,338413.5083333333,362791.01643169066
1699,318719.2719831839,389729.44444444444,341698.5650151515,348955.40698631067
1700,266572.9002176034,268080.0,252006.50546881094,256874.49084933428
1701,278074.83926916635,244116.62162162163,264595.8050483406,258201.83755152428
1702,233985.05763171567,244116.62162162163,255022.2439336979,249785.90979044998
1703,221729.21118243085,244116.62162162163,248916.08802571637,244551.0180523565
1704,264869.1259697275,267163.27777777775,292943.8835858586,294964.16943094024
1705,235877.02450132743,270973.28571428574,243926.00936760756,242474.04476942305
1706,384460.8223085026,501837.0,473380.63,507643.4562010664
1707,232472.5668028714,230852.0,217874.56710456568,206019.35276157386
1708,202567.84952420136,230852.0,218195.24041296303,213219.55648512868
1709,247820.6409541252,244116.62162162163,263355.75211038964,281312.19507056795
1710,224042.30424715672,202766.66666666666,227889.86129617982,228678.85086174047
1711,268268.11752235703,315384.14285714284,279760.03011439205,248660.54678379136
1712,261973.03217923408,244116.62162162163,230421.87102453105,240036.45751123186
1713,281143.08821600024,226019.4814814815,233468.0617776238,240080.9502862775
1714,222087.58813398937,226019.4814814815,217665.06068563886,220313.12890919572
1715,204435.77874023188,214850.0,203979.99466415984,206064.3364091675
1716,180447.72166995239,130000.0,181228.38606361416,175397.00033618405
1717,162767.8526556613,130000.0,168714.51396420843,166490.84968703345
1718,144898.8309450196,163908.02127659574,137420.24544300706,136772.8765340878
1719,231349.44562977878,192078.94736842104,203200.0426856171,205473.5998169516
1720,241207.44512998778,244116.62162162163,256713.2827297808,265678.2815475903
1721,141658.70138103236,130000.0,165794.24150893377,163718.29466347504
1722,114067.4277396719,119141.42857142857,122160.01622807009,119657.77717016725
1723,150293.60309433797,147851.16279069768,151648.39110688973,154376.51885669504
1724,219818.8613994182,230852.0,214777.07980851587,200313.0306316569
1725,239752.34454654856,268080.0,239865.72410638042,242374.9767991356
1726,179317.30489119794,174274.75342465754,190416.5645963,190166.2802242047
1727,138829.70333022764,163908.02127659574,178010.9625081189,163842.93200240878
1728,146894.14309825609,192078.94736842104,187200.54305296374,186176.50650545696
1729,173390.72585173137,174274.75342465754,165735.28142647978,167018.74660951144
1730,160121.85486952774,174274.75342465754,162739.69244020528,162664.8167078502
1731,110159.57223550277,147851.16279069768,123769.26638379974,126430.86170862033
1732,130327.91467029881,142210.3023255814,133013.71798437837,135363.07329243558
1733,117723.57803303842,142210.3023255814,125861.14687955318,121135.1756690929
1734,123585.81659389194,136852.27272727274,131196.36371546434,125801.36315977332
1735,87320.53383772867,120767.9125,131550.66157403673,127858.76912069666
1736,95377.75035499316,120767.9125,114199.89789976075,117627.56912670196
1737,289939.8167150733,389729.44444444444,371339.34777777776,342437.3294760386
1738,261559.0315304906,226019.4814814815,223152.69953561437,218193.5256266368
1739,258922.87977833115,341000.0,265667.13,267420.0740335462
1740,237124.44251630642,174274.75342465754,200909.48106567402,202586.40208322962
1741,199540.46963961562,163908.02127659574,179517.9661484202,181677.38456726496
1742,186180.20609274507,174274.75342465754,169896.1462354128,180856.52785926958
1743,174048.6965972809,162036.84210526315,175450.4439967716,170019.13063604353
1744,360848.5832600463,196166.66666666666,322015.5544886459,296288.93037920765
1745,228482.14203710342,217903.33333333334,209274.51468152128,216903.8023618154
1746,173298.19379488658,235000.0,269181.5896666667,261447.69295120527
1747,222715.948903576,294000.0,229391.16599067603,214990.95713308666
1748,220875.30726270564,247330.0,209332.6745675072,225684.96733787816
1749,140668.17448045406,163908.02127659574,160930.80835437606,153905.05508627082
1750,133310.68443247303,163908.02127659574,143577.7641182932,128001.75788654023
1751,231036.17649667663,268080.0,240547.31956210456,229275.9477135786
1752,109092.62485569017,120767.9125,126213.293240327,121919.32684911523
1753,159941.41447146982,138847.3947368421,148491.5079765571,131375.90408318158
1754,195058.60079610953,268080.0,226405.01925666927,206801.52279476
1755,176197.01084938133,163908.02127659574,166885.58258663368,166295.72196763087
1756,145652.68170381617,110451.6129032258,122081.14410422281,132271.8891099405
1757,115018.62522725854,120767.9125,118693.98976503286,121857.2525502568
1758,145509.57310184045,148885.7142857143,149304.48099156347,141749.66919894613
1759,175541.0277605909,155800.0,165486.78675620674,171486.68381544956
1760,164407.78315588646,163908.02127659574,158194.2981251047,161585.47185484026
1761,163122.05378169473,163908.02127659574,149888.55980770252,140645.81546893826
1762,188457.84686533036,155800.0,166806.56613716958,164369.66823967654
1763,189920.59912566328,174274.75342465754,165596.0562519555,172103.04521902054
1764,117029.53057830036,120767.9125,116681.97122560762,117405.32005104405
1765,189773.3698412804,182068.42105263157,174300.4250225894,158303.22204839415
1766,192795.2376929922,182068.42105263157,169628.28669352233,173099.52197513025
1767,237732.3800941771,214046.42857142858,202296.47748684153,217381.86191993702
1768,143676.2459264868,136852.27272727274,138387.35499814744,147357.7676627478
1769,156196.0236844332,160668.75,162206.86970452708,170361.8439769508
1770,149381.71905374248,136852.27272727274,141235.22078488776,141617.79595827512
1771,132030.28657976817,148885.7142857143,135524.96174227243,121725.44947047299
1772,137975.59095034888,138847.3947368421,138320.42098348096,132866.84375155895
1773,110758.39139922475,148885.7142857143,141964.11034541202,122595.35335391882
1774,168786.4224408632,138847.3947368421,138547.59734872787,126057.01996341866
1775,145140.3136139866,136852.27272727274,132019.14499684304,133660.6691677519
1776,114447.247473103,125636.0,117798.20283373304,121168.61518497515
1777,110452.5753649436,120767.9125,119985.94775756416,118859.91523398567
1778,148501.53242529463,136852.27272727274,128361.81420954986,136156.73012340718
1779,132740.09754353575,125636.0,120219.83132247208,108883.51506148846
1780,146687.50917322235,160668.75,176822.06655602285,175175.7063810936
1781,121872.77358962316,148885.7142857143,131232.77657320647,136223.70454071523
1782,76175.39663748303,110451.6129032258,102344.63769023572,96236.32921499533
1783,143123.9507176471,125636.0,131835.658690524,129730.44575915247
1784,106681.0695044999,110451.6129032258,104555.62014747664,105998.8435552755
1785,142825.60282904282,119141.42857142857,115200.8651991543,124994.45932530607
1786,166760.31564927427,138847.3947368421,154211.45437510204,141202.5302745732
1787,149757.86983538093,162036.84210526315,169472.04863411785,151260.79697967618
1788,79778.0871002595,79041.43333333333,66305.38092850777,59189.33013679262
1789,100351.17223062133,79041.43333333333,95348.96321669691,97512.77679254627
1790,72988.4157040324,110451.6129032258,96098.32811970163,96580.75753682083
1791,200951.31566690747,148200.0,185632.1160070017,181336.35734176714
1792,176169.68179604597,151031.81818181818,147783.75808440265,153259.92379785585
1793,139500.17309597367,107979.5,140230.32950881872,140933.44313059148
1794,164313.70731491176,142210.3023255814,141877.64138080346,147832.57087642048
1795,139624.0320642125,119141.42857142857,133398.04665173913,134036.81729797024
1796,140226.28327012667,120767.9125,122659.51596013847,118007.80612800273
1797,106392.23300957447,130500.0,116537.44157570519,113080.29271413076
1798,131624.13302114373,136852.27272727274,126216.38415776944,125216.99098585041
1799,104306.90051459335,120767.9125,114893.078478827,117966.14920674158
1800,116005.25936291367,120767.9125,124548.62328305833,129836.644245785
1801,125223.25442120619,138847.3947368421,128516.06411072021,123583.45454912496
1802,119847.27495039022,174274.75342465754,157660.13526568745,140882.75332185903
1803,163507.6527401507,174274.75342465754,156831.04025620254,147491.342666581
1804,113348.25790383527,142210.3023255814,141668.5429905288,139774.51884535712
1805,130077.98457622202,136852.27272727274,135034.49447449922,137034.96946787674
1806,131390.1545281983,102608.0,115243.13081165272,107844.0393043326
1807,135580.67193011846,148200.0,154806.45444973547,135083.96860643855
1808,111638.49490733538,125636.0,119748.77205837196,115610.82214301602
1809,132560.27096596546,138847.3947368421,130408.40018253971,109942.26380628944
1810,143284.48156451667,155800.0,142856.09519002365,151663.0305745021
1811,158385.04124102416,85333.33333333333,110295.3867806268,106821.00722124778
1812,112304.76887599891,85333.33333333333,115974.38516524849,93856.12664744555
1813,140834.822721845,102608.0,122721.50633361266,120933.57585835885
1814,99213.28696960863,110451.6129032258,105586.54056305104,103475.06638834777
1815,65745.89457314275,79041.43333333333,74125.31249314944,62956.68131977618
1816,116959.61908831634,120767.9125,104719.37152005504,104699.34086889365
1817,113802.37115074322,138847.3947368421,126313.9425608294,116630.6871526154
1818,191754.3635658892,139137.5,148031.7062272296,143910.63782636277
1819,144129.2046072404,102608.0,115886.24673247425,121464.43946657355
1820,51612.23958098935,52000.0,80913.35421270569,65485.12559832653
1821,123525.7940057246,139137.5,127087.45698414664,110518.43470109711
1822,149525.66062620468,174274.75342465754,152096.45840336318,150255.77264491277
1823,34369.56511667324,79041.43333333333,64959.03952380952,31452.197141915876
1824,133241.50270049786,93500.0,130821.81936709658,141337.02243638536
1825,149860.77007471072,138847.3947368421,144309.7678134044,132185.32750039955
1826,110505.32117065182,102608.0,106668.02970211944,103444.26116073936
1827,112353.58275391115,102608.0,112767.08503209146,112712.97496905955
1828,140424.3530225074,155800.0,137773.45670298862,142451.50256470797
1829,121874.20309351431,147851.16279069768,114888.11225404312,124081.89633046322
1830,161646.71343048848,174274.75342465754,146778.28240134197,150769.42332764354
1831,169717.3991757175,200100.0,168009.0226190476,172533.98449378306
1832,86926.68510973826,85333.33333333333,121269.56585470086,103141.43115922462
1833,141763.37078443542,151031.81818181818,151077.9495756969,143560.9282456252
1834,120014.77302834252,93500.0,136667.51058280293,113680.50114011497
1835,126568.59369994141,295500.0,170650.6191788656,162499.75601273758
1836,135758.41477015847,139137.5,132911.00732043266,126146.39692577766
1837,78865.15308117913,94204.54545454546,99349.84365214035,90316.94603149955
1838,128406.13823362533,151031.81818181818,133740.81293788028,125762.40198116463
1839,110056.17255782476,83363.63636363637,94247.92461062311,89943.28050524338
1840,163165.7123531592,163908.02127659574,162518.43588523485,169898.83559913764
1841,139270.69741730252,163908.02127659574,151692.4773591847,142279.48684046965
1842,66501.45964991115,80000.0,93574.1288867787,83111.39708640543
1843,144021.2637747908,136852.27272727274,141342.09339378364,139707.33657852467
1844,131640.38518078392,142210.3023255814,139835.09018293011,139328.62981668976
1845,155721.5421551792,138847.3947368421,148262.5119029066,143347.92024829303
1846,150967.3761566151,147851.16279069768,152661.12376019746,156037.8573130407
1847,169361.81633336702,138847.3947368421,153072.21965783736,157831.85166610737
1848,42529.94597151363,79041.43333333333,70807.47588250518,52482.94289537167
1849,115878.73364978982,138847.3947368421,122759.50334495034,115268.04430575838
1850,110421.37050755415,136852.27272727274,129731.36797374039,123163.92561874728
1851,155357.9298253837,151031.81818181818,148512.24938637007,158265.8332163404
1852,94272.2266051271,119141.42857142857,128800.92185317623,130734.66635875929
1853,124977.90176222939,136852.27272727274,135760.83288631644,134140.6741932519
1854,166094.62760033133,189405.15625,167903.63367918466,177510.56025706173
1855,149038.53921547206,142210.3023255814,148585.8325557635,151218.25185895033
1856,218817.01953969942,226019.4814814815,219036.62910217443,222003.9347550598
1857,138936.3980256971,111225.0,161013.52842579852,169795.1163775383
1858,143770.12952623656,138847.3947368421,143456.5137783105,137847.17197526217
1859,117089.92271402664,138847.3947368421,125761.66477826331,120327.36590490343
1860,135417.67821251228,163908.02127659574,151866.37431856527,148230.78849989187
1861,123433.976096489,138847.3947368421,125642.07227826331,121192.89445683062
1862,295808.0676541147,322687.5,273501.14,292617.3726935944
1863,283145.85500843776,290000.0,268149.565,296572.40553134517
1864,283174.6845072424,290000.0,268149.565,296572.40553134517
1865,371310.90597700095,315384.14285714284,325203.5703174603,338673.91561696597
1866,347400.10965147335,315384.14285714284,321312.0919722222,331291.82091727294
1867,205296.74233217444,244116.62162162163,237662.44547554493,244720.6856427073
1868,299132.7345908703,315384.14285714284,326720.0956483957,317396.41395782225
1869,203559.14442378376,179047.86956521738,193699.10449983127,195106.17760420646
1870,218823.07631852198,267163.27777777775,250711.03034062427,241965.4630323374
1871,260699.25507197576,147000.0,258780.67499197036,257056.50892970662
1872,168266.02117830934,174274.75342465754,172378.19958172896,171127.50721853145
1873,245573.08293697983,226019.4814814815,228337.48225067946,235954.28778130826
1874,135207.5228237887,136852.27272727274,138512.79971234326,140013.85333404722
1875,181859.27133105323,189405.15625,205430.5325794021,198953.1381174338
1876,208789.95388198085,174274.75342465754,192505.28166006695,195053.42600097135
1877,212681.28008265235,189405.15625,205121.02948343317,203174.06666865706
1878,192708.9661621675,226019.4814814815,215632.5891594792,207475.28636317217
1879,143331.12448804686,120767.9125,135885.64048605683,135286.27429150368
1880,140415.35301798582,142210.3023255814,137813.9548453245,132877.08213237635
1881,240950.4430167633,226019.4814814815,230801.31512798893,234000.47504152355
1882,237922.39568286994,244116.62162162163,258036.0597518038,249256.5285111959
1883,182863.83767521894,192078.94736842104,196155.28568443266,198443.72591479376
1884,203040.64787994837,226019.4814814815,221050.3751992293,208455.31209495317
1885,234551.32726384606,267163.27777777775,265884.9585870586,254581.80185135303
1886,294926.45971329557,315384.14285714284,310415.4208071259,314537.38800764136
1887,218714.03314732248,207783.33333333334,193288.2674932965,192710.6989072347
1888,256505.977538059,267163.27777777775,284804.439961039,275138.50902706257
1889,168626.3804189316,174274.75342465754,169787.47399371152,171530.99187857707
1890,110077.63408196718,119141.42857142857,133186.8871904007,134720.01818774862
1891,100196.31289680675,142210.3023255814,142252.53435303512,140765.3514071819
1892,100827.38404626306,110451.6129032258,114150.20575617514,106058.9949245875
1893,133729.4920059,148885.7142857143,136191.5913994189,121548.15506775341
1894,123279.56577955233,138847.3947368421,130331.90513813324,127878.28105234606
1895,144288.75443656137,155800.0,149383.5052440981,138798.39644616863
1896,126592.11718545761,120767.9125,121780.2134374966,125814.13303548595
1897,97540.91077253828,120767.9125,117210.98024420362,115403.6256342251
1898,108333.57990915701,102608.0,107351.24449027391,111294.45093415465
1899,163228.8697431786,125636.0,134207.73686802184,168067.07382314652
1900,146514.26779810898,200100.0,146934.04737143268,150780.4567133197
1901,181958.97482481506,155800.0,161246.60281905744,168462.48052304564
1902,187256.95655198954,91000.0,133367.4973121956,143178.01547297486
1903,215689.3717515599,290000.0,239938.83000000005,234903.52343991937
1904,168104.99510875857,136852.27272727274,136224.8405134827,142137.09775916598
1905,204940.53262724727,174274.75342465754,177431.32850555645,194412.62813634513
1906,177564.92082086392,155800.0,144386.5442352051,169917.758240379
1907,229615.36386474734,182068.42105263157,199389.29989686527,189075.98887524926
1908,116939.64101725491,142210.3023255814,122962.92441267021,126208.50621291861
1909,127272.64571142057,142210.3023255814,136951.79583646703,136161.88628793985
1910,126601.37709279312,142210.3023255814,130341.20968298263,127247.55028151785
1911,236930.92155665578,209405.88235294117,195382.33559541538,201722.05078219276
1912,337831.80493520526,268080.0,266975.69166666665,278592.871737506
1913,184062.71680443455,133700.0,147074.32071905053,130784.72132377363
1914,51781.078035943676,79041.43333333333,71183.45881860319,67237.2336376131
1915,352527.27010036027,378239.2,343251.1101960784,366847.28364066617
1916,55313.113184992224,79041.43333333333,75934.52129901962,66094.48253756049
1917,230788.52976298472,244116.62162162163,251629.0786025214,251593.76027266766
1918,132165.85873870505,120767.9125,136619.60387385442,135029.24862191966
1919,166074.02457852056,142210.3023255814,156746.04744641684,158821.66448718903
1920,172772.9652629099,138847.3947368421,157828.49764590268,141886.0580464544
1921,403244.4088242417,501837.0,419731.89111111104,428765.8285323986
1922,350279.4536416875,220000.0,328555.2357142857,320622.73386655655
1923,242793.3423539549,247330.0,206544.8750826962,216465.07771356034
1924,237682.451016936,189405.15625,214955.56858363858,210523.18669862227
1925,209078.47569087893,226019.4814814815,221327.78344131366,212233.32407210657
1926,396657.3847092469,389729.44444444444,378489.8887777778,401189.4321300152
1927,129844.454461243,136852.27272727274,135069.03289852582,135053.19023645803
1928,169516.3212074316,155800.0,158101.06707749353,161191.07256254004
1929,125354.04691732954,120767.9125,125732.90776025919,122892.73649450728
1930,118808.66832377994,142210.3023255814,129823.69188362412,141094.7308963571
1931,129664.08374021202,142210.3023255814,140003.26985032094,143650.63341810126
1932,128706.34020360466,142210.3023255814,137968.25682821547,138784.78249598338
1933,195652.3402613788,188566.66666666666,171567.67924621195,170451.73511590593
1934,188441.0554914726,182068.42105263157,180020.48580247545,175869.46045421917
1935,171128.26615547948,174274.75342465754,177385.7012201123,177124.40203355864
1936,211072.19082380785,182068.42105263157,189153.8883890766,185808.51352328528
1937,177534.9249626943,174274.75342465754,183806.24298024457,178901.27081577526
1938,169386.69597993884,225000.0,166601.90465819108,174805.1885737463
1939,283809.9739964213,315384.14285714284,246733.94851190477,245832.04025407066
1940,208424.22998358635,196166.66666666666,208333.44197777516,188281.11030038944
1941,168918.55648721708,174274.75342465754,174626.46280024986,173952.15505452888
1942,162442.52380217845,174274.75342465754,187191.57574272258,186992.0124735515
1943,239779.0922183334,196166.66666666666,204864.0710489826,203000.47080390537
1944,394641.56316736666,317433.3333333333,319325.8666666667,318410.75099326926
1945,425400.6306972592,389729.44444444444,362945.623,392799.3163792323
1946,162346.5793366884,174274.75342465754,158114.73266007713,170124.75010521433
1947,321594.9562936113,315384.14285714284,309584.40029901965,319438.09211628936
1948,179765.78848699294,174274.75342465754,172132.02727005535,171166.45767833255
1949,238811.51646218076,226019.4814814815,224336.17432869435,228738.69730356577
1950,185001.8645290602,160668.75,177341.5873643019,178287.17587733577
1951,253688.9721343438,294000.0,252705.98606060605,268897.5537901083
1952,201389.94190916372,260000.0,215315.9584965002,218919.5936091476
1953,187969.83524787799,163908.02127659574,166261.899459635,169802.31071682865
1954,185434.69103318313,268080.0,220537.28652311093,208502.12913716133
1955,130913.0061376351,142210.3023255814,130287.42739835614,129398.68580830941
1956,290047.40790028963,322687.5,275218.61416666664,278738.83262175485
1957,166702.55678670248,174274.75342465754,162043.73309962047,159228.12986461454
1958,250188.91284083296,267163.27777777775,302490.7680634921,297606.8432292436
1959,131237.68215303216,138847.3947368421,146501.84942535913,131519.48021452865
1960,96560.54426900996,110451.6129032258,113712.77402835498,115518.64631733687
1961,119319.27486133156,142210.3023255814,124148.5098987777,122452.32052468629
1962,97413.42262348346,102608.0,92543.37582938302,96239.53032066119
1963,110086.02800066397,102608.0,102587.36011405304,98947.83636727279
1964,113817.08270647377,102608.0,113871.94330263423,109838.5863983961
1965,135877.15690448647,174274.75342465754,148784.90324691343,146439.78690992107
1966,142280.06603187416,189405.15625,156311.2824138062,157555.156245693
1967,314980.8068736838,220000.0,299686.65612278244,313531.91410672636
1968,424667.63445146754,389729.44444444444,419151.11,423663.4187358497
1969,396028.321449697,451500.0,383038.527,390992.1989359806
1970,404653.235411556,451500.0,395782.92242857144,443537.10311144846
1971,450318.57877738867,425435.0,404889.8071031746,430956.2066408579
1972,370211.9027201431,425435.0,356479.69885714294,389391.9715470498
1973,285586.76904602395,244116.62162162163,260289.9485170235,262841.0550933397
1974,341037.9397886158,345000.0,317573.1845135388,317036.8512709569
1975,-1738809.316259155,501837.0,487755.21,507549.07849473995
1976,278145.6306676781,267163.27777777775,276913.76198268397,276114.8076791224
1977,368078.07401735755,315384.14285714284,366359.7725,370658.9042795061
1978,350205.1490207403,342643.0,334737.80733333336,341076.0905082044
1979,322707.7105549425,389729.44444444444,341366.18700000003,341597.76243542717
1980,211188.47245905362,189405.15625,198990.02400324485,195745.20108902824
1981,358965.4793568696,315384.14285714284,335462.4276388889,315393.8041869475
1982,213702.08012976358,267163.27777777775,229761.8036425002,235658.2543592898
1983,196979.17651780043,202766.66666666666,227503.98792821445,224216.46033571026
1984,176561.78166072816,179047.86956521738,170333.6292162051,166060.5008596568
1985,232378.3574267202,179047.86956521738,194487.49298131256,200929.29166582107
1986,207580.88161923364,179047.86956521738,199054.88143212788,202044.27518724205
1987,207643.5146718612,179047.86956521738,178018.76085941747,169077.08852806248
1988,167220.66417996213,174274.75342465754,178303.06904218218,177874.38630093078
1989,186581.2223750935,192078.94736842104,187471.64414902497,193294.0803311636
1990,209169.25121240318,192078.94736842104,208251.58642059242,215516.4764478335
1991,238650.66705128225,207783.33333333334,206560.7746630274,239004.22479795502
1992,226301.8617314184,207783.33333333334,203229.84650752583,207805.598419066
1993,160096.16285728477,189405.15625,174844.21327037492,166890.1401441087
1994,236896.20505993534,294000.0,250696.5269265233,252095.3205274874
1995,184999.7444885834,192078.94736842104,185174.79995715118,188792.44250690905
1996,284586.5030871299,244116.62162162163,252483.9422050961,238208.97382353112
1997,310832.2708812021,270973.28571428574,301665.62161904766,294814.67915060994
1998,322154.5541876112,345000.0,352817.73666666663,345775.8338599375
1999,307851.9267070419,294000.0,263698.2924603175,260055.91121717734
2000,316082.9348787656,298700.0,302743.6433333333,298873.2975395438
2001,289256.5881759138,268080.0,274786.627,271940.0245597995
2002,248918.47904074937,217903.33333333334,220574.4715563724,214357.96198666806
2003,242579.0268250918,244116.62162162163,250941.72201240968,240240.5683737598
2004,277086.3910964532,244116.62162162163,268375.363056782,233026.33147774954
2005,216073.92727128929,178000.0,237972.0182730159,227120.40962701177
2006,220123.7899190667,244116.62162162163,224676.62279580804,235899.97111136862
2007,242016.44552691095,244116.62162162163,242485.27974657732,244419.7973931218
2008,245540.74729241943,230852.0,205235.96729101453,223811.61303495546
2009,203741.01031613816,174274.75342465754,193303.05700729985,190150.3017673192
2010,192941.31918884628,192078.94736842104,193532.61778498653,190548.7539219371
2011,129756.65307834,163908.02127659574,142247.5609178011,143741.14859249396
2012,172025.94836147083,189405.15625,182083.9872476101,183225.20038726222
2013,179026.44373852387,174274.75342465754,182754.32652307578,181736.90294745378
2014,188299.0311923609,174274.75342465754,191157.77127693928,188313.32868857385
2015,213968.6377275805,214850.0,201091.28777360867,210441.04084884925
2016,193121.84605836263,174274.75342465754,192450.27787467666,190262.79668730212
2017,197035.8362569483,214850.0,204566.2478161432,198012.38523172363
2018,100100.0752462428,136852.27272727274,123762.90840781952,124184.04341379795
2019,131434.14653789112,142210.3023255814,133960.92193279712,132483.87638265305
2020,74706.50194594823,102750.0,119046.48149279966,111124.49540012833
2021,90399.05868205894,120767.9125,116576.30315060413,111693.18918666983
2022,206215.9787825765,182068.42105263157,176105.75323786677,179811.1494759478
2023,136345.84580385685,138847.3947368421,154824.82640496263,142637.86267019087
2024,290671.6597750974,247330.0,230950.96992063487,235796.20350978643
2025,360773.1136434865,389729.44444444444,374454.8330952381,395673.55681239255
2026,171509.654573021,189405.15625,184460.79406210195,178498.7838405542
2027,156571.89288656786,142210.3023255814,150279.59295818757,150799.6163095736
2028,159633.8448847928,143384.0,155824.24846477053,148881.74391695208
2029,184998.5624570395,174274.75342465754,164776.24850752103,179827.89918236158
2030,261724.4422772047,267163.27777777775,278310.5038174603,265545.62543138047
2031,231263.25148757314,315384.14285714284,268194.76330532215,269895.93053172174
2032,246995.5999673321,315384.14285714284,281085.0733116883,288977.2427736402
2033,250777.29814349907,267163.27777777775,265553.75924603175,262123.3717699023
2034,173470.38401408307,162036.84210526315,162452.94834552144,162773.62365125708
2035,244913.80881096376,207783.33333333334,203054.2065984649,208250.46590082286
2036,199493.08950859075,202766.66666666666,220172.70083333337,204390.12844185645
2037,215278.24994801963,202766.66666666666,221381.8275,211496.95728243864
2038,306579.39947271673,275642.6,308343.6221008404,320283.3623633874
2039,235092.31947943103,244116.62162162163,219851.82870049775,226172.12687324392
2040,312543.37576036435,298700.0,379173.78714285715,375938.97139784246
2041,316035.4209252163,196166.66666666666,282443.4105162584,280562.6607087631
2042,213292.36944316607,226019.4814814815,196348.3796684063,200076.82635544293
2043,179244.41415093094,182068.42105263157,169044.77255526118,165865.70065818354
2044,175931.08587910142,174274.75342465754,168641.72236211732,170625.7644009141
2045,205973.1960760923,295500.0,205082.21716839937,217658.9494588101
2046,159914.67098850198,138847.3947368421,140816.27759961376,133877.66681251652
2047,134816.06522351503,155800.0,148218.6307574474,146440.43647908646
2048,133287.84082193533,142210.3023255814,133337.50643711988,143054.60579831168
2049,139783.69205211056,138847.3947368421,137675.48932879485,131248.09736188984
2050,155939.21203755587,217903.33333333334,176597.27165215038,176584.18683876682
2051,98842.77260581404,120767.9125,110933.20761395985,106707.93736740676
2052,105077.11263292003,147851.16279069768,133807.38146352713,126130.7245219602
2053,143494.40991951665,136852.27272727274,140953.99148881732,147674.05131179167
2054,85702.2000525822,110451.6129032258,96472.81989328761,92998.54195912757
2055,194356.2156857946,155800.0,161082.848248336,163129.32891606216
2056,126622.76684856089,120767.9125,125002.59084285515,129892.21986222346
2057,93710.57593924087,136852.27272727274,125396.67201062659,117818.93525592609
2058,219055.0314017241,209405.88235294117,212714.48407087292,232308.4993343962
2059,132131.04185167188,82500.0,130518.80436864769,133113.28337794944
2060,189488.67826452618,155800.0,160471.30334795124,164137.3691154035
2061,172098.02537276782,182068.42105263157,170149.90574039333,180559.91667000795
2062,124704.78064306779,136852.27272727274,135621.19618815382,134782.49369072338
2063,113646.02879668353,120767.9125,115980.95507234393,120250.4302718971
2064,148120.68303328613,148885.7142857143,139201.3204025579,134186.79545999345
2065,76061.59688057844,147851.16279069768,118894.59572058578,111228.04434786836
2066,171870.85369020933,174274.75342465754,178473.464857231,181544.68204521548
2067,116735.12790590618,138847.3947368421,130629.47249794393,116150.43975817713
2068,161473.6573036434,138847.3947368421,138218.7183332668,133188.5620552836
2069,83058.0247339597,79041.43333333333,89527.44168850468,90858.54735412261
2070,111788.99132323917,120767.9125,114304.95737555451,116871.1904863882
2071,101781.95058796369,110451.6129032258,103412.68748998927,95013.71305986177
2072,136837.3232523282,138847.3947368421,137351.4608321626,120944.23484002243
2073,120032.71712993085,120767.9125,138206.47454811356,141906.5463412544
2074,176826.62107648887,189405.15625,175715.7368032489,185784.5393574275
2075,176351.94301511254,119141.42857142857,140936.93515874562,153232.38704812442
2076,121775.64544718154,125636.0,120210.45281139443,116290.94748170295
2077,161718.99655190902,148885.7142857143,145654.86634014707,148206.03423440742
2078,122389.41161688603,136852.27272727274,128981.54308142961,129373.2343727018
2079,125002.15870312089,125636.0,132852.35957712005,129286.16179373863
2080,127293.51163407834,120767.9125,114872.46253606536,114009.97450132146
2081,118903.6041282448,120767.9125,121947.48406729988,117977.74285434793
2082,132642.99947877834,107612.5,134932.61841072288,128137.05802382785
2083,152806.98361474834,225000.0,143841.76842310512,148851.92443985076
2084,103310.87447954668,120767.9125,112491.83892652806,111785.51436264376
2085,113573.49318584893,136852.27272727274,132868.94489607317,125471.17368234858
2086,121659.30436107656,80000.0,120083.73488191549,117159.01934475021
2087,118936.33654889697,120767.9125,120162.95189674571,117016.05866363883
2088,110235.73110530293,110752.0,104199.07607766305,98512.79554377502
2089,77945.61090661865,102608.0,99887.16506713844,90631.7029833869
2090,112834.20186177781,93500.0,132449.22957377599,127783.92256248348
2091,117652.06677584909,138847.3947368421,129301.06207703981,122274.4345725322
2092,139900.38209557952,138847.3947368421,133491.5667468046,128838.96616326875
2093,161609.91433100775,95000.0,133392.06078792704,125938.62724308076
2094,121291.9048760524,160668.75,132832.96560598875,129938.36718981504
2095,169016.91879966017,174274.75342465754,153457.15370454587,158770.20878633033
2096,70129.20945443818,79041.43333333333,91311.1903269851,82423.77408749868
2097,99409.35659010755,102608.0,99667.18470870343,106199.36960063493
2098,156716.87896537082,155800.0,151211.5398616563,152671.6572922464
2099,36213.72069987748,79041.43333333333,74606.30976222307,66797.26282189274
2100,54882.03109205607,138847.3947368421,121980.29680600994,102403.65635054163
2101,126145.30575089157,85333.33333333333,126901.27827576577,113495.80002112336
2102,126386.1479016929,162036.84210526315,139839.92767372975,124189.61232341999
2103,95087.14317146502,120767.9125,110275.95896561771,109607.57046255886
2104,139639.6619050121,138847.3947368421,136293.25209723905,126886.8719516745
2105,146314.87645928934,111225.0,138137.16223611112,121034.79215539106
2106,70864.88592657121,79041.43333333333,86166.99937728938,71259.98467900621
2107,192282.3356553181,383970.0,256885.7875,256694.08374053094
2108,126545.75695230393,119141.42857142857,118160.59952070398,121419.8046349859
2109,118593.09097738145,110451.6129032258,119085.20204160873,119849.89316027198
2110,141797.5493377871,119141.42857142857,126068.85034068147,140070.34952234355
2111,146019.15732505266,82500.0,153730.93661835,149077.84840370214
2112,153435.389339549,138847.3947368421,141009.62276109552,143292.4298600564
2113,114203.51102161221,102608.0,116627.94205331226,122276.55126375727
2114,117208.25310958223,102608.0,108753.85438625827,107138.45844094292
2115,160736.4510308802,151031.81818181818,149952.0283577774,157683.36101363768
2116,122793.28576405253,102608.0,114475.0096842655,127245.8165649545
2117,159341.0168727846,139137.5,150968.4895347193,148986.24175600288
2118,123627.51036801981,102608.0,119874.16415850978,120973.90899156033
2119,135756.12153855804,119141.42857142857,108033.83267713539,108067.33718366825
2120,99322.56019274704,102608.0,113007.89125762049,117804.76896600555
2121,126293.88627140177,119141.42857142857,113532.36716421155,111373.94120905812
2122,129099.66331703775,110451.6129032258,111455.030766603,115165.2244095739
2123,85871.03250483656,79041.43333333333,91987.5432078253,84605.30466018461
2124,173600.27560677426,162036.84210526315,182978.30090121817,150995.07446746493
2125,131475.2127829753,138847.3947368421,134564.61064157798,123353.85787907074
2126,158150.06007168163,174274.75342465754,166685.91239530803,162159.1859943773
2127,168452.56984533835,139137.5,152742.26284814408,144998.38389173636
2128,132862.68530578772,259500.0,139948.96101960784,124669.15345793712
2129,44038.24162077857,125636.0,111210.67882087693,109487.5879678882
2130,138387.448022814,151031.81818181818,147051.57584540138,144821.66154454777
2131,159270.34739307966,209405.88235294117,160348.21296153264,166641.53722556125
2132,122900.67210948188,120767.9125,113107.9502535826,121045.75840031702
2133,129464.80718561402,147851.16279069768,120343.99601089703,122750.96241347845
2134,131114.31122738682,120767.9125,122154.95041461641,123109.12154067041
2135,111893.7818582938,125636.0,112509.79210457235,107421.06913530252
2136,70620.28255599039,80000.0,82028.21743589744,66704.98778931731
2137,105651.99678939907,119141.42857142857,119045.56743001899,110602.21855561134
2138,129292.00456746854,147851.16279069768,139225.5784372463,134917.50601689194
2139,142113.6926820986,147851.16279069768,147559.31665135865,157457.84953936804
2140,146625.4712651032,136852.27272727274,137017.28234243323,141739.27951123775
2141,160955.1882313909,142210.3023255814,140571.0596490871,145988.47506017235
2142,134303.5119667165,136852.27272727274,137371.00904555258,128037.64957418806
2143,161474.50731460564,147851.16279069768,143448.26723854564,136673.3648739729
2144,152967.64615843678,107979.5,117190.39804761903,119123.46712758864
2145,138806.4344801386,120767.9125,135020.91391475766,136637.30654980752
2146,181980.0076477998,148885.7142857143,152043.857118989,160016.07746636824
2147,164664.54016628535,155800.0,157438.47236790974,139727.66600108382
2148,126453.04929309338,125636.0,124940.05702263271,119270.50520159461
2149,138190.946502666,142210.3023255814,136866.1209678381,149374.94515860782
2150,235063.98637476983,175000.0,209841.42078286706,220402.88934297967
2151,117100.80761335464,160668.75,128269.9185797142,129815.28906569957
2152,231884.84356028307,226790.0,168004.01589477726,182307.05347380985
2153,183178.83920031413,155800.0,162194.15863179558,166501.10016093124
2154,104571.14352710452,79041.43333333333,110771.73879220807,110371.73043622439
2155,142471.23644635966,120767.9125,122449.7326759438,132083.15550267126
2156,273515.59797148174,247330.0,228465.09172742465,231457.7698609138
2157,237679.0840828484,226019.4814814815,228086.13860206914,222341.5407922927
2158,236500.81281664968,268080.0,247843.37485462867,245089.25695306386
2159,217160.81541684736,294000.0,227475.20639421509,234810.610669864
2160,187594.21243820945,179047.86956521738,177859.6261634857,171972.46474686876
2161,228559.0734967976,244116.62162162163,246641.95512056656,245020.62015700556
2162,384199.33553687576,501837.0,453236.13,436757.13335443806
2163,362993.26321488246,315384.14285714284,330949.3755436508,345428.7453745253
2164,246146.0618330557,244116.62162162163,264000.0521538751,284956.9228163391
2165,229097.6500560008,174274.75342465754,179872.73939086447,192158.1976613977
2166,149780.146523532,147851.16279069768,144088.66269221622,149468.0912718987
2167,233097.71359050507,189405.15625,203060.48339513,211372.35986012736
2168,204410.3312762007,214046.42857142858,213313.2423289271,205996.72061112992
2169,193544.6162032052,214850.0,197711.90661149827,199869.71092854597
2170,216006.2926391447,226019.4814814815,223094.32627035532,220752.1736096088
2171,152528.67375635076,142210.3023255814,141370.70056803388,139732.92251544187
2172,137862.3455857141,147851.16279069768,138723.80291766737,135813.5699664513
2173,177780.09994378546,138847.3947368421,152301.42643137087,160157.4716901715
2174,231164.98451103456,268080.0,249251.77101988412,234911.260303168
2175,274881.58007587167,267163.27777777775,291553.5823232323,302439.25017840153
2176,314123.67807046697,378239.2,330093.90235474496,338323.69532840344
2177,245888.18083858816,268080.0,259126.21639332,245187.04331930837
2178,212076.11898103775,244116.62162162163,236900.81148663766,219197.6764110236
2179,130732.49714649189,142210.3023255814,143426.91005335207,142744.15496408523
2180,241471.27438949328,182068.42105263157,194891.58366959527,209110.99930496814
2181,199502.66012081038,189405.15625,196994.35106319643,190524.2949533832
2182,227416.95172550855,207783.33333333334,223306.9508741096,220645.54894763132
2183,185188.55501537677,189405.15625,200726.4235308658,192269.1054567376
2184,122567.69491768675,136852.27272727274,134268.45853951294,121345.57808595181
2185,114557.17844178155,142210.3023255814,130857.56632554857,123040.57245418336
2186,173402.63587220572,128166.66666666667,144722.34129612191,145518.17065342292
2187,138640.55954479333,147851.16279069768,149746.0778115847,154707.9087357563
2188,146437.25188671798,174274.75342465754,156567.1738883672,160500.28019473885
2189,317302.3632231783,138847.3947368421,179511.4076117216,223937.61796464372
2190,105662.49825690221,80000.0,85726.99601962425,82153.49957677753
2191,60028.46046379348,100770.0,88422.22843622725,82341.6657762048
2192,70384.29857245786,79041.43333333333,92918.64068754774,92974.52708469536
2193,125979.96610654704,120767.9125,99733.71880615156,105175.7578503415
2194,96174.21562074358,120767.9125,105032.23118417393,104076.44816001206
2195,127574.53356592497,94204.54545454546,114450.33434533834,113221.24706785727
2196,98363.3224139791,110451.6129032258,114473.85886899476,108019.6777869847
2197,114619.47783288034,110451.6129032258,111885.47411545011,110911.4262295212
2198,168776.05070151528,160668.75,152479.77739605802,149246.64920799367
2199,178152.89124929393,174274.75342465754,167498.77361801724,179684.56713021052
2200,168106.06394963246,120767.9125,128200.91152336354,152213.8858452027
2201,152935.43559396127,120767.9125,132572.21516620283,141393.30121769852
2202,206132.49803135637,157000.0,196692.78778571432,219146.57308945755
2203,145338.39234066522,174274.75342465754,168177.99429293498,154102.40994192244
2204,185475.97561671492,155800.0,175233.24947968617,188544.3270132721
2205,135361.66398201045,120767.9125,114850.05166424582,113479.70649843173
2206,159599.5043862881,136852.27272727274,135974.68620105126,131544.61067950746
2207,229587.24565404467,157000.0,241780.7742468136,212517.46859432824
2208,264466.01367830345,268080.0,241091.95776468155,239567.04864533604
2209,272302.0515051326,155800.0,180133.78962747776,208739.36667708197
2210,128680.6728161173,142210.3023255814,127090.34525342303,132560.60062591752
2211,128506.62784561608,120767.9125,115384.09066639883,121316.52474766375
2212,124735.0570836314,102608.0,114946.15027637026,117433.55572180214
2213,98721.37027146807,120767.9125,106687.89607595274,108104.56505995894
2214,153869.8014121945,155800.0,146474.86283990598,140881.56433597652
2215,100590.66994923074,120767.9125,110096.72702078414,112727.13521504216
2216,166993.58044643467,155800.0,142702.3235493475,137151.2052546538
2217,111698.76439901721,79041.43333333333,77263.29,84609.87633535304
2218,66161.09410470026,100770.0,90222.12298445018,79723.75719392877
2219,39918.381112915,79041.43333333333,77636.64205272797,71235.68052674201
2220,7958.98187930556,110451.6129032258,92302.8188563655,82712.71228261922
2221,353726.7088857591,378239.2,355742.73291666666,368044.6610053454
2222,310524.0458396785,226019.4814814815,221661.46849386723,257175.40595028992
2223,287402.79496241314,226019.4814814815,251892.46412615164,260187.6993957485
2224,201193.56530258944,226019.4814814815,219618.21936962218,215758.37060594038
2225,114006.51034016255,138847.3947368421,146336.98162114152,123608.56622383175
2226,202273.23759685457,155800.0,177616.5873862768,175445.56682969382
2227,190656.43934900593,82500.0,189012.01720015876,192131.67110596664
2228,293528.07099132007,220000.0,299651.5159783892,301349.49897480913
2229,254598.25793674774,244116.62162162163,243348.78987261173,234783.16374736064
2230,162954.51649747184,182880.0,161814.2169028821,154579.17405160598
2231,225048.56993475743,192078.94736842104,208586.0703486791,213477.14157027128
2232,189311.38829034008,174274.75342465754,182232.42369724944,184850.55073163877
2233,182284.47417314118,163908.02127659574,175671.42684406217,172649.63894195875
2234,245067.82701494358,315384.14285714284,262696.1733893049,263637.72358131077
2235,233427.66974224662,214046.42857142858,203522.7232851641,208461.7160649135
2236,256640.3524670573,451500.0,308145.07890322583,335431.7246574745
2237,312378.96820009174,451500.0,382421.78924242425,364757.6268754589
2238,200678.7480732454,207783.33333333334,200196.5925500254,206622.63044549793
2239,109823.4836068661,119141.42857142857,119245.21380875251,104307.8221365584
2240,156064.26660513133,221650.0,165427.39278950216,164551.21639479345
2241,151271.14309149375,163908.02127659574,150195.2309528133,161443.0582251067
2242,130745.22838351317,128166.66666666667,137711.902963982,133259.01028437202
2243,125850.03259620955,155800.0,136827.79822878592,124935.9865965644
2244,104811.72105506621,83363.63636363637,102234.04041993011,103196.89790310887
2245,125324.84884723183,83363.63636363637,100041.97984099235,98757.66653696918
2246,134727.67213644926,163908.02127659574,145915.60871027553,150676.30463101086
2247,128872.61448177695,102608.0,104745.69480528974,105436.25087017694
2248,122108.28790292935,120767.9125,126308.76722767716,122414.21557504572
2249,110887.40731694223,120767.9125,129181.95825583061,127271.28799304683
2250,123592.58425380755,142210.3023255814,136256.61066157423,129034.1988943152
2251,102935.27500716364,138847.3947368421,138839.62742913337,115131.79531235226
2252,207513.41186615173,182068.42105263157,179836.45745716302,181794.42098648462
2253,163182.74936103588,174274.75342465754,164368.77078086312,162609.6438390742
2254,186273.80767711997,174274.75342465754,178815.49741795185,184855.28933515397
2255,191325.04748632805,182068.42105263157,190342.06198191398,181531.33913590794
2256,165149.27877936745,192078.94736842104,185130.32601058416,185956.0635986542
2257,213870.72387849772,247330.0,200004.0604253009,197372.13263737556
2258,150212.16852312116,160668.75,172286.14338953915,177311.62725949183
2259,181469.2387240124,174274.75342465754,178591.65777699885,179684.7147025515
2260,121398.0117724142,147851.16279069768,152809.1476043978,156685.9300099948
2261,220942.87530315388,196166.66666666666,194401.94890000002,182453.487977952
2262,249870.8973683077,196166.66666666666,220738.7120818182,204951.44895479336
2263,398133.32669249736,354000.0,339254.81,341196.1407326533
2264,476043.72909260355,451500.0,453528.54,458145.12583537074
2265,162322.70613060286,188566.66666666666,173744.22226759486,155907.97094547408
2266,340280.05588581413,315384.14285714284,298790.6032773109,289204.724502259
2267,417762.1128506656,389729.44444444444,409591.33777777775,390981.3407464695
2268,470528.6313762334,315384.14285714284,354560.86128968257,334727.39785603416
2269,145902.17774623306,163908.02127659574,163247.91927083206,144145.6750860341
2270,181886.81282777805,189405.15625,184797.96354707773,185094.0672254158
2271,218140.06552804587,160668.75,219394.74502385803,215922.4333433541
2272,191102.36150003178,192078.94736842104,201466.05882297593,182869.6816987569
2273,150964.14807273354,163908.02127659574,163991.82732319096,162765.49656090824
2274,188934.93511715112,163908.02127659574,170265.98231501563,172494.03311482648
2275,181060.31845858134,163908.02127659574,172376.269908273,157822.12988087645
2276,202682.8130486994,189405.15625,172511.20961633688,181852.2893653928
2277,194906.25206015864,182068.42105263157,183095.53384215097,187212.9136865018
2278,151458.36539546167,155800.0,151977.47647932838,154337.5174806529
2279,129082.15520245861,120767.9125,123958.77336435668,129628.71722590076
2280,102987.88188936049,110451.6129032258,114368.08674497055,116154.67351254351
2281,144529.64391394146,163908.02127659574,177495.84326902733,160532.70769654823
2282,161963.73843364837,163908.02127659574,179195.96680390325,176084.01726412945
2283,116441.50876954896,102608.0,101513.17034870358,98449.9774366847
2284,122264.25713030202,102608.0,112970.25405485694,108923.52289817686
2285,151843.22596728336,189405.15625,151431.10067655548,151726.58059628
2286,126993.75289274473,119141.42857142857,130453.56024712931,129414.95853589122
2287,389127.6661787634,315384.14285714284,328698.2555791317,330480.3318326414
2288,297352.4993529124,270973.28571428574,276583.9140833333,254784.49133235475
2289,360832.12012023386,451500.0,389054.69999999995,384940.52705726575
2290,447827.38511458226,389729.44444444444,401438.9624285714,445496.8004155305
2291,357438.65674506966,342643.0,317232.6317857143,328237.3721760947
2292,419961.54691859335,389729.44444444444,389474.6767619048,416265.87564664887
2293,477970.3804723234,501837.0,463653.46,512227.705802689
2294,401381.4579804032,342643.0,346393.33714285714,364763.63693874085
2295,466150.8299779142,389729.44444444444,433362.56,450906.2419241031
2296,294097.0666420846,244116.62162162163,269234.0580853541,266567.8974664326
2297,387689.03044711286,345000.0,311901.696946274,305647.2405274549
2298,369169.7060642098,274000.0,290804.68058333336,287735.5733337385
2299,356264.4218698279,329579.5,364666.95625,359304.4049927371
2300,331195.1894155997,315384.14285714284,317987.17132142856,341995.1057590253
2301,328431.86873323284,315384.14285714284,292563.38369664317,270828.0887609952
2302,258405.26335788658,226019.4814814815,228826.8619601772,226851.4436259989
2303,246966.1070624534,244116.62162162163,243438.45384566017,241587.1968469013
2304,260066.6413870859,244116.62162162163,251522.0946386723,240042.81298040043
2305,213880.77878116583,163908.02127659574,183554.4530362353,169597.5324496228
2306,201123.2395950607,163908.02127659574,183655.18636956863,167796.3443877583
2307,209594.33283805847,163908.02127659574,185319.64687433347,174987.93957331666
2308,224863.26219014917,202766.66666666666,219288.63232161026,216455.1404932786
2309,301743.44707335904,315384.14285714284,283437.3752100841,280746.6163632211
2310,212038.58727513533,202766.66666666666,225443.32675174385,206014.61516887895
2311,212336.27801569412,189405.15625,198213.10729335013,195809.50066214148
2312,192588.04974073824,174274.75342465754,174944.60069411265,166529.47464112306
2313,166723.49387969403,174274.75342465754,175149.8504521018,175312.6936683957
2314,197921.79306885134,189405.15625,179404.82294547895,173952.7101688061
2315,182645.22098333342,174274.75342465754,176129.92806971527,175508.0284650014
2316,204597.63350166846,174274.75342465754,185196.68363344055,182560.07831735176
2317,198356.16967744892,163908.02127659574,179446.4285298311,179062.20649119822
2318,190654.4385807151,174274.75342465754,175457.85519349106,172210.28243670208
2319,194406.99135455443,179047.86956521738,177121.5308611767,166007.86122065416
2320,186431.56269286852,179047.86956521738,180022.9138500573,186205.42460502734
2321,240530.5419019903,267163.27777777775,254287.05127445885,264000.85681992397
2322,198677.71922165528,179047.86956521738,170115.41149443286,162732.30025958526
2323,196950.19026107015,217903.33333333334,175270.4434080562,188722.71125789575
2324,170226.6899137674,179047.86956521738,168103.83900028543,170786.49759431515
2325,208410.9784895666,179047.86956521738,214940.11334419542,193477.21796025147
2326,167546.0986177968,179047.86956521738,170454.3799064299,166187.3799912799
2327,198619.59176671086,192078.94736842104,202191.49151399903,205167.1948358245
2328,216136.38614544598,214850.0,218455.16801534838,233826.2807900914
2329,190454.56159942504,174274.75342465754,181464.63632375424,183968.71971640852
2330,182090.6496742624,174274.75342465754,178752.3944387015,174339.96738204896
2331,337249.3907209663,329579.5,343907.88,370157.605358597
2332,389149.20723186014,315384.14285714284,383269.0875,405939.9211710853
2333,316138.1430179421,275642.6,306075.4307142857,320993.4254653301
2334,275133.6056523756,290000.0,266083.05101851857,268237.25680195953
2335,291019.737729494,315384.14285714284,261407.88116666672,250208.6722208195
2336,316978.0543384282,275642.6,335275.2866666667,346832.6572762506
2337,197506.06655156054,189405.15625,207692.49445014846,204267.93450030312
2338,252124.59618457733,267163.27777777775,281848.2540833333,292105.4631807288
2339,205882.5927937515,244116.62162162163,231667.08992952516,218355.66421251942
2340,398251.85816972656,389729.44444444444,389044.48600000003,376128.8777996718
2341,209742.864380477,226019.4814814815,219171.57592072466,214255.9413193369
2342,222826.95522578526,244116.62162162163,238466.37494305937,235168.14802597428
2343,217106.41871296987,226019.4814814815,220738.73764594455,224856.17005530494
2344,208490.55510714278,226019.4814814815,223407.0819024614,224399.85044950675
2345,220125.2053176025,244116.62162162163,240177.47554776323,236200.81502142362
2346,214912.1455501928,244116.62162162163,223182.88594589126,219330.21165495113
2347,211292.73782593664,189405.15625,200714.28395397792,195510.0353610173
2348,248964.43373255106,244116.62162162163,231419.4071841277,230428.69646598308
2349,219515.25682197977,111225.0,160616.8322603488,161577.84021561404
2350,311423.8241045517,315384.14285714284,292694.2514460785,270950.43363779463
2351,291299.83058984764,244116.62162162163,260729.31826674208,239609.7998435917
2352,248220.58553865785,244116.62162162163,240948.4192666305,242677.09613856682
2353,260002.78792439308,247330.0,226939.76265873018,230418.2683449038
2354,168310.81722308788,119141.42857142857,126702.47006151328,130336.46838799021
2355,147124.67223452078,189405.15625,159892.88101941356,149085.95740566554
2356,144998.12630900368,147851.16279069768,148415.22871617184,150988.90852593584
2357,194654.8461340824,189405.15625,204431.37055616468,189789.27868807976
2358,194468.84381617513,174274.75342465754,196915.97476592474,194210.90342951077
2359,121933.83405564073,120767.9125,123293.29934279155,119786.459369934
2360,109579.09564043162,120767.9125,124142.82245774376,124129.83940183169
2361,157867.7353705787,147851.16279069768,139636.60721529846,145188.696931403
2362,287029.3399462914,322687.5,261198.55190476193,261474.38236500826
2363,141827.29963451298,147851.16279069768,143407.0594681437,131764.05712510904
2364,148434.08664710494,147851.16279069768,149600.40776230252,149266.84136618467
2365,202092.75562835997,267163.27777777775,228390.88633606394,220304.96936630382
2366,198879.78621418355,202766.66666666666,196352.6472917749,197726.77809155744
2367,224703.37501141801,202766.66666666666,222276.31680763682,222437.86185780357
2368,224868.9176678653,189405.15625,203133.4619734536,202632.27037741893
2369,214454.53726204438,202766.66666666666,223782.36880277618,220955.93324778177
2370,176408.26882127533,174274.75342465754,166687.52565729583,167982.60335137
2371,167259.56963855447,174274.75342465754,167231.71482565897,176373.99430425715
2372,196171.6071463949,130000.0,184833.1884304821,176811.03463259354
2373,293155.2574668322,315384.14285714284,276410.74568722944,279983.9440276358
2374,308022.6714437427,315384.14285714284,305179.98113095236,312928.12553851807
2375,247170.40761655988,244116.62162162163,240677.79062580146,253614.33446757376
2376,285992.11947562033,294000.0,276266.36,272625.0072946535
2377,361574.54485010495,389729.44444444444,391179.51,356201.87682607485
2378,154894.71001215233,120767.9125,139992.4253766056,141231.4709410556
2379,227511.74908403074,247330.0,201201.46111202342,189817.07744657644
2380,147870.71901043365,142210.3023255814,145229.0859069441,138205.25510354864
2381,184155.8145580548,163908.02127659574,161856.43165017487,156812.79829496652
2382,201218.7037256034,82500.0,187250.38976364423,196156.96621440465
2383,204222.87941756845,226019.4814814815,209269.1430697907,210375.5290676532
2384,245665.47708719876,268080.0,247673.52802889887,258685.09644799016
2385,160304.26872529788,147851.16279069768,151958.22328818534,163715.01547834306
2386,133614.6461305553,136852.27272727274,139333.0413382204,136152.68379751756
2387,128048.12181087164,120767.9125,131912.21707746378,139667.94558090542
2388,105325.61242833827,100770.0,99441.6661727102,107468.89207180597
2389,113606.9858318204,120767.9125,126550.06628276307,128369.83554471427
2390,158246.24246450607,142210.3023255814,137499.34913367053,143059.80824510322
2391,143514.6763382461,142210.3023255814,135699.99269556318,139966.15331506234
2392,120548.35701375082,120767.9125,114784.85401582341,117374.53394709948
2393,178583.82811148418,160668.75,159412.814244685,170218.0048368756
2394,147254.03665816225,147851.16279069768,143319.3008338884,144563.79706735734
2395,213904.02567752637,247330.0,200138.00236200265,201501.3197771175
2396,140194.08827240346,163908.02127659574,148463.61995217073,136450.01620556504
2397,218009.7956082495,214046.42857142858,196985.82497616764,216758.61658868814
2398,137626.27995385323,125636.0,126691.82559573835,127557.31946186394
2399,86289.97070118645,79041.43333333333,69475.44047619049,52807.40550223431
2400,57219.46730769053,79041.43333333333,66807.79679387451,54088.14587011935
2401,139490.69408419635,102608.0,115107.67004583472,117676.50739506612
2402,140269.64413617132,136852.27272727274,134675.97852800795,136552.14682781385
2403,149220.98405014677,138847.3947368421,137867.9419565654,122604.45471617482
2404,144508.09534299513,142210.3023255814,141312.61033187254,143923.1886305877
2405,151697.92292002123,163908.02127659574,157856.63193811174,161091.3494206222
2406,140204.62314007385,120767.9125,136699.24038555575,141447.63331254365
2407,129675.4660623516,119141.42857142857,126587.52543463139,130629.93288250169
2408,131894.3499752828,147851.16279069768,137054.265765094,142392.25037117733
2409,107619.81026766635,136852.27272727274,133555.75190379316,129645.6216286543
2410,186966.04856025102,182068.42105263157,161465.6191934155,174486.44226714468
2411,114147.40981114749,120767.9125,124657.82625655153,122337.08950485641
2412,158097.88614442525,155800.0,157030.70374016874,154353.46935845655
2413,122299.28278331971,148885.7142857143,138271.20282926515,130967.09478509534
2414,162894.93344659032,120767.9125,131569.0794471669,135660.06613116417
2415,146289.65095169563,138847.3947368421,132113.61642451718,126156.565808921
2416,129184.40776781552,120767.9125,123989.79201165443,127956.68405135258
2417,133142.22474984732,136852.27272727274,128460.01278815308,129317.22070015415
2418,137628.4660260789,120767.9125,124503.23152501568,135134.3043462603
2419,135672.2544180625,138847.3947368421,130705.6157460316,116441.72847514813
2420,121434.55678470712,120767.9125,127136.69542037084,125359.99965868356
2421,2323146.7719394704,155800.0,153895.41154823502,153512.41846496187
2422,117726.17508285027,125636.0,119276.14949761819,112896.05333526229
2423,127153.99471569015,111225.0,131446.19630952383,128410.84164429153
2424,146545.33519333135,111225.0,147957.33264520986,156745.66797789853
2425,224737.78542632004,182880.0,174708.06776850054,195350.59661429565
2426,153905.69361160556,147851.16279069768,127262.20202614379,115650.1744149336
2427,135315.49829479493,138847.3947368421,143393.95453874883,149332.05908791
2428,194112.01541953627,192078.94736842104,170369.3899958059,178072.860203058
2429,100429.91348592658,120767.9125,114592.6017233475,113917.13502847968
2430,132494.86659504753,120767.9125,130432.86931904676,131607.71089694696
2431,90270.23851647554,120767.9125,115252.5642793277,116168.5899974555
2432,161916.49656736245,136852.27272727274,135515.93829258022,142275.39312107355
2433,162445.7478867001,148885.7142857143,143518.4840435775,149614.98967525022
2434,151959.52930557588,163908.02127659574,141453.37921490346,126296.06730645777
2435,187175.95382251777,163908.02127659574,156855.89264173224,150398.10111428128
2436,106416.95699860016,120767.9125,111137.24938523049,109294.0388548642
2437,101590.60748496372,120767.9125,108370.1744943582,111759.982768545
2438,114964.03564562974,120767.9125,121542.90639539142,126808.56863989848
2439,105467.93986785226,125636.0,118156.01295661769,109542.56526872003
2440,128903.37738634227,125636.0,124772.26383741235,122681.72688218745
2441,97659.30396304326,119141.42857142857,108595.72018360294,90124.81342889242
2442,96998.93748537218,102608.0,104524.86431089448,104634.16535208256
2443,146484.92910121707,120767.9125,117610.85725078612,125325.4715887716
2444,140008.78124214103,125636.0,131195.40083061522,128919.82825657497
2445,79513.7032986912,100770.0,93192.79670895943,83931.58074897954
2446,142508.94523361884,138847.3947368421,132668.2231811078,121537.59186837461
2447,188068.94376878673,157000.0,229857.4832543894,202035.5557086442
2448,129767.18276925245,259500.0,143267.33876582226,140558.2439302815
2449,110054.8269580286,125636.0,116450.73852446051,112830.30058630115
2450,156620.33609888144,174274.75342465754,158185.90233517173,152802.51844333345
2451,45670.181868211366,102608.0,123694.99483610036,129599.2111330938
2452,210107.8758043605,383970.0,244529.22083333335,230057.05161144547
2453,99931.65174101945,110451.6129032258,104436.65813112813,99160.49542608164
2454,126138.79511290649,138847.3947368421,127440.50590327728,130573.41045016103
2455,130682.63197953254,79041.43333333333,103844.18338331486,105165.2511242841
2456,172893.8983537713,155800.0,134124.40888961492,141513.52089216455
2457,154610.18355713552,102608.0,117099.03683071704,126125.54786885741
2458,144769.8950225385,102608.0,112400.02239611089,119181.31018407708
2459,134639.29615224572,102608.0,111606.7142761125,112037.48638003241
2460,140307.2271510749,174274.75342465754,142907.0142170055,148651.05769994078
2461,131131.04864180041,120767.9125,117212.94388960114,118490.54587323705
2462,130655.78579090675,138847.3947368421,131522.02946658916,138567.7822076739
2463,128711.2347213747,102608.0,116710.31265805163,124916.32190997059
2464,202468.22771505453,139137.5,168346.79609797953,173990.15767023677
2465,153683.05456915824,125636.0,133964.342006163,132904.04403780584
2466,122785.1100342418,125636.0,119569.63886362281,112787.97627572094
2467,105933.83645649254,160668.75,150509.4655295797,145209.71524023014
2468,98344.67130125547,100770.0,98214.72674697496,89253.15852239422
2469,98747.07304056967,130500.0,99770.77746809945,77881.80952017367
2470,226282.5376955103,247330.0,195181.0639203476,176608.0728324177
2471,224392.95735010505,162036.84210526315,176585.03826450996,196021.09093735708
2472,177482.06732598366,247330.0,180337.7450286322,166165.34796277512
2473,138541.60921949102,83363.63636363637,119975.00029842065,120753.3563713627
2474,94225.63232647767,138847.3947368421,110806.50713479261,92470.20705889187
2475,228198.61937464215,294000.0,239849.7033333333,227552.3910625403
2476,109533.77007262735,100770.0,105044.08922166796,105421.23440371828
2477,123553.93450133735,120767.9125,131146.21190914762,128626.27624854175
2478,163471.30684072152,155800.0,162514.27208706568,156996.367447191
2479,106328.3502367232,107979.5,117549.29639582038,105993.95709942064
2480,171579.17431374686,147851.16279069768,137157.948108933,155110.1268297804
2481,133370.3320837319,82500.0,124131.35932265011,121950.8348660988
2482,106862.7246334157,142210.3023255814,136022.30251682264,135880.00048433896
2483,107264.75272621308,120767.9125,116047.49551299712,116628.6203472144
2484,132726.36585164303,142210.3023255814,125826.71885705578,124240.78229476171
2485,126690.96260344703,120767.9125,122201.2408683725,129841.91140607516
2486,173320.22466070717,148885.7142857143,152805.98629154803,146204.1423052019
2487,209787.8823245205,155800.0,179322.52238095237,204879.10454432384
2488,163298.45789066283,160668.75,147729.174222735,148142.1630574788
2489,152403.63013669848,125636.0,147192.69183710095,145777.0887285705
2490,141403.47207224136,148885.7142857143,148110.89736643748,148092.6520843351
2491,99073.19275304582,79041.43333333333,92489.20465139445,88881.87020046043
2492,185540.878051301,174274.75342465754,185471.73382857777,176552.6639234854
2493,141209.51718140254,125636.0,135951.49248617596,144992.50504795343
2494,148938.90662579425,155800.0,159476.39666585607,162323.79489592536
2495,68487.57505605463,100770.0,98873.93273002659,96983.50750966487
2496,217920.71855754592,247330.0,225126.06152958155,251074.5874331917
2497,159878.0573174958,151031.81818181818,149486.25368022977,153716.30536179466
2498,113623.56796146836,102608.0,118325.27831584895,113850.81017677483
2499,81236.36484789429,79041.43333333333,96718.97980722247,108493.58534929714
2500,127180.71071186988,136852.27272727274,132788.18142392178,130643.7725003592
2501,148685.65291331336,148885.7142857143,134581.42097082685,138501.67474098093
2502,147087.3934999113,155800.0,144529.8271895248,151425.37956138773
2503,110615.10386192007,130500.0,101379.2397799901,93990.2755258351
2504,2827108.4137569247,174274.75342465754,186792.53511609192,192749.88672278705
2505,226266.6191628175,214850.0,214832.24677961893,227791.45813237032
2506,255387.8107524095,244116.62162162163,249649.59107294749,251794.5223295399
2507,285372.75367063703,389729.44444444444,353109.65142857144,312804.55180550285
2508,252765.69330043625,244116.62162162163,254107.33198203842,255072.47428966456
2509,212202.78496248927,226019.4814814815,222578.04455361285,217582.60022959305
2510,206552.19362075115,244116.62162162163,232598.8280468124,236561.89642481835
2511,178269.7609772957,189405.15625,186721.90866219348,182095.07503119568
2512,220955.588988774,226019.4814814815,216551.4159050124,206179.80103723757
2513,217345.31512927543,226019.4814814815,225349.13118425303,201171.78365876782
2514,337593.47301630676,196166.66666666666,237007.1438637039,227418.0979501082
2515,166921.049682518,147851.16279069768,146301.20783621536,152991.73881772556
2516,170936.6933331648,142210.3023255814,155870.27736522752,164191.9307231077
2517,154603.18721808307,119141.42857142857,132695.83373323723,140092.54203349625
2518,136031.73004958825,136852.27272727274,138163.16547311706,146894.25397746422
2519,248375.83381445426,226019.4814814815,228483.38752847732,227601.89722475084
2520,228389.52264574077,214850.0,208895.4522184037,216514.84524789714
2521,189713.05957619706,192078.94736842104,195684.50638143023,191677.6322552152
2522,225787.32943592872,226019.4814814815,221537.51107964094,224580.37595845046
2523,120543.15242914483,142210.3023255814,135817.54225217595,124052.58098880044
2524,140659.13682169607,147851.16279069768,136971.88707742086,139341.3512667166
2525,173649.3033393654,147851.16279069768,144014.2134123363,149452.47214738347
2526,156777.35613719188,147851.16279069768,138308.2514343767,135533.99697970055
2527,117600.60951601015,120767.9125,121869.21177825471,122131.62056627388
2528,145747.86699455325,142210.3023255814,128585.02863789881,130626.31929447767
2529,88899.93621151848,142210.3023255814,130925.07881936569,139004.35805657634
2530,116327.22943001986,110451.6129032258,115939.22416116045,124539.14636761503
2531,272596.7730784933,226019.4814814815,227479.93578327098,235838.58238972788
2532,222414.90683662426,226019.4814814815,231193.10158796393,228226.7573295208
2533,201842.7865144792,192078.94736842104,197940.54333728136,195029.15832931676
2534,251993.47112588072,244116.62162162163,245099.73258048334,237181.33514961528
2535,284535.34825365106,275642.6,309657.91309523815,342158.3189612136
2536,229885.27860388393,214850.0,231340.15417276332,236960.09870242327
2537,256599.48645955417,267163.27777777775,238018.47293801754,228013.13108939974
2538,191954.01775767608,189405.15625,189857.02155864413,173726.1130098759
2539,182943.1519786436,189405.15625,188068.80784585758,189139.82177098858
2540,188900.9663107586,163908.02127659574,178052.34206020698,163804.33240372964
2541,174774.40173519216,189405.15625,186300.73307027033,182724.4688167931
2542,165410.5687154308,111225.0,161462.84015619277,159139.32001438722
2543,120000.06752769789,120767.9125,131067.47160190124,124370.20405529707
2544,127959.26611787919,147851.16279069768,135273.60613463103,132714.1806909878
2545,131715.77797040716,125636.0,128633.28582950121,132173.44851737784
2546,122836.76146874437,163908.02127659574,147927.1312927579,141301.40318950886
2547,147214.40957331192,142210.3023255814,138938.1095095024,139723.22658594066
2548,159780.10312504135,138847.3947368421,152764.33485802123,151150.17550840176
2549,163954.76879467536,225000.0,164005.88624820687,163437.30808996345
2550,763253.3539148853,625000.0,593832.38,677613.7187927617
2551,136479.22375586443,142210.3023255814,144547.65798531927,144103.90708398382
2552,137145.14124027733,120767.9125,122341.99181266293,130547.66306589691
2553,80269.93888603756,80000.0,88780.24868482669,76563.1523561963
2554,75726.93910958199,148885.7142857143,116596.45945992674,103310.33460438183
2555,115764.32245858153,120767.9125,113008.9502800051,129039.79699619047
2556,95816.72664340492,110451.6129032258,106745.8500618191,95738.09543308671
2557,100125.61028368538,110451.6129032258,116251.78344513514,109878.5870770421
2558,192507.41480527353,155800.0,153330.2827256458,155645.04594368656
2559,163066.1144911507,155800.0,133010.5795650965,144486.6746771194
2560,170267.69427839713,120767.9125,130854.93723657202,141247.43058068946
2561,151160.93404402304,200100.0,138625.23065201464,141649.8587382026
2562,165454.50498725334,93500.0,133299.38515365895,134965.73411848256
2563,162280.32508346764,93500.0,144474.86371681304,148424.10803034296
2564,185579.9968094267,162036.84210526315,168073.94705049854,168967.59007373615
2565,168188.68457258958,120767.9125,126717.69724423025,138335.4293757639
2566,184071.59955187282,138847.3947368421,143859.27143899002,166718.7310810261
2567,136602.23866458517,125636.0,130563.97401796286,124701.14045138595
2568,215959.0666804458,174274.75342465754,189401.13743444643,199377.61868393255
2569,252639.10320386104,182068.42105263157,191791.3847125699,197743.41312864466
2570,125346.0481445971,142210.3023255814,124877.94727267571,130469.17678853234
2571,209827.2310536541,138847.3947368421,167808.0616337592,167836.79423545473
2572,186771.25605859747,157000.0,193633.06903030307,178105.13755145358
2573,245529.83013214078,295500.0,216673.4372205483,211417.34974970252
2574,-1478015.8248912762,298700.0,303595.59875,256891.80721774464
2575,134500.88793816837,125636.0,126462.91981954755,131444.09986697408
2576,182550.88006450003,138847.3947368421,136280.687865701,121653.96872640624
2577,173699.90164735354,155800.0,159956.96446387694,165079.49010932774
2578,84140.87262505433,102608.0,95686.73842813668,90870.6739685986
2579,61092.396461331286,110451.6129032258,89170.28606124008,81964.3170953281
2580,113699.62289795559,107612.5,134667.8301535409,132409.9725786461
2581,137015.69705449045,128166.66666666667,135833.2409071566,133886.38697970728
2582,137254.0318742646,102608.0,117049.64758481889,119588.24891795997
2583,300685.10979633266,267163.27777777775,289793.9706428572,286976.8407682248
2584,195040.971813594,163908.02127659574,158353.8839387347,154606.09357042421
2585,182355.11710752826,225000.0,179014.10124495413,180525.12650999875
2586,217463.3033794458,189405.15625,199617.41208771567,201054.47005184286
2587,211227.98991621798,160668.75,196240.29552096204,183976.55432827325
2588,141498.70190362446,189405.15625,150462.2783419329,154778.99336527637
2589,143710.44312424213,142210.3023255814,144027.0483475842,148450.7131796599
2590,204413.0052269823,82500.0,202642.0280222838,229164.46514673866
2591,230868.62676333543,247330.0,210609.32851398602,214683.36205122824
2592,231368.8209561836,226019.4814814815,215652.7658138597,204841.24152167237
2593,269073.1811632551,244116.62162162163,248327.31264017563,274444.0045222472
2594,175358.886628767,82500.0,171463.98726567964,176711.10618214178
2595,213395.61115834117,147000.0,222590.82471601732,204920.63342999222
2596,296553.404883523,389729.44444444444,346562.1621515152,345292.75769559375
2597,205081.7937422921,174274.75342465754,183764.79986653227,180131.80031894907
2598,290571.180549609,322687.5,279305.80389730644,272800.3021383975
2599,385796.49925832404,274000.0,297194.61225,276861.7561965464
2600,3508856.9493003488,138847.3947368421,146230.6308753936,159554.4024024522
2601,124265.72496165847,142210.3023255814,136350.74397667855,142427.00579276396
2602,69494.56276547024,83363.63636363637,89231.35775494244,86924.62652256609
2603,94425.35735140927,83363.63636363637,98436.26190476191,95213.73689533249
2604,94945.81588268699,83363.63636363637,87953.74327261507,86719.19491357158
2605,65978.41034092009,83363.63636363637,91677.66647081675,85856.94879600614
2606,138397.23363760253,142210.3023255814,145115.47761416982,142756.64528551203
2607,205273.4855775549,163908.02127659574,175278.66126216255,179123.4900773081
2608,179042.3330755285,155800.0,191473.10270936546,180975.02059726062
2609,144499.77097920375,155800.0,160036.2647443071,160883.0513157504
2610,111942.94523406914,120767.9125,113144.19871517859,113619.07032244776
2611,218073.3556297836,155800.0,148537.82197889674,158623.86742439988
2612,150942.65228694957,163908.02127659574,150364.94488868015,150215.51936136777
2613,120846.76399513241,120767.9125,130114.70928612519,131507.21120528944
2614,102851.73929692945,120767.9125,130521.21596891421,122752.76575258256
2615,165266.4711904996,148885.7142857143,153762.01768419752,145454.7694166606
2616,154910.7291946807,136852.27272727274,136149.45920487243,141587.83505568418
2617,222722.01546584116,155800.0,168724.04056948368,168389.90354487064
2618,217706.2257077191,182068.42105263157,187622.32415085202,190692.50070510525
2619,222888.7313862457,295500.0,205744.0055050394,193454.48534056472
2620,191712.09628714994,182068.42105263157,185577.27328088734,184608.13508569618
2621,180588.75881161122,174274.75342465754,183928.70437972233,177035.59537869517
2622,188652.14340885822,174274.75342465754,189130.9159915627,187068.55746320426
2623,238156.8749854779,244116.62162162163,249170.7295891736,242030.2598426096
2624,294479.46714765066,294000.0,266212.66452060937,268888.5673948072
2625,322134.85408144677,389729.44444444444,349676.4,342998.74883250997
2626,176015.21160437865,163908.02127659574,164626.5987969174,169428.1796468089
2627,186523.3160827891,275000.0,184462.2270969697,174511.3177969127
2628,503904.91974369437,412500.0,380953.5466666667,409939.8026624003
2629,525042.0749908988,361919.0,479010.44,455493.182469667
2630,400340.0145507362,317433.3333333333,333185.115,362219.2833312792
2631,483247.9719478986,556581.0,439780.1783333333,493025.0511200906
2632,437766.96183715435,361919.0,353995.925,366397.64823306503
2633,337514.9813077594,315384.14285714284,305526.85093627457,304652.85059278196
2634,444807.4316452616,389729.44444444444,375185.88953968254,383379.60987150396
2635,143083.45132587757,147851.16279069768,148856.68924965707,154022.41894053153
2636,157612.31014948012,226019.4814814815,196660.41994583182,174060.82596125823
2637,197327.35879706964,82500.0,163997.92702625156,180394.50432930788
2638,288607.3912519873,268080.0,256651.5875,261687.3363999838
2639,189576.52090352355,174274.75342465754,178413.65943122545,193845.93412691978
2640,159937.7756207576,147851.16279069768,149150.98766519685,155144.45408785724
2641,100448.84588439623,110451.6129032258,113466.95053108566,111404.02711824517
2642,169978.43970353948,214046.42857142858,193626.00706226256,198988.58679987653
2643,112669.29308605567,142210.3023255814,116682.53642022924,116630.90102610715
2644,110168.61639753636,142210.3023255814,131908.8323601735,126702.7210373144
2645,111285.58911790606,102608.0,99172.59854983725,94732.8907265822
2646,98634.74437685683,102608.0,91138.78957322905,91466.68147849134
2647,103513.3660706738,102608.0,100434.47306457433,98751.39026363127
2648,157081.8948213444,128166.66666666667,136952.76808115456,141858.5034316458
2649,146608.37920438917,155800.0,136444.18512755688,149756.221996609
2650,139384.5070925299,189405.15625,149027.44211417664,144454.43258982443
2651,132763.11810211232,174274.75342465754,148538.3652445559,149461.9481818467
2652,393669.48942834465,315384.14285714284,398924.12049999996,420064.6710132389
2653,255243.69752547238,244116.62162162163,244524.18262626257,241910.28908480317
2654,283846.5540377479,226019.4814814815,234767.1689882531,217688.34842540792
2655,415665.2601450104,389729.44444444444,384681.6197777778,395899.69684837875
2656,331199.9088459164,244116.62162162163,309730.62234920636,318421.4227937863
2657,370532.90162257105,315384.14285714284,337232.77576744335,345684.8642238488
2658,333486.55279161595,274000.0,295402.51618633815,269009.7581957582
2659,329701.38640687754,270973.28571428574,301445.5884523809,314673.9453058298
2660,363612.62661215523,425435.0,323217.6573873528,340465.14876837493
2661,376452.9494914515,315384.14285714284,342328.599880719,349287.0041142741
2662,393321.13700537616,315384.14285714284,346189.6557140523,351465.424612218
2663,282582.9313908485,267163.27777777775,268360.7162582041,284248.9805626272
2664,293260.18583775405,315384.14285714284,286232.13187675073,278168.258665099
2665,329058.6260019019,315384.14285714284,319997.2828291317,308983.28079576656
2666,298008.71292792354,315384.14285714284,301044.67098389356,289437.15177101205
2667,185819.60439736256,174274.75342465754,170777.40105169135,166662.78259143472
2668,191298.81292841304,192078.94736842104,183557.060975169,185862.88743595534
2669,192567.32338109938,163908.02127659574,178132.74765366325,161487.31744654552
2670,275791.976377537,329579.5,285900.3702777778,260891.5172764129
2671,191734.64307497535,192078.94736842104,185696.7698699606,186746.0056417641
2672,196138.6762571889,179047.86956521738,178582.07179008334,180558.30199344672
2673,202850.4986804095,226019.4814814815,189694.1303481763,206324.48102136233
2674,200922.8552542366,179047.86956521738,185403.6216502011,196628.8730404469
2675,193366.90145882452,179047.86956521738,165657.63360166262,166179.79135650164
2676,181283.60614658194,192078.94736842104,189671.06736106426,189633.02319739602
2677,210511.07974121487,182068.42105263157,194588.2603982648,188137.73031434094
2678,241827.66811494343,294000.0,267494.82935628295,235747.459305065
2679,277908.95391403977,244116.62162162163,273279.6835296575,284286.40406786493
2680,290616.533120872,244116.62162162163,270443.26775396825,272550.6233862304
2681,403753.46782449074,315384.14285714284,395033.8855555556,456023.149945157
2682,317269.86289126286,298700.0,307120.7691071429,325523.40786534466
2683,488080.1598843946,315384.14285714284,506933.34,480801.13905796397
2684,319367.95870265644,298700.0,297730.69666666666,299417.00495636626
2685,320102.68686873466,381000.0,328948.4629047619,337186.33382011415
2686,263614.23522490077,244116.62162162163,267145.57246185583,251073.37844526322
2687,301571.7408007509,378239.2,324973.40164682537,326663.4795031822
2688,214327.91164471302,244116.62162162163,232937.78433893246,216363.05826381178
2689,214548.48781702155,244116.62162162163,217183.12578432247,204712.39184376318
2690,401820.82928401884,611657.0,485032.66,507561.14826758974
2691,202450.48699644068,174274.75342465754,191195.44849778726,179209.14235775423
2692,158453.5742161288,119141.42857142857,135379.438885389,129566.733788868
2693,213278.3746541571,189405.15625,200912.65388517067,183853.45357713127
2694,144820.37547848094,119141.42857142857,125761.14116183808,123860.43607744957
2695,203105.2997678807,226019.4814814815,195000.11302621078,186140.26495291674
2696,187568.52063277783,192078.94736842104,187771.75740688105,183468.1646833197
2697,192842.64705437515,174274.75342465754,195021.893807331,185975.74309211798
2698,199221.61905968376,214046.42857142858,197046.20056012608,198109.270273483
2699,168611.96101291804,214046.42857142858,184248.96853575367,185398.97589615572
2700,139790.788769159,163908.02127659574,173545.57373084835,164859.72168404012
2701,126435.57778001437,142210.3023255814,151752.87837871932,149724.3379405449
2702,88911.07693780772,131500.0,123580.49967422761,114351.61589667965
2703,108109.16719328426,121250.0,138142.90467555696,133113.02190984454
2704,150192.64780655457,142210.3023255814,140781.2675268847,144002.03067338365
2705,127441.4237569673,136852.27272727274,127034.89891261495,125518.70958285208
2706,79449.28141027829,120767.9125,119151.6362712833,118137.42167607586
2707,106518.97591884155,142210.3023255814,125484.50623224404,128104.04443561577
2708,149167.00979651697,136852.27272727274,134465.85700079313,139198.5560363859
2709,118051.49621240702,102750.0,109847.68192969411,113311.88511163865
2710,136541.85147769656,120767.9125,126535.37313674868,129951.52448864169
2711,727835.4981231508,322687.5,286306.9983333333,266128.53361268155
2712,403303.5674980809,315384.14285714284,375761.57291666674,358925.5332843059
2713,162251.30061077094,189405.15625,176100.13113350223,170885.14184423906
2714,144702.20778114162,162036.84210526315,151379.1686981382,150594.91312605186
2715,189818.1354347067,174274.75342465754,173936.02672200822,174883.057870214
2716,130906.00988268713,189405.15625,161132.36373710452,155605.53921731564
2717,195540.04410299333,192078.94736842104,181381.9081203389,179382.4042503898
2718,214681.0633843355,202766.66666666666,227114.35026130217,229530.97433867952
2719,156410.37971451972,163908.02127659574,154984.23019231102,154983.6440259338
2720,186406.78023662185,160668.75,164187.55673961758,169822.26043322188
2721,125068.0869247159,147851.16279069768,142643.1241895241,140513.9737468417
2722,154643.60758384503,155800.0,163939.1211319424,147965.00694202536
2723,133950.98721495597,147851.16279069768,144431.33470780958,147742.6381272733
2724,125172.88798833033,120767.9125,131756.94682682294,129945.54080781115
2725,122685.048065593,136852.27272727274,136869.05115964345,136761.6619902618
2726,159361.66134659573,136852.27272727274,145239.88182541344,147570.43098756886
2727,199301.28091475554,151031.81818181818,163647.44688462655,169775.38144713192
2728,175888.41908722743,174274.75342465754,170788.52308111667,169837.40724308923
2729,143438.70178402215,155800.0,148303.22980239213,150973.34130945042
2730,158040.12908010464,163908.02127659574,145567.65402166106,149459.08463035192
2731,125463.69371500285,120767.9125,121611.49337944832,127063.31291073335
2732,151022.85559449578,120767.9125,117997.0966522124,123984.96930056193
2733,157105.85876058787,155800.0,157836.64318227573,155848.61205139203
2734,66204.73567684321,138847.3947368421,148476.34998397436,142223.46565273835
2735,146604.18504384253,148885.7142857143,133328.4967531125,133551.90032915949
2736,137620.39249767223,138847.3947368421,145013.1694158304,146487.14882717855
2737,124733.23345382325,120767.9125,123276.03026291748,123372.55450082768
2738,131583.78091817303,138847.3947368421,134418.13598430494,127469.19472713328
2739,150761.37301405426,163908.02127659574,161506.85167545397,162438.03518458837
2740,144406.1527490369,147851.16279069768,137093.26413282612,143582.40852091968
2741,152626.71759691974,148885.7142857143,146942.81805189975,144787.54332548828
2742,151619.49977130024,148885.7142857143,152429.03218421043,153990.70977401163
2743,162154.30901612807,148885.7142857143,145551.83701109016,144215.56701544183
2744,160905.50422778772,136852.27272727274,144778.44051597625,149143.18310668276
2745,141696.38710506726,136852.27272727274,135431.56002432512,134238.20288889794
2746,141948.99435517378,136852.27272727274,131379.1847363599,132533.22223396914
2747,145440.09770383593,174274.75342465754,156559.6912225037,167841.05622597216
2748,100315.81318202522,125636.0,125781.06031143497,129708.67585022225
2749,127471.7301795925,136852.27272727274,130166.03397618748,130501.93842367975
2750,134265.79109537508,136852.27272727274,133588.61708969358,133947.54354754047
2751,133638.4345142087,120767.9125,131230.6630505257,139359.97047588273
2752,201050.68364211358,294000.0,235532.13333333336,220830.5612136605
2753,168636.79637118056,155800.0,152850.88872682833,156498.031900988
2754,242052.84964923328,225000.0,195003.67541125545,212194.46727483554
2755,133817.41290000407,125636.0,129028.94259328303,129334.07066254459
2756,100559.38555136835,110451.6129032258,101212.97703516642,99947.07919716985
2757,46525.615549232345,79041.43333333333,79198.15486194479,70609.40341236316
2758,84255.8145569698,110451.6129032258,93275.8850670844,89664.71997520335
2759,179130.8444736097,174274.75342465754,154803.42377943633,162513.75903802383
2760,137038.48766808212,138847.3947368421,140365.26853783132,128947.78728467881
2761,145471.6716937935,136852.27272727274,141748.29699388222,141618.7166986346
2762,138395.52973666042,163908.02127659574,143798.77878443451,144825.04775480492
2763,182042.450905486,182068.42105263157,187221.5419004275,197221.81717081185
2764,125572.79331001407,189405.15625,171563.82620605468,160751.3027420152
2765,291901.2282251781,322687.5,274624.79333333333,284150.33096681186
2766,135906.23333039833,155800.0,142503.83748840351,150320.0245209861
2767,84782.3305552965,79041.43333333333,92525.17540939986,90467.965155384
2768,143268.65534854168,138847.3947368421,129727.03640806288,127782.19785666649
2769,152705.57488369616,82500.0,126155.82415423395,133171.96183308883
2770,136887.66733142873,116900.0,153668.56563996934,152351.36186741584
2771,94668.65232329769,120767.9125,120536.32827131641,111437.99190098769
2772,106182.49122774601,119141.42857142857,118544.79963591736,121923.39349980661
2773,183828.4523185431,111225.0,145098.50002528762,137407.03598971196
2774,172418.13535814965,155800.0,137833.78269902818,149525.35365646685
2775,121608.39340145653,95000.0,131418.33532375025,135573.03638014066
2776,146515.18216865044,174274.75342465754,142298.74592676765,150378.6996108014
2777,146904.6167117469,162036.84210526315,151254.21586906575,139369.64068330431
2778,118807.01862249617,200100.0,117707.43076190475,116146.39244887627
2779,135723.6858806447,107612.5,125396.78697281478,109399.062242153
2780,98071.703653662,119141.42857142857,109879.69017190626,98401.60582403491
2781,107009.31276287558,102608.0,106457.98942384864,103317.10578048139
2782,92890.05763836345,94204.54545454546,103907.53436500554,95147.96370102916
2783,101851.93336209003,110451.6129032258,111186.56134617535,99181.33532097515
2784,124513.06514330627,125636.0,128843.84367348449,124243.1524533879
2785,138367.75402666954,138847.3947368421,140293.19234668268,133117.78666741826
2786,57441.92535665026,110451.6129032258,83554.88204383981,76338.53727142008
2787,124107.53853410576,120767.9125,117117.59440061025,123884.28123654661
2788,72929.45140074892,110451.6129032258,93307.26320817292,83233.9075285222
2789,174360.82736708224,268080.0,229631.6937878788,200056.84144676913
2790,90528.49317948567,80000.0,95519.85944677424,99031.4161588886
2791,121436.2596944212,142210.3023255814,121255.51849133043,117894.97364980809
2792,93062.91052179923,91000.0,85865.21576923078,59375.75558391655
2793,188511.00389493676,259500.0,161279.92177152913,176584.20914326832
2794,99373.0787239587,110451.6129032258,106538.36574534798,105114.44611907138
2795,129103.67655984219,102608.0,116873.63769958599,121825.70822718614
2796,100728.76417542901,120767.9125,103789.93286343808,102286.06224495314
2797,245958.9996112832,247330.0,196328.90699023203,222185.83414260505
2798,127279.0121343364,138847.3947368421,121917.4275412616,116225.878965073
2799,135070.67010569945,120767.9125,117343.76034133862,113956.45757803512
2800,57141.13756822189,79041.43333333333,82378.11287846141,66573.45555207266
2801,100047.21868334757,119141.42857142857,114765.16734398255,113827.38156519418
2802,139828.6314232028,155800.0,135113.4494657879,138998.98762776435
2803,196004.67875462584,174274.75342465754,159920.6417260097,163166.84031630255
2804,119389.39866559394,138847.3947368421,145353.471402593,145452.2676085753
2805,106416.01693005487,79041.43333333333,94766.83195343219,99911.46748606463
2806,75504.24723819504,102608.0,102342.83661857448,82484.74217991113
2807,247767.6830134187,116900.0,152149.42683124475,157958.4826248694
2808,159786.6161766043,147851.16279069768,146170.55899952565,152528.4094806975
2809,130693.79407371301,120767.9125,129109.15301193159,129993.48461928403
2810,124898.48292753799,136852.27272727274,134366.3871302578,136705.87442779055
2811,175250.9748876253,138847.3947368421,155580.09099157157,151110.51928576294
2812,194553.05757299298,142210.3023255814,146054.84612738193,144211.22063092404
2813,149949.4381360542,138847.3947368421,156875.6185353942,137946.84055844578
2814,160163.96244524652,155800.0,150813.34323325596,148646.30509167496
2815,116075.70541305281,79041.43333333333,97427.26668204693,100659.28164347712
2816,220448.13344447687,295500.0,223476.4902852703,223823.5878127144
2817,152963.97209015395,147851.16279069768,137847.11370179337,155514.27385660677
2818,140916.2354607745,142210.3023255814,134734.30968932816,128993.22309971179
2819,160390.65853269305,214850.0,173415.1190393325,172792.8674947364
2820,135156.36368473526,94204.54545454546,131904.74274227585,130493.16270105889
2821,98660.71900575142,130500.0,105769.7008695874,120266.16534918627
2822,180338.25456244405,209405.88235294117,183258.17795586295,200980.65937357128
2823,348284.9652301832,247330.0,228054.80973376625,256869.86685087442
2824,196695.84107811935,226790.0,179246.71727297638,179619.9413742789
2825,155280.38366204454,138847.3947368421,149399.8197597164,151664.24787911447
2826,144840.5835487009,136852.27272727274,134759.02153969542,126761.65532947562
2827,126498.68060055096,151031.81818181818,142259.80986354512,135977.0249151741
2828,260564.06656612363,247330.0,224012.26813035234,219097.1868844764
2829,201331.8560678591,174274.75342465754,181769.63215477552,188577.7485642807
2830,243168.8838958498,226019.4814814815,231431.7447658962,215533.42370597253
2831,182599.07311044214,189405.15625,191144.48011053554,176439.8805572663
2832,267358.40164716635,214046.42857142858,223558.0769511105,238682.4087088659
2833,329373.97908637207,220000.0,298525.73633706814,297737.9085595635
2834,248697.95943427738,226019.4814814815,223676.62561536752,200788.68796746532
2835,234669.52884904202,226019.4814814815,219264.814607248,217095.1053323733
2836,199861.52746479306,192078.94736842104,198261.69385976635,192961.95464582107
2837,149874.9937946382,182068.42105263157,168942.57056897666,163459.08632102635
2838,150674.2538619293,147851.16279069768,144554.37419348667,146205.9912865163
2839,172740.90665869182,174274.75342465754,181459.3208704832,179502.07702177795
2840,213998.2999865613,189405.15625,197504.2176875049,201418.81980048257
2841,203538.22135662567,214850.0,206717.33827924507,211437.62715338432
2842,225344.3338760431,226019.4814814815,227321.05779681355,228408.21777103454
2843,152596.1231882777,151031.81818181818,148995.16145680653,147311.30482093545
2844,184544.37888588523,163908.02127659574,154537.51584025173,146954.44350051665
2845,123051.42931922292,120767.9125,123379.8301149898,117396.89036221846
2846,210884.66682871664,214850.0,214182.72825463238,215053.87271681082
2847,223755.67388430145,182068.42105263157,198200.02353675573,203390.65065796755
2848,228889.63750744704,267163.27777777775,229540.2477564973,216164.30175614226
2849,203546.42465104535,226019.4814814815,205249.36461489584,204528.52701345325
2850,270704.7182908654,267163.27777777775,272977.0483924964,279483.37757508026
2851,210988.38687940314,294000.0,238473.81915559794,243962.3179190133
2852,237089.73582522385,226019.4814814815,218186.98796555118,228546.21990685316
2853,227670.16065320466,226019.4814814815,233343.9893366661,239183.82748873232
2854,136094.09536995413,142210.3023255814,140649.9162014338,143137.82826561562
2855,208838.10736220796,189405.15625,199678.81242685902,199282.37721491742
2856,208340.40764137916,192078.94736842104,207016.0086610909,189418.98226672248
2857,189196.20535174338,192078.94736842104,192611.79836528772,187934.54625105904
2858,215882.2595238397,189405.15625,197492.96017521425,194368.26260287082
2859,94906.01732508745,138847.3947368421,139140.134274348,124944.13202416824
2860,164848.65981071722,119141.42857142857,122730.2304368353,127255.66154666516
2861,135128.26583933877,60000.0,130417.81879383633,120566.22376377907
2862,203379.71498639882,192078.94736842104,198366.56856288112,189102.0441629065
2863,149806.56729363464,120767.9125,120591.40252816198,121906.73940454109
2864,275169.15539497044,268080.0,263054.78,272768.17054301925
2865,145590.94359080773,142210.3023255814,142458.95446558925,140169.4553977592
2866,143443.95290234266,130000.0,138739.1394423224,134875.9824654108
2867,101411.41672142455,110451.6129032258,103305.81466342404,100717.3469680426
2868,115964.900771413,125636.0,120937.45701727284,102626.38843417469
2869,99308.06986065395,85333.33333333333,120285.40940552503,115464.87282738059
2870,117361.40395664144,155800.0,155493.74358847842,145738.53231363092
2871,81370.42943561077,85333.33333333333,109814.35003469085,92800.17841527938
2872,33168.239882817026,79041.43333333333,71439.00613445378,64028.545236782986
2873,62067.970664635766,100770.0,104622.06154723035,109278.31798232935
2874,163510.9466786799,155800.0,142498.67962732457,144904.75623509684
2875,114542.73172012903,110752.0,113583.36505360973,113081.27814405884
2876,169186.1286484697,162036.84210526315,154836.63107906797,148276.34127060784
2877,161685.11461980548,151031.81818181818,142951.85874769845,136040.92230523977
2878,180038.85103351204,143384.0,164307.61774891775,170494.1548526647
2879,161198.16025996208,155800.0,148046.34704260965,149448.43502532656
2880,96672.13816012256,130500.0,104814.14114478907,97783.18057003875
2881,135243.7686007563,139137.5,154617.88330783648,153156.41169737242
2882,194351.72226497065,155800.0,167600.41785053798,166922.18125221774
2883,206969.93750769738,162036.84210526315,164244.10482337547,178819.4874509653
2884,191642.78164541768,160668.75,180277.76879093863,192479.53200390126
2885,183766.93967020093,174274.75342465754,180421.6229899205,206938.52795840483
2886,262245.36298757093,225000.0,180578.53305383024,211580.77241249665
2887,113673.61780233216,119141.42857142857,103740.04199545884,99219.91275748391
2888,143251.16774721583,125636.0,126564.0555712628,127914.58475527966
2889,27896.95587754203,36400.0,66723.86108230134,56007.786039185274
2890,81915.82296176441,110451.6129032258,96244.95093283441,86839.6059987552
2891,160626.53522414947,139137.5,139223.46485699355,134122.7133625354
2892,23576.740964287426,79041.43333333333,70473.96708683475,51301.20706158229
2893,86099.35342856869,107612.5,108922.82790936297,94170.57792731385
2894,17982.36319092801,79041.43333333333,70810.63050510893,51545.33489511725
2895,356624.9639016008,378239.2,335287.2679166667,344898.66612097045
2896,296420.0101993643,378239.2,318924.52291666664,310869.7269536721
2897,216322.28351778258,182068.42105263157,202394.33539972012,204971.41130229126
2898,136997.06889109546,174274.75342465754,155512.9956732316,146281.1730324527
2899,207659.5007780362,270973.28571428574,233394.25181405686,214728.30446400592
2900,166392.2226182376,163908.02127659574,156804.66264001493,157297.50741372572
2901,226050.38740308816,182068.42105263157,182564.45571551978,199082.00191031522
2902,180494.57313278224,214046.42857142858,189295.2781586837,189844.2002655782
2903,323552.2948429147,315384.14285714284,345039.43402141164,330723.5081030454
2904,363412.2685125894,267163.27777777775,327847.2457835498,330114.1682895796
2905,72471.90448758192,138847.3947368421,115797.66291758243,111942.88564350075
2906,198497.57311611343,189405.15625,200995.14145899654,206709.54559573016
2907,107327.59781848593,102608.0,121608.77134108395,112447.05597368738
2908,104916.84881379502,120767.9125,127715.98555689293,132174.44358291232
2909,134039.50670606317,138847.3947368421,145891.91219130388,129725.09859899587
2910,75608.99878956331,83363.63636363637,84714.80134848657,80792.57579291648
2911,76557.87060146593,83363.63636363637,90377.72142424416,87989.22488607916
2912,152392.40108763473,163908.02127659574,149857.03067742643,136462.94808305745
2913,73287.560584669,83363.63636363637,91247.44853188479,89703.36893344134
2914,66311.80592289427,83363.63636363637,86685.71470640315,80792.71404487776
2915,85178.98854470067,83363.63636363637,86438.73553973649,82856.72261315915
2916,83644.44188383454,83363.63636363637,89859.54415258764,86055.10317521877
2917,180828.52940339316,163908.02127659574,156903.3296391627,152855.53943420126
2918,121776.96174107306,120767.9125,111634.36135870924,114472.56926218873
2919,219911.42322528083,226019.4814814815,231838.88091932397,214721.49657920396
