,LotArea,GrLivArea,TotalBsmtSF,GarageArea,MasVnrArea,LotFrontage,FullBath,HalfBath,BedroomAbvGr,TotRmsAbvGrd,GarageCars,Fireplaces,TotalSF,HouseAge,RemodAge,TotalBath,ExterQual,ExterCond,KitchenQual,HeatingQC,BsmtQual,BsmtCond,GarageQual,GarageCond,FireplaceQu,Neighborhood_Blmngtn,Neighborhood_Blueste,Neighborhood_BrDale,Neighborhood_BrkSide,Neighborhood_ClearCr,Neighborhood_CollgCr,Neighborhood_Crawfor,Neighborhood_Edwards,Neighborhood_Gilbert,Neighborhood_IDOTRR,Neighborhood_MeadowV,Neighborhood_Mitchel,Neighborhood_NAmes,Neighborhood_NPkVill,Neighborhood_NWAmes,Neighborhood_NoRidge,Neighborhood_NridgHt,Neighborhood_OldTown,Neighborhood_SWISU,Neighborhood_Sawyer,Neighborhood_SawyerW,Neighborhood_Somerst,Neighborhood_StoneBr,Neighborhood_Timber,Neighborhood_Veenker,MSZoning_C (all),MSZoning_FV,MSZoning_RH,MSZoning_RL,MSZoning_RM,BldgType_1Fam,BldgType_2fmCon,BldgType_Duplex,BldgType_Twnhs,BldgType_TwnhsE,HouseStyle_1.5Fin,HouseStyle_1.5Unf,HouseStyle_1Story,HouseStyle_2.5Fin,HouseStyle_2.5Unf,HouseStyle_2Story,HouseStyle_SFoyer,HouseStyle_SLvl,RoofStyle_Flat,RoofStyle_Gable,RoofStyle_Gambrel,RoofStyle_Hip,RoofStyle_Mansard,RoofStyle_Shed,Exterior1st_AsbShng,Exterior1st_AsphShn,Exterior1st_BrkComm,Exterior1st_BrkFace,Exterior1st_CBlock,Exterior1st_CemntBd,Exterior1st_HdBoard,Exterior1st_ImStucc,Exterior1st_MetalSd,Exterior1st_Plywood,Exterior1st_Stone,Exterior1st_Stucco,Exterior1st_VinylSd,Exterior1st_Wd Sdng,Exterior1st_WdShing,Exterior2nd_AsbShng,Exterior2nd_AsphShn,Exterior2nd_Brk Cmn,Exterior2nd_BrkFace,Exterior2nd_CBlock,Exterior2nd_CmentBd,Exterior2nd_HdBoard,Exterior2nd_ImStucc,Exterior2nd_MetalSd,Exterior2nd_Other,Exterior2nd_Plywood,Exterior2nd_Stone,Exterior2nd_Stucco,Exterior2nd_VinylSd,Exterior2nd_Wd Sdng,Exterior2nd_Wd Shng,SaleType_COD,SaleType_CWD,SaleType_Con,SaleType_ConLD,SaleType_ConLI,SaleType_ConLw,SaleType_New,SaleType_Oth,SaleType_WD,SaleCondition_Abnorml,SaleCondition_AdjLand,SaleCondition_Alloca,SaleCondition_Family,SaleCondition_Normal,SaleCondition_Partial,MSSubClass_120,MSSubClass_160,MSSubClass_180,MSSubClass_190,MSSubClass_20,MSSubClass_30,MSSubClass_40,MSSubClass_45,MSSubClass_50,MSSubClass_60,MSSubClass_70,MSSubClass_75,MSSubClass_80,MSSubClass_85,MSSubClass_90,MoSold_1,MoSold_10,MoSold_11,MoSold_12,MoSold_2,MoSold_3,MoSold_4,MoSold_5,MoSold_6,MoSold_7,MoSold_8,MoSold_9,YrSold_2006,YrSold_2007,YrSold_2008,YrSold_2009,YrSold_2010,CentralAir,Street,HasGarage,HasBasement,HasFireplace,SalePrice
LotArea,1.0,0.26311616716714786,0.26083313454515766,0.1804027551511163,0.10332050563046029,0.30452217074370924,0.12603062651964358,0.01425946856643189,0.11968990815131572,0.19001477762540916,0.15487073975354088,0.27136400962454227,0.307234356288763,-0.014831558519227149,-0.014709233675590362,0.20476389878733486,0.055570053428640985,0.014731971620469759,0.06786351851282853,0.0035811094162386914,0.06752720060229732,0.02950993285998995,0.07887141542241712,0.07634975584832837,0.18623145056336474,-0.0774376621076059,-0.03300581734040612,-0.09194926218577223,-0.06434239010741354,0.28531557650575967,-0.03044355846893767,0.02465151881628296,-0.008103440762384758,0.020670466884058117,-0.038909695865920635,-0.08912270010521825,0.020683539132593298,-0.016123582733555613,-0.05722052399010673,0.030276585404338745,0.0630680011339334,0.008776306771658221,-0.06704812421841941,-0.031606189089158396,-0.0013325997973585686,-0.012196855504578266,-0.06709621542775752,0.0020516176133529842,0.21539983408530783,0.044439838362689825,-0.008452226662878278,-0.08389514543324927,-0.03309189651429297,0.2040649016467954,-0.17370875869418897,0.1635535136266359,0.07776661378523905,-0.015346054256382614,-0.14186293626488647,-0.16771726367656006,0.032068044945507086,-0.03351050622896147,0.012716556075885467,0.014516042886206866,-0.011906883978342844,-0.012718787843341975,-0.045961025793851154,0.00045237092599225575,0.11417462595793149,-0.1118734589046835,-0.009455507835920886,0.08711228963136242,0.003977228390273679,0.039812911911927235,-0.032575840834624524,-0.0018152386894673069,-0.0023323080157390623,0.08383855480184094,-0.013425682682207958,-0.027588574486489045,-0.010125633554489021,0.005101174952309945,-0.08042767051038466,0.11120525634369421,0.015922949303642877,0.014606425574969845,-0.045291995285861475,0.04894533656578687,-0.0012641408249858314,-0.02533847925723498,0.0007193221449226881,-0.04211135799883442,0.10450238520808876,-0.013425682682207958,-0.04300482032754424,0.020272018800417284,-0.007979481021600354,-0.08088925455091665,0.002060156966414714,0.12678180831199382,0.020563928271508995,0.016711817890067693,-0.04047795313037843,0.008122463378115062,-0.007627125684156098,-0.016018829021850093,-0.007818279336745646,-0.0028723934041022313,-0.006018490846891184,0.0010761569053218494,-0.015040470894414295,0.020039450844774608,-0.005721770214430953,-0.0022920672642774103,-0.029126077175272314,-0.013207920703780834,0.00896633402877848,-0.010781077145227457,0.005711388183253409,0.02263539211251644,-0.12949355832712328,-0.16638066991275416,-0.06882633946685512,0.08121004109293829,0.09455166269438406,-0.058668495563269224,0.01073159500764336,-0.03255168395694465,-0.0012492613778172393,0.07838905808154908,-0.008229903889510079,0.01176207777051882,0.007718741798568579,-0.014166189879751854,-0.015346054256382614,0.03507880371749418,-0.03200385533176626,0.016913749388725172,-0.0010711750640713777,-0.01576941094922038,0.002208223182675599,-0.03253557860566137,-0.042141151671879026,0.06420921137448653,-0.018250278853919482,0.019117166977156576,0.004245080491016171,-0.001435827659254401,0.01874919485060905,0.003641821481427088,-0.012243635808454383,-0.010954431907215357,0.04975493824508268,-0.19713093862382286,0.07401457947836083,0.0197334329102806,0.18282709148346568,0.26384335387140556
GrLivArea,0.26311616716714786,1.0,0.45486820254790217,0.4689974773229649,0.3880520522217603,0.36800743915393225,0.6300116462511143,0.41577163610526496,0.5212695109189945,0.8254893743088426,0.46724741879518605,0.46167913376144626,0.8743728652580672,-0.2003024963065482,-0.28980491041348694,0.5951685094587313,0.435986058844899,0.016572613147898478,0.4205627468142139,0.2546438819219123,0.3029547131167729,0.0824611192022211,0.16446013864148362,0.15429501323363073,0.46824128537980825,-0.018084370388868565,-0.008669727105078065,-0.0745991603225541,-0.1209583814743991,0.07257630270832038,-0.022522657037846595,0.10001328771526195,-0.090554718125208,0.05730225517267397,-0.11454950589229837,-0.09432911869865507,-0.07849264487475974,-0.16669671941734235,-0.03935039234925685,0.09272577985713737,0.32144951198021954,0.17989210325070862,-0.019705087444924402,0.07180629827206293,-0.1321061869171303,0.031078291903108558,0.038666700078385956,0.09136496087181253,0.07279025889023248,0.004009396040347118,-0.051231687022759854,0.024275256955015055,-0.0010698036471009137,0.1329355659007243,-0.15423907751126686,0.103133771058924,0.012894387560424953,0.018966669092227342,-0.07927229131905879,-0.11254229653877561,0.032348112502716075,-0.11595445499305972,-0.39165040021859776,0.1882924941379692,0.06504766974610847,0.4688359932774329,-0.1664019197991033,-0.058187771803880566,0.017099646821954244,-0.1568424529062831,0.012604212248915309,0.14229422659032587,0.060644013318173776,0.03923936829079438,-0.03613463677167553,0.007402820746843885,-0.0285877836898227,0.03867891448474408,-0.007050333107034817,0.07757780356356185,-0.09245489642479941,0.005409282284239906,-0.12808819114854994,0.023922525173664073,0.059157424875539016,0.06931372462111852,0.13680925101445393,-0.04091406019667488,-0.052913582243960644,-0.022224938317596348,-0.0008750809536418977,-0.02199520563559983,0.010939257828033802,-0.007050333107034817,0.07042642558745937,-0.056595996685016706,0.042279381949358236,-0.12870753557808923,0.015476651520389854,-0.008932094654409046,0.01655362929871068,0.07362614592361999,0.13687669253207135,-0.05820954559654143,-0.01851306594471169,-0.0249250639746841,0.030311663310421642,0.008287060890076196,-0.016628124070073483,0.01726783901361784,-0.02234848111013723,0.16836778259796256,-0.03652204230426813,-0.12110152224398524,-0.04117257036659843,-0.040207540314096124,0.03228341998178828,-0.00774314742709949,-0.09157229691623903,0.16323934401415877,-0.09340177992230586,-0.0601210987513797,-0.11336161112426892,0.018428809938628065,-0.24285195635257403,-0.25717615983889264,-0.01793175367218084,-0.11068909753089291,0.024673665263653246,0.48466163675309765,0.11310063632470427,0.15658435098253687,-0.04727741518702695,-0.10627765647599535,0.018966669092227342,0.007691242637582978,-0.009478625047296562,0.0457696087435474,-0.0008366632570936522,-0.020030596224148923,0.010536513971430385,-0.0365916882810631,-0.05527122403326446,-0.012409667790698745,0.023235415760585375,0.026972205338640542,0.05036471011941349,0.011051306509045436,0.042456461221842864,-0.021573184713464644,-0.012722849389617917,-0.02510269457123315,0.09366559623177143,0.04412133574789902,0.15101472249492842,0.06941716482781511,0.4452990015952486,0.7086244776126522
TotalBsmtSF,0.26083313454515766,0.45486820254790217,1.0,0.48666546377379605,0.3600673680536377,0.36347231164102467,0.3237224136066498,-0.0488037386352123,0.05044995551267822,0.28557256372579387,0.43458483429168926,0.33951932389865597,0.8267423791406731,-0.39149776403037023,-0.29209575293521534,0.4144677331212332,0.47057955644292193,-0.005871812953530689,0.432629619750102,0.2656815053220654,0.5642804013883053,0.3857449172706515,0.17185037428422534,0.1743249425478994,0.34200521203473466,0.06607690038889182,-0.035379607138976504,-0.11366380627215211,-0.1354322230007903,0.053862217424240674,0.07728017493856616,-0.010640415763115843,-0.0974515343952564,-0.10275028012636449,-0.11419945056433142,-0.10000708696269202,0.015851861503079104,-0.0304249907247203,-0.0223253682319504,0.05043173163747304,0.1691174191655745,0.29344495660766695,-0.16325957016629233,-0.063308396755526,-0.04741745587309615,-0.013993054002228025,0.04313715722387115,0.14012171022591843,0.1107429132210317,0.05241843564279445,-0.05435235140508397,-0.03268929315912035,-0.05512827644164865,0.2573726785202629,-0.24737923691237051,0.08564058420612701,-0.07109447591501135,-0.04336812396874864,-0.11951970906005518,0.025170443707623967,-0.16485887614558933,-0.05173243217369398,0.33915501662921327,-0.016088295131715898,-0.03508782437241678,-0.17880959581142952,-0.06926254917009723,-0.07988790451835082,0.012209917484598166,-0.2547024955239575,-0.05686956835143532,0.27874545396068373,-0.03637908381185741,0.0244127080862588,-0.09665520723128632,-0.06312474446441811,-0.03542183335029378,0.05375549467361352,-0.012979758198834575,0.0939223442275716,-0.05930251806250502,0.0338222289823768,-0.12665099322562587,0.06049987308992749,0.02209026646380968,-0.0008756511758259978,0.17259572106302004,-0.10998953999498935,-0.06830544998110956,-0.0804913405390178,-0.07236867879855421,-0.04300371446450509,0.0744505518886137,-0.012979758198834575,0.09641006215791602,-0.03933252444670941,0.060249278618852715,-0.12119136158432023,0.04516454730435405,0.03217286904577754,-0.0343032982059646,0.0023598507919458905,0.17032433632609012,-0.11280450542223219,-0.07977167213404897,0.006231036376916773,0.008494050693248075,0.015207394019096834,-0.03142420257797209,0.01927107453600355,-0.039543107116855686,0.26564353362559934,0.0036459297767782936,-0.21285105340115404,-0.03203125941679794,-0.05589506608288253,-0.04700186970803299,0.01956877189433502,-0.16022247819009217,0.2662684590600528,0.13481801337198615,-0.17711947283486026,-0.08883509566707842,-0.07090758243543613,0.3486463797851667,-0.13836846361559788,-0.005220382995960189,-0.05286596029873328,-0.15608151998423095,-0.029460907791945122,-0.1246113517038534,-0.03507138167399545,-0.06201839662353435,-0.044912022998596375,-0.04336812396874864,0.045131725743879234,0.02763696231940681,0.042518786732725876,0.005556989437806524,0.018174240514038393,0.0275030089605619,-0.01504034896163682,-0.04010809314765155,-0.044670006726836846,-0.02208837902107151,0.004755463904546053,0.026562818865446067,-0.006218156904858161,0.04245957544302976,-0.024011673839862732,-0.008601996198652123,-0.005564120035006161,0.20795754081444418,0.005067534070866014,0.1600981570760921,0.38879949395815705,0.3094225598605891,0.6135805515591946
GarageArea,0.1804027551511163,0.4689974773229649,0.48666546377379605,1.0,0.3708841528088984,0.32351092881249144,0.40565620845400907,0.1635493640166072,0.06525252989881627,0.3378221206368376,0.8824754142814624,0.2691412380738724,0.5637465788179897,-0.4794077252396767,-0.3734469862212559,0.4515669914588005,0.49577761984405705,0.020340241896253376,0.4896055840727534,0.29546233453513354,0.3749699606032412,0.13210005126051766,0.5594080421699348,0.55006340339887,0.3253458741808639,0.015125643503778603,-0.0027691595583300426,-0.09307301890304899,-0.16152965142556638,-0.002977827633669886,0.12602408378360522,-0.05599164924483175,-0.1862211829703195,-0.0227553169979606,-0.1184334450411378,-0.1084275998867487,0.007864402303055615,-0.091700390373158,-0.012152657278537414,0.0649830080540942,0.18526292876267467,0.3011390487107768,-0.12312363981591849,-0.11818766747313364,-0.08388057916204604,0.02498291961976179,0.18453338050601661,0.09790700804253431,0.11367513616761223,0.030137550950419964,-0.016777655062215614,0.11485939513158798,-0.07318826700193785,0.16959264041423058,-0.23557978487072292,0.09603122879880503,-0.08583754850513627,-0.041671522252836664,-0.09595039149689855,0.0027144864013456593,-0.19904605063479072,-0.09486085541961141,0.031165021036963215,-0.0021636675309487127,-0.04590874542764669,0.13794589108022717,-0.03803369256937996,0.006841122501779023,0.004136532975570565,-0.13527658677951554,-0.07500053034810605,0.1548738876398081,-0.0034730001756588928,0.020797953805949763,-0.09711776322022789,-0.057935732660688403,-0.005888336327131801,-0.03698712235146693,-0.016533829899854684,0.04899671860192997,-0.05192034606178197,0.0347898306231908,-0.11989000819274642,0.03440802811670357,0.01637912005014733,-0.012635249951591506,0.27868016460314887,-0.17933211418392728,-0.05823863041227572,-0.09254116180197876,-0.04189081724933298,-0.010803042908039497,-0.04595849152345211,-0.016533829899854684,0.04618900134612624,-0.033154614720694996,0.045623522679453715,-0.11511487307841009,0.034912321459761225,-0.002738153714859287,-0.01365340080937901,0.0012725218898114224,0.280273525494329,-0.1764923031310812,-0.08343338730608257,0.0007364598150744542,-0.03806769627349307,0.012220217691745002,-0.0025720697457078247,-0.0055348883177634865,-0.04190363008763571,0.29667139364348294,-0.08060126277925629,-0.21866531224827962,-0.0968372809306668,-0.10127674127587367,-0.005457633351464335,-0.016172571870956953,-0.13087435644453077,0.29471376604474425,0.029183026598489356,-0.07386800126969269,-0.08881488017619746,-0.08955307816853518,0.11340494128327082,-0.19937498832741019,-0.030281519052055346,-0.08290579061509497,-0.19378544220962843,0.2652633347961331,-0.0940153286746563,-0.01725855461135116,0.0086164488094192,0.017848669997231073,-0.041671522252836664,0.012619886462007087,-0.009285306369712462,0.05564873119712331,-0.0002413076875724538,0.03401260270395586,-0.011051998842854927,-0.0510152860883328,-0.01838420102259056,-0.00562171538753584,0.0025126925893686944,0.021509690473592594,0.0023380913968806447,0.013487412177846643,0.019938737369353334,-0.021072718237165722,0.01494230547918038,-0.035771029513771785,0.2307407974913727,-0.04779429321486579,0.5363330077786219,0.08482989645542714,0.3041748152834701,0.6234314389183624
MasVnrArea,0.10332050563046029,0.3880520522217603,0.3600673680536377,0.3708841528088984,1.0,0.1784685731454774,0.2729988557264337,0.19910751941219565,0.10277451613689097,0.2795678875257759,0.36194456617745696,0.24701527736214343,0.4444538240882278,-0.31147854242988243,-0.1771049574093281,0.31424750651137495,0.3453291145773131,-0.018065445996186535,0.2826198480701212,0.15713011185720613,0.25651870805211796,0.0720500465344138,0.13271549521606738,0.1316951437519379,0.2737444990880727,-0.03456149401062746,-0.021138893843653216,0.11911567656850565,-0.10776072543229402,-0.014353765485846364,-0.01103250611796409,-0.023166326121702063,-0.07901697956769947,-0.0815454079043545,-0.07756002757490965,-0.05912228851920821,-0.04312611431893597,-0.004665716618771952,-0.04495040100564801,0.09453032911787106,0.2981591638785315,0.29571970997977803,-0.14255484888375952,-0.06796973246536378,-0.07939209812276049,-0.03659584484633738,0.06537187001070723,0.058184355143601874,0.051420555333741964,-0.03394590771446125,-0.047398218736233094,0.037265598924617754,-0.026395758815253315,0.09246913432973548,-0.10886648824029035,-0.021888763536830107,-0.07170420277114334,0.008384946807628132,0.05125844295194703,0.03067112239235876,-0.13482376356970385,-0.05615984407374817,-0.050331306307021526,-0.04236504843584537,-0.0497288220252786,0.16955626357796233,-0.03380285982745013,0.03268870551703111,-0.03944900916908451,-0.2341086906359347,-0.046133824876703686,0.26312652941581915,0.011315668860451386,-0.02103639440820696,-0.043421895136795764,-0.014942331805524267,-0.02113889384365325,-0.10514372717494229,-0.014942331805524255,0.04228706346133212,0.05403542715128681,-0.014942331805524275,-0.04692214113224045,0.014547902766742489,-0.021138893843653212,0.006577193059415328,0.13017959967099474,-0.13449442802807432,-0.031876925360057616,-0.04342189513679567,0.011523826834825054,-0.03961523484341312,-0.07533383486922278,-0.014942331805524255,0.03307627606168024,0.06178261893827236,0.023572389631672838,-0.04641343158642288,0.019545392990615,-0.008669757426745988,-0.033457965381225876,0.0034958505850997234,0.13068407717731334,-0.14161252911831182,-0.040322383027739196,0.0043716948042184815,-0.01773076385183112,-0.021138893843653275,0.0015473026514488065,0.015601242288177697,-0.022685705496145184,0.16569246353064052,-0.025898634907369086,-0.12818718122568395,-0.04386070831524229,-0.011783483623151552,-0.013747580541281855,-0.009534784789422105,-0.08153884041317086,0.16220456399923958,0.012568545393950463,0.07745767908956648,-0.036274587113802235,-0.07010837860227535,0.0019365270263053738,-0.11216415078273219,-0.029915435539857548,-0.05195799263793851,-0.1257975131496758,0.214076680239237,-0.11387867223947286,-0.060078961450382766,0.028692106873889022,-0.03298505653125232,0.008384946807628132,0.027935113920839093,0.004952872745734137,0.013301085573218513,-0.010875510023521091,0.025444917651249344,0.03369941942650194,-0.04372134423752026,-0.05332717411311932,0.02409255349275842,-0.002132977007686262,0.009243256935349895,-0.0022645894374155712,-0.027660331575914052,0.04059103873770947,0.008462852971046268,-0.0029623161919254694,-0.023956705061101768,0.12640868046224432,0.017108357232015158,0.1198445740249514,0.05987865824806958,0.2595767888203236,0.4726144990045736
LotFrontage,0.30452217074370924,0.36800743915393225,0.36347231164102467,0.32351092881249144,0.1784685731454774,1.0,0.1805337931513569,0.04722164046241615,0.2368400349892185,0.3205176562061771,0.2695392541445399,0.2332206399771826,0.4271752405236508,-0.11622301390759188,-0.0829567419362658,0.2003813214547094,0.16556722363543944,-0.01643026355072797,0.16982883728124376,0.09005135486937069,0.13065266405805406,0.04372455757259598,0.10562593330034752,0.10196098966899476,0.22364778723985843,-0.09298185906232065,-0.07714102255542121,-0.2308949229433978,-0.10130099974307054,0.03715241380804049,0.021354564227951,0.012019884119826959,-0.019502180309536585,0.06390071755561579,-0.05006373094265234,-0.18344612184074155,-0.0005736115162913856,0.1028344961028741,-0.10522023991071229,0.06992495281177084,0.13548183860848675,0.126985525092276,-0.09016404800117425,-0.060802365004355936,0.027947247749436455,0.011695313363716812,-0.05446628268162029,-0.03538737220749386,0.0588388021738315,-0.026798458344203635,-0.000617363749083461,-0.09020683453943282,-0.04326757657204207,0.3230905252935189,-0.30531376534251536,0.3706396690302616,-0.02131221809732009,0.012937846895460691,-0.33302195268927653,-0.29962304690788166,-0.08465632091236958,-0.06354556529604645,0.06600253559534056,0.029954550276357562,-0.02931641114667643,0.0070716920614450895,-0.07618839411079248,0.03994404104298821,0.08137788477787869,-0.1756491389839328,-0.042625590245460906,0.1661480422693768,0.0396053987128462,-0.001452708732581446,-0.03726952005756806,0.006106648637716966,0.0019112163262114319,0.02186087692216615,0.023940440498765307,-0.07612435983209316,0.01301617826890196,0.02275152104136209,-0.11825000842540045,0.008761297177390827,0.016207897826081206,0.04876982092173701,0.07617612489304477,0.029403339590354873,-0.03091717379183243,-0.0415510976544245,0.01745322194968549,-0.10223789494151898,-0.00014205200807241398,0.023940440498765307,-0.07001239039669142,0.0005541373550197853,0.043884488423342895,-0.1208224518983543,-0.0010268681067023713,0.06585540495600108,-0.007091182676743436,0.04011020274024122,0.08542360658620085,0.02584260483051004,-0.06599705343506314,-0.014743651922032582,-0.005626281950716162,-0.030046071732320965,0.03347148406121595,0.012608775574615831,-0.051282980916279065,0.12899519533246528,-0.023073519801558702,-0.09186415059434265,-0.0217247921640529,-0.03657001751275397,-0.01804019268803294,0.01625019990313752,-0.07414551877323261,0.1272929103960961,-0.21524678468911543,-0.35397860025658184,-0.16844214524679343,-0.019494258856863365,0.20882280951085405,-0.08862508588013698,-0.03597494567502247,-0.06144878692874002,-0.07973995793028835,0.19383129756467746,-0.03695086457413215,0.03411376532315075,0.05874990692735125,0.005011058711389342,0.012937846895460691,0.044576244545592524,-0.027674458578973538,0.060188499662099465,-0.010418469594292034,1.4714116666829279e-05,0.0153973143705592,-0.06874101950477057,-0.008091896727101032,0.0038200758057232616,0.014998274479720297,-0.03623501026271486,0.042033112806335295,-0.014399141123689044,0.02537496198558544,-0.012376846353658355,-0.015554782279482053,0.021245858695742963,0.06734959455486601,-0.037349445946193695,0.09592576683399372,0.02769943595780532,0.21282465548674662,0.3347708531397601
FullBath,0.12603062651964358,0.6300116462511143,0.3237224136066498,0.40565620845400907,0.2729988557264337,0.1805337931513569,1.0,0.13638058874914488,0.3632519830232775,0.5547842535334832,0.4696720432676275,0.2436705030799112,0.5757620829976583,-0.4684029202067294,-0.4404131619788585,0.6941971437508343,0.48394941604453756,-0.0033254726109716,0.43464801539463344,0.3334988514357051,0.3277544676248791,0.029837349536213503,0.1351251037591674,0.12771640003889984,0.29739742745911785,0.06253218923183143,-0.004375931735230677,-0.0721665085476338,-0.170485859757055,0.01068288662819852,0.11567586471477968,-0.019091495619842372,-0.10097015874414032,0.17789189669695207,-0.14962189008635865,-0.08818031256120462,-0.03928156546375208,-0.2726070708316947,0.06219736283594194,0.12982110261190194,0.1643530487224108,0.20303817586295395,-0.12032257215655691,0.017958583282046196,-0.15203549366390096,0.06733095102874473,0.19229649752759378,0.085065245491374,0.09785495153975093,-0.0318679734682749,-0.085208053559648,0.17047236923265582,-0.012436858615918787,0.12363419912162527,-0.21699996740132993,-0.0784672943434514,-0.004461292390155296,0.08466371552603305,0.012520392317320128,0.04441743301951032,-0.11749982298673639,-0.10095887839935565,-0.1871519765641479,0.04177254793785544,0.011279390918446574,0.35810658322534855,-0.12588184739198227,-0.046608859764761236,-0.01781834281359988,-0.017285247421886005,-0.0318679734682749,0.03255961140509765,0.000801571424933038,-0.038001512437529625,-0.07812169508497366,0.020675535971446637,-0.03800151243752959,-0.015410333470134305,-0.026861916813296822,0.07788778193419235,-0.10198618179648318,0.02067553597144665,-0.15058453614285217,0.04263652187168835,-0.004375931735230692,-0.03956141289737781,0.312311586109136,-0.18007238708489837,-0.03471668211090918,-0.07812169508497352,-0.019093534762409735,0.018806098815736787,-0.029974746867473846,-0.026861916813296822,0.07578124804976856,-0.06763186420547324,0.020346650365152263,-0.15094004811499884,0.020675535971446626,-0.009400621622579017,0.025006811635389287,-0.04412045871237996,0.30398065435523947,-0.1868110925950632,-0.003691630211177041,-0.053684016153338426,0.017600449909754713,-0.004375931735230656,-0.0172498372869585,0.003718213974941261,-0.017570383685506726,0.23847138891382913,-0.019093534762409763,-0.16135195973830468,-0.09347328467994391,-0.006192750894172961,0.016794063678762666,-0.003224535256790641,-0.11003999486461145,0.23276675413612805,0.04643803250442318,0.03917612936943451,-0.0701288101418193,0.0004203200345619802,-0.14159022027431845,-0.22265969210673636,-0.05377915250202829,-0.09340518562907262,-0.13084796856783218,0.3976961780752524,-0.06831469246615608,0.035346861329453375,-0.03039873222068739,-0.06742210082380455,0.08466371552603305,-0.01766353880829033,0.008883160653549717,-0.009017908616556256,0.01680570155776889,0.010847251283465706,0.0004924245440767398,-0.04073495113008328,-0.047616181673936185,-0.036020727515362304,0.02974449933386318,0.05420783734055155,0.06977920528135223,0.007774721340435846,0.021112105576721458,-0.02076969805846524,0.008865851216958287,-0.02254166493735152,0.10932635953709864,0.04647060169887018,0.11284618053309352,-0.01655840877427371,0.28871331594959204,0.5606637627484448
HalfBath,0.01425946856643189,0.41577163610526496,-0.0488037386352123,0.1635493640166072,0.19910751941219565,0.04722164046241615,0.13638058874914488,1.0,0.22665148415094485,0.34341485754091816,0.21917815216716086,0.20364850809521845,0.24142949085167,-0.24272773350719187,-0.18403355670150146,0.3935160149599109,0.19389167115058417,-0.0338195517323098,0.18067723750061582,0.11623679385731231,0.22390910301671627,0.13505091815734432,0.11442235282918593,0.11874549430272006,0.2085755935745874,-0.05726551149396429,0.04546612505603833,0.12921951331716167,-0.1060793891075798,-0.017092123640000966,0.0025510779579509353,0.010932682633970884,-0.10403754886119654,0.20327240085520756,-0.07079606954433662,0.01893772117915244,-0.08897355770424231,-0.09112192722569669,0.027052440484972427,0.10033562199037069,0.17567830900854692,0.015351969275239854,-0.11862086508391347,-0.0270110148569312,-0.03933537813306774,0.04435180397690197,0.09879544324394302,0.004495841354349388,-0.004700669172132343,0.05968978828374565,-0.0467296970899946,0.1460777005651381,-0.06708371515438673,0.05773410550763065,-0.12029505306837752,0.03268256033452043,-0.09327468592749318,-0.04344442489528578,0.101025275189684,-0.028681066085381755,-0.044191480312722416,-0.07494084653053638,-0.4849607091748699,-0.0011630180124384427,-0.0033346853335160243,0.6233989557521922,-0.08813436721014745,-0.045495161195058545,-0.04318278160117111,0.0466143341920451,-0.019090803737831483,-0.060085370124327186,0.10492969085003351,0.08230327410255124,-0.05459332982501939,-0.019939353698625824,-0.028208173036987146,-0.023552935478511512,-0.019939353698625834,0.018007480045405585,0.075893171577395,-0.019939353698625838,-0.06563195925945776,0.018997257433944235,-0.028208173036987166,-0.0060064440494108015,0.1021333468885086,-0.11691505980030545,-0.040742009454021684,-0.054593329825019396,0.025615783305791093,0.04575728890293086,0.004495841354349418,-0.019939353698625834,0.007051451632774369,0.07321387598905586,-0.013690782924671524,-0.0767968722257992,-0.019939353698625824,-0.020086744382394918,-0.021325129746937066,-0.009836224658625953,0.10898417638845002,-0.09741144832553031,-0.038929980849505115,-0.044029865059722936,-0.013854088367378198,0.04546612505603832,-0.059982736042263556,0.0019967349950315654,-0.02132512974693706,0.060504795249464234,-0.03455966902961517,-0.008466862629681843,-0.057292276257400805,-0.0138540883673782,0.006118905106340505,-0.04287182077435354,0.011765590389353943,0.0542482013834153,-0.11114074707541716,0.20034290494761514,-0.06324915417265616,-0.09110622304406218,-0.34547011510536396,-0.16320800721680517,-0.013854088367378265,-0.06933380988738541,-0.03716960223305781,0.606094824094235,0.02077827747790853,-0.0016493056638705564,-0.03632175101323395,-0.08975785697701723,-0.04344442489528578,-0.008418695775495694,-0.057379317747756176,0.022600488733247097,-0.03175568313379853,0.008016171121151487,-0.013572709264426351,0.00929158888369234,-0.03185825384620983,0.047271903667872324,-0.0022028840759565895,0.016193513921966725,0.026007882784731602,-0.00737255969968598,0.02293642977846324,0.0020317182022972402,-0.011022392196050645,-0.008403925573378218,0.1346374126547249,0.027627975457163605,0.10721153347176261,0.12281096254176917,0.22428594580721795,0.2841076755947821
BedroomAbvGr,0.11968990815131572,0.5212695109189945,0.05044995551267822,0.06525252989881627,0.10277451613689097,0.2368400349892185,0.3632519830232775,0.22665148415094485,1.0,0.6766199357426493,0.08610643768835281,0.10756968099132386,0.3540337646112557,0.06895972022171835,0.03827300832456005,0.23488539139063006,-0.018728590980879672,0.015064736366488262,-0.01801150031444655,-0.02686906170498883,-0.03461858421437072,0.0028785608757656875,-0.0051874236792601594,-0.006334895611108026,0.09741082998889028,-0.13880798719279389,-0.016642322417346686,-0.04729923213351154,-0.06559279347121337,0.004529988968957038,-0.019269195775304407,0.026584908853837585,0.004509409232879708,0.06887194827101645,-0.06978424933215248,-0.06051567067686611,-0.02544181831274235,0.03501289807501518,-0.030023478891884506,0.11850105829989224,0.13460043552923084,-0.047781789923311384,-0.018567780684970746,0.1446256559189871,0.018698896100216942,0.01654926667963112,-0.05890857700115957,-0.08844270143505115,0.010947751870694291,-0.07314566826397045,-0.05768267894921708,-0.06645276267633357,0.06564426141893895,0.1392635398315236,-0.12698254267964593,0.1698380863896956,0.08820992880529216,0.16289762061413768,-0.10559819879576647,-0.3279859383334366,0.09178604720937902,-0.09592440512973611,-0.33769954519328516,0.16006487920321733,0.04340841158912289,0.3438152665703688,-0.16063371528672996,0.006847493488789037,-0.03812038934492286,-0.013427278036285665,0.043408411589122876,0.006768987766027147,0.0600034292786866,-0.039350538052230946,-0.002375575880164231,0.03639102312063309,-0.016642322417346686,0.007749888237173359,-0.027815495013656176,-0.024567570213736265,0.062337349807994574,-0.027815495013656176,-0.06718466658990678,0.00457179791297731,-0.039350538052230946,0.02161735620435571,-0.01444124537147546,0.03501648040514344,-0.009699906031385954,-0.0023755758801642527,0.025979262773806997,-0.000791162495693981,-0.010753248983705136,-0.027815495013656176,-0.02955863960302483,0.0617528549048037,-0.02713248139207432,-0.06985880847533811,0.0042877640534884996,0.025413336256045756,-0.01915256833119808,0.03475437183442771,-0.0065097149950976655,0.025349528455022037,-0.025978328696465963,-0.02114686017450267,0.024652515969876575,-0.03935053805223097,-0.019292933192459467,0.06710784225044496,-0.03352930342813855,-0.050702309489054985,0.02597926277380697,0.04766745862079614,-0.014928262999177804,0.04072067370024262,0.024212108214105,0.06265581383933147,0.021902569892761067,-0.05794904903522795,-0.3490513302229838,-0.06442171403519244,-0.14933327162064572,0.09476631206930222,-0.12617191294538796,-0.2168424734073718,-0.05568827268195343,-0.08741845386776878,0.0795284851951885,0.30580889975010433,0.13544811912209614,0.09791383100535345,0.020411228502717024,-0.0529555456619942,0.16289762061413768,-0.044091787977730744,-0.049543057117425245,0.04659695226384978,-0.021836852326609476,-0.02290747789886312,0.0005099052515712105,-0.02606815742641423,-0.030895390360628026,-0.009339678036692512,0.08070954854958551,0.003928961251919376,0.0471803060600519,0.003962353481168942,0.05616963472714985,-0.00702732244341781,-0.05546810224645581,0.0035511392490380294,0.007871718636602056,0.028864970472944323,-0.006672119199677421,0.005655214540685798,0.10572071182297962,0.1682131543007403
TotRmsAbvGrd,0.19001477762540916,0.8254893743088426,0.28557256372579387,0.3378221206368376,0.2795678875257759,0.3205176562061771,0.5547842535334832,0.34341485754091816,0.6766199357426493,1.0,0.3622885708147746,0.3261144801772011,0.6725962879588403,-0.09695522283693357,-0.1940048826905378,0.46027330444091247,0.29790277518759567,0.0009938629676086463,0.28727854327880337,0.16490440702510065,0.16760750558848053,0.022770066313297376,0.09150375855310172,0.08323782615878168,0.3528698858737549,-0.007083790720521529,-0.02320024166400022,-0.04974156792833427,-0.1166166081617631,0.03227644907727256,-0.03425310095632331,0.079418678297737,-0.06638876916105106,0.08774809190228589,-0.07284491634311352,-0.10924970855904605,-0.06874976276781622,-0.10800390818762648,-0.03586967590446369,0.10289690001695653,0.18567727360666061,0.16809382733494124,0.0039242826808310325,0.07491272933192775,-0.08132349040316929,0.01808700883374257,-0.015274727493904981,0.03267138641095355,0.061750217505337913,-0.02776651719382829,-0.03157620986705002,-0.04426449837067136,0.027189246876081045,0.14551272337423035,-0.14179337799027758,0.1185989113480967,0.06417815461677068,0.1389131917226585,-0.10288710446897302,-0.2294340419816047,0.041523304088933906,-0.10921738061480661,-0.37848738984881464,0.18762771378298412,0.09410431945537014,0.43092973231824877,-0.16135667033815054,-0.03813298341610018,-0.03918082501687988,-0.1303911681387209,0.040481151329722805,0.12310688852023358,0.05721312013970879,0.03378554708001112,-0.008544755929525367,0.023881800932183603,-0.045994557161604804,0.007207734117825702,-0.008343179992944,0.05143397905761128,-0.06451315362016623,-0.02445567045550778,-0.11420147687411776,0.0033447713677476876,0.033785547080011157,0.055416724906862704,0.12644572930388057,-0.02502745885549528,-0.042911268931974146,0.002334904236556343,0.0041571400521916305,-0.01601699856628901,-0.01281929058086465,-0.008343179992944,0.04869487661549413,-0.03527026100950375,-0.011132189287940042,-0.11300117266764037,0.007769310469619814,-0.02920460321061136,0.024612192737744565,0.049521735065776326,0.127697665000403,-0.04689570322355217,0.01144624024708364,-0.02060884306087451,0.015554620896393416,-0.0004059261663956961,-0.0035559818564277054,0.05347468381975839,-0.033112789426282874,0.14749612314526714,-0.014460726439218693,-0.11333534639472187,-0.05033185045709047,-0.008639001094445767,0.05969807835960903,0.0313473313461075,-0.09264355971529552,0.1420320933737847,-0.19240548233621468,-0.1133153607823837,-0.13890731790737734,0.07269763248230104,-0.22173147257446177,-0.22791585371832912,-0.0570262450761241,-0.09904482981325313,0.02889141890255579,0.43159162728321865,0.13788155027326301,0.14865895446199998,-0.02812824282656453,-0.07744927031470922,0.1389131917226585,-0.017336978761296525,-0.030101617340285415,0.05979877529486178,-0.031147893617382134,-0.0316748498800589,0.013178731120356179,-0.007151204641615752,-0.036029167720317654,-0.02784912853832269,0.05726023340135181,-0.001786213024338586,0.05057330993838848,0.012730417377863018,0.04907546449909787,-0.03053685091171066,-0.02800212127254814,-0.004693542965318667,0.03450935278758149,0.04682843005227291,0.08828482152767197,0.013837080346422087,0.33038215037537266,0.5337231555820273
GarageCars,0.15487073975354088,0.46724741879518605,0.43458483429168926,0.8824754142814624,0.36194456617745696,0.2695392541445399,0.4696720432676275,0.21917815216716086,0.08610643768835281,0.3622885708147746,1.0,0.30078876630135526,0.5364125392357891,-0.5387273901503354,-0.42323594943340254,0.4835776192500575,0.5263901811148738,-0.009376604945333175,0.5098096082161486,0.3253469573518118,0.4122366710619846,0.1316121404130211,0.5819660936526267,0.5752764183345818,0.3684458304621143,0.08511360806048388,0.011545357191965627,-0.09047735415530343,-0.1619160642285268,-0.0032050863619708775,0.10850237130659134,-0.03557009094138159,-0.21311053974992614,0.09481994475003454,-0.16558029633589402,-0.12854847544760867,0.007182868146729841,-0.14373343064951896,0.024550406438987524,0.07572127554084611,0.19727699892698777,0.28275246276482396,-0.12929739863510326,-0.13553588544014475,-0.09516029089356956,0.04534681026127783,0.1675512070711166,0.11181710548811949,0.13157599602847928,0.03776287310002716,-0.05192692368541802,0.1028508970630633,-0.09047735415530345,0.17516669441350935,-0.22183440657690184,0.039851438454292065,-0.10672381562675115,-0.02419287231909668,-0.0758453230859576,0.06679919580067493,-0.22128300248682878,-0.08222326741281132,-0.005375509696012438,-0.02654107524194978,-0.03645569672348776,0.20242053155329712,-0.048906921504617396,-0.008281658970146035,0.00026739068293249154,-0.12488785141913797,-0.06826365521927967,0.14230758186796572,0.008363695656227802,0.011545357191965642,-0.0973533193127927,-0.06192760450296451,-0.013243203837842865,-0.02700252739824963,-0.026883301179581404,0.03759891080698303,-0.062049605179670474,0.043205305467184485,-0.15573691625806932,0.039061273457662464,0.011545357191965637,-0.029527460756602918,0.3241426764603644,-0.18969698127830542,-0.0550793695287533,-0.0973533193127927,-0.04659519085886051,0.008363695656227793,-0.029527460756603025,-0.026883301179581404,0.03682184606832674,-0.04677035424821492,0.03700364356468199,-0.14818515316753456,0.04320530546718458,-0.015258886406163404,0.01827362226707299,-0.0204173524977275,0.3227588229121936,-0.1881796072152228,-0.052693504404690776,-0.01619420218681567,-0.03628177123321847,0.011545357191965618,-0.02230396401973368,0.002579805496527926,-0.04450164481510725,0.2862898355710382,-0.08708863053382272,-0.19745806039196204,-0.11012395912859599,-0.10644254739282001,0.02837771874059669,-0.010588929292623405,-0.12188572196666692,0.28216357802091024,0.09008759799636053,-0.03758004692006586,-0.09639220731046824,-0.10995504642668179,0.05862547225304577,-0.2287026642388218,-0.036281771233218504,-0.07317000028212661,-0.21667758463338999,0.31268490409491967,-0.0740232987971517,-0.028832116857489962,-0.007009075059932245,0.005186414347407392,-0.02419287231909668,-0.016397377433786484,0.025774483902678925,0.05024124707188592,-0.0012117994303295285,0.035171150514317,-0.011713193496348112,-0.04706931556616294,-0.017170804943837558,0.002223223495820183,0.013728194554798645,-0.00857780261936052,-0.005995500906655264,0.027052559091749827,0.03207431458831325,-0.050140599530928066,0.018937583186343074,-0.037391948975330686,0.2337258639072165,-0.02002463274586721,0.5732872764744831,0.07807526521243668,0.34950093688364625,0.6404091972583513
Fireplaces,0.27136400962454227,0.46167913376144626,0.33951932389865597,0.2691412380738724,0.24701527736214343,0.2332206399771826,0.2436705030799112,0.20364850809521845,0.10756968099132386,0.3261144801772011,0.30078876630135526,1.0,0.47776523164919993,-0.14854356345186032,-0.11415764283725688,0.33165201016743573,0.24933461138710797,0.027900070149713418,0.2564085073820081,0.12968887066415594,0.2180603582070101,0.10131923925009437,0.20483876830583927,0.1965942936892076,0.8780797417022224,0.05527062332007987,0.022240553107875365,-0.0899204104578072,-0.05743485581166736,0.12271515636282684,-0.11534930430519083,0.18370859798168016,-0.12329124157184711,0.10134261997278775,-0.09928441375512889,-0.04380256274169618,-0.05923592517772037,-0.038055998601192284,0.02013556590036362,0.11825672245190075,0.12780582371209512,0.15120159057274718,-0.12437303363432856,-0.002665376441245585,-0.05990190461379763,-0.0009056948763917329,-0.05741564020896071,0.04648977645414648,0.10483911790525936,0.07690222695092434,-0.06610871515477781,-0.07650260507056052,-0.07971171689105772,0.22746458092564145,-0.17784448401023523,0.13226607799232798,-0.04426045346436283,-0.14266049961118485,-0.09655487341180762,0.0004612483926699332,-0.03599869232008443,-0.02816138992389164,-0.08725470155273911,0.030175468721570887,0.040029566409594416,0.11823504228731102,-0.07223421658554857,0.04201907789458002,0.06823140568524887,-0.1451874238057377,-0.00913398097884541,0.13571156611761045,-0.004478865315251794,0.02224055310787537,-0.06638508587434509,-0.024903264963400094,-0.035230610675306986,0.11307973802090857,-0.024903264963400073,0.02977870510499142,-0.032822445750248244,0.01572105553555424,-0.11842999246783409,0.13317258141676705,0.022240553107875365,0.038297250971581175,-0.008234497073063087,-0.010016454786258188,0.0326403151797195,-0.05724147970674662,-0.01969275988051152,0.01090735435596611,0.07925987838440804,-0.024903264963400073,0.027943205735304136,-0.008817123116995918,0.011209354906083848,-0.1117415866715867,0.015721055535554255,0.10025951916643255,0.01700893230017643,0.04067654792211243,-0.002143604802297136,-0.011708299100524698,0.01138462292124278,-0.04626453131816599,0.031474486687447296,0.022240553107875292,-0.034179309322788204,-0.0011837718450672164,0.017008932300176447,0.06610669064075217,-0.04316331451361098,-0.027263675851040423,-0.08759683385229103,-0.04985781519515983,-0.00419265705140416,-0.00237984270115579,0.01830666181123713,0.06599334277027226,0.05687486001223343,-0.10785270794566278,-0.07899506016492137,-0.04038378176238805,-0.029932719071031545,-0.12170129339356389,-0.009191664253856282,-0.0512794208594813,-0.03662207674234706,0.2151946338648554,0.02258925817972092,0.05300129947668572,0.05683851726982008,-0.038954267371549625,-0.14266049961118485,0.00786421452061114,0.015289146264309638,0.05436366294460237,0.036874719967377956,-0.005027682805680539,8.41627446498289e-05,-0.04474301021419626,-0.006299009325447872,0.013780443635688727,-0.024466441749757515,-0.014547154764956605,-0.0032422089583399754,0.014262631037639991,0.02116065797820529,-0.02449040067757676,0.0045390176331599995,-0.02054105668768795,0.18630914070766472,-0.005348117366854567,0.18410997360485645,0.08575931517033884,0.9004572893254429,0.4669288367515272
TotalSF,0.307234356288763,0.8743728652580672,0.8267423791406731,0.5637465788179897,0.4444538240882278,0.4271752405236508,0.5757620829976583,0.24142949085167,0.3540337646112557,0.6725962879588403,0.5364125392357891,0.47776523164919993,1.0,-0.3478917298768717,-0.3448594509796207,0.6043242838474889,0.5337792730093135,0.009375932078525755,0.5027382573469605,0.30656369482893986,0.4978001147794444,0.26007095228948457,0.2042104346547049,0.199629184922988,0.4835805032677,0.024485258396167466,-0.02416953525390788,-0.10764066769144212,-0.15041366085152638,0.07325129681423052,0.029263670903445883,0.057886716485312906,-0.10800817365758894,-0.016706598999282035,-0.1389494179054067,-0.1129433254207806,-0.04040641830852467,-0.12124909380971031,-0.03652322937305415,0.08785477061260161,0.29706418381303856,0.27338593940353295,-0.10497361262898537,-0.004937591163711882,-0.10815262672039253,0.013863689656643965,0.04868767649180489,0.13417596211993796,0.10683650720918038,0.031169596363467597,-0.06637595332212493,-0.001363080081177462,-0.033492322726742046,0.22805013853658104,-0.23543852482153513,0.11074526361745946,-0.032995071211174634,-0.009657430405723418,-0.11365956630629943,-0.056958321754012886,-0.07605725299079448,-0.10107137603681916,-0.06295692498145415,0.07688303167034977,0.023484387776429652,0.2074514671894257,-0.14224412007097878,-0.07832618870952691,0.01812825026277125,-0.23772838140206595,-0.021681882012385408,0.24091550730950323,0.019852813720089336,0.03839051672538225,-0.07387259606246636,-0.028781363562796355,-0.03692953144139555,0.05477425661777986,-0.011252130439285891,0.10124037045131382,-0.08864544219215546,0.021702827832913697,-0.15275317663978455,0.04780631810341053,0.0498880397918464,0.04227771850278647,0.1835078378255025,-0.09095854005529667,-0.06934741304794315,-0.05634771430733396,-0.038873685450193644,-0.03653119030387057,0.04768311945970527,-0.011252130439285891,0.09798253014785946,-0.05519884155294506,0.05979473068147766,-0.1503540750379196,0.034196390350033905,0.01109028857225524,-0.007311180979833452,0.04682988169407729,0.18224498728935143,-0.10279621362362883,-0.053265184833073145,-0.011373265545603237,0.024291907624841517,0.013682114213922137,-0.03231528482635669,0.021748386639639985,-0.03498628000446951,0.2516429314293024,-0.02108619841983151,-0.19259666166026068,-0.0476390296298285,-0.055181331354116916,-0.003801114835960487,0.006334404716958032,-0.14336280985036412,0.2487256712183281,0.014039289279781222,-0.13248327124965625,-0.11933124521402144,-0.02944354144010466,0.0362558998036843,-0.2381658167752548,-0.020070813691995787,-0.09836177865342939,-0.07504475196608265,0.29770992353909975,0.00479717531183248,0.061071244890260855,-0.06189741958575485,-0.0911033639608811,-0.009657430405723418,0.02892415448041765,0.008718554687166008,0.05367143829313057,0.003023852322282406,-0.0017390284842564248,0.01589300895833811,-0.03043048770933223,-0.05528872172368312,-0.03161147762897893,0.004194856667352892,0.019835729836084243,0.043402953578938454,0.0016960427852857564,0.05061932831541292,-0.026330590926477188,-0.013048055157382941,-0.017399127462518368,0.17389240320588728,0.03046372292184844,0.19063526903830555,0.25110192849804847,0.45198618893343306,0.7822600527979835
HouseAge,-0.014831558519227149,-0.2003024963065482,-0.39149776403037023,-0.4794077252396767,-0.31147854242988243,-0.11622301390759188,-0.4684029202067294,-0.24272773350719187,0.06895972022171835,-0.09695522283693357,-0.5387273901503354,-0.14854356345186032,-0.3478917298768717,1.0,0.594195451237266,-0.5225949607345096,-0.5975223201623888,0.10411618875729468,-0.5292474125826893,-0.4485777275261631,-0.5491927111633033,-0.16616262184615682,-0.2764108878493217,-0.27935247651238504,-0.22742734999128167,-0.12315917855205755,-0.009856947898640903,-0.0010371319423922725,0.2669807065791705,0.02157769984811005,-0.29796746806842767,0.18492606882905754,0.13829102703509286,-0.21548207419951415,0.23069326134340362,-0.003866981863794586,-0.06500153499407457,0.15982579198540833,-0.011265940853744733,-0.03304826570818154,-0.13579305285719442,-0.2684591190113152,0.46314333456811174,0.20240517329734384,0.058593968370122415,-0.11459846772468928,-0.2795713457253203,-0.11832100974094181,-0.1166270102985272,-0.03432043575106273,0.1308635946761846,-0.23705706995728118,0.08794461634498174,-0.26708687824151284,0.3873233393810335,0.11895744134362116,0.20519746217520596,0.025971148020746793,-0.08635083065515954,-0.23810421830580478,0.3921085152075755,0.12186436666877998,-0.12207668776087553,0.14654539584467471,0.16527272254361727,-0.1876593284764415,-0.03203365646203407,-0.024118054725281515,0.022393506665245606,0.03216392941441118,0.1249349976389184,-0.0758289625115529,0.06038721917373488,-0.0074073914846808035,0.1469332166985094,0.007317384435589041,0.02137489637935072,0.09846569957956622,0.04541047812620812,-0.10272071076452353,-0.03158008378227993,-0.02125243583237529,0.20845796353524107,-0.02121791153758487,0.005452779688609879,0.17708927969878507,-0.5184507689804644,0.4071116665723401,0.06880492917941705,0.14303599630828592,0.005179999841544337,0.004644479665697854,0.04474826350770187,0.04541047812620812,-0.10564154208998112,-0.021065625588909988,-0.03802966936645625,0.1961396509905866,-0.030775709255030058,0.011633503794269279,0.044299617520071354,0.2075268148306355,-0.5147642505850437,0.38962441734444997,0.10586599720065303,0.0675787513664507,0.027649491921299618,-0.03496490114173225,0.04313721617538702,-0.0014499215421387662,0.024138803696046585,-0.35226565271099325,-0.01382703661406941,0.24159757664886566,0.1086865890543154,0.04368239825007372,0.011144751748294183,0.033329242323509624,0.16394790290286662,-0.3490223798494043,-0.23094280360105013,-0.11241842271690156,-0.027319364817410777,0.20541074981365495,-0.16708127406652523,0.3283571756219552,0.04498236362808257,0.10923437529179128,0.387883218054894,-0.39125000110833746,0.3589693004361604,0.20303347904429908,-0.020268751027856583,-0.01499629051525519,0.025971148020746793,0.012201918382707592,-0.0005459674097991678,-0.011041747101715864,-0.031208434392329662,-0.052000891424767416,-0.0034114409716046517,-0.003087208676783901,0.04705177293871135,0.015700781407966248,0.006407448974823486,-0.008418110963279588,-0.02190587993122531,-0.046144290179845136,-0.03259600440310627,0.04314430914456004,0.012608237854521752,0.02999367982319674,-0.38164791922042496,-0.02220323799305512,-0.2311979609336041,-0.07965771013106215,-0.22284474510352173,-0.5233504175468142
RemodAge,-0.014709233675590362,-0.28980491041348694,-0.29209575293521534,-0.3734469862212559,-0.1771049574093281,-0.0829567419362658,-0.4404131619788585,-0.18403355670150146,0.03827300832456005,-0.1940048826905378,-0.42323594943340254,-0.11415764283725688,-0.3448594509796207,0.594195451237266,1.0,-0.4425250274911457,-0.5878876398081492,-0.07424407215037654,-0.6253283820745521,-0.5507648134552376,-0.4818659145858509,-0.18480612280719952,-0.14250530267938927,-0.13879398646461721,-0.19520711430901694,-0.11175200842940534,0.009962184098225078,0.056690921031222315,0.15906212781341583,0.007357807190953527,-0.23424207006445183,0.04927548934915382,0.1298412938562613,-0.16478362458889378,0.1596458558654559,0.04420261499139011,-0.006736761595319936,0.2750130597014275,0.035391317007200815,0.03726240687264558,-0.09703857010967123,-0.24358607627757994,0.13212988864136438,0.09934381955652094,0.07183682027818504,-0.04687088675835112,-0.2486608804585362,-0.08872496955885026,-0.06715439988574613,-0.02435714801368741,0.10927257490795626,-0.20854643948217044,0.06434323883071255,-0.07341969310888458,0.1607503503632661,0.025973938377562844,0.09798937275241187,0.13587363160116808,-0.03413350501069164,-0.1608769970526127,0.24744118075453803,0.10787610148995862,-0.0046274505015368,0.011871373506966475,0.04051847080921517,-0.2142290802896514,0.020033617025651235,0.03335616406149321,0.02390491497640643,0.018962307508224953,0.010575877506337043,-0.029499437766783942,0.0030515271778858827,0.013552160349837706,0.14621740138448389,0.027977331707294387,0.055734381306286135,0.15378029694874482,0.04574071691827494,-0.0972102652111377,0.09227043969681699,-0.01516231809080128,0.1658164884286789,0.08172984068257678,-0.010680179348547553,0.07094159426154659,-0.4854137875215602,0.20322987528729017,0.071357718198272,0.15992528276427914,0.012571846371324661,0.05254873966957812,0.0901322870284211,0.04574071691827494,-0.09832478992306405,0.08291961394456299,-0.0018111476504080962,0.164500424486561,-0.029119263613714565,0.10598893036622893,0.052985579163670644,0.08917832316512837,-0.48635359536953926,0.2267584583097484,0.03208650152876851,0.15278105794690627,0.0077477302505541265,-0.02683507248080442,0.017154928375569468,-0.00894930693649131,0.04105316991501562,-0.334301832837857,0.008906585038576938,0.1879142781360217,0.1339602936249952,0.037595543510885496,0.02228040414999569,0.04455061448433489,0.12905831880258342,-0.3312121269508611,-0.17663645505683573,-0.038366080250538344,0.0014086703947618717,0.09184094824978754,-0.03520446986981552,0.17215020671247364,0.0312449449448576,0.0902981395914018,0.2410539053100604,-0.2841202970961564,0.07023199280218881,0.03979205255734847,0.026666147936665146,0.012279977069400004,0.13587363160116808,0.030065274506029756,0.002421068318723031,0.014078615181251372,-0.022091097679129344,-0.017266303831205636,-0.008276893364656483,0.05788190039318005,-0.013672365135173272,-0.0010831245661508495,0.009473683291567609,-0.023858995497308737,-0.043103641788820694,0.011771390391127753,-0.05144810707210936,0.006311417877023628,0.004871483260568167,0.03707337952004665,-0.2995529479121318,-0.06709127427362219,-0.11456587569539822,-0.13894691576515195,-0.17284039810516827,-0.5090787380156289
TotalBath,0.20476389878733486,0.5951685094587313,0.4144677331212332,0.4515669914588005,0.31424750651137495,0.2003813214547094,0.6941971437508343,0.3935160149599109,0.23488539139063006,0.46027330444091247,0.4835776192500575,0.33165201016743573,0.6043242838474889,-0.5225949607345096,-0.4425250274911457,1.0,0.4752771282643092,0.026859461907643562,0.4649874832395979,0.32001178178331824,0.44608386298650404,0.17574763035490087,0.17132365109184974,0.1703209564532595,0.3308232004166148,-0.008786533532675347,0.01365113552511408,-0.049186176411649705,-0.2064242516164713,0.05153948197053008,0.10317227116225416,-0.022528289008814952,-0.0796488466342237,0.1325006178923173,-0.19312782790551591,-0.03724877527718953,0.003292871609145975,-0.19061134196104484,0.02345539546825412,0.11057611085147605,0.22370719944813772,0.1786907457006657,-0.22460630418257024,-0.02195839413124081,-0.09380121017045201,0.09557335688032115,0.12185410672054488,0.11253245193739693,0.11504441845033372,0.052291093456378064,-0.10689589845106261,0.13031836891055198,-0.049186176411649817,0.2126747820096538,-0.2800594717067587,-0.08109391695469108,-0.012279119525456067,0.06612542712056753,0.025507827347724048,0.05686784037401352,-0.18299874325663684,-0.12934129190664367,-0.19699956522341075,0.009632177760565831,-0.03850573086034577,0.3653405793517526,0.0039254782678762815,0.005540685389683337,0.01636271141234029,-0.06716298794627151,-0.05363853491313303,0.07531402556007229,0.00032438089646339693,0.025444424203615004,-0.10291381041520606,-0.007023010266505803,-0.05710859654589149,-0.033726418469272886,-0.04036803462129757,0.09876409294327494,-0.029778356320900087,0.026322014088285953,-0.15810665343071134,0.0958402724902843,-0.009935441831887779,-0.038769749889820335,0.2520116557545435,-0.19643563458116853,-0.026226890531101353,-0.11041901337255858,-0.01217255654674289,0.006638995680951253,-0.005147038372661058,-0.04036803462129757,0.08728993779190955,-0.003995459872753868,0.030608957706251414,-0.16173747654996304,0.026322014088285935,0.041490034474045645,-0.008259083583811465,-0.032823145513945155,0.2483536418855497,-0.2029757953933013,-0.021935561110494176,-0.06736999775767097,0.002629196115645879,0.037237712882115866,-0.043418246289892624,-0.0007926674647001877,-0.015725499702922783,0.17119413722566726,-0.012172556546742942,-0.09620425376355404,-0.09203930023486054,-0.0057156437296649815,0.05770951309380721,-0.03536698379903184,-0.06324311198774647,0.16734720860648597,0.06514136732324202,0.02889883955491116,-0.011700228803691398,-0.0050332104348562055,-0.12196589561750437,-0.27558540478570337,-0.03909500311090822,-0.12587556640415304,-0.20284437614611808,0.4453775762407982,-0.10387502597237258,-0.007288966632764911,0.01243593305403417,-0.012851374926973748,0.06612542712056753,0.005736131482488091,-0.010008422473648452,0.028385915000701215,-0.006318962320922878,0.023761306576235177,0.017397146994544265,-0.046359753172959726,-0.03514092195934855,-0.014488263190072653,-0.008998807211433778,0.04982411195664082,0.03963206411613489,-0.0002835850340650223,-0.03610729536124829,0.018203706298013787,0.009951702374499015,0.011125284301189736,0.20163719172727637,0.01041412696330368,0.14504476033596495,0.12096746226455518,0.3325717815237182,0.6317310679319877
ExterQual,0.055570053428640985,0.435986058844899,0.47057955644292193,0.49577761984405705,0.3453291145773131,0.16556722363543944,0.48394941604453756,0.19389167115058417,-0.018728590980879672,0.29790277518759567,0.5263901811148738,0.24933461138710797,0.5337792730093135,-0.5975223201623888,-0.5878876398081492,0.4752771282643092,1.0,0.009183979533416028,0.7161221955033013,0.520026654079938,0.5222972708746589,0.17471391652521376,0.21634734319426302,0.21285695305623142,0.35148327700362525,0.11421726863585129,-0.02554088633459902,-0.07258988747728122,-0.13415336983919587,-0.03553521931823108,0.1949705668553738,-0.02073150303756217,-0.12559084050764752,0.0723795497878045,-0.14156386723767958,-0.07484986538721301,-0.09538594242090745,-0.23486536054000587,-0.054310934681409434,-0.08704066683390405,0.19331499580785388,0.39242146238902825,-0.16848187038422924,-0.08182482521076688,-0.14846515523158546,0.05236213423102845,0.25313221616424464,0.17568086028701205,0.08959319551145044,0.05029400550206472,-0.10066571832447475,0.20979448739033496,-0.08404979618368585,0.10903537659965036,-0.1985274163952736,-0.012832442842311071,-0.13467432476707702,-0.13896325641282478,0.006892428390624299,0.18173493312735203,-0.17854188785022593,-0.055611965323554106,0.006164916998289794,-0.03502515478452535,-0.04628711742749218,0.2043132130055894,-0.08083272901186213,-0.08522529601069108,-0.039962894748847996,-0.11176878024540755,-0.03248981415184127,0.13159434695168426,0.003951268386128079,0.00671663446861456,-0.09153488292809218,-0.01805394364726135,-0.025540886334599014,-0.051135156991778646,-0.06365733071473836,0.1660683426035235,-0.1458244923461012,0.027549443420215865,-0.13038681341114397,-0.13108574899679556,0.006716634468614535,-0.026645035461242857,0.41478002940821074,-0.19382119937438905,-0.03872929827589055,-0.09153488292809189,-0.004944610077389982,-0.04786476613854841,-0.01744840383632199,-0.06365733071473836,0.1697660733522455,-0.12979799368208697,0.029525968563674586,-0.12387052867384103,0.027549443420215387,-0.16192968630567525,-0.020002829296034974,-0.04775048134589689,0.412734221381162,-0.19552559341601522,-0.02280890014051828,-0.07073197550378452,-0.013319895010778408,0.006716634468614063,-0.039067958011886623,0.020842108846917475,-0.02000282929603536,0.3910484961411672,-0.031291802460561936,-0.26980358661958004,-0.09866471974951947,-0.03614506721234769,-0.0495633240707864,-0.05047776186049937,-0.1843018944909248,0.3859609957504376,0.2195296260802795,0.012089055976857038,-0.05726848936175821,-0.12511318063401008,-0.0029634318068857586,-0.15358921081025315,0.009505277190790288,-0.04956332407078674,-0.1640916436440337,0.2975056333874592,-0.09468039978422986,-0.015290343945257981,-0.07306806545882319,-0.04021348159360093,-0.13896325641282478,-0.005874230640413898,0.01877858632137097,0.009095304240228476,0.016009915506681356,0.009100779325931828,-0.009032100727200013,-0.007353513813442518,-0.03703338900547519,-0.03517917953334382,0.014184753104463273,0.020269413984723116,0.0473186402607118,-0.003802792643998395,0.010714321318106085,-0.006907222728772747,0.0175062583661553,-0.023071224093335032,0.2061123253792186,0.10024738576613558,0.19840388044730084,0.1187896904029978,0.3015029792969286,0.6826392416562586
ExterCond,0.014731971620469759,0.016572613147898478,-0.005871812953530689,0.020340241896253376,-0.018065445996186535,-0.01643026355072797,-0.0033254726109716,-0.0338195517323098,0.015064736366488262,0.0009938629676086463,-0.009376604945333175,0.027900070149713418,0.009375932078525755,0.10411618875729468,-0.07424407215037654,0.026859461907643562,0.009183979533416028,1.0,0.057591772392239185,0.055519865795490425,-0.005097415843113712,0.13274758114027746,0.09103505258201255,0.09786483069415702,0.007635948588494501,-0.025844803628883667,0.043950308312272514,-0.02506445906866789,-0.03843803752459574,-0.004834518903652561,-0.02271906924179243,0.08225893769998019,-0.010478951902026502,-0.04832355008355253,-0.06323264601797697,0.010542287304742421,0.03148699594198579,0.02810212420509469,-0.018752945439257367,0.043880481668744836,-0.005033028266546431,-0.05618446038394855,0.13554147821880516,-0.04647321286480978,0.04285519720847895,-0.048863984739526,-0.05957139919908104,-0.01638412604324743,-0.014407804201552205,0.046965542700769546,-0.043438308344171464,-0.05139862678025864,-0.02506445906866799,-0.015191838870371925,0.06453012406085992,0.08981232138937827,-0.08922581060291915,-0.035228549908129785,-0.00684732355540541,-0.04747324337445194,0.013543463770553077,-0.0034019319921066455,-0.018212954803768576,0.008764742689888106,0.04696554270076937,-0.030463834860399303,0.06095307255378319,0.024305781894825827,0.0605359907703775,-0.006347211210671988,0.02439487372673292,-0.014254457875311714,0.011727701617976191,-0.008818976338976206,-0.04485289443272818,-0.006233820540312215,-0.061588260990223825,-0.023375164313102062,-0.006233820540312334,-0.010703131170565868,-0.019299688264601666,-0.006233820540312419,0.10702197014173866,0.022187670305870606,-0.008818976338975961,-0.0163841260432478,-0.04507109740490785,0.004408406362501004,-0.002547190357507155,-0.06164397798959542,-0.010804701993828847,-0.04478201574916904,-0.016384126043247984,-0.006233820540312334,-0.009966534702200129,-0.0016632254898524292,-0.019774155291003494,0.10549871248368074,-0.00623382054031202,0.007471031474143167,-0.013958393813302328,-0.0320622532302107,-0.03741887176451389,0.014500825872295443,-0.026666192391683705,0.027784636228284452,0.02485865875597923,-0.008818976338975458,-0.0935597769729065,-0.013958393813302085,-0.04736700851399249,-0.07190081285151691,-0.010804701993829267,0.07564611571958693,-0.003382102174911686,-0.04981961651918471,-5.922529031587506e-05,0.0223114397947416,0.05540505920045879,-0.07286119925634944,-0.04344896123602053,-0.03135506252359331,0.027554150815332596,-0.089519380912295,0.02109960059345022,-0.01624115509026941,0.024858658755979094,-5.922529031562828e-05,0.03905986940885556,-0.053127651205081415,0.07852013150517147,0.06867045445657564,0.04150431972028976,0.039102523351608895,-0.035228549908129785,-0.03843803752459582,0.03722314023892114,-0.031069360031709653,0.01060371549918597,-0.0036353786145980073,-0.021493351731887527,-0.005168401700485626,0.005367245280064504,0.009585572550219593,0.007695961048713549,0.03389250893350195,-0.03135506252359306,-0.024883579705337073,0.016388244459122084,0.022098273781558864,-0.019637162834593696,0.008272705804380363,0.09446944625029426,-0.015212327330521743,0.07476103259937071,0.07565121787515337,0.014298598120778043,0.018899118482413112
KitchenQual,0.06786351851282853,0.4205627468142139,0.432629619750102,0.4896055840727534,0.2826198480701212,0.16982883728124376,0.43464801539463344,0.18067723750061582,-0.01801150031444655,0.28727854327880337,0.5098096082161486,0.2564085073820081,0.5027382573469605,-0.5292474125826893,-0.6253283820745521,0.4649874832395979,0.7161221955033013,0.057591772392239185,1.0,0.5042282495710991,0.4745723867987459,0.17397105153227432,0.23480832853382036,0.22997330529104132,0.3430132518701697,0.08950742574664036,-0.028558920110934197,-0.07125242306688054,-0.16212097841667567,0.01259898679753148,0.17765248282847787,-0.011771716599507846,-0.13553150933706523,0.025460813476021433,-0.13090604332273648,-0.05482749980018421,-0.0863784279459955,-0.19761319078828718,-0.0475404570849289,-0.04428429651161684,0.13760154757724818,0.3537769495040949,-0.11131271082433436,-0.085863264566606,-0.13111339436952354,0.05668125785504999,0.2104379443050095,0.16875633051761013,0.08789757901304181,0.0402517015934604,-0.08906693148726966,0.1588707875028567,-0.08116745715739179,0.12154788924120558,-0.18692468369189275,0.03284978676814547,-0.13505311548106225,-0.15375529995259768,-4.181824387635818e-06,0.13339799061077431,-0.1673306346138785,-0.044095825305434315,-0.007129703098637962,-0.01528584773756979,-0.0552469526034962,0.18235349672749093,-0.04552177918082295,-0.05633922521543747,-0.01814580387498102,-0.08939395227615468,-0.007497625505017898,0.10317665300264718,-0.02363344593598797,-0.0006499352635687486,-0.09975451193085133,-0.020187284323449333,-0.05646790495829969,-0.02600857171691532,-0.020187284323449243,0.15368466473430167,-0.12242128765855907,0.019268452105246806,-0.14877925214531001,-0.09567186264075989,0.055168034431162076,-0.022208365795551875,0.3575405185838024,-0.16426855890217917,-0.01797303431038861,-0.09087392733212886,-0.034989392102173694,-0.05352069675152927,0.025532808282738774,-0.020187284323449243,0.1575652414099185,-0.10034792350651489,0.04860534182221541,-0.14152723610900333,0.019268452105246744,-0.14510642296026602,-0.00986338655467464,-0.025778099775340173,0.3563572033705994,-0.1715948349946845,-0.009351940052615198,-0.07937520870066425,0.018828403465834063,0.02725904958379661,-0.03435233864601652,0.02547537263507995,-0.027532766149552076,0.3378776903726143,-0.03498939210217363,-0.22934704753176377,-0.04342872347348967,-0.0601643237184124,-0.07019592282577801,-0.04647100433851843,-0.1800963384746034,0.3395784332255827,0.176546192402588,-0.011346639710584305,-0.026488625437503615,-0.13351467761344518,0.03160629070837869,-0.19119656391882625,-0.0009197783302275051,-0.024463639324824933,-0.15813334081512434,0.26351254100874505,-0.04523233648069531,-0.021677252614323614,-0.045849692149904225,-0.01094866594362993,-0.15375529995259768,-0.0035692244165328895,0.04945939838010166,0.011772540120801853,0.009503723921094357,0.007767114695898392,-0.012866151527000257,-0.04243148531521928,-0.01600420239106884,-0.020306755697763395,-0.007666489742068185,0.04319344428897224,0.01405368837505363,0.0008638364556705561,-0.003287974896639979,-0.008998947954232263,0.017288499129221323,-0.008064966505421598,0.2578302333775085,0.06566890322461877,0.21393738343620045,0.1243380230041278,0.29160332692257135,0.6595997207286626
HeatingQC,0.0035811094162386914,0.2546438819219123,0.2656815053220654,0.29546233453513354,0.15713011185720613,0.09005135486937069,0.3334988514357051,0.11623679385731231,-0.02686906170498883,0.16490440702510065,0.3253469573518118,0.12968887066415594,0.30656369482893986,-0.4485777275261631,-0.5507648134552376,0.32001178178331824,0.520026654079938,0.055519865795490425,0.5042282495710991,1.0,0.37405096941460964,0.16643907324713497,0.1425750126728149,0.15002658701817712,0.20074203225872922,0.09672894555787975,-0.04422044228603248,-0.09824321253033248,-0.07832019749479559,-0.015962103638643532,0.21924385054602855,-0.044358452892384756,-0.06083973301908725,0.1279252978183603,-0.11073936441323882,-0.07634000115107194,-0.024246173456492326,-0.20899479270627355,-0.10315494986739181,-0.1526826485491693,0.13851663358778468,0.20389105961478107,-0.08927579689276732,-0.008972874123180725,-0.10334372138850097,0.03420601750472214,0.2047594364770404,0.068088280111195,0.055982550856197154,0.0033258094564332778,-0.06452016469609845,0.17159528450783104,-0.03651234926289887,0.06270463721121751,-0.14557227291639646,0.05365774425263623,-0.07183159287435759,-0.19091941355526484,-0.026371554873588412,0.11297208123862565,-0.10080387284824026,-0.051533337354137114,-0.012024216419092798,0.01778298994340109,-0.04622196407818564,0.14176155969040213,-0.056216161161216895,-0.05691385887490249,-0.021950541257192983,-0.014998836589815661,-0.013190115055106384,0.02783628581847282,-0.020845223290495613,-0.005606898184592543,-0.09156156775025535,-0.03125785701522509,-0.06352721433675254,-0.0834790940275719,0.023331223418062853,0.05404135804908788,-0.20331472772623213,0.02333122341806276,-0.07574224174559219,-0.18193366634402747,-0.00560689818459262,-0.058512187559565325,0.4576319068329088,-0.11263955146807988,-0.05278058025799136,-0.07927481325435708,-0.038408020266294536,-0.1035463809103969,-0.014477242282779034,0.023331223418062853,0.054992709795099244,-0.18026409848836916,-0.00391390704957947,-0.06677653551355017,0.023331223418062735,-0.19910511708189435,-0.033320932461402296,-0.08517673237822704,0.4563210284896724,-0.13294229479960337,-0.029232328465077343,-0.1235146892148668,-0.007934795569735257,0.03300664591684716,-0.030169136052808843,-0.008874419198263168,-0.008874419198262975,0.24845845631381608,-0.038408020266294404,-0.12855551576725247,-0.07785302923723778,-0.07624140837524018,-0.09287264773202016,-0.05470130426256074,-0.08365918409705052,0.25227920509653773,0.14288463961320877,-0.03566260510491072,-0.012571943856225067,-0.0672289825016412,0.01062174587145739,-0.09429110167877244,-0.035257440691937286,-0.04541788839158061,-0.08839616988002258,0.24168525667028432,-0.08529783212842021,-0.015935394840421276,-0.04541549756252733,-0.030127795270764087,-0.19091941355526484,-0.03079118648151959,0.030075202389211873,-0.014113032247655213,-0.002056533727411344,0.009437241828950896,0.015433560980529138,-0.0059808975141178115,-0.01363883613013118,-0.024030135237233848,0.025346921212842703,0.021378851920469417,-0.014576993555301027,-0.021889101510213463,0.015770788074202655,0.02612970219269582,0.018488133998223175,-0.04927121591084904,0.3062939899503998,0.04321105778874937,0.12715413160988948,0.12891376549724604,0.16905218842966419,0.42764870739880345
BsmtQual,0.06752720060229732,0.3029547131167729,0.5642804013883053,0.3749699606032412,0.25651870805211796,0.13065266405805406,0.3277544676248791,0.22390910301671627,-0.03461858421437072,0.16760750558848053,0.4122366710619846,0.2180603582070101,0.4978001147794444,-0.5491927111633033,-0.4818659145858509,0.44608386298650404,0.5222972708746589,-0.005097415843113712,0.4745723867987459,0.37405096941460964,1.0,0.7256423388232063,0.1729139938250644,0.18147892824341968,0.2845233002002845,0.07209768776905326,0.020175842693853176,-0.04957911253625623,-0.13498171883151616,-0.010061939880714414,0.1774597233197836,-0.013825339265603366,-0.18005063680684574,0.11183900234070529,-0.09365570165153805,0.026700708593418707,0.0010768781064336176,-0.24150406086493797,0.025125412072786256,0.0164397083821013,0.11786389984952937,0.2779445926616287,-0.18849062812822912,-0.04071678022532707,-0.10248864144341828,0.019932312056041034,0.17765472986518646,0.12016684393969973,0.11526851941147652,0.0394177086345667,-0.039114551317311765,0.1445741878796046,-0.06294423519189393,0.08053293569499011,-0.14852650764221514,0.01931159219159641,-0.10798065970861179,-0.24817955242800355,0.03728563542696539,0.17927950109416643,-0.1775921519589772,-0.053483945793811584,-0.04820735927966383,-0.016112018971731864,-0.02494673102036685,0.17782000407110043,0.030292794043203734,0.0028995702083725113,-0.022425816202871013,-0.04559311177288517,-0.04103784093410023,0.06377615534028884,-0.022620035114255733,0.020175842693853217,-0.10937630975148782,-0.11870083125481419,-0.09268519306486572,-0.11164792626753957,-0.012330898075726428,0.12070415608857146,-0.05994948038895559,0.01426158521904556,-0.12643555864994518,-0.029451308840340064,0.0013656700674001259,-0.09434465494700274,0.3468167289309974,-0.16292155649526327,-0.05290024158031638,-0.0794495083577146,-0.08282724086351373,-0.04276352475549583,-0.06216793011399737,-0.012330898075726428,0.12679217128565454,-0.04983287017440799,0.028368160556573294,-0.11847981340150757,0.01426158521904548,-0.07242230305486705,-0.12288144859840018,-0.07920263659028141,0.34870556581311435,-0.18398114818667896,-0.050777527660983215,-0.06558878388547217,0.015242607801679563,0.0201758426938531,-0.05487165956191474,0.008115966900458443,-0.0037928890539831745,0.2952249585247573,0.009355026950535444,-0.202340578817661,-0.05986055132384805,-0.06461698809707221,-0.0968172678912963,-0.01959590557016902,-0.13509138021662442,0.2910158032701498,0.18708808570708943,0.036933306527666895,0.045238838525044414,-0.10254909769336325,-0.0007829616425203346,-0.1344099743557902,-0.01137725749790437,-0.0505831168485712,-0.16280295154780522,0.26093302824946946,-0.0694692434117159,-0.03621398988061865,0.0039377597186507456,-0.007625185012659851,-0.24817955242800355,0.011061835541736016,-0.0036905863731754177,0.03188328866849851,0.016399329707877774,0.04087130833156037,0.018360502070213645,-0.015030652235697318,-0.009219700976716892,-0.046533262491192155,-0.04647255832926772,0.01616241534193493,0.06774819304576572,-0.0077914188534033025,0.0423670455418174,-0.0016524207168759628,-0.017698523174921106,-0.019593272988002577,0.2793951730834884,0.008506324784274596,0.15670084761727476,0.7311051080816385,0.2633105451212498,0.5452185412719261
BsmtCond,0.02950993285998995,0.0824611192022211,0.3857449172706515,0.13210005126051766,0.0720500465344138,0.04372455757259598,0.029837349536213503,0.13505091815734432,0.0028785608757656875,0.022770066313297376,0.1316121404130211,0.10131923925009437,0.26007095228948457,-0.16616262184615682,-0.18480612280719952,0.17574763035490087,0.17471391652521376,0.13274758114027746,0.17397105153227432,0.16643907324713497,0.7256423388232063,1.0,0.12270700764989,0.13445288136705286,0.11349083274911895,0.03265908501581786,0.004842677778431316,0.004248928409664391,-0.04440727911785609,-0.010605952122385727,0.07034429027300478,0.024875907235545138,-0.1449365411123163,0.04002959710366896,-0.04824568610949527,0.014191902938709424,-0.003134275625690749,-0.05941724810110747,0.010297620570481659,0.04363146889281808,0.03421696937645537,0.053010594650003996,-0.021438806819275825,-0.013283519807066414,0.0031177297206506313,-0.053650617820506535,0.057954621562765235,0.04016434335364949,0.027595651360684544,0.02284737138616226,-0.013161681814479742,0.04743477928923604,-0.05283790114349514,0.017127793123834407,-0.02860038873790514,0.09702099837427616,-0.06319602717699739,-0.25814283529883575,0.022777111080765706,0.06389565382934279,-0.04861865734455483,-0.007463147533591751,-0.06213134279318346,-0.017131406182984123,-0.011517836948793376,0.0822720296464625,0.00847839365775302,0.047434779289236235,0.012393293867288432,0.0027780342825973964,0.011392301941177005,-0.007842991604668077,-0.00526451501229293,0.00484267777843145,-0.07833064052626663,-0.14802385977944912,-0.12906470018576963,-0.06797187030295455,0.0034231165891534863,0.03225324925024774,0.0388171461497908,0.0034231165891533953,-0.022454579434894647,-0.027384421757558758,0.004842677778431464,-0.05146056492186368,0.09445134086343601,-0.0295221732083479,-0.027332438049982893,-0.04424338712288375,-0.08156486452982566,-0.06262415619100607,-0.02855433785298526,0.0034231165891534863,0.032058160676539556,0.030427236139621117,0.022868422152658264,-0.021430900755176042,0.0034231165891532456,-0.0306266706787887,-0.12797952726026546,-0.034822182710826585,0.10118739783058049,-0.055634827561410846,-0.015954002269055464,-0.0065169183219104514,0.00685328267375084,0.004842677778431275,-0.0656343290906457,-0.009290709782959471,-0.026246255136860255,0.08601546395520678,0.005933079785784595,-0.048107093508195184,0.008320407158564335,-0.04999781223349983,-0.09780882505374454,0.015409306333036077,-0.0430769495964447,0.08603266532665352,0.0622042834598877,0.027766517193828427,0.01085838749694572,-0.06484947273500134,-0.005219113612756789,-0.01289162960138535,0.006853282673750733,-0.01003938155130643,-0.023191328638959147,0.10071833158631337,0.007108845864307277,-0.00526554318252893,0.046880525576860455,-0.018677947070346756,-0.25814283529883575,-0.03426418970733184,0.012613234028051755,0.0006237755616994698,0.01677184738955974,0.04650641811271787,0.009862450243322876,-0.010905715453510576,0.00983922227094615,-0.04220284796815691,-0.034679261174696226,0.025164254989061823,0.05214068452366802,0.025046473872863913,0.03732908484467187,0.015820417718949164,-0.06679128665187091,-0.012741913507620196,0.2667103592736301,-0.008399293534819536,0.11976174598954425,0.9117122336776082,0.11431540570145649,0.2044517776894572
GarageQual,0.07887141542241712,0.16446013864148362,0.17185037428422534,0.5594080421699348,0.13271549521606738,0.10562593330034752,0.1351251037591674,0.11442235282918593,-0.0051874236792601594,0.09150375855310172,0.5819660936526267,0.20483876830583927,0.2042104346547049,-0.2764108878493217,-0.14250530267938927,0.17132365109184974,0.21634734319426302,0.09103505258201255,0.23480832853382036,0.1425750126728149,0.1729139938250644,0.12270700764989,1.0,0.9759871168270975,0.2216686746999023,0.02826795804449694,0.009645825007041958,-0.0005360367322348456,-0.11091280601154956,0.009896387563767026,0.07135565126846528,0.021813609462477387,-0.19434575780519076,0.06229021778143716,-0.11075545360567862,-0.10735878774901435,-0.03225392861056626,0.0668359072191914,0.020511182150953784,0.06642420846024469,0.04867284154518981,0.06145219718795613,-0.11513461823300424,-0.0889918418101575,0.017063896981919326,0.038668314142604514,0.06515668826090935,0.039982955254369304,0.047143174861693664,0.022691609060054616,-0.04893517367841298,0.056217653894082384,-0.09137511867704441,0.12686102093971569,-0.1399139475478934,0.09843834525694962,-0.14835531334205948,-0.14228849237938127,-0.0406882332435017,0.0676594049486236,-0.08819247376660541,-0.08634758036435942,0.008757775824224033,-0.039796904182974324,-0.019372572285399663,0.07446160603278895,-0.07372494756244499,0.06327203934190036,0.0014533316696011041,-0.06904758051940531,-0.010959736016308716,0.0790538364009435,-0.03458090213505488,0.009645825007042044,-0.1320305975677209,-0.10440745304100582,0.009645825007042022,0.021041988446603047,0.006818290439379822,-0.04741971094609459,0.05761012399778009,0.006818290439379826,-0.032647921732798346,0.03747427582939469,0.00964582500704203,-0.021700643341708528,0.08568679214746054,-0.07833918627501757,-0.05294159333676367,-0.10073763126108568,-0.05244254397394576,0.018076708542020783,0.006337356020145023,0.006818290439379822,-0.04869475702747164,0.05997412348009044,0.02162813848996521,-0.01753693886835463,0.006818290439379793,-0.005354159418339215,0.0028146056642225003,-0.019937867345442114,0.08198989590584192,-0.058970123141187596,-0.06251540500777952,0.03676264098793579,0.013650622324949608,0.009645825007042011,-0.05384344464083403,-0.034542887697275836,-0.034542887697275745,0.0602401659642499,-0.11670281606959079,-0.03076736176383873,-0.11247807472424633,-0.15335978489091354,-0.008521038122637478,0.024434233965454803,0.045037081458790686,0.06149234502311807,0.06555827242164429,0.030245138847524725,-0.11949848584679114,-0.15201229726653062,0.10629507059357529,-0.22997638177197943,0.01365062232494956,-0.09715307973504485,-0.07244025831264932,0.13757494945537949,-0.026706815194448303,-0.02149890179642169,0.06042089653090286,0.03069282722678178,-0.14228849237938127,-0.025245954740323248,0.03899048401982397,0.01727175899307082,-0.02043990587907069,0.042199383576199095,-0.03366582902194459,-0.030603656926134776,-0.00624884494197945,0.03658956731423334,0.022562586015439676,-0.018625187611615267,-0.04493857747038576,0.017696109803374636,0.001171122574843081,-0.03486141948600785,0.01876399100421918,-0.004678960376859832,0.2822809998129255,0.028755702389050126,0.9665393143803993,0.08761138732865766,0.22412102909415252,0.2677641796608335
GarageCond,0.07634975584832837,0.15429501323363073,0.1743249425478994,0.55006340339887,0.1316951437519379,0.10196098966899476,0.12771640003889984,0.11874549430272006,-0.006334895611108026,0.08323782615878168,0.5752764183345818,0.1965942936892076,0.199629184922988,-0.27935247651238504,-0.13879398646461721,0.1703209564532595,0.21285695305623142,0.09786483069415702,0.22997330529104132,0.15002658701817712,0.18147892824341968,0.13445288136705286,0.9759871168270975,1.0,0.21262614278783606,0.02850288406492742,0.009725988394829162,-0.0003839205945327151,-0.11465126715371553,0.015445797698189696,0.06723758330398698,0.026123156898810337,-0.1973645077852247,0.06280789199589928,-0.12474429618672553,-0.10749126866315728,-0.03206943418960621,0.06763966839610787,0.020681644070752226,0.060244958660840287,0.04905267933377123,0.061962906879450136,-0.10956443583816089,-0.07217198365588659,0.020772672482227684,0.03907245123247631,0.06569818480103676,0.03466103804178114,0.04750937192536356,0.022880191815315934,-0.05779089015965058,0.05668486095893241,-0.09146908164742307,0.12466298563520621,-0.13558831184683318,0.10593061622768114,-0.16372233806985648,-0.1423935796915073,-0.04054431514053391,0.06554849403232761,-0.0784314542397639,-0.10140821385197127,0.01606810697853332,-0.04967784735138278,-0.036169192112090395,0.0661213753472782,-0.06440671357653067,0.06022160869397701,-0.00616945865228187,-0.05941443872897363,-0.027733565836746597,0.07447424527011058,-0.03457331952109378,0.009725988394829303,-0.1447674249196192,-0.10465209407924017,-0.009996154739129974,0.02538472267445618,0.006874955085497584,-0.04724353298407037,0.06041545074099512,0.006874955085497592,-0.030082818702565996,0.03798812542869304,0.009725988394829313,-0.02156686811488607,0.07936285222206464,-0.07167392204456806,-0.05288856655513513,-0.11338968733312216,-0.05251840886154486,0.007666886755723716,0.0065470849634476245,0.006874955085497584,-0.048524648365867395,0.06072956338650408,0.021807883079113372,-0.016979839087166684,0.006874955085497491,-0.0024280388152043667,0.0029077524386651103,-0.025310956851386037,0.07559990148016528,-0.052148468781147914,-0.048701813228642137,0.04143085264360686,0.013764068311184291,0.009725988394829122,-0.06319391243840944,-0.034550940741784934,-0.04703717180193477,0.058207918793966966,-0.1169527592294903,-0.027112749123474063,-0.10376125367211146,-0.15369876280822414,-0.00033202543690377223,0.024672358047464794,0.038774003855172184,0.059498273512648,0.0661031064001747,0.027047007272084207,-0.11970104712313333,-0.16763832663066278,0.10920748155637044,-0.22339918071776665,0.013764068311184258,-0.09728345301278765,-0.05502866389266608,0.13507284798478258,-0.03750089526200328,-0.04242322569586694,0.05714657091062037,0.037223453082063686,-0.1423935796915073,-0.02128287690135905,0.03337014199745225,0.020891795298214177,-0.01649161902669464,0.04259406586758449,-0.03897115288926833,-0.02280095033023806,0.0006340708435325155,0.02964769039232274,0.013319278545917046,-0.012963177944810226,-0.04475050294108471,0.014956948180304587,0.008944732493855764,-0.03600423795784686,0.014427381640190834,-0.004153251077376283,0.2974481402565157,0.02873988332087586,0.9688040490758381,0.09689618113586626,0.21458056977634032,0.2593942389495457
FireplaceQu,0.18623145056336474,0.46824128537980825,0.34200521203473466,0.3253458741808639,0.2737444990880727,0.22364778723985843,0.29739742745911785,0.2085755935745874,0.09741082998889028,0.3528698858737549,0.3684458304621143,0.8780797417022224,0.4835805032677,-0.22742734999128167,-0.19520711430901694,0.3308232004166148,0.35148327700362525,0.007635948588494501,0.3430132518701697,0.20074203225872922,0.2845233002002845,0.11349083274911895,0.2216686746999023,0.21262614278783606,1.0,0.09195079222124578,0.026622727984192223,-0.10232810656534871,-0.05426145058021419,0.05474948528407785,-0.0993370250899286,0.1514064696401894,-0.1269343033136672,0.14021563647447954,-0.10088982865653931,-0.04456803470638564,-0.08179008676300298,-0.09881243277565763,0.01842583911337759,0.11416649698350327,0.13303957247800968,0.2364698591542089,-0.1318244587559425,-0.015708927948879233,-0.07644352217541045,-0.01489192346093047,-0.011850986464888472,0.09948461703034565,0.10624228299975996,0.06262943139528551,-0.06714049001933607,-0.052064817149812946,-0.0965864065044182,0.22097299935805972,-0.1793784517528128,0.1206888484152091,-0.05999010076170587,-0.17149751080358022,-0.09752605817862318,0.04543683253329747,-0.03436896238481697,-0.030480387672058174,-0.08075285258458864,0.02096499349968587,0.04534744881408791,0.13052800963948763,-0.10469330550990051,0.02329045723802045,0.033134599150126016,-0.15440630941083475,-0.006498498929505123,0.14919612407428479,0.015277351843758148,0.026622727984192244,-0.0798521309266407,-0.026878209439461197,-0.038024561590727764,0.08276967420291031,-0.026878209439461228,0.058977873147969685,-0.06268442729881388,0.007394441898192374,-0.13250815167947014,0.06269872699865335,0.04278455037792232,0.03497623184197972,0.07777537056961331,-0.030620088212122698,0.04481140457077951,-0.06956681013679536,-0.013584864511835527,0.010950497587330034,0.07183816623533183,-0.026878209439461228,0.056965939610463735,-0.04114239066448518,-0.012782755031407805,-0.12463495775582574,0.018818659010743585,0.03924859820801532,0.006325020619909344,0.028991972629039707,0.08311976999667336,-0.03892055611214592,0.031153945505073062,-0.05686648857606352,0.02624009226763192,0.0023799943935972584,-0.019759718169136666,-0.00390714570149526,0.021673270102016327,0.1511707989124247,-0.04658636565539608,-0.09170466368297489,-0.10085395835087263,-0.05381177130705408,-0.03387481497681256,-0.002712225002801635,-0.02459899169052812,0.14731482295245082,0.11781349490650342,-0.11505828029723433,-0.08525973501531205,-0.056003637379478506,-0.045927121113679886,-0.12161109659890025,-0.0023498590090416426,-0.04711637585128269,-0.034878336219071875,0.24776418470035236,-0.00024749865145747506,0.04695609501884178,0.036024069083290644,-0.05928148934695012,-0.17149751080358022,0.0038885451352635475,0.018246372946855428,0.06359042207895226,0.018499251517435054,-0.010228435849807727,0.012220539840214284,-0.05336196424087095,-0.014619818303280416,-0.0041403069313861295,-0.015105542608061016,-0.001117043828518503,0.018794380446958588,0.029271971682980197,0.030008385188980507,-0.023726706182846065,0.004091419722094644,-0.051282392564300706,0.1920805463413105,0.023903638465288934,0.2018180691615662,0.0894793980964557,0.9718677309721869,0.5139229935847528
Neighborhood_Blmngtn,-0.0774376621076059,-0.018084370388868565,0.06607690038889182,0.015125643503778603,-0.03456149401062746,-0.09298185906232065,0.06253218923183143,-0.05726551149396429,-0.13880798719279389,-0.007083790720521529,0.08511360806048388,0.05527062332007987,0.024485258396167466,-0.12315917855205755,-0.11175200842940534,-0.008786533532675347,0.11421726863585129,-0.025844803628883667,0.08950742574664036,0.09672894555787975,0.07209768776905326,0.03265908501581786,0.02826795804449694,0.02850288406492742,0.09195079222124578,1.0,-0.004020013680035237,-0.011425302037994885,-0.022076554059848312,-0.015177449685580598,-0.03672833803236496,-0.020650039495828474,-0.029432140021596585,-0.02596019805780628,-0.01750208171329829,-0.011781011781011756,-0.020226737034148644,-0.04632858921580543,-0.008548282057815855,-0.024900868491524498,-0.01844981542544258,-0.025610942888084125,-0.0314374070996318,-0.014326343137141843,-0.02507988494791449,-0.02227400092296236,-0.027154834134293603,-0.014326343137141873,-0.017743255046164044,-0.009457001218333832,-0.009013787057082367,-0.023429383961320917,-0.0114253020379949,0.04060769279815779,-0.027558976277424506,-0.22749081528376944,-0.01598659701946218,-0.020858911407218364,-0.018907782496736605,0.34916237035924386,-0.03727177425899298,-0.010679997880442462,0.10913674950560082,-0.008056621861440844,-0.009457001218333832,-0.07186845017524301,-0.017502081713298274,-0.02342938396132089,-0.010287946703597178,-0.019864081236462803,-0.00945700121833384,0.026863278218857343,-0.0075336858771417655,-0.004020013680035242,-0.012791605201270224,-0.002841604613472634,-0.004020013680035238,-0.020439334020784104,-0.002841604613472634,-0.022664563294633937,-0.04596290398042637,-0.002841604613472634,-0.04571848105016551,-0.03067713708779398,-0.00402001368003524,-0.01432634313714184,0.13366706628671896,-0.04399224618942985,0.03366114635539876,-0.012791605201270205,-0.004925180446616469,-0.0075336858771417855,-0.014326343137141866,-0.002841604613472634,-0.022469991208287254,-0.04411648802995222,-0.009013787057082374,-0.0449820413704842,-0.0028416046134726314,-0.035626877640305796,-0.006362749135951434,-0.0146151539185523,0.13605830540444494,-0.04286696466312239,0.0223576000117299,-0.018907782496736608,-0.005689061168664086,-0.004020013680035238,-0.008548282057815857,-0.006362749135951437,-0.0063627491359514385,0.08258550087656114,-0.004925180446616471,-0.051891164633455944,-0.02958981525707603,-0.005689061168664084,-0.009880925782424287,-0.012791605201270225,-0.03243382841491115,0.0808829697190186,0.40421706556983883,-0.02304959860498492,-0.009013787057082393,-0.015721135242339788,-0.06942229307331037,-0.02417420916699473,-0.00568906116866409,-0.009880925782424289,-0.03590414561142488,-0.055082136793444224,-0.022469991208287184,-0.011425302037994895,-0.022076554059848298,-0.012791605201270193,-0.020858911407218364,-0.022076554059848333,0.0524030223869159,-0.025960198057806274,-0.022274000922962358,0.01359132688977126,0.01884177930237493,0.0077430507995094565,0.06675015920464018,-0.01595593126203034,-0.047419174444751994,-0.03277503421698965,0.008371889689392268,0.05196165989526637,-0.027977704643717134,-0.024211571093835305,0.016111597716346963,-0.020397851157475638,0.028634313277027822,0.00697243889795716,0.02630580954567802,0.01750208171329827,0.0899586458584206,0.019065649513505437
Neighborhood_Blueste,-0.03300581734040612,-0.008669727105078065,-0.035379607138976504,-0.0027691595583300426,-0.021138893843653216,-0.07714102255542121,-0.004375931735230677,0.04546612505603833,-0.016642322417346686,-0.02320024166400022,0.011545357191965627,0.022240553107875365,-0.02416953525390788,-0.009856947898640903,0.009962184098225078,0.01365113552511408,-0.02554088633459902,0.043950308312272514,-0.028558920110934197,-0.04422044228603248,0.020175842693853176,0.004842677778431316,0.009645825007041958,0.009725988394829162,0.026622727984192223,-0.004020013680035237,1.0,-0.0038986354775828445,-0.00753314324595353,-0.005178974140609906,-0.0125327454109706,-0.007046376220444553,-0.010043076750863713,-0.00885835217455685,-0.005972204189622774,-0.004020013680035241,-0.006901933474916694,-0.015808622034013127,-0.0029169150707926976,-0.008496879032243013,-0.006295597677267975,-0.008739176454660776,-0.010727330466560613,-0.004888552568041251,-0.008557964499010754,-0.007600517687601894,-0.009265995716504861,-0.004888552568041238,-0.006054499336712147,-0.003226995692431687,-0.003075758513101476,-0.00799476698521895,-0.00389863547758285,-0.07148166468841541,0.08840336308164656,-0.08350462505227571,-0.005455078045081893,-0.007117649210979692,0.10307985998899173,0.058242766076834214,-0.012718181187275683,-0.0036443166665298832,-0.03683464734148903,-0.0027491467371303932,-0.0032269956924316835,0.055935722423857824,-0.005972204189622776,-0.007994766985218935,-0.0035105377412993476,0.01958342978311354,-0.0032269956924316895,-0.0182803793535619,-0.002570706222025123,-0.0013717421124828564,-0.004364856673991036,-0.0009696356842476744,-0.0013717421124828557,-0.006974477566247311,-0.0009696356842476742,-0.007733788590493037,-0.015683839912058226,-0.0009696356842476744,0.08792972967811843,-0.010467904883688798,-0.001371742112482856,-0.004888552568041241,-0.0273416013033121,-0.01501139586177357,-0.0049871029569036815,-0.00436485667399103,-0.001680610557062011,-0.002570706222025128,-0.004888552568041251,-0.0009696356842476742,-0.007667395103803947,-0.01505379068386672,-0.0030757585131014815,0.08936930289413317,-0.0009696356842476735,-0.012156896041968889,-0.0021711495620761125,-0.0049871029569036685,-0.026891966274253096,-0.014627418049533577,-0.006054499336712136,0.10307985998899172,-0.0019412682161517054,-0.0013717421124828557,-0.0029169150707926933,-0.0021711495620761094,-0.0021711495620761116,-0.011183766586863212,-0.0016806105570620115,-0.040220138297880494,-0.010096879990807175,-0.001941268216151703,-0.0033716507168578035,-0.00436485667399104,0.017320422134876085,-0.011333149284483415,-0.009323105388781096,0.1744071013525517,-0.0030757585131014863,-0.00536449499539186,-0.028208672262106167,-0.0082489223643749,-0.0019412682161517045,-0.0033716507168577953,-0.012251507698221592,-0.018795579492765918,-0.007667395103803944,-0.0038986354775828475,-0.007533143245953503,-0.0043648566739910325,-0.007117649210979692,-0.0075331432459535275,-0.00943653405984998,-0.00885835217455684,-0.007600517687601891,-0.007117649210979692,-0.010362864899440887,-0.012109421449406027,0.03848682424351279,-0.016956759532246568,0.03429768035585422,-0.011183766586863217,-0.007865173504087863,-0.019386917003219383,-0.019975740260252114,0.02661522402746714,0.023575858934605894,-0.013667959912113574,0.009770835750932457,0.002379192914327951,0.008976284567380765,0.0059722041896227325,0.0350602831056122,-0.02025041276298236
Neighborhood_BrDale,-0.09194926218577223,-0.0745991603225541,-0.11366380627215211,-0.09307301890304899,0.11911567656850565,-0.2308949229433978,-0.0721665085476338,0.12921951331716167,-0.04729923213351154,-0.04974156792833427,-0.09047735415530343,-0.0899204104578072,-0.10764066769144212,-0.0010371319423922725,0.056690921031222315,-0.049186176411649705,-0.07258988747728122,-0.02506445906866789,-0.07125242306688054,-0.09824321253033248,-0.04957911253625623,0.004248928409664391,-0.0005360367322348456,-0.0003839205945327151,-0.10232810656534871,-0.011425302037994885,-0.0038986354775828445,1.0,-0.021409986067446853,-0.014719189662786031,-0.0356193816943375,-0.02002654294231608,-0.028543481291928397,-0.025176369338214148,-0.016973632959980514,-0.011425302037994899,-0.019616021455026375,-0.0449297678861426,-0.008290179674884504,-0.024149024617953832,-0.01789275129328794,-0.024837659397456992,-0.030488202378645923,-0.01389378098285405,-0.024322635944556876,-0.021601471322658005,-0.026334935194276963,-0.013893780982854053,-0.017207524430655582,-0.009171461441647943,-0.008741629458288408,-0.022721969326411687,-0.0110803324099723,-0.20315841543023336,0.251251663495206,-0.23732893435909955,-0.015503906022864323,-0.020229108283837005,0.44861416427293654,0.06744894492527434,-0.03614640969015198,-0.010357531578558602,-0.10468794507581082,-0.007813364410791638,-0.009171461441647943,0.15897521109938548,-0.016973632959980518,-0.022721969326411684,-0.009977317791061317,0.05565816885727021,-0.009171461441647951,-0.05195476237328119,-0.007306217683650342,-0.0038986354775828475,-0.012405382126079792,-0.0027558066815460166,-0.0038986354775828445,-0.019822199398808128,-0.0027558066815460153,0.0437803166024372,0.21193262765945542,-0.002755806681546016,-0.04433808100917008,-0.029750887564168122,-0.0038986354775828462,-0.013893780982854036,-0.07770770896730804,-0.04266396718609337,-0.01417387156172623,-0.012405382126079771,-0.004776472109544658,-0.007306217683650352,-0.013893780982854058,-0.0027558066815460153,0.04449106895759911,0.20239942142576384,0.07102573934859349,-0.043623877006192587,-0.002755806681546014,-0.03455117822454321,-0.006170635597479467,-0.01417387156172627,-0.07642979888471926,-0.04157266182499013,-0.017207524430655537,0.059488285091325775,-0.005517288614325889,-0.0038986354775828445,-0.008290179674884495,-0.006170635597479483,-0.00617063559747946,-0.03178544187845331,-0.004776472109544661,0.0022351091262274303,0.04908220166453614,-0.005517288614325883,-0.009582586247911635,0.04419417382415919,-0.019352388090434033,-0.03221000322958443,-0.026497246894430507,0.4956833406861991,-0.008741629458288424,-0.015246459460587386,-0.0801720159028281,-0.023444305667170734,-0.005517288614325885,-0.009582586247911655,-0.03482007451073514,-0.053419015400492736,-0.02179154397923221,-0.011080332409972311,-0.021409986067446807,-0.012405382126079752,-0.020229108283837005,-0.021409986067446856,-0.0268196231174684,0.0039039306885205786,-0.021601471322657977,0.015269086541165445,-0.004098322687390607,0.010129605624531133,0.052456301424155416,-0.013429245587531212,-0.028054294251178162,0.015762452734806778,0.010023660969495383,0.008949307647815324,-0.009534093915607434,0.010831547806582239,0.004615145317757146,-0.01859048081279207,0.027769743713176472,0.006761916703879383,-0.0032283128707246097,0.016973632959980587,-0.09802036815625093,-0.10130283618166969
Neighborhood_BrkSide,-0.06434239010741354,-0.1209583814743991,-0.1354322230007903,-0.16152965142556638,-0.10776072543229402,-0.10130099974307054,-0.170485859757055,-0.1060793891075798,-0.06559279347121337,-0.1166166081617631,-0.1619160642285268,-0.05743485581166736,-0.15041366085152638,0.2669807065791705,0.15906212781341583,-0.2064242516164713,-0.13415336983919587,-0.03843803752459574,-0.16212097841667567,-0.07832019749479559,-0.13498171883151616,-0.04440727911785609,-0.11091280601154956,-0.11465126715371553,-0.05426145058021419,-0.022076554059848312,-0.00753314324595353,-0.021409986067446853,1.0,-0.02844117251579322,-0.06882559453906721,-0.03869631248501389,-0.055153177194089825,-0.048647070937595786,-0.03279732337813941,-0.022076554059848288,-0.03790308183108955,-0.0868155998271481,-0.016018709978065742,-0.04666198282530733,-0.03457329091975725,-0.047992598233690904,-0.058910866930384984,-0.026846275568352545,-0.04699744352686321,-0.04173946980491518,-0.05088571125259188,-0.026846275568352503,-0.0332492604629818,-0.017721567766963736,-0.01689102438301363,-0.04390455346498461,-0.021409986067446873,-0.15216886573600497,0.209973577066935,0.07128844561178099,0.018694243360569632,-0.03908771961787283,-0.03543147992720302,-0.05919293653907424,0.21556850389960097,0.19589425090242893,-0.06200898360254832,-0.015097383091537782,0.022832490132357715,-0.08896585423210462,-0.03279732337813943,-0.04390455346498449,-0.01927868469946441,0.07359971656381338,0.0633865480316792,-0.0827179764274228,-0.014117448197845071,-0.007533143245953533,0.09670782269870944,-0.005324910884747069,-0.007533143245953531,-0.019018660677098124,-0.005324910884747068,-0.024945014738469173,-0.0665978294277779,-0.005324910884747069,0.08097242039296079,-0.05748618946393243,-0.007533143245953533,0.027216569024467657,-0.1134551035970863,0.15932765595409856,0.025643980824688536,0.06653828826706078,-0.009229344168850195,-0.014117448197845073,-0.026846275568352552,-0.005324910884747068,-0.02444126742016103,-0.06256392988696044,-0.016891024383013622,0.08426512577870345,-0.005324910884747068,-0.031256989316736906,-0.01192321830078176,-0.0008717500563633623,-0.11080159681246878,0.13522183332212062,0.07687760041713036,-0.035431479927203025,-0.010660787780742732,-0.0075331432459535335,-0.016018709978065763,-0.011923218300781782,0.0481040186617748,-0.06141745956582104,-0.009229344168850195,0.06902976205238921,-0.013989945260681619,-0.010660787780742736,-0.01851596418472516,0.006199219403763426,0.05856297824668504,-0.06223781876409848,-0.05119933823690003,-0.04319286994355706,-0.016891024383013625,0.019978614069294715,-0.13308680021345137,0.219121186845992,0.056428652563586625,0.13684787322733646,0.22675159366632724,-0.10321895888538041,0.06388608513784663,0.012273828219700134,-0.04136947218259627,-0.023970315027885224,-0.03908771961787283,0.048403758177972406,0.021463768055390294,-0.017645445634719308,-0.02393127988230374,-0.020165945532297783,-0.043394764377947065,-0.030884103748473692,0.049520684241308496,-0.028264955982644356,0.04496650350345652,0.001944249709262824,-0.02593463510020916,0.02155985203327652,-0.02576645058589738,0.016610908693390304,0.029702622831527373,-0.05346624763259857,-0.11695717654651215,0.013065721953341186,-0.10389873881698265,-0.03414222759867823,-0.06033087511872069,-0.1436478667158042
Neighborhood_ClearCr,0.28531557650575967,0.07257630270832038,0.053862217424240674,-0.002977827633669886,-0.014353765485846364,0.03715241380804049,0.01068288662819852,-0.017092123640000966,0.004529988968957038,0.03227644907727256,-0.0032050863619708775,0.12271515636282684,0.07325129681423052,0.02157769984811005,0.007357807190953527,0.05153948197053008,-0.03553521931823108,-0.004834518903652561,0.01259898679753148,-0.015962103638643532,-0.010061939880714414,-0.010605952122385727,0.009896387563767026,0.015445797698189696,0.05474948528407785,-0.015177449685580598,-0.005178974140609906,-0.014719189662786031,-0.02844117251579322,1.0,-0.04731703124341861,-0.026603397168173674,-0.037917356558180175,-0.03344446191668466,-0.022547890583103383,-0.015177449685580604,-0.0260580576053797,-0.05968501219565308,-0.011012731609331217,-0.032079730135446405,-0.02376885368871559,-0.03299451730543924,-0.04050073740430455,-0.018456594067140463,-0.03231035661390633,-0.028695542843757693,-0.034983508755827224,-0.018456594067140418,-0.022858593618896427,-0.01218343236012023,-0.011612440601740612,-0.03018402008647823,-0.014719189662786042,0.07245178414891082,-0.05858345158008047,0.062020207112692585,-0.020595495227125716,-0.02687248635887972,-0.024358851586300367,-0.040694657944716175,0.04953159406645696,-0.013759016074814764,-0.02919829861117927,-0.010379326938188155,-0.012183432360120225,-0.005796035694998349,-0.022547890583103383,0.042456643638123334,0.3057144477635871,-0.04691817957854446,-0.012183432360120221,-0.03126797015180774,-0.009705629743243393,0.1298442802395769,-0.016479394804867712,-0.0036608325200733092,-0.005178974140609907,0.028588969727600153,-0.00366083252007331,-0.02919870342582925,-0.017489820111478552,-0.0036608325200733092,-0.03097935009152923,0.1322081026068935,-0.005178974140609908,-0.01845659406714047,-0.09277585344255158,0.0867813011274331,0.018932122537028657,0.02648474165068018,-0.006345098350670453,-0.00970562974324339,-0.01845659406714045,-0.00366083252007331,-0.02894803666599247,0.0004314608985645005,0.04893814253590695,-0.029710145512290745,-0.0036608325200733075,0.13949489509753704,-0.008197114701856356,-0.01882866831551491,-0.09102578736391151,0.061713093519430155,-0.022858593618896438,0.03471743299177032,-0.007329204082857997,-0.005178974140609906,-0.011012731609331207,-0.008197114701856363,-0.008197114701856347,-0.04222399926407862,-0.006345098350670453,0.02508615520686268,0.020920438198768536,-0.007329204082857987,-0.012729573375982253,-0.01647939480486768,0.013335276168261889,-0.024939285295988874,0.0069935863590851735,-0.029694743507840207,-0.011612440601740654,-0.020253501445894356,-0.02361643896178074,-0.03114357664187429,0.08821220628296945,-0.012729573375982272,0.05423975916720013,0.01566389409610769,-0.0037908143253085787,-0.014719189662786073,0.04826593069798407,-0.01647939480486765,-0.02687248635887972,-0.028441172515793273,-0.014754192379640027,0.032779201372229894,0.022025392449082738,-0.026872486358879677,0.037859218605264935,0.0050026632310106916,-0.041950083323131035,0.04153513245114466,-0.006638596997594431,-0.04222399926407864,0.019459820575432697,-0.00026640496884813944,-0.0037004850902357077,0.026688178852178095,-0.029388869861121963,0.009899351399297696,0.03688951824525883,0.008982576583964426,0.012073583599650668,-0.009228094215478684,0.06234777503590719,0.05571831053291119
Neighborhood_CollgCr,-0.03044355846893767,-0.022522657037846595,0.07728017493856616,0.12602408378360522,-0.01103250611796409,0.021354564227951,0.11567586471477968,0.0025510779579509353,-0.019269195775304407,-0.03425310095632331,0.10850237130659134,-0.11534930430519083,0.029263670903445883,-0.29796746806842767,-0.23424207006445183,0.10317227116225416,0.1949705668553738,-0.02271906924179243,0.17765248282847787,0.21924385054602855,0.1774597233197836,0.07034429027300478,0.07135565126846528,0.06723758330398698,-0.0993370250899286,-0.03672833803236496,-0.0125327454109706,-0.0356193816943375,-0.06882559453906721,-0.04731703124341861,1.0,-0.06437831020650586,-0.09175727924076968,-0.08093319549947578,-0.05456427558048721,-0.03672833803236499,-0.06305862763666359,-0.14443344229764837,-0.026650019442430093,-0.07763064261850984,-0.057518918593442055,-0.07984436186009507,-0.09800887532235238,-0.04466363189252412,-0.07818874213032298,-0.06944115246114398,-0.0846575782993987,-0.04466363189252406,-0.05531615460909184,-0.02948303116709235,-0.028101272126547866,-0.07304316047017488,-0.035619381694337544,0.12010070333906493,-0.07847083118294348,0.08921686527571593,-0.049839619060934155,-0.06502948671915135,-0.05894667112563866,-0.014397390219400778,-0.11619802691791627,-0.03329583058138188,0.07404388473199665,-0.025117225636160798,-0.029483031167092368,0.03568115964166288,-0.01150273917642709,-0.040229925305111665,-0.03207357663436798,0.09703265643344315,-0.029483031167092333,-0.08175624799563302,-0.02348692681653139,-0.012532745410970604,-0.039878951701418544,-0.008858951738437832,-0.012532745410970594,-0.06372141739826918,-0.00885895173843783,-0.036835224994931096,-0.0616204592940298,-0.00885895173843783,-0.12361357566520619,-0.0870193795864766,-0.012532745410970606,-0.04466363189252398,0.35451010426396723,-0.13714968789460263,-0.011449421628280549,-0.0398789517014185,-0.015354682235806131,-0.023486926816531365,-0.04466363189252405,-0.00885895173843783,-0.035960113612061494,-0.06639871081467967,-0.028101272126547908,-0.12110052913508174,-0.008858951738437825,-0.08823018787987531,-0.019836428774056676,-0.04556402484723875,0.3616526279671422,-0.13364152399085286,-0.026978756107592105,-0.058946671125638735,-0.017736147418702556,-0.012532745410970601,0.002171483065679475,-0.01983642877405667,0.018778485906106965,0.04455676398986277,-0.015354682235806117,-0.0011404907555360028,-0.0655788823344463,-0.017736147418702494,-0.030804653195790482,-0.03987895170141853,0.034789918426327206,0.0415832145963907,0.010117087960763884,-0.0718591462949467,-0.028101272126547904,-0.04901201867600489,0.1213615045339068,-0.07536521840862015,-0.017736147418702525,-0.030804653195790482,-0.11193432459723866,0.12455210790843013,-0.0700521693741457,-0.03561938169433753,-0.03417546763319195,0.01834431778265247,-0.06502948671915135,0.03512478617855844,-0.010785032622073677,-0.011132583009632574,-0.035073666836306645,0.05669237303720887,-0.01643484225169867,-0.026625915591014657,0.01328082589362696,-0.04764043113048713,0.005896490382609624,0.003796816981592297,0.08356952569116033,-0.0014290426363052504,-0.02052496637592438,0.026485748658079872,0.022858542402583476,-0.03458458313861332,0.08926998435383911,0.021737190108486713,0.062301109529707924,0.05456427558048744,-0.09990387662940699,0.07262599312707738
Neighborhood_Crawfor,0.02465151881628296,0.10001328771526195,-0.010640415763115843,-0.05599164924483175,-0.023166326121702063,0.012019884119826959,-0.019091495619842372,0.010932682633970884,0.026584908853837585,0.079418678297737,-0.03557009094138159,0.18370859798168016,0.057886716485312906,0.18492606882905754,0.04927548934915382,-0.022528289008814952,-0.02073150303756217,0.08225893769998019,-0.011771716599507846,-0.044358452892384756,-0.013825339265603366,0.024875907235545138,0.021813609462477387,0.026123156898810337,0.1514064696401894,-0.020650039495828474,-0.007046376220444553,-0.02002654294231608,-0.03869631248501389,-0.026603397168173674,-0.06437831020650586,1.0,-0.05158935965689413,-0.04550365666192293,-0.03067806783975459,-0.020650039495828443,-0.03545390891638984,-0.08120586031790157,-0.014983633443087818,-0.04364683843701671,-0.03233927817984198,-0.044891473839008884,-0.05510423979884037,-0.025111557233954574,-0.04396062276756251,-0.039042402073702964,-0.047597643377254736,-0.025111557233954578,-0.03110080223146835,-0.016576458143047545,-0.01579958175033361,-0.041067585124056,0.051637066606167986,0.05291289686205353,-0.04830603340119421,0.023991263635828097,-0.002144607519529686,0.003694802341748214,-0.03314201382647403,-0.013656317683748543,0.04396981367827371,0.019559154558802243,-0.04745388291999893,0.0364121944694725,0.02656370030409937,0.036107189866900875,-0.0306780678397546,-0.041067585124055964,-0.018032959283062103,-0.034818237151959745,0.06970385875124643,0.028288010397426344,-0.01320522496742485,-0.007046376220444556,-0.02242143183720592,-0.004980832596595439,-0.007046376220444556,0.107760654593303,-0.004980832596595438,0.03484890819284637,-0.059786796414983114,-0.004980832596595439,0.03456866389435439,-0.025265242082405753,0.09381351869964427,0.08990922256706091,-0.12483425531925776,0.10506015805786063,0.0025888266107976753,-0.022421431837205876,-0.008632974199265068,-0.013205224967424859,0.03239883266655321,-0.004980832596595438,0.03578199644952981,-0.045245595495204384,-0.015799581750333594,0.03717605392550072,-0.004980832596595438,-0.012089422393575073,0.18041260170322507,0.14362191809455074,-0.12244616087587834,0.06680699862087669,0.039188936557918296,-0.011077563216965574,0.06139575885597872,-0.0070463762204445585,-0.014983633443087814,-0.011152779014381218,-0.011152779014381184,-0.04396841745206179,-0.008632974199265056,0.041211996471037876,-0.007763246535944887,-0.009971922616735393,0.06531611062526273,0.04176541224577572,0.011199699034107256,-0.044883560200937485,-0.0006152326514281144,-0.040401888259130145,-0.01579958175033361,-0.0012607495137127091,-0.05977176800554846,0.027947723986761652,-0.009971922616735402,0.023998293678606026,0.04966822061710273,-0.09654928807834269,0.31766175265266045,0.015805261831925908,-0.03869631248501374,-0.022421431837205904,0.003694802341748214,-0.019596712678347044,-0.032881784109308636,0.03694278007970966,0.03673281497861511,0.0036948023417482903,0.04740271716534734,-0.06220377618209365,-0.033635287773507265,0.0015999037847290447,0.008399502417063207,0.036914265639089255,-0.0036843303018752236,0.00028606196281417555,0.06703171666535897,-0.014876171578014368,-0.024824275983361184,-0.03575384184835512,-0.025432132849001008,0.012221457825644998,0.04610945275205746,0.030678067839754665,0.13526538425355514,0.07115960252664812
Neighborhood_Edwards,-0.008103440762384758,-0.090554718125208,-0.0974515343952564,-0.1862211829703195,-0.07901697956769947,-0.019502180309536585,-0.10097015874414032,-0.10403754886119654,0.004509409232879708,-0.06638876916105106,-0.21311053974992614,-0.12329124157184711,-0.10800817365758894,0.13829102703509286,0.1298412938562613,-0.0796488466342237,-0.12559084050764752,-0.010478951902026502,-0.13553150933706523,-0.06083973301908725,-0.18005063680684574,-0.1449365411123163,-0.19434575780519076,-0.1973645077852247,-0.1269343033136672,-0.029432140021596585,-0.010043076750863713,-0.028543481291928397,-0.055153177194089825,-0.037917356558180175,-0.09175727924076968,-0.05158935965689413,1.0,-0.06485556575516072,-0.04372491338014611,-0.029432140021596567,-0.05053183611348109,-0.1157412920170691,-0.021355910608225406,-0.06220907522417986,-0.046092607415048635,-0.0639830322877811,-0.07853910893830136,-0.03579106319963169,-0.06265630654085942,-0.05564645263002168,-0.06784008838628987,-0.0357910631996316,-0.044327429312930385,-0.023626135786658696,-0.0225188674555522,-0.05853291060117453,0.023548372065840945,0.07411416989013483,-0.05273780057152884,-0.018742029271191115,0.0353007674606442,0.06493854481772773,0.0008788229300159502,-0.038488446469968476,0.1010962089333329,-0.026681510798093836,0.01775587594666735,-0.020127611035002154,-0.023626135786658713,-0.09707628370041908,0.04254315896446647,0.020351442762869862,0.06089411465434029,-0.027237359702510216,0.0390905155742898,0.009640081402241468,-0.01882117612106475,-0.010043076750863725,0.038028680697015524,0.09654767242162945,0.13658584381174646,-0.03615257613160084,-0.007099093560413935,-0.02951779355827325,-0.05441385262874174,-0.007099093560413937,0.060119716257688256,-0.02483695592460212,-0.010043076750863722,0.08962082225187769,-0.0866793987310404,0.0692504914566988,0.08650675242086696,0.014700162286241313,0.047577118091361864,0.05969001569823384,-0.035791063199631754,-0.007099093560413935,-0.028816525759757145,-0.055799604436881194,-0.022518867455552222,0.04862679260047615,-0.007099093560413931,0.0025071981566559616,-0.01589586081167063,0.08650675242086696,-0.07711404415574787,0.08339137160175736,0.023796830473257362,0.03295585987559842,-0.014212806847152567,-0.010043076750863715,0.04793215492068366,0.030520052758407665,0.03052005275840756,-0.04268543281888401,0.04757711809136188,-0.0062512725648503145,0.011564243228097659,0.19329417312127475,0.035382139363507766,-0.03195687453530712,-0.00038720546484710005,-0.04420884163585241,-0.06825821130944536,-0.004204553662338599,0.0761137719997666,0.03718092925235407,-0.004007241391948806,0.09295375795069351,-0.014212806847152579,-0.02468521350942398,0.09218984197118248,-0.1107323367484857,-0.015156744068443681,-0.028543481291928546,0.0003803667392695876,0.014700162286241226,0.06493854481772773,0.00038036673926958954,0.02158050538428009,-0.04088363512160768,-0.055646452630021555,-0.022848747250681985,0.018180339861808285,0.0765853814878886,0.0314990871825365,-0.023848052518821862,-0.02237688610419546,-0.013288861160595942,0.009140334048562165,-0.016544532445790152,-0.03591804209954455,0.03458092710991179,0.02474640308929733,-0.008234219687853558,-0.12635556498089873,-0.024967276368968602,-0.19488522119797105,-0.1460648457780017,-0.13980329702214125,-0.17994896448338465
Neighborhood_Gilbert,0.020670466884058117,0.05730225517267397,-0.10275028012636449,-0.0227553169979606,-0.0815454079043545,0.06390071755561579,0.17789189669695207,0.20327240085520756,0.06887194827101645,0.08774809190228589,0.09481994475003454,0.10134261997278775,-0.016706598999282035,-0.21548207419951415,-0.16478362458889378,0.1325006178923173,0.0723795497878045,-0.04832355008355253,0.025460813476021433,0.1279252978183603,0.11183900234070529,0.04002959710366896,0.06229021778143716,0.06280789199589928,0.14021563647447954,-0.02596019805780628,-0.00885835217455685,-0.025176369338214148,-0.048647070937595786,-0.03344446191668466,-0.08093319549947578,-0.04550365666192293,-0.06485556575516072,1.0,-0.038566934330160924,-0.025960198057806274,-0.04457088314910157,-0.102087950860004,-0.01883667544009815,-0.05487062485526581,-0.04065532498205553,-0.056435318305464624,-0.06927429747975666,-0.03156899527795532,-0.05526509884017275,-0.049082157479194366,-0.05983737945915204,-0.031568995277955245,-0.039098374889243157,-0.02083909508150726,-0.019862444890336308,-0.05162811643976165,-0.025176369338214176,0.12392481642907849,-0.10020379164054617,0.09791339910794258,-0.014226201159165688,-0.04596391901367903,-0.041664484135423695,-0.06960598796405075,-0.07227446827260506,-0.023534044900974244,-0.1712616911445228,-0.01775327137325841,-0.020839095081507268,0.23625482031575168,-0.03856693433016094,0.051125408392636525,-0.022670135553552677,0.08250488830205323,-0.02083909508150725,-0.07228036240390444,-0.01660094914692479,-0.00885835217455685,-0.02818710401745491,-0.006261653917248717,-0.008858352174556853,-0.045039353937700914,-0.006261653917248715,-0.04994278615107644,-0.00010395019553636366,-0.006261653917248716,-0.08381769722667469,-0.056031421886908434,-0.00885835217455685,-0.031568995277955265,0.21627412263906484,-0.07954604810879741,-0.03220540794148644,-0.028187104017454872,-0.010852943893212657,-0.01660094914692481,-0.031568995277955265,-0.006261653917248715,-0.049514034360315845,0.006937448351734515,-0.019862444890336325,-0.08200063795091261,-0.0062616539172487135,-0.06828865382034559,-0.014020716627044178,-0.032205407941486394,0.22115034567960554,-0.07673702615185317,-0.039098374889243157,-0.04166448413542367,-0.012536202954956261,-0.008858352174556852,-0.018836675440098146,0.03780269166532169,-0.014020716627044152,0.05906334966944724,-0.010852943893212667,-0.02285496934145156,-0.05327214461577674,-0.012536202954956261,-0.021773239435992593,0.023905518597081992,-0.006495536507847499,0.05665933401867322,-0.06020617880196774,-0.0507912355968255,-0.019862444890336367,-0.01330155336936479,-0.11935491570799539,-0.05326938547650985,-0.012536202954956275,-0.021773239435992582,-0.06896312651818516,0.3287572649637052,-0.049514034360315866,-0.025176369338214218,0.05985861762247154,-0.02818710401745481,-0.04596391901367903,-0.017645445634719353,0.002331461049662307,0.009706780080477378,0.012415332260881802,0.0030433753582572256,-0.00858285215553267,-0.03720074012777094,0.017129817075741696,-0.005517028024002191,0.02755002365728547,0.004361186184676255,-0.020992077882794873,0.05165090017705489,0.008680608567015085,-0.04808840316801778,0.012280817300832523,-0.03233690692237208,0.05082270682614159,0.015364206241492224,0.05796650054941921,0.019303258612735467,0.153639907996287,0.03593962229468401
Neighborhood_IDOTRR,-0.038909695865920635,-0.11454950589229837,-0.11419945056433142,-0.1184334450411378,-0.07756002757490965,-0.05006373094265234,-0.14962189008635865,-0.07079606954433662,-0.06978424933215248,-0.07284491634311352,-0.16558029633589402,-0.09928441375512889,-0.1389494179054067,0.23069326134340362,0.1596458558654559,-0.19312782790551591,-0.14156386723767958,-0.06323264601797697,-0.13090604332273648,-0.11073936441323882,-0.09365570165153805,-0.04824568610949527,-0.11075545360567862,-0.12474429618672553,-0.10088982865653931,-0.01750208171329829,-0.005972204189622774,-0.016973632959980514,-0.03279732337813941,-0.022547890583103383,-0.05456427558048721,-0.03067806783975459,-0.04372491338014611,-0.038566934330160924,1.0,-0.017502081713298298,-0.030049202135223076,-0.06882658036415445,-0.01269948064438369,-0.036993175388653106,-0.02740937562695789,-0.03804807460631944,-0.046703973999822845,-0.021283471479346356,-0.03725912543657786,-0.03309065396777744,-0.040341707042130893,-0.02128347147934628,-0.026359696896185104,-0.014049490074597454,0.46217195020913665,-0.0348071116645689,-0.016973632959980525,-0.3112123579560233,0.2748316953912215,0.03624296048186212,0.03671203529453981,-0.007473287142415056,-0.02808973969523826,-0.046927596098033125,0.17163451196662602,0.07357351865354593,-0.04705619188717148,-0.011969061467144522,0.0363491721094622,-0.05943142322821474,-0.026001405481377395,-0.03480711166456897,-0.015283957542477888,0.021981659513369018,0.03634917210946209,-0.024684151293694893,-0.011192178420242017,-0.005972204189622778,0.09347636757923045,-0.004221538613690467,-0.005972204189622775,0.01756248260570303,-0.004221538613690466,-0.011889983024459668,-0.06828331184104988,-0.004221538613690467,0.0782667577576782,-0.028923158236959696,-0.005972204189622778,0.01230989972048683,-0.08255518151313113,0.09739040544399839,-0.02171253393933589,0.09347636757923043,-0.007316936119897294,-0.011192178420242045,0.04590327092031998,-0.004221538613690466,-0.01142801066934832,-0.06554024329628994,-0.01339104319321699,0.08103870301225763,-0.004221538613690465,-0.03822012799769766,-0.009452613864466943,0.011239960396870384,-0.08958093152516797,0.08938815723073928,0.028384481579533542,0.023464025175972132,-0.008451770976614707,-0.005972204189622778,0.0986593286096714,-0.009452613864466962,-0.009452613864466955,-0.048691176758388396,-0.007316936119897288,0.011465870240337957,0.0762609646085055,-0.008451770976614698,0.03359042447153418,-0.019003437365008383,-0.015448875646433106,-0.04934154971440257,-0.04059034752705331,-0.03424289574970004,-0.013391043193216984,0.03808435604873172,-0.10473052423610556,0.19000607093044264,-0.008451770976614698,0.08186012892865996,0.1512897280275836,-0.08183100713435883,0.05443341924084341,0.024887015894025352,-0.03279732337813937,-0.01900343736500839,-0.007473287142415056,0.034142227598678174,-0.004653629341027802,-3.958289530978432e-05,0.011171695819629804,-0.007473287142415066,0.005268656697423424,-0.023212703762021315,-0.014705325800552423,0.029802979509453917,0.0008299342659091783,-0.017194004375912956,-0.012795178978116143,-0.010156562058493914,0.03820125410788899,-0.00755742931230831,-0.036842243882201385,0.02099966197818536,-0.22250111609269757,-0.194009655486212,-0.11322487409393783,-0.001728362234335543,-0.10923588393205784,-0.16405585189091743
Neighborhood_MeadowV,-0.08912270010521825,-0.09432911869865507,-0.10000708696269202,-0.1084275998867487,-0.05912228851920821,-0.18344612184074155,-0.08818031256120462,0.01893772117915244,-0.06051567067686611,-0.10924970855904605,-0.12854847544760867,-0.04380256274169618,-0.1129433254207806,-0.003866981863794586,0.04420261499139011,-0.03724877527718953,-0.07484986538721301,0.010542287304742421,-0.05482749980018421,-0.07634000115107194,0.026700708593418707,0.014191902938709424,-0.10735878774901435,-0.10749126866315728,-0.04456803470638564,-0.011781011781011756,-0.004020013680035241,-0.011425302037994899,-0.022076554059848288,-0.015177449685580604,-0.03672833803236499,-0.020650039495828443,-0.029432140021596567,-0.025960198057806274,-0.017502081713298298,1.0,-0.020226737034148665,-0.04632858921580536,-0.008548282057815859,-0.024900868491524515,-0.01844981542544258,-0.02561094288808413,-0.03143740709963185,-0.01432634313714187,-0.02507988494791451,-0.022274000922962355,-0.027154834134293617,-0.014326343137141845,-0.01774325504616404,-0.009457001218333828,-0.00901378705708237,-0.023429383961320917,-0.011425302037994897,-0.20948344977103972,0.25907400940407016,-0.24471781685608843,-0.015986597019462166,-0.020858911407218354,0.2454390535041503,0.20638100707164353,-0.03727177425899296,-0.010679997880442443,-0.08240795430692162,-0.008056621861440863,-0.009457001218333832,0.03909301685011559,0.22624710081212823,0.007527087154994472,-0.010287946703597168,0.05739100295436189,-0.009457001218333835,-0.05357229643153581,-0.007533685877141772,-0.004020013680035244,-0.012791605201270241,-0.0028416046134726357,-0.004020013680035242,-0.02043933402078413,-0.002841604613472636,0.5197987549048003,-0.04596290398042639,-0.0028416046134726357,-0.04571848105016553,-0.030677137087794026,-0.004020013680035243,-0.014326343137141859,-0.08012702261829692,-0.04399224618942993,-0.014615153918552289,-0.012791605201270206,-0.004925180446616467,-0.007533685877141782,-0.014326343137141873,-0.002841604613472636,0.5242997948600354,-0.044116488029952154,-0.009013787057082386,-0.04498204137048417,-0.0028416046134726335,-0.03562687764030581,-0.00636274913595144,-0.014615153918552278,-0.07880932671074127,-0.042866964663122425,-0.017743255046164027,-0.018907782496736626,-0.005689061168664087,-0.004020013680035239,-0.008548282057815854,-0.006362749135951437,-0.006362749135951435,-0.032775034216989615,-0.004925180446616471,0.04236250588762587,-0.004428993896953096,-0.00568906116866408,-0.009880925782424284,-0.012791605201270241,0.03412047866277025,-0.033212813652737094,0.026620208924918298,0.22832230775003304,0.5328738819039894,-0.015721135242339784,-0.08266805207579773,-0.024174209166994764,-0.005689061168664088,-0.009880925782424286,-0.03590414561142484,-0.05508213679344424,-0.02246999120828718,-0.011425302037994904,-0.022076554059848295,-0.012791605201270196,-0.020858911407218354,0.010612866758993996,-0.02765461209326955,0.0022616107019831255,0.010148772105477419,-0.020858911407218385,-0.030369307963219624,0.007743050799509457,0.02991900559966113,0.01778144693140096,-0.030015455317216083,0.0364412868391408,-0.023049598604984966,-0.010196491228935817,0.002585294817432913,-0.024211571093835264,0.016111597716346966,0.018916819060233184,0.028634313277027833,0.006972438897956903,-0.11315127809662379,0.017502081713298263,-0.0379280366666953,-0.1125441547459984
Neighborhood_Mitchel,0.020683539132593298,-0.07849264487475974,0.015851861503079104,0.007864402303055615,-0.04312611431893597,-0.0005736115162913856,-0.03928156546375208,-0.08897355770424231,-0.02544181831274235,-0.06874976276781622,0.007182868146729841,-0.05923592517772037,-0.04040641830852467,-0.06500153499407457,-0.006736761595319936,0.003292871609145975,-0.09538594242090745,0.03148699594198579,-0.0863784279459955,-0.024246173456492326,0.0010768781064336176,-0.003134275625690749,-0.03225392861056626,-0.03206943418960621,-0.08179008676300298,-0.020226737034148644,-0.006901933474916694,-0.019616021455026375,-0.03790308183108955,-0.0260580576053797,-0.06305862763666359,-0.03545390891638984,-0.05053183611348109,-0.04457088314910157,-0.030049202135223076,-0.020226737034148665,1.0,-0.0795412319968594,-0.014676485898762377,-0.04275212759839279,-0.03167635954158751,-0.043971249381892195,-0.0539746651866196,-0.024596798703062094,-0.043059479704942935,-0.03824207697451706,-0.04662194550433698,-0.024596798703062014,-0.030463270949871626,-0.016236659493301532,-0.01547570818826228,-0.04022574606211259,-0.019616021455026406,0.050002648169794536,-0.02471855115946099,-0.050744632833437976,-0.0010660891010215241,0.12835162064502623,-0.009968356948151435,-0.011708757334910795,-0.014467234834294717,-0.0183364139403672,0.05806857271653689,-0.013832357933602045,-0.01623665949330154,-0.09860483558083978,0.09094317270599517,0.05197141131729802,-0.017663304006740065,0.015702688550357027,-0.016236659493301532,-0.015318711595155791,0.04212207907307332,-0.006901933474916701,-0.021961817835354117,-0.004878731159947839,-0.0069019334749167,-0.014180093327748083,-0.004878731159947836,-0.01990545750292816,0.12232373366750486,-0.004878731159947838,-0.05723198594561286,0.06357745468853672,-0.006901933474916697,-0.024596798703062042,0.005696855775561473,-0.07552998093502519,-0.025092655921168855,-0.02196181783535409,-0.008456007989059744,-0.012934532786091461,0.004718569547118029,-0.004878731159947836,-0.019420505295217105,0.06599067943933393,0.12285817316804136,-0.06647645848239571,-0.004878731159947839,0.08001536800160887,-0.01092415965448544,-0.025092655921168827,0.008678594883727407,-0.07359799292371615,-0.006576925307115122,-0.009968356948151435,-0.009767509477855102,-0.006901933474916706,-0.014676485898762394,-0.010924159654485462,-0.010924159654485439,-0.042528171209006406,0.07552883326282595,0.039046189220271206,-0.005840907173067861,-0.009767509477855095,0.025158227155774544,0.04347543530672144,0.017771702751183577,-0.04343046325581005,0.017353027359521607,-0.0395736952302471,-0.01547570818826228,-0.00018361569761399997,0.03953609480383105,-0.04150453126762902,-0.00976750947785511,-0.01696449262338925,-0.023378431569632572,-0.07572194902916506,-0.0385785713296881,-0.019616021455026385,0.05945529162667031,0.07619406187775891,0.12835162064502623,-0.018431407139537566,0.0002068608587918306,0.005860650871323367,-0.018929232843491507,0.005228515427064167,0.006484980974480625,0.016323486250710742,-0.009286392174485845,0.025209340027650788,0.0015194942558763543,-0.02878511455448012,-0.002140851021526158,0.004273081899920351,-0.0003803111310802641,-0.0018989540469874545,0.014932756076173845,-0.021934371540805332,0.04916205293516252,0.011970931758420915,-0.03790429673432344,-0.018347747801264195,-0.07497652592313969,-0.057845054186763493
Neighborhood_NAmes,-0.016123582733555613,-0.16669671941734235,-0.0304249907247203,-0.091700390373158,-0.004665716618771952,0.1028344961028741,-0.2726070708316947,-0.09112192722569669,0.03501289807501518,-0.10800390818762648,-0.14373343064951896,-0.038055998601192284,-0.12124909380971031,0.15982579198540833,0.2750130597014275,-0.19061134196104484,-0.23486536054000587,0.02810212420509469,-0.19761319078828718,-0.20899479270627355,-0.24150406086493797,-0.05941724810110747,0.0668359072191914,0.06763966839610787,-0.09881243277565763,-0.04632858921580543,-0.015808622034013127,-0.0449297678861426,-0.0868155998271481,-0.05968501219565308,-0.14443344229764837,-0.08120586031790157,-0.1157412920170691,-0.102087950860004,-0.06882658036415445,-0.04632858921580536,-0.0795412319968594,1.0,-0.03361594532955978,-0.09792215888621729,-0.07255352391128435,-0.10071451200854345,-0.12362696401648135,-0.0563380530045032,-0.09862613745997,-0.08759205560048847,-0.10678583293318628,-0.056338053004503195,-0.06977498959044462,-0.03718946494593286,-0.03544653427130764,-0.09213557589959352,-0.008486733934049157,0.21186791527056809,-0.1788237628404789,0.08694435835985595,-0.04970771705716458,0.091982688254626,-0.07435447010459363,-0.1100778002615104,-0.05393286583336126,-0.003066584483303767,0.17876571542110944,-0.03168250160715107,-0.03718946494593287,-0.19195661393313784,0.0035963438388476863,0.10101839039657964,0.04031882615366552,-0.07271413460767409,-0.015251437139443186,0.07133709621810772,-0.0021631731084173515,-0.01580862203401313,0.014979034347564089,-0.01117455234732014,-0.015808622034013134,0.14910875798107234,-0.011174552347320134,-0.07964692989145884,0.04114328056487523,-0.011174552347320135,0.1224730815010187,0.009829699216577609,-0.01580862203401313,-0.012469489064996652,-0.19996309041751742,0.06677335908225782,0.014245641626672936,0.014979034347564086,0.022524466618938102,-0.029626066484846714,0.10451334810702076,-0.011174552347320134,-0.0788065120201507,0.054923642394188,-0.03544653427130763,0.11811099593208192,-0.011174552347320127,0.019951923983510606,0.039923004364829595,-0.028786020666311474,-0.20218334377107453,0.10905457770478608,-0.010201021869948037,0.08273135614221731,0.013920428564888126,-0.01580862203401313,-0.009379263758617907,0.007450811399564349,-0.025021381565701037,-0.12888715544960402,0.022524466618938137,0.06577271808820634,0.05558206460472858,-0.02237211733642732,-0.03885653967205201,0.014979034347564106,0.06612998904323826,-0.13060871417672132,-0.09141658725104627,-0.09064207771022546,-0.03544653427130772,-0.04845094901913466,0.2495055598372698,-0.0950645858719678,0.01392042856488813,0.0031660884177227783,-0.04575677113696186,-0.14139577908823892,-0.07880651202015065,-0.026708250910095824,0.09772575949891224,0.01497903434756403,0.091982688254626,-0.028539381092602657,0.0339694758275873,-0.0014645528815359328,0.01837618642917967,-0.02061197434974094,-0.01707526200725513,0.008159944821178568,-0.007870179785867484,0.015087602929267465,0.05139128899535966,-0.04662475240854517,-0.04396220700231384,-0.020271045983477544,0.010433704562485721,0.01472032453845095,-0.03188312143872479,0.03522362381670985,0.05107342082178681,0.027418974154358153,0.05372435843228399,-0.05187829330751576,-0.08231984539522248,-0.18851259699796927
Neighborhood_NPkVill,-0.05722052399010673,-0.03935039234925685,-0.0223253682319504,-0.012152657278537414,-0.04495040100564801,-0.10522023991071229,0.06219736283594194,0.027052440484972427,-0.030023478891884506,-0.03586967590446369,0.024550406438987524,0.02013556590036362,-0.03652322937305415,-0.011265940853744733,0.035391317007200815,0.02345539546825412,-0.054310934681409434,-0.018752945439257367,-0.0475404570849289,-0.10315494986739181,0.025125412072786256,0.010297620570481659,0.020511182150953784,0.020681644070752226,0.01842583911337759,-0.008548282057815855,-0.0029169150707926976,-0.008290179674884504,-0.016018709978065742,-0.011012731609331217,-0.026650019442430093,-0.014983633443087818,-0.021355910608225406,-0.01883667544009815,-0.01269948064438369,-0.008548282057815859,-0.014676485898762377,-0.03361594532955978,1.0,-0.0180680277133082,-0.013387154609718968,-0.018583256484542336,-0.022810928980410202,-0.010395170149199653,-0.018197921748783052,-0.0161619770852297,-0.019703501339951357,-0.010395170149199669,-0.012874475603431478,-0.006861983956736445,-0.006540388517157795,-0.01700032104755588,-0.008290179674884513,0.040806479304970875,-0.03299552154026916,-0.17756683058669434,-0.011599847534934272,-0.015135190545797237,0.14155499421063086,0.17277235427558466,-0.0270443358417345,-0.007749388249152327,-0.00831932650517287,-0.005845871083480667,-0.006861983956736443,0.042902977279802926,-0.012699480644383658,-0.017000321047555864,-0.007464916583809133,0.04164281387321532,-0.00686198395673645,-0.038871966932398826,-0.005466429625050505,-0.0029169150707926994,-0.009281566920162403,-0.0020618634616685508,-0.0029169150707926976,-0.014830745909717528,-0.00206186346166855,-0.01644536847607774,-0.033350604746381976,-0.0020618634616685508,-0.03317325188500581,0.27865318831257846,-0.0029169150707926985,-0.010395170149199663,-0.05814003096900134,-0.03192069881385227,-0.010604730759674047,-0.009281566920162384,-0.0035737025330180357,0.6279452570871523,-0.010395170149199667,-0.00206186346166855,-0.01630418730203371,-0.03201084848146221,-0.006540388517157793,-0.03263889250930005,-0.0020618634616685495,0.09227805725688726,-0.004616799922473715,-0.010604730759674039,-0.05718391306558235,-0.03110419645733732,-0.01287447560343148,0.038038694913099746,-0.004127973082268795,-0.0029169150707926976,-0.006202618883528606,-0.004616799922473717,-0.004616799922473706,-0.02378150893567243,-0.003573702533018034,0.004901825493574521,0.013014462089219962,-0.004127973082268794,-0.00716958289751016,-0.009281566920162401,0.014026274082516155,-0.024099160947693363,0.12803924298353242,0.19860271249372788,-0.006540388517157808,-0.011407228922153628,-0.05998379761007594,-0.01754076494662173,-0.004127973082268792,-0.007169582897510159,-0.026051986827314123,-0.03996750452422695,-0.016304187302033722,-0.00829017967488452,-0.01601870997806572,-0.009281566920162387,-0.015135190545797237,-0.01601870997806575,0.053083831878885414,-0.018836675440098184,-0.016161977085229668,0.03208142953297192,-0.022035918068488727,0.0038756669742103455,-0.03174006505176561,-0.012937584518296165,0.06100510639399482,-0.023781508935672418,-0.01672474944065703,-0.04122494298913251,-0.0005881656324767348,-0.018835623661912805,0.03975923051332609,0.024819711854006613,0.020777008882922447,0.0050591897740641595,0.019087450546317077,0.012699480644383707,0.03949762926158512,-0.037909739904049986
Neighborhood_NWAmes,0.030276585404338745,0.09272577985713737,0.05043173163747304,0.0649830080540942,0.09453032911787106,0.06992495281177084,0.12982110261190194,0.10033562199037069,0.11850105829989224,0.10289690001695653,0.07572127554084611,0.11825672245190075,0.08785477061260161,-0.03304826570818154,0.03726240687264558,0.11057611085147605,-0.08704066683390405,0.043880481668744836,-0.04428429651161684,-0.1526826485491693,0.0164397083821013,0.04363146889281808,0.06642420846024469,0.060244958660840287,0.11416649698350327,-0.024900868491524498,-0.008496879032243013,-0.024149024617953832,-0.04666198282530733,-0.032079730135446405,-0.07763064261850984,-0.04364683843701671,-0.06220907522417986,-0.05487062485526581,-0.036993175388653106,-0.024900868491524515,-0.04275212759839279,-0.09792215888621729,-0.0180680277133082,1.0,-0.038996347354674346,-0.05413242365379911,-0.06644749656936684,-0.03028079362397405,-0.05300995606142656,-0.04707931526362906,-0.05739566059827295,-0.03028079362397395,-0.037502930030867444,-0.019988736794361583,-0.019051939705278655,-0.04952138404602976,-0.024149024617953877,0.11886795123309499,-0.0961148845027034,0.08479449518438621,-0.03378997979190854,-0.010174227545444689,-0.03996432684809289,-0.06676565212083488,-0.06854819902434948,-0.02257371672773412,-0.008171094010332164,-0.01702883293784895,-0.0199887367943616,0.046083339291076754,-0.01699686436775953,0.05714005851464972,-0.021745059989413333,-0.05361720221602228,-0.019988736794361594,0.045134744240509485,0.12056388719676463,-0.008496879032243016,-0.027036903521793734,-0.00600614141639662,-0.008496879032243016,0.025920889205435192,-0.006006141416396619,-0.016491825067946674,0.14791189128405055,-0.006006141416396618,-0.05270869485531603,0.1873171623163386,-0.008496879032243014,-0.030280793623973942,-0.11016623002432943,-0.07492882273816241,0.016633742939770227,-0.027036903521793727,0.05899045115774604,-0.015923532271270843,0.01816847617438441,-0.006006141416396619,-0.015831189671532592,0.1590146716118355,-0.019051939705278666,-0.050647981633365105,-0.00600614141639662,0.16863528160215782,-0.013448588493413823,-0.03089123688814483,-0.10708385451866624,-0.06300992726941605,-0.03750293003086743,0.0715640271465849,-0.012024651756097028,-0.008496879032243013,-0.018068027713308173,-0.013448588493413837,-0.01344858849341383,-0.06927476451198192,-0.010410079616072812,0.03386718481227531,0.011765391556184503,-0.012024651756097028,-0.020884762536204703,0.054073807043587385,0.03357824528250166,-0.07020007452443863,-0.057749410747434664,-0.04871865288940957,-0.019051939705278683,-0.03322888801774504,0.04042281036578824,-0.051095679602337546,-0.01202465175609704,-0.02088476253620472,-0.06534851063839392,0.11720280105025303,-0.04749356901459767,-0.02414902461795383,0.04988005060636295,-2.8023676876042892e-18,-0.010174227545444689,0.03378971170108459,-0.032181445599840985,0.07015105203014999,-0.03112022534375476,0.057653956090853095,-0.003633391409970645,-0.011171475570606052,-0.0380708507754675,0.011209159992262598,-0.014562936397513646,-0.012492170649701654,0.013146303160634313,0.017592351685962758,-0.033472176640506265,-0.0015479876160990644,0.030547964223859136,-0.01693248329025513,0.06052275326688013,0.014737255788424915,0.05560112460932987,0.036993175388653154,0.1416334406193646,0.02348277302025521
Neighborhood_NoRidge,0.0630680011339334,0.32144951198021954,0.1691174191655745,0.18526292876267467,0.2981591638785315,0.13548183860848675,0.1643530487224108,0.17567830900854692,0.13460043552923084,0.18567727360666061,0.19727699892698777,0.12780582371209512,0.29706418381303856,-0.13579305285719442,-0.09703857010967123,0.22370719944813772,0.19331499580785388,-0.005033028266546431,0.13760154757724818,0.13851663358778468,0.11786389984952937,0.03421696937645537,0.04867284154518981,0.04905267933377123,0.13303957247800968,-0.01844981542544258,-0.006295597677267975,-0.01789275129328794,-0.03457329091975725,-0.02376885368871559,-0.057518918593442055,-0.03233927817984198,-0.046092607415048635,-0.04065532498205553,-0.02740937562695789,-0.01844981542544258,-0.03167635954158751,-0.07255352391128435,-0.013387154609718968,-0.038996347354674346,1.0,-0.04010836912312498,-0.0492329834842838,-0.022435966580378337,-0.03927669853672095,-0.03488250529357341,-0.04252620122948384,-0.022435966580378292,-0.027787068439733376,-0.014810266741067621,-0.014116165112019862,-0.036691908781120955,-0.01789275129328794,0.08807290239686122,-0.07121445901841497,0.07539220340582074,-0.025036029992381255,-0.0326663849075437,-0.029610792659715432,-0.049468714667843194,-0.03137594124112618,-0.01672555747341413,-0.11930094801037902,-0.012617183401492512,-0.014810266741067613,0.18466437044497047,-0.027409375626957878,-0.036691908781120906,-0.016111580339312526,-0.06061729218663618,-0.014810266741067635,0.07279332248064263,-0.01179823231571305,-0.006295597677267979,-0.020032469141483104,-0.004450133961766882,-0.006295597677267976,-0.009212432675610064,-0.00445013396176688,-0.03549415086386954,0.04347952589508812,0.15401805101822433,-0.03683092883991493,-0.0480423521826061,-0.006295597677267978,-0.022435966580378303,0.07407806643285261,-0.03316667000822826,-0.022888262674206895,-0.02003246914148307,-0.007713146533265656,-0.011798232315713064,0.009521605329233736,-0.00445013396176688,-0.03518943857372267,0.049763459165085955,0.13668579388955798,-0.03527857371739488,-0.004450133961766882,-0.05579396140727898,-0.009964470738065638,-0.022888262674206905,0.07714374104026635,-0.05499753442095821,-0.027787068439733366,-0.029610792659715453,-0.008909432437295367,-0.006295597677267978,-0.013387154609718954,-0.009964470738065632,-0.009964470738065629,-0.05132779281662781,-0.0077131465332656544,0.06634238460279336,0.01901252672475458,-0.008909432437295361,-0.015474159631352858,-0.020032469141483104,0.03627530946876896,-0.05201338331910176,-0.042788305539659933,-0.03609714070381726,-0.014116165112019874,-0.02462029992764167,-0.07785715382305339,-0.03785835253182224,-0.008909432437295368,-0.015474159631352876,-0.028418850149323528,0.25276305064777493,-0.03518943857372265,-0.017892751293287927,-0.034573290919757145,-0.02003246914148308,-0.0326663849075437,0.007880035188607392,-0.043308885371407105,-0.004004028610458679,0.007224528793749567,-0.03266638490754367,0.0003720776008136829,0.014603020459396519,-0.03263069322235022,0.020759272865224308,0.03874846968868983,0.023580821250022165,-0.03609714070381733,0.0018384057838505261,0.017473894090393013,-0.025904316822402056,-0.01466290330905238,0.02662156499854897,0.04484315987587384,0.010919283769822047,0.04119657460294346,0.02740937562695793,0.15260460483547894,0.330423625765358
Neighborhood_NridgHt,0.008776306771658221,0.17989210325070862,0.29344495660766695,0.3011390487107768,0.29571970997977803,0.126985525092276,0.20303817586295395,0.015351969275239854,-0.047781789923311384,0.16809382733494124,0.28275246276482396,0.15120159057274718,0.27338593940353295,-0.2684591190113152,-0.24358607627757994,0.1786907457006657,0.39242146238902825,-0.05618446038394855,0.3537769495040949,0.20389105961478107,0.2779445926616287,0.053010594650003996,0.06145219718795613,0.061962906879450136,0.2364698591542089,-0.025610942888084125,-0.008739176454660776,-0.024837659397456992,-0.047992598233690904,-0.03299451730543924,-0.07984436186009507,-0.044891473839008884,-0.0639830322877811,-0.056435318305464624,-0.03804807460631944,-0.02561094288808413,-0.043971249381892195,-0.10071451200854345,-0.018583256484542336,-0.05413242365379911,-0.04010836912312498,1.0,-0.06834231666551928,-0.031144282231498278,-0.05452159058834211,-0.04842183134444938,-0.059032358092512276,-0.031144282231498198,-0.03857236543710439,-0.02055873660067669,-0.019595225759502875,-0.050933538280941326,-0.024837659397456992,0.11475555342538973,-0.09025750495141503,-0.07724535643410285,-0.03475353652562935,-0.045345544057506834,0.08577082494130736,0.10265228597558715,-0.08102574716232513,-0.02321742994958453,0.07790375249751857,-0.01751442797950682,-0.020558736600676693,0.01684786847479084,-0.03804807460631951,-0.050933538280941285,-0.02236514319475978,-0.1273740516614783,-0.020558736600676634,0.1460557662891245,-0.01637760850449416,-0.00873917645466078,-0.027807889198844065,-0.006177412841863215,-0.008739176454660777,-0.04443341760514058,-0.006177412841863213,0.05793550752763584,-0.09991954262455569,-0.006177412841863214,-0.03086079491890373,-0.06668955269119885,-0.008739176454660779,-0.031144282231498264,0.2170175879622309,-0.09563549596750033,-0.008601646376558489,-0.027807889198843996,-0.010706933960893643,-0.016377608504494177,-0.031144282231498285,-0.006177412841863213,0.059209573304065476,-0.09590558742832522,-0.019595225759502885,-0.02847330519294459,-0.00617741284186321,-0.07744987828611376,-0.013832089107550653,-0.03177213292595963,0.19606481509708001,-0.09318922722259271,0.05766080875662832,-0.04110395156761743,-0.012367547319858455,-0.008739176454660776,-0.018583256484542312,0.038622066988615505,0.038622066988615485,0.2831046658484528,-0.01070693396089364,-0.21552302598375966,-0.06432580517739314,-0.012367547319858422,-0.021480313456857743,-0.027807889198844058,-0.14519898575252033,0.2782680107656097,0.1865584946700039,-0.0048651471090098,-0.019595225759502868,-0.03417644463070334,0.023722598895281544,-0.052552726527138056,-0.012367547319858438,-0.02148031345685772,-0.07805263586797694,0.054907587822505245,-0.04884789797585387,-0.024837659397456947,-0.04799259823369093,-0.027807889198844,-0.045345544057506834,-0.0009241745293545534,0.016729405563168247,0.038381211874027224,-0.001737345038332649,-0.028810955065508854,0.04026578542121167,-0.025275249913285065,-0.050901003797958484,-0.027066896320133864,0.005503835632818198,0.017338511121726494,0.05545854528295873,0.003279604265389898,0.004757340920328481,-0.03043656517127284,0.03032433031481399,-0.011599450398136405,0.062248623090205166,0.01515750410283461,0.057186649026618235,0.03804807460631943,0.18039818092059615,0.40214859817526777
Neighborhood_OldTown,-0.06704812421841941,-0.019705087444924402,-0.16325957016629233,-0.12312363981591849,-0.14255484888375952,-0.09016404800117425,-0.12032257215655691,-0.11862086508391347,-0.018567780684970746,0.0039242826808310325,-0.12929739863510326,-0.12437303363432856,-0.10497361262898537,0.46314333456811174,0.13212988864136438,-0.22460630418257024,-0.16848187038422924,0.13554147821880516,-0.11131271082433436,-0.08927579689276732,-0.18849062812822912,-0.021438806819275825,-0.11513461823300424,-0.10956443583816089,-0.1318244587559425,-0.0314374070996318,-0.010727330466560613,-0.030488202378645923,-0.058910866930384984,-0.04050073740430455,-0.09800887532235238,-0.05510423979884037,-0.07853910893830136,-0.06927429747975666,-0.046703973999822845,-0.03143740709963185,-0.0539746651866196,-0.12362696401648135,-0.022810928980410202,-0.06644749656936684,-0.0492329834842838,-0.06834231666551928,1.0,-0.03822957567848778,-0.06692519859714485,-0.05943775014989467,-0.07246216125330562,-0.03822957567848765,-0.04734754047677821,-0.025235828871817138,0.007024362555534027,-0.0625208679336684,-0.030488202378645912,-0.4523278187286155,0.5618807428263607,0.010894800453439404,0.20626070916774944,-0.014171165652345052,-0.05045505995157851,-0.08429179836476373,0.17590793354613649,0.024103767496684653,-0.1188835980680738,0.0826662898544163,0.21189569262683483,-0.013596386072252673,-0.01408603473182888,-0.06252086793366836,-0.02745319118189718,0.02908969344279642,0.06368849169017744,-0.04608337399671493,0.0541091628353227,-0.01072733046656061,0.09817345903554042,-0.0075827681620618155,-0.01072733046656062,0.0018341549526715668,0.09038928065749781,-0.047669753991790326,-0.10123632713121059,-0.007582768162061815,0.11444144781564272,-0.07206804756538865,-0.010727330466560608,0.11983111243646312,-0.11726065354997808,0.1476710416231545,-0.00023893965695873608,0.09817345903554021,-0.013142750861940892,-0.02010349826338197,0.001285596350250066,0.09038928065749781,-0.04704884535128986,-0.09568001484277931,-0.024053120265919502,0.11187329953008905,-0.007582768162061827,-0.08641941304852878,-0.016978875717799956,0.1354256877940613,-0.11325955777256864,0.14819119121652632,0.0331454836220762,0.010186543283082643,0.03385531269219027,-0.010727330466560625,0.04268357704003999,-0.01697887571779994,0.026895741181293713,-0.07819719444398182,-0.01314275086194091,0.04493440769617043,0.04225075608507183,-0.015181152119910722,0.0020222526618477823,0.0540709205149591,0.008537084205811951,-0.07030613146576538,-0.0729087716779395,-0.06150741789393125,-0.02405312026591956,0.19292763897562926,-0.16742264878142898,0.2012361545965072,0.0338553126921903,0.03041156887624926,0.17068133943354274,-0.14063411339439405,0.21118917800541426,0.19109087906792896,-0.05891086693038492,-0.03413415652620312,-0.014171165652345052,-0.019541077922895445,0.0011960541824813352,-0.012625661700410466,0.01865954868212529,-0.0280013139494198,-0.031650088815803216,0.018109959559752937,0.008952603234484496,0.036693950374081886,-0.04269588652060531,0.03295117864206083,0.0015638211320131428,0.010588175949177702,-0.008979501991855578,0.009287429895301904,-0.01312755633850764,0.0035944135066174653,-0.1937834754086665,0.018605821315421614,-0.06416853243098403,0.014086034731828932,-0.14167862711499563,-0.1921887988609724
Neighborhood_SWISU,-0.031606189089158396,0.07180629827206293,-0.063308396755526,-0.11818766747313364,-0.06796973246536378,-0.060802365004355936,0.017958583282046196,-0.0270110148569312,0.1446256559189871,0.07491272933192775,-0.13553588544014475,-0.002665376441245585,-0.004937591163711882,0.20240517329734384,0.09934381955652094,-0.02195839413124081,-0.08182482521076688,-0.04647321286480978,-0.085863264566606,-0.008972874123180725,-0.04071678022532707,-0.013283519807066414,-0.0889918418101575,-0.07217198365588659,-0.015708927948879233,-0.014326343137141843,-0.004888552568041251,-0.01389378098285405,-0.026846275568352545,-0.018456594067140463,-0.04466363189252412,-0.025111557233954574,-0.03579106319963169,-0.03156899527795532,-0.021283471479346356,-0.01432634313714187,-0.024596798703062094,-0.0563380530045032,-0.010395170149199653,-0.03028079362397405,-0.022435966580378337,-0.031144282231498278,-0.03822957567848778,1.0,-0.030498487250727964,-0.027086381559663347,-0.033021736916271284,-0.017421602787456393,-0.021576751206621704,-0.011500221459806025,-0.010961249232686881,-0.0284913893951564,0.23966772195423297,0.003762496231823487,-0.05529826465455094,0.01580642021378875,0.09042996294272772,-0.02536555669765992,-0.022992879138554783,-0.0384126217277799,0.16093133382776867,-0.012987451093612766,-0.11015078794678537,0.27628343533943156,-0.01150022145980603,-0.007109508826277287,-0.02128347147934638,-0.02849138939515641,-0.01251069580372683,0.05701384115780404,-0.011500221459806044,-0.05184408888176551,-0.009161366694949801,-0.004888552568041253,-0.015555279019719955,-0.0034555438454198853,-0.004888552568041254,0.004175695113803908,-0.003455543845419885,-0.027561326382487535,-0.0558933601156744,-0.003455543845419885,0.0034368515925748294,-0.03730504650655178,-0.004888552568041251,-0.017421602787456424,-0.04219193059800699,0.14366264128120262,0.06206812879836287,-0.015555279019719925,-0.005989283976805371,-0.009161366694949812,-0.01742160278745642,-0.003455543845419885,-0.02732471627414308,-0.05364801914054517,-0.010961249232686874,0.005009959525748495,-0.0034555438454198857,-0.007688519448325899,-0.007737444721353531,0.022147658293688914,-0.05141697551771159,0.13331144276435514,0.044743368291625986,-0.022992879138554797,-0.0069182039663041,-0.0048885525680412555,-0.010395170149199674,-0.007737444721353524,-0.007737444721353525,-0.039856202103197846,-0.005989283976805373,0.05151508264116181,0.026434892206460784,-0.006918203966304096,-0.012015736500645888,-0.01555527901971996,0.02044959561094619,-0.04038856541218031,-0.0332252617862344,-0.02802955000186256,-0.010961249232686876,0.09252988535457542,-0.10052879179917774,0.020364973066410472,-0.006918203966304096,-0.012015736500645845,0.16882396259855714,-0.06698283705154742,0.10565556959335311,0.13824312077939813,-0.026846275568352514,-0.01555527901971994,-0.02536555669765992,0.00018514672805760552,-0.011562500101656761,-0.008231915224378257,-0.000275454727725391,-0.025365556697659847,0.0851496741925388,-0.007406746239809384,-0.007509770034171396,-0.004633742414526551,-9.857139012504089e-05,-0.0016987889421035095,-0.028029550001862573,-0.01769061657342554,-0.045915591342772864,0.036336952348768874,0.027691838419569594,5.566772348010544e-05,-0.11501880859713833,0.008478860221147319,-0.08333009301036941,0.02128347147934631,-0.023106002725346433,-0.06370549244437912
Neighborhood_Sawyer,-0.0013325997973585686,-0.1321061869171303,-0.04741745587309615,-0.08388057916204604,-0.07939209812276049,0.027947247749436455,-0.15203549366390096,-0.03933537813306774,0.018698896100216942,-0.08132349040316929,-0.09516029089356956,-0.05990190461379763,-0.10815262672039253,0.058593968370122415,0.07183682027818504,-0.09380121017045201,-0.14846515523158546,0.04285519720847895,-0.13111339436952354,-0.10334372138850097,-0.10248864144341828,0.0031177297206506313,0.017063896981919326,0.020772672482227684,-0.07644352217541045,-0.02507988494791449,-0.008557964499010754,-0.024322635944556876,-0.04699744352686321,-0.03231035661390633,-0.07818874213032298,-0.04396062276756251,-0.06265630654085942,-0.05526509884017275,-0.03725912543657786,-0.02507988494791451,-0.043059479704942935,-0.09862613745997,-0.018197921748783052,-0.05300995606142656,-0.03927669853672095,-0.05452159058834211,-0.06692519859714485,-0.030498487250727964,1.0,-0.04741777623701362,-0.057808287482189136,-0.030498487250727818,-0.03777254478910985,-0.020132439124658164,-0.019188907246573735,-0.04987740145524046,-0.02432263594455686,0.10443388592989833,-0.07928335966843628,0.043509924999262393,-0.012372903174533566,0.05668365993781979,-0.04025163699459613,-0.06724564142142134,-0.02851875249270691,-0.02273600290572525,0.10118764681101951,-0.01715125603044223,-0.02013243912465816,-0.11907980219573382,0.08194830291419732,0.025820110108845835,-0.02190138881724587,-0.051621869090656865,-0.02013243912465814,0.05903879482830432,-0.01603800917481273,0.07586519880204119,-0.02723127628681908,-0.006049320559056111,-0.008557964499010758,-0.04351206459868558,-0.006049320559056114,-0.03264358011132813,0.18911971351970613,-0.006049320559056114,-0.036228717994633314,0.053997336206721536,-0.008557964499010763,-0.030498487250727877,-0.09215933935346707,0.005013145450277821,-0.031113319092350027,-0.027231276286819057,-0.010484919397835519,-0.016038009174812764,-0.030498487250727846,-0.006049320559056114,-0.04783500812661909,0.14777293490333093,-0.01918890724657372,-0.0339596899324543,-0.00604932055905611,0.1243759278522399,-0.013545272617357466,-0.031113319092349954,-0.09552807522032657,0.0001377179081635445,-0.03777254478910989,-0.04025163699459615,-0.012111098963648578,-0.008557964499010756,-0.018197921748783052,0.03990364095383682,-0.01354527261735749,-0.06977279223597094,-0.010484919397835525,0.08096388430301475,-0.0014664976048966794,-0.012111098963648573,0.01354951187264918,-0.000367990220092136,0.051097314409495984,-0.07070475445493812,-0.05816458079960118,-0.04906889933175053,-0.019188907246573714,-0.011457436822674853,0.12847620878631466,-0.02203254025318471,-0.01211109896364856,-0.021034906543553257,-0.04501697093790666,-0.07857326802916931,-0.047835008126619144,-0.02432263594455685,0.03293763050531325,0.1070851540468153,0.05668365993781979,0.016950615698877985,-0.0066684918042941525,-0.013858815412195255,0.00015204967185483275,0.02298734743406698,0.00754980498697124,0.030164062814722285,0.02395917407069628,-0.03154121810317791,-0.015833580222592947,-0.0020712348603501127,-0.018335054190456772,0.00824518813059081,0.0024263397614059674,-0.01851977399761293,-0.04539079820131984,0.06854608676216246,0.035638237566564535,0.01484320435439761,0.015079308032713217,-0.0024766840136805153,-0.050206532585499994,-0.1283940655054437
Neighborhood_SawyerW,-0.012196855504578266,0.031078291903108558,-0.013993054002228025,0.02498291961976179,-0.03659584484633738,0.011695313363716812,0.06733095102874473,0.04435180397690197,0.01654926667963112,0.01808700883374257,0.04534681026127783,-0.0009056948763917329,0.013863689656643965,-0.11459846772468928,-0.04687088675835112,0.09557335688032115,0.05236213423102845,-0.048863984739526,0.05668125785504999,0.03420601750472214,0.019932312056041034,-0.053650617820506535,0.038668314142604514,0.03907245123247631,-0.01489192346093047,-0.02227400092296236,-0.007600517687601894,-0.021601471322658005,-0.04173946980491518,-0.028695542843757693,-0.06944115246114398,-0.039042402073702964,-0.05564645263002168,-0.049082157479194366,-0.03309065396777744,-0.022274000922962355,-0.03824207697451706,-0.08759205560048847,-0.0161619770852297,-0.04707931526362906,-0.03488250529357341,-0.04842183134444938,-0.05943775014989467,-0.027086381559663347,-0.04741777623701362,1.0,-0.051340819601336594,-0.027086381559663288,-0.03354663305842757,-0.01788006478400565,-0.017042093239600906,-0.04429722418409149,0.1454438047953544,0.06375260266640108,-0.08597543603157157,-0.021597757854793165,-0.030225373116123513,0.05439983548851831,-0.03574836971662159,0.031024362882246057,-0.059145237299417945,0.015498726699492836,-0.00931028864663932,-0.015232410094600603,-0.017880064784005646,0.05302172619238362,0.03330287071333335,-0.027433091900187,-0.019451108158694285,0.06642123393743174,-0.017880064784005643,-0.05746868830185244,-0.014243710922284911,-0.007600517687601897,-0.024184699188442203,-0.005372535479949057,-0.0076005176876018914,-0.03864402763584898,-0.0053725354799490565,-0.04285120099420358,0.09714456759048629,-0.005372535479949057,-0.07671587142887465,0.14134167228588304,-0.007600517687601894,-0.027086381559663246,-0.020466735131538346,-0.023226532899744873,-0.027632427326467954,0.005738742180308306,-0.009311888983126902,-0.014243710922284927,-0.02708638155966333,-0.0053725354799490565,-0.04248332946403029,0.08610055901274966,0.025129866302462354,-0.0752119142473298,-0.005372535479949056,0.12045444805682129,-0.012029856413112668,-0.027632427326467934,-0.017317470080731975,-0.04032490291620667,-0.011700921967747753,-0.015175795894679371,-0.010756135048252251,-0.0076005176876018914,-0.01616197708522969,-0.012029856413112676,-0.01202985641311266,-0.04939778759631948,-0.009311888983126886,0.05955490337549588,-0.001117201403636659,-0.01075613504825224,0.1354149676387546,-0.024184699188442182,0.014390944671808558,-0.0503632834294035,0.03650123738352801,-0.026461716229221565,-0.01704209323960096,-0.029723472602097695,-0.01919622215505296,-0.04570544256354896,-0.010756135048252253,0.019842567354704545,-0.056217504927955526,0.09409451176289245,-0.042483329464030384,-0.021601471322658067,-0.02393127988230378,0.035662183549058805,0.05439983548851831,-0.006123089959692412,-0.00867280038768375,-0.01833341260915622,0.02853893707884198,0.016864977353718343,-0.030609642490206763,0.015332221660667604,0.0075860219766353525,0.01632087909967571,-0.02328691982643935,-0.011690867123701943,0.02489066174330405,-0.03969489783244026,-0.010782443818346586,-0.01100707819473683,0.011058923030459218,0.0634821183747816,0.040036060152677744,0.013182578316295733,0.03454120915014147,-0.055434045607037054,0.0061556614848370045,0.014560153318488735
Neighborhood_Somerst,-0.06709621542775752,0.038666700078385956,0.04313715722387115,0.18453338050601661,0.06537187001070723,-0.05446628268162029,0.19229649752759378,0.09879544324394302,-0.05890857700115957,-0.015274727493904981,0.1675512070711166,-0.05741564020896071,0.04868767649180489,-0.2795713457253203,-0.2486608804585362,0.12185410672054488,0.25313221616424464,-0.05957139919908104,0.2104379443050095,0.2047594364770404,0.17765472986518646,0.057954621562765235,0.06515668826090935,0.06569818480103676,-0.011850986464888472,-0.027154834134293603,-0.009265995716504861,-0.026334935194276963,-0.05088571125259188,-0.034983508755827224,-0.0846575782993987,-0.047597643377254736,-0.06784008838628987,-0.05983737945915204,-0.040341707042130893,-0.027154834134293617,-0.04662194550433698,-0.10678583293318628,-0.019703501339951357,-0.05739566059827295,-0.04252620122948384,-0.059032358092512276,-0.07246216125330562,-0.033021736916271284,-0.057808287482189136,-0.051340819601336594,1.0,-0.033021736916271235,-0.04089760342635657,-0.02179806830391046,-0.020776474636195825,0.8628071099772278,-0.026334935194276973,-0.33329323839852276,-0.1048149684978281,-0.10096421192693295,-0.03684856602341892,-0.04807908607628062,0.11127619098007549,0.12235852574682535,-0.08591018044180836,-0.024617034291185086,-0.03353874399502584,-0.01857024119802396,-0.021798068303910473,0.14401150275887337,-0.0403417070421309,-0.05400393847019035,-0.023713369573987602,0.06892440442239527,-0.02179806830391046,-0.05751397018662291,-0.01736489142158265,-0.009265995716504863,-0.029484217825137396,-0.006549802630573901,-0.009265995716504865,-0.04711197437595223,-0.006549802630573901,0.10768866633717593,-0.10594294082029646,-0.006549802630573902,0.08165244529185119,-0.07070976456170662,-0.009265995716504863,-0.0330217369162712,0.1318976570760865,-0.10140064119063175,-0.03368743600996335,-0.029484217825137365,-0.011352374532457226,-0.01736489142158266,-0.03302173691627126,-0.006549802630573901,0.10940678670612701,-0.10168701443553081,0.014495214862462177,0.08549659485518339,-0.006549802630573903,-0.08211874930849054,-0.014665921793182612,-0.03368743600996342,0.13040581463133546,-0.09880690529007723,-0.04089760342635652,-0.043581799856420175,0.04254131589720337,0.06938722373754792,0.017463309973135163,-0.014665921793182627,-0.014665921793182619,0.26085177425033673,-0.01135237453245723,-0.20297133906557888,-0.022347136847984988,-0.013113093789102087,-0.022775200101867128,-0.02948421782513737,-0.16350213577531789,0.2665517853647074,-0.0015319122924641441,0.2618380281943624,-0.02077647463619582,-0.03623668559576583,0.0025794292318074966,-0.0557207354053836,-0.013113093789102094,-0.02277520010186718,-0.08275784261443428,0.06767315612265472,-0.05179257058748764,-0.02633493519427699,-0.05088571125259192,-0.029484217825137354,-0.04807908607628062,0.008691785482599867,-0.01510709499206477,-0.021261029439857644,0.03729646453498758,0.014707555848021425,0.008477430082034785,0.00684011508693101,-0.01691941372706013,0.02380532255382082,-0.0537916512264697,0.04009116371386409,-0.010178558657244706,-0.0176717127463568,0.03217173579185712,0.014996677392982393,-0.013170291847886957,-0.0206736291125511,0.06600112469459866,0.016071236096264988,0.060634002262228155,0.04034170704213087,-0.031210034814817707,0.1400579963436251
Neighborhood_StoneBr,0.0020516176133529842,0.09136496087181253,0.14012171022591843,0.09790700804253431,0.058184355143601874,-0.03538737220749386,0.085065245491374,0.004495841354349388,-0.08844270143505115,0.03267138641095355,0.11181710548811949,0.04648977645414648,0.13417596211993796,-0.11832100974094181,-0.08872496955885026,0.11253245193739693,0.17568086028701205,-0.01638412604324743,0.16875633051761013,0.068088280111195,0.12016684393969973,0.04016434335364949,0.039982955254369304,0.03466103804178114,0.09948461703034565,-0.014326343137141873,-0.004888552568041238,-0.013893780982854053,-0.026846275568352503,-0.018456594067140418,-0.04466363189252406,-0.025111557233954578,-0.0357910631996316,-0.031568995277955245,-0.02128347147934628,-0.014326343137141845,-0.024596798703062014,-0.056338053004503195,-0.010395170149199669,-0.03028079362397395,-0.022435966580378292,-0.031144282231498198,-0.03822957567848765,-0.017421602787456393,-0.030498487250727818,-0.027086381559663288,-0.033021736916271235,1.0,-0.021576751206621694,-0.011500221459805995,-0.010961249232686869,-0.028491389395156264,-0.013893780982854036,0.06838890209608525,-0.05529826465455083,-0.11240121040916358,-0.019440560688103698,-0.025365556697659806,-0.022992879138554755,0.197723916051414,-0.045324479534521483,-0.012987451093612754,0.05880012514821823,-0.009797284941114598,-0.011500221459806014,-0.0071095088262773005,-0.021283471479346325,-0.028491389395156295,-0.012510695803726813,-0.05797646932777453,-0.011500221459806021,0.06788022182234685,-0.0091613666949498,-0.004888552568041239,-0.015555279019719927,-0.0034555438454198758,-0.00488855256804124,-0.024855328058356486,-0.003455543845419875,0.1571447428824451,0.06173446801965472,-0.0034555438454198758,-0.040837883629418245,-0.0373050465065517,-0.004888552568041239,-0.017421602787456383,0.0020055357145241054,-0.05349693438887863,-0.017772812210984923,-0.015555279019719889,-0.00598928397680536,-0.00916136669494982,-0.017421602787456393,-0.003455543845419875,0.13225162676685204,0.06743581922883969,-0.010961249232686878,-0.039772943990125605,0.19834821672710057,-0.04332419689136019,-0.007737444721353507,-0.017772812210984937,-0.006997576549747723,-0.05212853160892802,0.011583308542502146,0.008234659040319626,-0.006918203966304085,-0.00488855256804124,-0.010395170149199646,-0.007737444721353525,-0.007737444721353511,0.11277345054117936,-0.005989283976805359,-0.08877676935984644,-0.0151769057681297,-0.006918203966304075,-0.01201573650064586,-0.015555279019719917,-0.06210268897517762,0.11056773667238493,0.21210701604683435,0.02393634587460636,-0.010961249232686876,-0.019117744907970125,-0.023856832680700307,-0.029397136853186633,-0.006918203966304088,-0.012015736500645814,-0.04366136963755769,-0.0015681600647519402,-0.02732471627414302,-0.013893780982854077,-0.026846275568352434,-0.0155552790197199,-0.025365556697659806,-0.026846275568352455,0.09877246818866307,-0.03156899527795528,-0.0002754547277253861,-0.02536555669765982,-0.0165839790980558,-0.025280877661498155,-0.05319420440871387,0.023264253153344582,0.014292851568135622,0.03645862421899074,-0.0020466020636280466,0.008009184617819501,-0.008006017340634271,-0.015674763758292402,-0.009859323276317288,0.032565618235861765,0.03482086302335284,0.008478860221147013,0.03198927741156356,0.021283471479346245,0.08264560849410742,0.21536272276938623
Neighborhood_Timber,0.21539983408530783,0.07279025889023248,0.1107429132210317,0.11367513616761223,0.051420555333741964,0.0588388021738315,0.09785495153975093,-0.004700669172132343,0.010947751870694291,0.061750217505337913,0.13157599602847928,0.10483911790525936,0.10683650720918038,-0.1166270102985272,-0.06715439988574613,0.11504441845033372,0.08959319551145044,-0.014407804201552205,0.08789757901304181,0.055982550856197154,0.11526851941147652,0.027595651360684544,0.047143174861693664,0.04750937192536356,0.10624228299975996,-0.017743255046164044,-0.006054499336712147,-0.017207524430655582,-0.0332492604629818,-0.022858593618896427,-0.05531615460909184,-0.03110080223146835,-0.044327429312930385,-0.039098374889243157,-0.026359696896185104,-0.01774325504616404,-0.030463270949871626,-0.06977498959044462,-0.012874475603431478,-0.037502930030867444,-0.027787068439733376,-0.03857236543710439,-0.04734754047677821,-0.021576751206621704,-0.03777254478910985,-0.03354663305842757,-0.04089760342635657,-0.021576751206621694,1.0,-0.014243087750683047,-0.013575567672668067,-0.035286743017289464,-0.017207524430655596,0.08470003270213917,-0.06848720598016632,0.06089780468113812,0.0057638218693914,-0.03141538196915644,-0.0284768077167802,-0.047574244019105295,-0.02812486332110953,-0.01608502986055989,0.03531131311413857,-0.012133991473334152,-0.01424308775068304,-0.02413163384745507,-0.026359696896185066,0.04814426071589699,-0.015494565802699738,-0.08013260615011933,-0.014243087750683052,0.09274132876719267,-0.011346403215660888,-0.006054499336712149,-0.019265298919553753,-0.0042797101245977435,-0.006054499336712149,-0.007128801490868253,-0.004279710124597742,-0.034134854842839436,0.0026586832785460398,-0.004279710124597741,-0.0327807807116896,-0.013329377947765184,0.1102556195001265,0.011583308542502125,0.08639269461686588,-0.05389879796553947,-0.022011726016077947,-0.01926529891955374,-0.007417761261689464,-0.011346403215660902,0.011583308542502177,-0.004279710124597742,-0.012171177970416086,0.019884018282241386,-0.013575567672668067,-0.031257578127963315,-0.004279710124597743,-0.01010299723479234,-0.009582867992366155,-0.02201172601607795,0.08036874580112405,-0.051970003069504764,-0.026722925457102698,0.02241197963511584,-0.00856823379563466,-0.006054499336712149,-0.012874475603431473,-0.00958286799236612,-0.009582867992366153,0.05945602095690423,-0.007417761261689456,-0.05050896543593184,0.006293428098000037,-0.008568233795634645,-0.014881555974024798,-0.019265298919553777,-0.03565919705645347,0.057603661609171346,-0.04114967010111249,-0.03471475237968327,-0.013575567672668086,0.006646296865776126,0.08968696780702276,-0.03640851624311574,-0.008568233795634657,-0.014881555974024798,-0.039646982321925296,0.012981905878967089,-0.033841811917742014,-0.017207524430655596,0.03282685606508549,-0.01926529891955375,-0.03141538196915644,0.01080148388906304,-0.041650313631336845,0.01794722205109164,0.010144789122932135,0.01500815818769417,0.003997042832137933,0.019372054177746168,0.03338258620706414,-0.04074536627241593,-0.0010601789351222077,-0.002725777465072969,-0.013543683676952481,-0.012277361143688185,0.025091989423420346,-0.00966600286399293,-0.008131236731170588,0.005896593263630378,0.04312583103982207,-0.12398685117127864,0.03961889663136358,0.026359696896185073,0.09442967135251654,0.126236307669713
Neighborhood_Veenker,0.044439838362689825,0.004009396040347118,0.05241843564279445,0.030137550950419964,-0.03394590771446125,-0.026798458344203635,-0.0318679734682749,0.05968978828374565,-0.07314566826397045,-0.02776651719382829,0.03776287310002716,0.07690222695092434,0.031169596363467597,-0.03432043575106273,-0.02435714801368741,0.052291093456378064,0.05029400550206472,0.046965542700769546,0.0402517015934604,0.0033258094564332778,0.0394177086345667,0.02284737138616226,0.022691609060054616,0.022880191815315934,0.06262943139528551,-0.009457001218333832,-0.003226995692431687,-0.009171461441647943,-0.017721567766963736,-0.01218343236012023,-0.02948303116709235,-0.016576458143047545,-0.023626135786658696,-0.02083909508150726,-0.014049490074597454,-0.009457001218333828,-0.016236659493301532,-0.03718946494593286,-0.006861983956736445,-0.019988736794361583,-0.014810266741067621,-0.02055873660067669,-0.025235828871817138,-0.011500221459806025,-0.020132439124658164,-0.01788006478400565,-0.02179806830391046,-0.011500221459805995,-0.014243087750683047,1.0,-0.0072356599556264115,-0.018807528316383205,-0.009171461441647943,0.0451443836191836,-0.036503087438555196,-0.02547024818356794,-0.012832961234597939,-0.016744126417828,-0.01517789180007702,0.06320966414215752,-0.029919265096133255,-0.008573181560681944,0.04008205830856651,-0.006467312330686572,-0.007591442374051075,-0.04048397793344639,-0.014049490074597423,0.058000839073601304,-0.008258469333413761,0.007732974814617699,-0.007591442374051075,-0.003089305366308926,-0.006047534612732173,-0.00322699569243169,-0.010268237416402017,-0.0022810484185192673,-0.003226995692431687,0.11425459630400864,-0.0022810484185192673,-0.01819358189895209,-0.036895917517173075,-0.0022810484185192673,-0.014558563153823664,0.12669299027293676,-0.0032269956924316887,-0.011500221459806007,-0.06432056640025022,-0.01256093962234352,0.04815887264632909,-0.010268237416402,-0.003953602487626554,-0.0060475346127321795,0.17166694215455885,-0.0022810484185192673,-0.01803739255869523,-0.03541373939718084,-0.0072356599556264185,-0.013713271539201365,-0.002281048418519265,0.10505775868503053,-0.00510758561736007,-0.011732059264778641,-0.06326280905013594,-0.011226750991250513,0.035505496258879825,-0.015177891800077033,-0.004566794380933164,0.21092817298712543,-0.006861983956736456,-0.005107585617360076,-0.005107585617360067,-0.02630958565210648,-0.0039536024876265586,0.010619792499776529,-0.023752706825016803,-0.004566794380933157,-0.007931740405629882,-0.010268237416402036,0.04074594423523059,-0.026661005439657923,0.0784479264811296,-0.01850266226206323,-0.007235659955626408,-0.012619866434564447,0.01580222321038222,-0.019405423727103036,-0.004566794380933162,-0.00793174040562987,-0.02882142511203901,-0.02458846774749117,-0.018037392558695242,-0.009171461441647955,0.0633865480316791,-0.01026823741640202,-0.016744126417828,-0.01772156776696375,-0.022199256321950557,0.014172503099160844,0.022343193435791317,-0.016744126417827954,-0.02437843096558372,-0.0016713942467277215,0.010578065630194531,0.02289077439920982,0.005116728809924211,0.0023133614805876026,-0.018502662262063187,0.012227095900591827,0.04779759341965807,0.013842467459196945,-0.047821596587779666,-0.03215360041756447,0.02298569431731344,0.0055970034134938795,0.021116528660441555,0.014049490074597496,0.06661315923456446,0.06347063934055396
MSZoning_C (all),-0.008452226662878278,-0.051231687022759854,-0.05435235140508397,-0.016777655062215614,-0.047398218736233094,-0.000617363749083461,-0.085208053559648,-0.0467296970899946,-0.05768267894921708,-0.03157620986705002,-0.05192692368541802,-0.06610871515477781,-0.06637595332212493,0.1308635946761846,0.10927257490795626,-0.10689589845106261,-0.10066571832447475,-0.043438308344171464,-0.08906693148726966,-0.06452016469609845,-0.039114551317311765,-0.013161681814479742,-0.04893517367841298,-0.05779089015965058,-0.06714049001933607,-0.009013787057082367,-0.003075758513101476,-0.008741629458288408,-0.01689102438301363,-0.011612440601740612,-0.028101272126547866,-0.01579958175033361,-0.0225188674555522,-0.019862444890336308,0.46217195020913665,-0.00901378705708237,-0.01547570818826228,-0.03544653427130764,-0.006540388517157795,-0.019051939705278655,-0.014116165112019862,-0.019595225759502875,0.007024362555534027,-0.010961249232686881,-0.019188907246573735,-0.017042093239600906,-0.020776474636195825,-0.010961249232686869,-0.013575567672668067,-0.0072356599556264115,1.0,-0.017926090036371276,-0.00874162945828841,-0.16027818690942727,-0.03479232470218146,0.014426411513660744,0.04537502506255134,-0.015959392042222874,-0.0144665609639664,-0.024168288393205433,0.07962556107493116,-0.008171388710395789,-0.016154294758804314,-0.006164213669280098,0.08880128127359688,-0.036946572933639246,-0.013391043193216956,-0.017926090036371276,-0.007871425864313457,-0.036477386018152265,0.08880128127359695,0.02178424545571184,-0.005764109357818919,-0.0030757585131014767,0.061658123049043854,-0.0021741442384047476,-0.003075758513101476,0.030025667669549054,-0.0021741442384047476,-0.01734091698379157,-0.035166744309045074,-0.0021741442384047476,0.081089382263439,0.008258465749227782,-0.003075758513101476,-0.010961249232686848,-0.06130610280548629,0.014051803619480756,-0.011182221669673937,0.061658123049043785,-0.003768311974278843,-0.005764109357818925,0.05305244628620455,-0.0021741442384047476,-0.017192047651837575,-0.03375403031590572,-0.006896551724137934,0.0829850371354726,-0.002174144238404748,0.0007678459764537501,-0.004868212244854883,-0.011182221669673923,-0.06029791857331022,0.015816297153164217,-0.013575567672668062,0.08377148093087544,-0.0043527658644485585,-0.0030757585131014767,0.20565888337285057,-0.004868212244854885,-0.004868212244854889,-0.025076554095013557,-0.003768311974278841,-0.06566376709256595,0.14099257070803833,-0.004352765864448551,0.0844201060317196,-0.009787003658578399,-0.09101339511051147,-0.025411504155767824,-0.020904527539934516,-0.017635511910057213,-0.006896551724137932,0.04650989317521762,-0.0287930349738778,0.059776812263639206,-0.004352765864448553,-0.007560009495377877,0.0839381676977745,-0.04214397378885822,0.024641934967633873,-0.008741629458288434,-0.016891024383013615,-0.009787003658578361,-0.015959392042222874,0.025627761132848325,0.04826122108849708,0.05355317419799529,-0.017042093239600906,-0.015959392042222853,-0.023235905382305733,0.0009628398335269898,-0.03346850111163245,-0.01607999394701332,-0.01364411927318657,0.004933092608855121,0.023234087119599213,-0.0030456608926678055,-0.024913677433270835,-0.00168105350340693,-0.006203246682627635,0.04605758467373655,-0.18011044715114508,-0.2542870265814181,-0.052429270097197375,0.013391043193216916,-0.0710936285248035,-0.11125658290808599
MSZoning_FV,-0.08389514543324927,0.024275256955015055,-0.03268929315912035,0.11485939513158798,0.037265598924617754,-0.09020683453943282,0.17047236923265582,0.1460777005651381,-0.06645276267633357,-0.04426449837067136,0.1028508970630633,-0.07650260507056052,-0.001363080081177462,-0.23705706995728118,-0.20854643948217044,0.13031836891055198,0.20979448739033496,-0.05139862678025864,0.1588707875028567,0.17159528450783104,0.1445741878796046,0.04743477928923604,0.056217653894082384,0.05668486095893241,-0.052064817149812946,-0.023429383961320917,-0.00799476698521895,-0.022721969326411687,-0.04390455346498461,-0.03018402008647823,-0.07304316047017488,-0.041067585124056,-0.05853291060117453,-0.05162811643976165,-0.0348071116645689,-0.023429383961320917,-0.04022574606211259,-0.09213557589959352,-0.01700032104755588,-0.04952138404602976,-0.036691908781120955,-0.050933538280941326,-0.0625208679336684,-0.0284913893951564,-0.04987740145524046,-0.04429722418409149,0.8628071099772278,-0.028491389395156264,-0.035286743017289464,-0.018807528316383205,-0.017926090036371276,1.0,-0.022721969326411743,-0.416608375363687,-0.09043510005196555,-0.14618824043232825,-0.03179320475747115,-0.04148297730782203,0.13917702853557523,0.1599753844114399,-0.07412391450461871,-0.021239752212987704,-0.09512483366721099,-0.016022536139647128,-0.018807528316383212,0.19614579293933387,-0.03480711166456891,-0.04659498207885314,-0.020460063869954227,0.08198956111874188,-0.018807528316383198,-0.07307172126348317,-0.014982551782524063,-0.007994766985218955,-0.025439192771645854,-0.005651216278606728,-0.007994766985218954,-0.04064854645663654,-0.005651216278606727,0.087703792484882,-0.0914083225916486,-0.005651216278606728,0.12258605370612373,-0.061008887608656276,-0.007994766985218954,-0.028491389395156295,0.07695067044537741,-0.08748919417552681,-0.02906575930629936,-0.02543919277164588,-0.00979490946172851,-0.014982551782524094,-0.02849138939515639,-0.005651216278606727,0.08914483220070281,-0.08773627904733305,-0.017926090036371287,0.12650120718735244,-0.005651216278606723,-0.070852640765803,-0.012653861597527943,-0.029065759306299316,0.08075779375177564,-0.0852513003991255,-0.035286743017289415,-0.037602686781723876,0.05221878717708681,0.08179261607954746,-0.017000321047555864,-0.012653861597527905,-0.012653861597527924,0.19883100797719558,-0.009794909461728509,-0.15106896487390212,-0.006498659899025429,-0.011314070555035527,-0.019650604579045095,-0.02543919277164591,-0.12406417488568384,0.19506588964994334,0.015806190986822025,0.31371361074259896,-0.01792609003637132,-0.03126526997403615,-0.07484124791750761,-0.048076246680924736,-0.011314070555035537,-0.01965060457904503,-0.07140405501411028,0.09618576566882744,-0.04468699814688172,-0.022721969326411736,-0.043904553464984494,-0.02543919277164589,-0.04148297730782203,-0.009898904627383787,-0.013357304035924828,-0.007590891511591059,0.023159304951526283,-0.005645612296330784,0.016392136415225623,0.019366995567806203,-0.010365813752889173,0.02400817266751024,-0.04904328334347003,0.03082332699109072,-0.01315302382239261,-0.007916534750421584,0.0028037171326088604,0.0038093372343099862,-0.00037748480912665303,0.0021359223936724954,0.056946239652993315,0.013866376769979994,0.05231544825822575,0.034807111664568846,-0.06173416880402503,0.08994971967036074
MSZoning_RH,-0.03309189651429297,-0.0010698036471009137,-0.05512827644164865,-0.07318826700193785,-0.026395758815253315,-0.04326757657204207,-0.012436858615918787,-0.06708371515438673,0.06564426141893895,0.027189246876081045,-0.09047735415530345,-0.07971171689105772,-0.033492322726742046,0.08794461634498174,0.06434323883071255,-0.049186176411649817,-0.08404979618368585,-0.02506445906866799,-0.08116745715739179,-0.03651234926289887,-0.06294423519189393,-0.05283790114349514,-0.09137511867704441,-0.09146908164742307,-0.0965864065044182,-0.0114253020379949,-0.00389863547758285,-0.0110803324099723,-0.021409986067446873,-0.014719189662786042,-0.035619381694337544,0.051637066606167986,0.023548372065840945,-0.025176369338214176,-0.016973632959980525,-0.011425302037994897,-0.019616021455026406,-0.008486733934049157,-0.008290179674884513,-0.024149024617953877,-0.01789275129328794,-0.024837659397456992,-0.030488202378645912,0.23966772195423297,-0.02432263594455686,0.1454438047953544,-0.026334935194276973,-0.013893780982854036,-0.017207524430655596,-0.009171461441647943,-0.00874162945828841,-0.022721969326411743,1.0,-0.2031584154302335,-0.04410053352814415,-0.07756960047187762,0.07576908911174021,0.08626547619117049,-0.018336890744996438,0.018407381383989282,-0.014728488364006732,0.05715137960311788,-0.02573939145458988,0.08130782339980061,-0.009171461441647932,0.01605414693368174,0.024887015894025463,-0.02272196932641174,-0.009977317791061306,0.023816113006324094,0.0669099800629316,-0.03537828661607176,-0.007306217683650352,-0.0038986354775828514,-0.012405382126079815,-0.0027558066815460192,-0.0038986354775828506,-0.019822199398808145,-0.002755806681546019,-0.02198024125719071,-0.026253141702012164,-0.002755806681546019,0.06600327968410549,-0.004614142284257587,-0.00389863547758285,-0.013893780982854055,-0.02263331329144901,0.032929955255285755,-0.014173871561726248,0.044194173824159286,-0.004776472109544654,-0.007306217683650366,-0.013893780982854065,-0.002755806681546019,-0.021791543979232254,-0.023924159336259555,-0.008741629458288415,0.06798393916619272,-0.0027558066815460184,-0.012348396442926516,-0.006170635597479468,0.03557096613087068,-0.03491658966906074,0.01619645581252791,-0.017207524430655558,0.02057569717316466,-0.005517288614325886,-0.0038986354775828506,-0.008290179674884508,-0.006170635597479475,-0.006170635597479465,-0.03178544187845332,-0.004776472109544655,0.02165927177082252,0.10093459994979127,-0.005517288614325888,-0.009582586247911652,-0.012405382126079806,-0.036497100840454724,-0.03221000322958449,0.029086058372621924,-0.022353651011618108,-0.008741629458288437,0.07750283559131929,-0.039225953676337105,0.007559939146297827,-0.0055172886143258935,0.06328499667891666,-0.012755270350286632,-0.05341901540049259,0.077632375426015,-0.01108033240997233,-0.021409986067446804,-0.01240538212607977,0.08626547619117049,-0.02140998606744684,0.028175671477340375,0.032984230715255344,-0.021601471322657963,-0.020229108283837036,0.02125570749731396,-0.03441625043515405,-0.02344677100326472,-0.030811070550116,0.025745096650818543,0.03953640004143684,0.010023660969495425,-0.0070629339769523,0.037704968697922635,-0.005371382313919926,0.004615145317757141,-0.038845780802849096,-0.1322716740022358,0.006761916703879384,-0.08944788832056629,-0.024887015894025612,-0.09802036815625094,-0.06542929310102465
MSZoning_RL,0.2040649016467954,0.1329355659007243,0.2573726785202629,0.16959264041423058,0.09246913432973548,0.3230905252935189,0.12363419912162527,0.05773410550763065,0.1392635398315236,0.14551272337423035,0.17516669441350935,0.22746458092564145,0.22805013853658104,-0.26708687824151284,-0.07341969310888458,0.2126747820096538,0.10903537659965036,-0.015191838870371925,0.12154788924120558,0.06270463721121751,0.08053293569499011,0.017127793123834407,0.12686102093971569,0.12466298563520621,0.22097299935805972,0.04060769279815779,-0.07148166468841541,-0.20315841543023336,-0.15216886573600497,0.07245178414891082,0.12010070333906493,0.05291289686205353,0.07411416989013483,0.12392481642907849,-0.3112123579560233,-0.20948344977103972,0.050002648169794536,0.21186791527056809,0.040806479304970875,0.11886795123309499,0.08807290239686122,0.11475555342538973,-0.4523278187286155,0.003762496231823487,0.10443388592989833,0.06375260266640108,-0.33329323839852276,0.06838890209608525,0.08470003270213917,0.0451443836191836,-0.16027818690942727,-0.416608375363687,-0.2031584154302335,1.0,-0.8085853546363103,0.28595990764257406,-0.0981594451214274,0.018144757637742877,-0.23702942119349854,-0.20544477005333722,-0.14961085931466303,-0.08666795710126526,0.19670390819000888,-0.052399468230481576,-0.1293767110427971,-0.09404892146429861,-0.023143436674260397,0.08745351246523714,0.049111023877263925,-0.1157075712725592,-0.051811780081916954,0.12053765719677306,-0.012586273096410245,0.019190125446325368,-0.11204691644268941,0.013564816774682836,0.019190125446325278,0.042248827202382606,0.013564816774682886,-0.15997859378838516,0.14002391167267558,0.013564816774682884,-0.16141956941346006,0.13362837773388198,0.01919012544632531,-0.035013347286733464,0.07719186005623316,-0.08381794595467663,0.03173148461557975,-0.12647270991767384,0.023511071886583683,0.03596315549212073,0.016687777404675884,0.013564816774682886,-0.16303635010315465,0.13368433294515417,0.022697953489345488,-0.16455170164131047,0.013564816774682784,0.1587522768824759,0.030373517062592597,-0.057019411052517066,0.07642236105006296,-0.07512206872604801,-0.010084367715686441,0.0009985763595977263,-0.03700108868152431,-0.026145769621045097,-0.04488565990431718,0.001671034919301131,-0.027031447223990146,0.004972009439293967,0.02351107188658375,0.015608354181624515,-0.06359455269844644,0.027157568652235124,-0.008548254972450292,-0.025492155592781257,0.0460979022695648,0.002729663448773458,-0.06790834809277095,-0.31908151590366884,-0.16027818690942736,-0.09042897860119048,0.297224348583438,-0.16907995019096497,-0.03700108868152426,-0.10140876285769868,-0.14353683936493836,0.1549093771066617,-0.1461425906176606,-0.10652137594452289,0.10538567167944507,0.06106260525712689,0.018144757637742877,0.0023638567132650765,0.026886541454617364,-0.024311824418453018,-0.00436837429303215,0.045287530333546724,0.009268245116266574,-0.006574984781912716,-0.04267995090751523,-0.03745328642065798,0.05724646186098832,-0.019265499012690035,0.019256916810157107,-0.006300570527265293,0.010558401049826565,-0.03163476029390198,0.014055500666422993,0.015682169170187284,0.20323077250506824,0.045348049940267504,0.1015022819420561,-0.03020265985939948,0.23499117968831892,0.24506340389709286
MSZoning_RM,-0.17370875869418897,-0.15423907751126686,-0.24737923691237051,-0.23557978487072292,-0.10886648824029035,-0.30531376534251536,-0.21699996740132993,-0.12029505306837752,-0.12698254267964593,-0.14179337799027758,-0.22183440657690184,-0.17784448401023523,-0.23543852482153513,0.3873233393810335,0.1607503503632661,-0.2800594717067587,-0.1985274163952736,0.06453012406085992,-0.18692468369189275,-0.14557227291639646,-0.14852650764221514,-0.02860038873790514,-0.1399139475478934,-0.13558831184683318,-0.1793784517528128,-0.027558976277424506,0.08840336308164656,0.251251663495206,0.209973577066935,-0.05858345158008047,-0.07847083118294348,-0.04830603340119421,-0.05273780057152884,-0.10020379164054617,0.2748316953912215,0.25907400940407016,-0.02471855115946099,-0.1788237628404789,-0.03299552154026916,-0.0961148845027034,-0.07121445901841497,-0.09025750495141503,0.5618807428263607,-0.05529826465455094,-0.07928335966843628,-0.08597543603157157,-0.1048149684978281,-0.05529826465455083,-0.06848720598016632,-0.036503087438555196,-0.03479232470218146,-0.09043510005196555,-0.04410053352814415,-0.8085853546363103,1.0,-0.22382253896751614,0.09826683799825411,-0.01829590155305545,0.19982507851946715,0.14310099417601232,0.20024247274148396,0.09681904345382823,-0.15913897306860825,0.04700326857453353,0.14129343519794393,-0.0018587085012993557,0.04249698367815738,-0.06248127237182372,-0.03971045465834969,0.08665100972520613,0.030170608550131994,-0.09056987835445021,0.026563903989113617,-0.015516854389532177,0.13249533060187077,-0.01096831218233347,-0.015516854389532172,-0.026056669085266743,-0.010968312182333465,0.14303313971725956,-0.09177810548397874,-0.010968312182333469,0.076018463877684,-0.11841070881003664,-0.015516854389532174,0.063212511706028,-0.11220335593154301,0.13382389995662697,-0.012819337119579992,0.1324953306018707,-0.01901070839929304,-0.029079280837437216,-0.010856723519333844,-0.010968312182333465,0.14561417299905333,-0.08764450019629047,-0.01149104302090393,0.07632527121670621,-0.010968312182333463,-0.13751621678398315,-0.024559581065608366,0.07436807993594885,-0.11016978676294449,0.12704213993300514,0.040146532139025456,-0.00478035526419984,0.014807358739082293,-0.015516854389532174,0.016110963117012086,0.008336738526857922,0.04123305811932417,-0.10567417110587621,-0.019010708399293013,0.07840360099362123,0.014534786972688153,-0.021959212279727452,0.004432100859884785,0.049827303816088145,0.050686089139463854,-0.10072377244963235,0.06502481868002391,0.19476823587143072,0.19822049211059306,0.08833224280765914,-0.27922056185701316,0.20556498388024216,0.051573929757892205,0.11086083861369786,0.1901325482960734,-0.20784933985882348,0.16497634900803498,0.1404945896114499,-0.08521331070850952,-0.04937432832685103,-0.01829590155305545,0.003342755624123738,-0.04248415863803928,0.010228676443158722,0.0018582779674060671,-0.03903504461785435,-0.02094056422056778,0.006158671564166629,0.06950914646177205,0.04175374154977682,-0.04159260904996781,-0.008447845151424006,-0.022763772395802805,0.014570494068520162,-0.018972407976879702,0.03601066301457212,-0.015803376020345924,-0.018520664609249143,-0.18556134751367528,-0.0031274956533018346,-0.1083461072423372,0.018643729930543734,-0.1885155107791719,-0.2880651218971258
BldgType_1Fam,0.1635535136266359,0.103133771058924,0.08564058420612701,0.09603122879880503,-0.021888763536830107,0.3706396690302616,-0.0784672943434514,0.03268256033452043,0.1698380863896956,0.1185989113480967,0.039851438454292065,0.13226607799232798,0.11074526361745946,0.11895744134362116,0.025973938377562844,-0.08109391695469108,-0.012832442842311071,0.08981232138937827,0.03284978676814547,0.05365774425263623,0.01931159219159641,0.09702099837427616,0.09843834525694962,0.10593061622768114,0.1206888484152091,-0.22749081528376944,-0.08350462505227571,-0.23732893435909955,0.07128844561178099,0.062020207112692585,0.08921686527571593,0.023991263635828097,-0.018742029271191115,0.09791339910794258,0.03624296048186212,-0.24471781685608843,-0.050744632833437976,0.08694435835985595,-0.17756683058669434,0.08479449518438621,0.07539220340582074,-0.07724535643410285,0.010894800453439404,0.01580642021378875,0.043509924999262393,-0.021597757854793165,-0.10096421192693295,-0.11240121040916358,0.06089780468113812,-0.02547024818356794,0.014426411513660744,-0.14618824043232825,-0.07756960047187762,0.28595990764257406,-0.22382253896751614,1.0,-0.3320771759066049,-0.4332859822614192,-0.39275669528222507,-0.6561515970234121,0.08010853240704663,0.024678564860187092,0.0012658088502399078,0.007887583935522455,-0.004098660627240831,-0.039542154006456026,-0.12838062001797385,0.050938807539392415,0.022367456949581647,-0.06904467851207205,0.03864451448541331,0.06059698267488141,0.004031394671762691,-0.0335387428488648,0.00457369826803154,-0.05902644783854795,0.016427139354546073,0.022550953814928207,0.011611760230534071,-0.14752622690403577,0.023124986805543125,0.01161176023053408,-0.09730271864225398,-0.10059527338057624,0.016427139354546153,0.030051712505227826,0.06055795084102024,0.11606331428657272,0.031775419867836704,0.004573698268031566,-0.02068501214831801,-0.10298380934230271,-0.012684164369089635,0.011611760230534071,-0.15022773067670533,0.016038953376030514,-0.03038754765643439,-0.09834794379484231,0.011611760230533993,-0.022811499984132604,-0.03726716977685462,0.04574894788200583,0.07715580922421657,0.11025863263989905,-0.008745115554732674,-0.02111273123705447,-0.01210803827068723,-0.03353874284886481,-0.05951238037878288,-0.005633409384873563,-0.0056334093848734255,0.013722326438164414,-0.020685012148317927,0.023320190378626406,0.004389617925674575,-0.047463510021093995,-0.1029047968826889,-0.027224394452568412,0.023750234692787198,0.016829133840145814,-0.5441224779525707,-0.4787914276694348,-0.18723640475176787,-0.3265629443818703,0.3339757270766469,0.09878401776202078,0.023247433479719474,0.04037681403571428,0.14671651648698336,0.22508429300771662,0.09182000516742617,0.04668765921818352,0.09021228753781735,0.05227083734893171,-0.4332859822614192,-0.004406922092364685,-0.002856896407372245,-0.00011190102755178705,0.03471068226663174,0.015435471625327924,-0.011219668750973405,-0.03016860083476066,-0.018473750641892137,-0.01665443527030258,0.06279610225755293,-0.03302506562784908,0.012334205396636468,-0.019716839670282156,0.02247962787236749,-0.004676167013844811,0.015604973261033979,-0.018394410502010242,0.08529377867941784,0.058170656579942616,0.11048041709771328,0.11662179283941446,0.12428475563849449,0.1374832486951528
BldgType_2fmCon,0.07776661378523905,0.012894387560424953,-0.07109447591501135,-0.08583754850513627,-0.07170420277114334,-0.02131221809732009,-0.004461292390155296,-0.09327468592749318,0.08820992880529216,0.06417815461677068,-0.10672381562675115,-0.04426045346436283,-0.032995071211174634,0.20519746217520596,0.09798937275241187,-0.012279119525456067,-0.13467432476707702,-0.08922581060291915,-0.13505311548106225,-0.07183159287435759,-0.10798065970861179,-0.06319602717699739,-0.14835531334205948,-0.16372233806985648,-0.05999010076170587,-0.01598659701946218,-0.005455078045081893,-0.015503906022864323,0.018694243360569632,-0.020595495227125716,-0.049839619060934155,-0.002144607519529686,0.0353007674606442,-0.014226201159165688,0.03671203529453981,-0.015986597019462166,-0.0010660891010215241,-0.04970771705716458,-0.011599847534934272,-0.03378997979190854,-0.025036029992381255,-0.03475353652562935,0.20626070916774944,0.09042996294272772,-0.012372903174533566,-0.030225373116123513,-0.03684856602341892,-0.019440560688103698,0.0057638218693914,-0.012832961234597939,0.04537502506255134,-0.03179320475747115,0.07576908911174021,-0.0981594451214274,0.09826683799825411,-0.3320771759066049,1.0,-0.028305124986745783,-0.02565748213529151,-0.04286419068317567,0.07316403752479252,0.03426117357729613,-0.07996449692865412,0.053429038263415315,0.09705632558366015,0.01601246591979744,-0.02374997432760126,-0.008756937290519344,-0.01396053761470629,-0.014104589819276283,-0.012832961234597935,0.023073318804196694,-0.010223060839578907,-0.005455078045081899,0.023517225356854098,-0.0038560005446603633,-0.005455078045081898,-0.02773576687726533,-0.003856000544660362,-0.030755358431726235,-0.02267532573419921,-0.003856000544660364,0.08405292415709052,-0.005321653383772521,-0.005455078045081898,-0.01944056068810374,-0.05901359705099006,0.06313667643570149,-0.019832471133752055,0.06439240276281512,-0.0066833712173259745,-0.010223060839578895,-0.019440560688103743,-0.003856000544660362,-0.030491328007728614,-0.0053829227040295535,-0.012231528495122561,0.08672904540086816,-0.003856000544660362,-0.032310511237670536,-0.008634123135020828,-0.019832471133752094,-0.07696258766051756,0.06698982877500002,0.005763821869391381,-0.025657482135291527,-0.007719942057021897,-0.005455078045081894,0.17050528580919483,-0.008634123135020846,-0.008634123135020827,-0.027305949458257088,-0.006683371217325968,0.001373953751418192,-0.002705920785731394,-0.007719942057021906,-0.013408218377086197,-0.0173579520491067,0.03173421554055174,-0.028088240460342542,-0.03707567702085854,-0.03127784363582108,-0.012231528495122575,0.9833947289220359,-0.10232205524945448,-0.032803917643119664,-0.007719942057021906,-0.013408218377086195,-0.04872120645385217,-0.074745356362937,-0.030491328007728632,-0.015503906022864384,-0.0299574416776329,-0.017357952049106676,-0.028305124986745783,0.06734592839877215,-0.03752675470346373,0.00677506647721648,-0.030225373116123472,-0.002668969601727895,0.032030348711031824,0.016184261252900272,-0.004542955648169617,-0.02977430511984829,-0.02549392117588452,0.024201397065070223,0.015486776649175091,0.026976807284696556,-0.02257989939580241,0.01808116565715031,-0.03578318587590933,0.018785974244043446,-0.2500913662547732,-0.06480591371615586,-0.1511022054409682,-0.03671203529453982,-0.060424472100832356,-0.09734830194128398
BldgType_Duplex,-0.015346054256382614,0.018966669092227342,-0.04336812396874864,-0.041671522252836664,0.008384946807628132,0.012937846895460691,0.08466371552603305,-0.04344442489528578,0.16289762061413768,0.1389131917226585,-0.02419287231909668,-0.14266049961118485,-0.009657430405723418,0.025971148020746793,0.13587363160116808,0.06612542712056753,-0.13896325641282478,-0.035228549908129785,-0.15375529995259768,-0.19091941355526484,-0.24817955242800355,-0.25814283529883575,-0.14228849237938127,-0.1423935796915073,-0.17149751080358022,-0.020858911407218364,-0.007117649210979692,-0.020229108283837005,-0.03908771961787283,-0.02687248635887972,-0.06502948671915135,0.003694802341748214,0.06493854481772773,-0.04596391901367903,-0.007473287142415056,-0.020858911407218354,0.12835162064502623,0.091982688254626,-0.015135190545797237,-0.010174227545444689,-0.0326663849075437,-0.045345544057506834,-0.014171165652345052,-0.02536555669765992,0.05668365993781979,0.05439983548851831,-0.04807908607628062,-0.025365556697659806,-0.03141538196915644,-0.016744126417828,-0.015959392042222874,-0.04148297730782203,0.08626547619117049,0.018144757637742877,-0.01829590155305545,-0.4332859822614192,-0.028305124986745783,1.0,-0.03347724009936539,-0.05592812247121715,-0.017865876590804648,-0.018909507413997113,0.02322758562435778,-0.014264679874110156,-0.016744126417827968,-0.05499003222238023,0.18064738920113657,-0.0235642948020764,0.021125506084865995,0.03900873722829919,-0.016744126417827986,-0.05760548861159722,0.04016296139288873,0.09280319548162001,0.04094101507326389,0.13622976568610745,-0.007117649210979693,0.024775500955622344,-0.00503121293727101,-0.04012882141481581,0.0009587361421462016,-0.005031212937271012,0.032690140966003325,0.14337128692011225,-0.007117649210979691,0.03160938603862223,-0.08772791635413316,-0.046042142912076124,0.00206709057413453,0.009146396984452543,0.07289272548045175,-0.013338793747273278,0.03160938603862231,-0.00503121293727101,-0.0397843211302167,-0.003947618651632783,0.028849670230172163,0.024849108333025102,-0.005031212937271013,0.1364781652233707,0.11525562724300796,0.0020670905741345114,-0.08512300095925882,-0.043446637866687,-0.008203611890731159,0.032099822349302067,-0.010072787050317233,-0.0071176492109796975,-0.015135190545797279,0.05199501980887566,-0.011265587625256436,-0.05802995089119795,0.07289272548045178,0.020447778493469845,-0.008698474015381527,0.13133364654067523,0.2690372010550817,0.07273563316207496,-0.054593184501501274,-0.05880506279464897,-0.04837541481775272,-0.04081054702349465,-0.015959392042222863,-0.027835110713445195,-0.1463682072906214,-0.04280173016774658,-0.010072787050317241,-0.01749470753005112,-0.06357020996003626,-0.09752586898746528,-0.03978432113021672,-0.02022910828383702,-0.03908771961787268,-0.022648221104358716,1.0,-0.0012441714467227557,-0.002623825514441704,0.03571490493954811,-0.02066988078108154,-0.03693181818181824,-0.025285394461226428,-0.012785975555797939,-0.013492395535899948,0.019421363516382715,-0.0033671592665020767,0.03545461690641283,0.01375300485773447,0.007343720228658188,0.01134158086796107,-0.03483675461026025,0.008425764762664436,0.008728596853827772,-0.12910691789581108,-0.10319217336842013,-0.14715843157727726,-0.29822281191585615,-0.17340163929964594,-0.11465483002228453
BldgType_Twnhs,-0.14186293626488647,-0.07927229131905879,-0.11951970906005518,-0.09595039149689855,0.05125844295194703,-0.33302195268927653,0.012520392317320128,0.101025275189684,-0.10559819879576647,-0.10288710446897302,-0.0758453230859576,-0.09655487341180762,-0.11365956630629943,-0.08635083065515954,-0.03413350501069164,0.025507827347724048,0.006892428390624299,-0.00684732355540541,-4.181824387635818e-06,-0.026371554873588412,0.03728563542696539,0.022777111080765706,-0.0406882332435017,-0.04054431514053391,-0.09752605817862318,-0.018907782496736605,0.10307985998899173,0.44861416427293654,-0.03543147992720302,-0.024358851586300367,-0.05894667112563866,-0.03314201382647403,0.0008788229300159502,-0.041664484135423695,-0.02808973969523826,0.2454390535041503,-0.009968356948151435,-0.07435447010459363,0.14155499421063086,-0.03996432684809289,-0.029610792659715432,0.08577082494130736,-0.05045505995157851,-0.022992879138554783,-0.04025163699459613,-0.03574836971662159,0.11127619098007549,-0.022992879138554755,-0.0284768077167802,-0.01517789180007702,-0.0144665609639664,0.13917702853557523,-0.018336890744996438,-0.23702942119349854,0.19982507851946715,-0.39275669528222507,-0.02565748213529151,-0.03347724009936539,1.0,-0.050696642528079226,-0.059818852069425825,-0.01714072447618511,-0.13273619630767688,-0.012930371062025589,-0.015177891800077009,0.1750810736941537,0.07501779004718262,-0.017960496190912813,-0.01651150701021776,0.07250129847597492,-0.015177891800077023,-0.0655652936238202,-0.012091091717039244,-0.006451868965832089,-0.020529721336801074,-0.004560596574554111,-0.0064518689658320865,-0.03280384479930854,-0.00456059657455411,0.1458474855788923,0.039055236776243486,-0.00456059657455411,0.03986775521754229,-0.0027988817504563416,-0.006451868965832089,-0.02299287913855475,-0.035336368144333226,-0.07060478657981577,-0.02345640226705406,-0.020529721336801074,-0.007904604661536694,0.16385236914884746,-0.022992879138554793,-0.00456059657455411,0.14760637756052267,0.03371968861167938,0.03465245998345444,0.042349454390901126,-0.004560596574554108,-0.057178896514345025,-0.010211811937729565,-0.023456402267053977,-0.058316178697495086,-0.0687987805471835,0.047856373311063814,0.04153878977860206,-0.009130585147287984,-0.0064518689658320865,-0.013719454735665973,-0.010211811937729609,0.059133515639410675,-0.05260186729434871,-0.007904604661536694,0.020145238523246,0.03233417290545627,-0.00913058514728796,-0.015858264046692164,0.014323061397768191,0.018121029153047735,-0.05330447573804778,0.041717083642655174,0.6209360500004881,0.23112854377313818,-0.025231432689256983,-0.1326770210515691,-0.038798084362911885,-0.00913058514728798,-0.015858264046692154,-0.05762389415874754,-0.08840336308164638,-0.03606292179035508,-0.01833689074499647,-0.03543147992720297,-0.02052972133680107,-0.03347724009936538,-0.014689715414886818,-0.027451455388204486,0.012056575774248316,-0.015175795894679295,-0.011618219283142899,-0.017515900911773175,0.02533552099313475,0.03495856308582436,-0.015534522489413938,0.0011950464063438984,0.020595546210940167,-0.017055906543744555,0.01727524655373113,-0.03577655929047837,-0.009512712546604867,0.02924795641348085,-0.0019221743473760268,0.04595627077277753,0.011190325636278635,-0.0462677483198476,0.02808973969523828,-0.09476224095755938,-0.0987301986104888
BldgType_TwnhsE,-0.16771726367656006,-0.11254229653877561,0.025170443707623967,0.0027144864013456593,0.03067112239235876,-0.29962304690788166,0.04441743301951032,-0.028681066085381755,-0.3279859383334366,-0.2294340419816047,0.06679919580067493,0.0004612483926699332,-0.056958321754012886,-0.23810421830580478,-0.1608769970526127,0.05686784037401352,0.18173493312735203,-0.04747324337445194,0.13339799061077431,0.11297208123862565,0.17927950109416643,0.06389565382934279,0.0676594049486236,0.06554849403232761,0.04543683253329747,0.34916237035924386,0.058242766076834214,0.06744894492527434,-0.05919293653907424,-0.040694657944716175,-0.014397390219400778,-0.013656317683748543,-0.038488446469968476,-0.06960598796405075,-0.046927596098033125,0.20638100707164353,-0.011708757334910795,-0.1100778002615104,0.17277235427558466,-0.06676565212083488,-0.049468714667843194,0.10265228597558715,-0.08429179836476373,-0.0384126217277799,-0.06724564142142134,0.031024362882246057,0.12235852574682535,0.197723916051414,-0.047574244019105295,0.06320966414215752,-0.024168288393205433,0.1599753844114399,0.018407381383989282,-0.20544477005333722,0.14310099417601232,-0.6561515970234121,-0.04286419068317567,-0.05592812247121715,-0.050696642528079226,1.0,-0.09993524181492779,-0.02863582944424517,0.10881592718648089,-0.021601881583092543,-0.025356659895798384,-0.026323598152770217,0.01804565217425552,-0.03806515506133367,-0.02758463910139733,0.03032240782044031,-0.0253566598957984,-0.01499676308934815,-0.020199755307012592,-0.01077869372201155,-0.03429759340425249,-0.007619075019517854,-0.010778693722011545,-0.012691250523253822,-0.007619075019517852,0.15612721013350844,-0.04503353673757224,-0.007619075019517854,0.041545289260906726,0.044547200021274054,-0.010778693722011547,-0.038412621727779823,0.030921619701152692,-0.11795456074543456,-0.019884360626839074,-0.03429759340425252,-0.013205679329741385,0.05371413629258243,0.020621512717018658,-0.007619075019517852,0.15837079205656374,-0.037785090720240125,0.0067840809524787465,0.04540367555162984,-0.0076190750195178495,-0.009370735188803431,-0.017060171836483132,-0.039186997937467466,0.030319275068301208,-0.11493739068371482,-0.015506655714445207,-0.005398540881203049,0.03358521045357706,0.05824276607683423,0.009695267876338745,-0.017060171836483094,-0.017060171836483146,0.0689479613727857,-0.013205679329741387,-0.05977115218976429,-0.01897660706446737,-0.0152538406044135,-0.026493311012251324,-0.012335099382231172,-0.023567011075316575,0.06605480158086681,0.7786842679657714,0.31510201975576246,0.13059355833521533,-0.04215241917734394,-0.2216543735524091,-0.06481729101493904,-0.01525384060441348,-0.026493311012251296,-0.09626827660264581,-0.14768941832189872,-0.06024784302930456,-0.03063418215729592,-0.059192936539074065,-0.034297593404252515,-0.05592812247121714,-0.019981644639324465,0.043220783342327304,-0.03575364205215411,-0.007867082287827723,0.012944228075322237,0.02679224804617202,0.025845016969747232,0.015250951072914506,0.03537744877210379,-0.07147387237662811,-0.004852642442659333,-0.024111526007855308,-0.0032172862807435016,-0.0042101132050842436,0.026802723090820147,-0.026580538764625464,0.010497576968348082,0.07677598071022142,0.018694907370529007,0.05938064876129206,0.04692759609803314,0.04027661621788841,0.0038043834533088984
HouseStyle_1.5Fin,0.032068044945507086,0.032348112502716075,-0.16485887614558933,-0.19904605063479072,-0.13482376356970385,-0.08465632091236958,-0.11749982298673639,-0.044191480312722416,0.09178604720937902,0.041523304088933906,-0.22128300248682878,-0.03599869232008443,-0.07605725299079448,0.3921085152075755,0.24744118075453803,-0.18299874325663684,-0.17854188785022593,0.013543463770553077,-0.1673306346138785,-0.10080387284824026,-0.1775921519589772,-0.04861865734455483,-0.08819247376660541,-0.0784314542397639,-0.03436896238481697,-0.03727177425899298,-0.012718181187275683,-0.03614640969015198,0.21556850389960097,0.04953159406645696,-0.11619802691791627,0.04396981367827371,0.1010962089333329,-0.07227446827260506,0.17163451196662602,-0.03727177425899296,-0.014467234834294717,-0.05393286583336126,-0.0270443358417345,-0.06854819902434948,-0.03137594124112618,-0.08102574716232513,0.17590793354613649,0.16093133382776867,-0.02851875249270691,-0.059145237299417945,-0.08591018044180836,-0.045324479534521483,-0.02812486332110953,-0.029919265096133255,0.07962556107493116,-0.07412391450461871,-0.014728488364006732,-0.14961085931466303,0.20024247274148396,0.08010853240704663,0.07316403752479252,-0.017865876590804648,-0.059818852069425825,-0.09993524181492779,1.0,-0.033788479078508134,-0.34151442504781754,-0.025488862662346203,-0.029919265096133237,-0.22737135834060737,-0.05537161415388052,-0.0741239145046187,-0.03254814053773009,0.13300362047211972,0.047439873700244405,-0.14139609597109898,-0.02383444177549894,0.04756930106409613,0.093814510961449,-0.008990029689756342,-0.012718181187275687,0.03342385700980096,0.0762401219144272,-0.04941592980612062,-0.12057399914409658,-0.008990029689756344,0.12961272319377018,-0.06297523027748164,-0.012718181187275692,0.04061544269976597,-0.15083374345379016,0.18108533316226735,0.07178237233910488,0.09381451096144874,-0.015581871676502988,-0.023834441775498948,-0.028136495087664075,0.0762401219144272,-0.048623418212986956,-0.10761031006883243,-0.028517061408231154,0.14139494226651078,-0.008990029689756344,-0.06003679996507823,0.01803850923228536,0.054922291319945825,-0.15083944670541488,0.19071044262855066,0.055904400898849245,0.006124612156911925,0.024660382844012837,-0.012718181187275688,0.05842044842002377,0.018038509232285387,0.018038509232285338,-0.10369089678997809,-0.01558187167650297,0.06160491606073646,0.029407025523406797,0.06731933894858497,-0.031260441978842826,0.01708107342435343,0.05018052452415867,-0.10507590655040557,-0.08643967585712395,-0.07292238153518063,-0.0285170614082312,0.07600533999319598,-0.2615382305589373,-0.06597202177603778,-0.017998573260559158,-0.031260441978842854,0.9408712295935482,-0.17426423183594456,-0.07108866840000011,-0.036146409690151995,-0.0698439450388578,-0.04046900472846814,-0.017865876590804644,0.01007154066391055,0.015026601834653831,-0.03284957618293448,-0.02517511674192378,-0.053960221363740166,-0.0015538522220400388,0.04625567158487011,-0.029056198560129868,0.013630563197836792,-0.010224527557309035,0.02523284969788057,0.025840769709127097,0.004772829738155263,-0.03577206498996766,0.02709730167753603,0.017698826411132157,-0.016880756739685535,-0.07213829079033221,-0.012796023009530678,-0.07262927994977326,-0.015567800258777824,-0.05010857364281084,-0.16346607100995553
HouseStyle_1.5Unf,-0.03351050622896147,-0.11595445499305972,-0.05173243217369398,-0.09486085541961141,-0.05615984407374817,-0.06354556529604645,-0.10095887839935565,-0.07494084653053638,-0.09592440512973611,-0.10921738061480661,-0.08222326741281132,-0.02816138992389164,-0.10107137603681916,0.12186436666877998,0.10787610148995862,-0.12934129190664367,-0.055611965323554106,-0.0034019319921066455,-0.044095825305434315,-0.051533337354137114,-0.053483945793811584,-0.007463147533591751,-0.08634758036435942,-0.10140821385197127,-0.030480387672058174,-0.010679997880442462,-0.0036443166665298832,-0.010357531578558602,0.19589425090242893,-0.013759016074814764,-0.03329583058138188,0.019559154558802243,-0.026681510798093836,-0.023534044900974244,0.07357351865354593,-0.010679997880442443,-0.0183364139403672,-0.003066584483303767,-0.007749388249152327,-0.02257371672773412,-0.01672555747341413,-0.02321742994958453,0.024103767496684653,-0.012987451093612766,-0.02273600290572525,0.015498726699492836,-0.024617034291185086,-0.012987451093612754,-0.01608502986055989,-0.008573181560681944,-0.008171388710395789,-0.021239752212987704,0.05715137960311788,-0.08666795710126526,0.09681904345382823,0.024678564860187092,0.03426117357729613,-0.018909507413997113,-0.01714072447618511,-0.02863582944424517,-0.033788479078508134,1.0,-0.09785885990579489,-0.00730367696791531,-0.008573181560681976,-0.06515186554514749,-0.015866395779573977,-0.02123975221298771,-0.009326469664143449,0.052027432049338934,-0.008573181560681967,-0.048565609047383614,-0.006829612829135397,-0.0036443166665298893,-0.011596144624624927,-0.002576037764248543,-0.003644316666529883,-0.018529142324725047,-0.002576037764248544,-0.020546409124043447,-0.04166736492710447,-0.0025760377642485436,0.09607886510026291,-0.02781015460860067,-0.003644316666529888,-0.012987451093612748,-0.07263861946975166,0.0812552151098739,0.03989340814036633,-0.011596144624624941,-0.004464889578961374,-0.006829612829135432,-0.01298745109361277,-0.002576037764248544,-0.020370021093167826,-0.03999350882679366,-0.008171388710395796,0.09832493435918363,-0.0025760377642485405,-0.03229730898822437,-0.005768107913725606,-0.013249270586763924,-0.07144407100809536,0.10514104569196761,-0.016085029860559874,-0.017140724476185108,-0.005157380567343934,-0.003644316666529881,-0.007749388249152337,-0.005768107913725571,-0.0057681079137255975,-0.029711989299005367,-0.004464889578961374,0.038403447980528305,-0.026824450234198476,-0.005157380567343905,-0.0089574875549473,-0.011596144624624915,0.04601528412888993,-0.030108855335029543,-0.02476875794871691,-0.020895460323964395,-0.008171388710395789,0.035290395772699636,-0.07494217282532936,0.011207033606176846,-0.005157380567343922,0.9251805003181278,-0.0325486644234714,-0.049934344786276445,-0.020370021093167847,-0.010357531578558588,-0.020013353262804765,-0.011596144624624934,-0.01890950741399711,0.05195584812560641,0.004305780417889113,-0.02353404490097423,0.015498726699492819,-0.01890950741399708,-0.027531094162935768,-0.008376893625767323,0.021160547450888103,0.029227250673317145,-0.02382947729322473,-0.004314153012970347,-0.02089546032396439,-0.0343993910076992,0.06468372060327503,0.0014701370137810167,-0.00401735046741902,-0.03631176272267448,-0.08802382757298897,0.006320818112728935,-0.06826148133850136,0.0158663957795739,-0.033555303531646756,-0.0876864058463647
HouseStyle_1Story,0.012716556075885467,-0.39165040021859776,0.33915501662921327,0.031165021036963215,-0.050331306307021526,0.06600253559534056,-0.1871519765641479,-0.4849607091748699,-0.33769954519328516,-0.37848738984881464,-0.005375509696012438,-0.08725470155273911,-0.06295692498145415,-0.12207668776087553,-0.0046274505015368,-0.19699956522341075,0.006164916998289794,-0.018212954803768576,-0.007129703098637962,-0.012024216419092798,-0.04820735927966383,-0.06213134279318346,0.008757775824224033,0.01606810697853332,-0.08075285258458864,0.10913674950560082,-0.03683464734148903,-0.10468794507581082,-0.06200898360254832,-0.02919829861117927,0.07404388473199665,-0.04745388291999893,0.01775587594666735,-0.1712616911445228,-0.04705619188717148,-0.08240795430692162,0.05806857271653689,0.17876571542110944,-0.00831932650517287,-0.008171094010332164,-0.11930094801037902,0.07790375249751857,-0.1188835980680738,-0.11015078794678537,0.10118764681101951,-0.00931028864663932,-0.03353874399502584,0.05880012514821823,0.03531131311413857,0.04008205830856651,-0.016154294758804314,-0.09512483366721099,-0.02573939145458988,0.19670390819000888,-0.15913897306860825,0.0012658088502399078,-0.07996449692865412,0.02322758562435778,-0.13273619630767688,0.10881592718648089,-0.34151442504781754,-0.09785885990579489,1.0,-0.07382134705255612,-0.08665276601305122,-0.6585174150853249,-0.16036836164339033,-0.2146791439864028,0.022393053940891715,-0.18025586976457944,-0.0866527660130514,0.20980005352309866,-0.0491983206306849,0.00020294571538010864,-0.05828068040900379,0.026324011609458547,0.03724053877224921,0.08388989338476163,-0.02603710140118111,-0.029664639335065277,0.02139561054962088,0.02632401160945857,-0.043643020350236164,0.038186916705702637,0.0372405387722492,-0.025675331399283526,0.011212443023252857,-0.02532469883474604,-0.00962015566723825,-0.05828068040900375,-0.014877080078702042,-0.029366860630464214,0.09047842135353153,-0.02603710140118111,-0.026468665385382322,-0.007590667373917902,0.00045505055658602513,-0.040334401102220876,0.026324011609458554,0.09888398340778007,0.03549436692616389,-0.04069410981362748,0.009741247916450967,-0.011869533045325707,-0.04212370930238024,0.06982552144590644,-0.025920308716630876,0.0002029457153801204,-0.008319326505172819,-0.01140316765501193,-0.011403167655011927,0.0709583346456331,0.0456258082636517,-0.08909631566524945,0.009591426788824298,-0.02592030871663089,0.0004988270466567671,0.024216349200417053,-0.06682092049887613,0.07756461713260784,0.2473201120168551,-0.21119924048866845,-0.08259167602036564,-0.08611246035791932,0.7601350633259361,0.21103310370245798,0.05270223434350986,-0.09053710896820495,-0.32898309482437177,-0.5047075072601239,-0.20588840431915273,-0.10468794507581101,-0.2022834119566233,-0.1172071301300184,0.023227585624357786,0.008128230574489526,0.021435793089379745,0.016448488087353573,0.004602732258266937,0.04540213336513531,0.012091708353639471,0.0041104179353671205,0.014061864173545548,-0.021016634732280354,-0.03494687521420642,-0.028046987012073577,-0.0022072070696922625,-0.017136390579330283,0.011152214743548489,-0.01743289966457748,-0.0034879876571871677,0.033654178732683976,0.034655638785447765,-0.02176505315726392,0.0016641215733394824,-0.07497229861952556,-0.0902476511484372,-0.061811100535888175
HouseStyle_2.5Fin,0.014516042886206866,0.1882924941379692,-0.016088295131715898,-0.0021636675309487127,-0.04236504843584537,0.029954550276357562,0.04177254793785544,-0.0011630180124384427,0.16006487920321733,0.18762771378298412,-0.02654107524194978,0.030175468721570887,0.07688303167034977,0.14654539584467471,0.011871373506966475,0.009632177760565831,-0.03502515478452535,0.008764742689888106,-0.01528584773756979,0.01778298994340109,-0.016112018971731864,-0.017131406182984123,-0.039796904182974324,-0.04967784735138278,0.02096499349968587,-0.008056621861440844,-0.0027491467371303932,-0.007813364410791638,-0.015097383091537782,-0.010379326938188155,-0.025117225636160798,0.0364121944694725,-0.020127611035002154,-0.01775327137325841,-0.011969061467144522,-0.008056621861440863,-0.013832357933602045,-0.03168250160715107,-0.005845871083480667,-0.01702883293784895,-0.012617183401492512,-0.01751442797950682,0.0826662898544163,0.27628343533943156,-0.01715125603044223,-0.015232410094600603,-0.01857024119802396,-0.009797284941114598,-0.012133991473334152,-0.006467312330686572,-0.006164213669280098,-0.016022536139647128,0.08130782339980061,-0.052399468230481576,0.04700326857453353,0.007887583935522455,0.053429038263415315,-0.014264679874110156,-0.012930371062025589,-0.021601881583092543,-0.025488862662346203,-0.00730367696791531,-0.07382134705255612,1.0,-0.00646731233068657,-0.04914831914207696,-0.011969061467144484,-0.01602253613964709,-0.007035566881881265,0.01679407827147215,-0.0064673123306865764,-0.013258212334032087,-0.005152024245730437,-0.002749146737130394,-0.00874773135135797,-0.0019432739968373654,-0.0027491467371303937,-0.013977745576195227,-0.0019432739968373645,0.030871958979029314,-0.03143242226621461,-0.001943273996837365,-0.005329307381937975,-0.02097902097902093,-0.0027491467371303932,-0.009797284941114572,-0.03537804387318852,0.10317903769070132,-0.009994792532022984,-0.008747731351357967,-0.0033681586263844226,-0.005152024245730446,-0.009797284941114587,-0.0019432739968373645,0.031373150364922255,-0.03016972298465714,-0.0061642136692800845,-0.004527999093837528,-0.0019432739968373645,0.006948880308523239,-0.004351261567380237,-0.009994792532022984,-0.03437941228893725,0.07931477671993378,-0.012133991473334162,-0.012930371062025577,-0.003890549931917397,-0.0027491467371303932,-0.005845871083480669,-0.004351261567380237,-0.004351261567380229,-0.02241369944198401,-0.0033681586263844187,0.028970235951190384,0.052892634236281995,-0.0038905499319173927,-0.006757219511337869,-0.008747731351357969,-0.013646455248358745,-0.022713081484723067,-0.018684696289668463,-0.015762814219205383,-0.006164213669280097,0.05465160023535458,-0.05653378911564122,-0.016531896044087245,-0.0038905499319173884,-0.006757219511337881,-0.024553589269436963,-0.03766874659952397,0.03137315036492224,0.5269137624527602,-0.015097383091537785,-0.008747731351357963,-0.014264679874110156,-0.01509738309153782,-0.018912021862112684,-0.017753271373258425,-0.015232410094600572,-0.014264679874110139,0.050745692630148304,-0.024268830243838913,-0.003152755135749675,-0.009469714955750075,0.018154312928631684,0.011114990297049451,0.029899306336429222,0.006310659219369084,-0.017826663165160767,0.030489123679163378,0.0032543980489197046,-0.027392340771404115,-0.018036057450606328,0.0047682070688852265,-0.06307472748700002,0.011969061467144394,0.014511310728964858,0.03652572237598762
HouseStyle_2.5Unf,-0.011906883978342844,0.06504766974610847,-0.03508782437241678,-0.04590874542764669,-0.0497288220252786,-0.02931641114667643,0.011279390918446574,-0.0033346853335160243,0.04340841158912289,0.09410431945537014,-0.03645569672348776,0.040029566409594416,0.023484387776429652,0.16527272254361727,0.04051847080921517,-0.03850573086034577,-0.04628711742749218,0.04696554270076937,-0.0552469526034962,-0.04622196407818564,-0.02494673102036685,-0.011517836948793376,-0.019372572285399663,-0.036169192112090395,0.04534744881408791,-0.009457001218333832,-0.0032269956924316835,-0.009171461441647943,0.022832490132357715,-0.012183432360120225,-0.029483031167092368,0.02656370030409937,-0.023626135786658713,-0.020839095081507268,0.0363491721094622,-0.009457001218333832,-0.01623665949330154,-0.03718946494593287,-0.006861983956736443,-0.0199887367943616,-0.014810266741067613,-0.020558736600676693,0.21189569262683483,-0.01150022145980603,-0.02013243912465816,-0.017880064784005646,-0.021798068303910473,-0.011500221459806014,-0.01424308775068304,-0.007591442374051075,0.08880128127359688,-0.018807528316383212,-0.009171461441647932,-0.1293767110427971,0.14129343519794393,-0.004098660627240831,0.09705632558366015,-0.016744126417827968,-0.015177891800077009,-0.025356659895798384,-0.029919265096133237,-0.008573181560681976,-0.08665276601305122,-0.00646731233068657,1.0,-0.05769114177124314,-0.014049490074597427,-0.018807528316383174,-0.008258469333413749,-0.011435349853195243,-0.0075914423740510726,0.016868154079757572,-0.006047534612732167,-0.0032269956924316865,0.12601927738311564,-0.002281048418519265,-0.003226995692431684,-0.016407318007103034,-0.0022810484185192643,-0.018193581898952097,-0.03689591751717306,-0.0022810484185192647,0.05186488123549663,-0.024625535412998834,-0.003226995692431685,-0.011500221459806002,-0.06432056640025023,0.07845132761647322,-0.011732059264778664,0.12601927738311555,-0.003953602487626554,-0.006047534612732179,-0.011500221459806025,-0.0022810484185192643,-0.018037392558695253,-0.03541373939718084,-0.007235659955626414,0.053472555464939495,-0.002281048418519263,-0.028598853096203823,-0.005107585617360066,-0.011732059264778638,-0.06326280905013588,0.03514115975054794,0.08525408026844238,-0.015177891800077002,-0.004566794380933162,-0.0032269956924316835,-0.006861983956736458,-0.005107585617360081,0.13047559622528918,-0.026309585652106466,-0.003953602487626556,0.010619792499776508,-0.023752706825016776,-0.004566794380933159,-0.007931740405629885,-0.010268237416402029,0.04074594423523057,-0.026661005439657937,-0.02193241765773907,-0.018502662262063214,-0.007235659955626415,0.09904683050158154,-0.06636033336781567,-0.019405423727103063,-0.004566794380933159,-0.007931740405629866,-0.028821425112038987,-0.04421622220967654,-0.018037392558695235,0.6755615120995685,-0.017721567766963722,-0.010268237416402017,-0.016744126417827965,0.02283249013235766,0.01090688691609625,0.04918410127982899,-0.017880064784005625,-0.016744126417827954,0.006146877104529707,-0.0016713942467277282,-0.03511417052390021,-0.018963365391455603,0.02670754979977789,0.0023133614805875917,-0.018502662262063187,-0.0070510466640561955,0.028839569406427713,0.01384246745919697,-0.010264022075591184,-0.03215360041756446,-0.20181219651803867,0.005597003413494038,-0.013485190581134964,0.014049490074597524,0.0348822579352287,-0.025855674595624448
HouseStyle_2Story,-0.012718787843341975,0.4688359932774329,-0.17880959581142952,0.13794589108022717,0.16955626357796233,0.0070716920614450895,0.35810658322534855,0.6233989557521922,0.3438152665703688,0.43092973231824877,0.20242053155329712,0.11823504228731102,0.2074514671894257,-0.1876593284764415,-0.2142290802896514,0.3653405793517526,0.2043132130055894,-0.030463834860399303,0.18235349672749093,0.14176155969040213,0.17782000407110043,0.0822720296464625,0.07446160603278895,0.0661213753472782,0.13052800963948763,-0.07186845017524301,0.055935722423857824,0.15897521109938548,-0.08896585423210462,-0.005796035694998349,0.03568115964166288,0.036107189866900875,-0.09707628370041908,0.23625482031575168,-0.05943142322821474,0.03909301685011559,-0.09860483558083978,-0.19195661393313784,0.042902977279802926,0.046083339291076754,0.18466437044497047,0.01684786847479084,-0.013596386072252673,-0.007109508826277287,-0.11907980219573382,0.05302172619238362,0.14401150275887337,-0.0071095088262773005,-0.02413163384745507,-0.04048397793344639,-0.036946572933639246,0.19614579293933387,0.01605414693368174,-0.09404892146429861,-0.0018587085012993557,-0.039542154006456026,0.01601246591979744,-0.05499003222238023,0.1750810736941537,-0.026323598152770217,-0.22737135834060737,-0.06515186554514749,-0.6585174150853249,-0.04914831914207696,-0.05769114177124314,1.0,-0.10676905438653128,-0.14292775061771612,-0.03108176395703888,0.08724594643304441,0.06275900509333396,-0.10561573309129761,0.061744831325366775,-0.024523543328686444,-0.026829473858340197,-0.017334820079736777,-0.024523543328686455,-0.09196043055313441,-0.017334820079736777,0.04021289436054376,0.017966102531066473,-0.01733482007973678,-0.0542984817907083,-0.05069880630602322,-0.02452354332868644,0.027298942730733227,0.17136665110054866,-0.11022232698289895,-0.04415504642276204,-0.026829473858340135,0.0028132387002770243,0.06174483132536685,-0.06445692808796159,-0.017334820079736777,0.03532122592337491,0.020933529553618782,-0.0008649699349012479,-0.05984909147447685,-0.01733482007973679,-0.09179809522496482,-0.0388150803814427,0.034599678610506314,0.17020145227099426,-0.12649380383325404,0.013249995242501873,-0.06253971904206744,-0.006239162090626369,0.015706089547585678,-0.05214762488789397,0.01212426106296753,-0.013345409659237603,0.047397730605820615,-0.03004538931895857,0.008018944816022968,-0.04564424188549975,-0.034705339129109135,-0.02731664982385024,-0.026829473858340204,0.01883016622820657,0.04201544163544862,-0.16667533706160892,0.32071929405436195,-0.05498737443300819,0.01946828154057275,-0.501218246726842,-0.1474714548579169,-0.0347053391291092,-0.06027723556171899,-0.20405728960410546,0.7627428800730062,0.30515896350078486,-0.05540638514917005,-0.13467499693434687,-0.0780334370389633,-0.05499003222238023,-0.03563852107948814,-0.050540668872197964,0.012635995251895916,-0.01498271325787702,0.0172668701178274,-0.013235934503880449,-0.02002890669364329,-0.017931098860618843,0.015280548498581724,0.05547686032015282,0.009759439479830935,0.01316581666889827,0.01917385039537712,-0.004549216001703068,-0.0024095863681608994,-0.0036001323199121777,-0.01071536806243544,0.029894918963254632,0.042534409340409814,0.0759746352043417,0.06889894945987805,0.14397628033952486,0.24288002726854338
HouseStyle_SFoyer,-0.045961025793851154,-0.1664019197991033,-0.06926254917009723,-0.03803369256937996,-0.03380285982745013,-0.07618839411079248,-0.12588184739198227,-0.08813436721014745,-0.16063371528672996,-0.16135667033815054,-0.048906921504617396,-0.07223421658554857,-0.14224412007097878,-0.03203365646203407,0.020033617025651235,0.0039254782678762815,-0.08083272901186213,0.06095307255378319,-0.04552177918082295,-0.056216161161216895,0.030292794043203734,0.00847839365775302,-0.07372494756244499,-0.06440671357653067,-0.10469330550990051,-0.017502081713298274,-0.005972204189622776,-0.016973632959980518,-0.03279732337813943,-0.022547890583103383,-0.01150273917642709,-0.0306780678397546,0.04254315896446647,-0.03856693433016094,-0.026001405481377395,0.22624710081212823,0.09094317270599517,0.0035963438388476863,-0.012699480644383658,-0.01699686436775953,-0.027409375626957878,-0.03804807460631951,-0.01408603473182888,-0.02128347147934638,0.08194830291419732,0.03330287071333335,-0.0403417070421309,-0.021283471479346325,-0.026359696896185066,-0.014049490074597423,-0.013391043193216956,-0.03480711166456891,0.024887015894025463,-0.023143436674260397,0.04249698367815738,-0.12838062001797385,-0.02374997432760126,0.18064738920113657,0.07501779004718262,0.01804565217425552,-0.05537161415388052,-0.015866395779573977,-0.16036836164339033,-0.011969061467144484,-0.014049490074597427,-0.10676905438653128,1.0,-0.03480711166456892,0.03110809653656104,0.05362137974621698,-0.014049490074597423,-0.057626437298077496,-0.011192178420242,-0.005972204189622777,-0.019003437365008403,-0.004221538613690468,-0.0059722041896227785,-0.030365040019206153,-0.004221538613690466,0.11879540128453232,0.04095003580825561,-0.004221538613690467,-0.00700896338128463,0.07098491201373708,-0.005972204189622778,-0.02128347147934632,-0.06431370364568194,-0.052836738716844446,0.04419245473307661,-0.01900343736500837,-0.007316936119897284,-0.011192178420241995,-0.021283471479346373,-0.004221538613690466,0.12029484915103499,0.04690247728253886,0.03944928940704456,-0.005215779885604583,-0.0042215386136904695,0.05002666200225798,-0.00945261386446694,-0.021712533939335893,-0.06208131839927506,-0.050927921854948655,0.0010123923416742752,-0.028089739695238244,-0.00845177097661471,-0.005972204189622784,0.042979923982643733,-0.009452613864466938,-0.009452613864466951,-0.03294259056715068,-0.0073169361198972835,0.03720018315485479,-0.009610551918116474,0.07492380757647626,0.1301298333857856,0.01848983094973789,-0.015448875646433179,-0.0337656226694236,-0.022180311059362114,-0.03424289574969996,0.3564912850086146,-0.023355599565796734,-0.12281313603656815,-0.035913637305502365,-0.008451770976614701,-0.014679279985591669,-0.05333984058569116,-0.08183100713435879,-0.0333818206394122,-0.016973632959980545,-0.032797323378139315,0.7308619289299167,0.18064738920113657,0.03414222759867823,-0.022868907726820265,-0.019303258612735366,0.055434045607036936,-0.030988371685359006,-0.028321905652961648,0.03580435760942173,0.023005053008826694,0.006774479862032543,-0.011049516991222438,-0.017194004375912945,-0.03424289574970006,0.00045043408270860764,0.00690866144049532,-0.029024057320032354,0.004486742724032994,0.02099966197818532,0.04253964770551172,-0.05776429857910765,-0.07514856033667656,-0.0017283622343355436,-0.10050657957842887,-0.09308987468225177
HouseStyle_SLvl,0.00045237092599225575,-0.058187771803880566,-0.07988790451835082,0.006841122501779023,0.03268870551703111,0.03994404104298821,-0.046608859764761236,-0.045495161195058545,0.006847493488789037,-0.03813298341610018,-0.008281658970146035,0.04201907789458002,-0.07832618870952691,-0.024118054725281515,0.03335616406149321,0.005540685389683337,-0.08522529601069108,0.024305781894825827,-0.05633922521543747,-0.05691385887490249,0.0028995702083725113,0.047434779289236235,0.06327203934190036,0.06022160869397701,0.02329045723802045,-0.02342938396132089,-0.007994766985218935,-0.022721969326411684,-0.04390455346498449,0.042456643638123334,-0.040229925305111665,-0.041067585124055964,0.020351442762869862,0.051125408392636525,-0.03480711166456897,0.007527087154994472,0.05197141131729802,0.10101839039657964,-0.017000321047555864,0.05714005851464972,-0.036691908781120906,-0.050933538280941285,-0.06252086793366836,-0.02849138939515641,0.025820110108845835,-0.027433091900187,-0.05400393847019035,-0.028491389395156295,0.04814426071589699,0.058000839073601304,-0.017926090036371276,-0.04659498207885314,-0.02272196932641174,0.08745351246523714,-0.06248127237182372,0.050938807539392415,-0.008756937290519344,-0.0235642948020764,-0.017960496190912813,-0.03806515506133367,-0.0741239145046187,-0.02123975221298771,-0.2146791439864028,-0.01602253613964709,-0.018807528316383174,-0.14292775061771612,-0.03480711166456892,1.0,0.050242168674739664,-0.022485891720044296,0.019596655378609062,0.0022351350033535796,0.03309332866249825,-0.007994766985218938,0.03170114791543565,-0.005651216278606716,-0.007994766985218938,-0.004127390870981578,-0.005651216278606714,-0.028476733658409553,0.10281060815401644,-0.0056512162786067155,-0.025941447049843604,0.09125260967106721,-0.007994766985218936,-0.028491389395156302,-0.0620508499384778,-0.03025205145875197,-0.029065759306299344,0.03170114791543556,0.06354133573890551,-0.014982551782524103,-0.002892971846277407,-0.005651216278606714,-0.027958019353433793,0.14074972747950087,0.022338666045324185,-0.042510065048724045,-0.005651216278606719,0.041221958928750094,-0.012653861597527948,-0.029065759306299354,-0.058941707288025884,-0.026930223359192703,-0.03528674301728944,0.0016816943998982092,0.05221878717708699,-0.007994766985218942,0.025427830626686087,-0.012653861597527908,-0.012653861597527934,-0.06518106214382653,-0.009794909461728521,0.045028557878617995,0.04584916604622772,-0.011314070555035508,0.017131296299680323,-0.025439192771645875,0.023058272350946457,-0.06605169216110812,-0.054336784213056995,-0.045839687278891726,0.10286817820871523,-0.007856401172962935,-0.15751581686547345,-0.04807624668092476,-0.011314070555035534,-0.019650604579045054,-0.07140405501411033,-0.1013149216464794,-0.04468699814688174,-0.022721969326411726,0.9422592628254366,-0.025439192771645844,-0.02356429480207641,-0.00989890462738382,0.05604363508311501,-0.007590891511591067,0.023159304951526294,-0.023564294802076436,0.01639213641522563,-0.04809021364650085,0.03752687004210502,-0.011087629179363307,-0.02188657271838803,0.018822778349226032,-0.02949635555064213,0.008248697047642091,-0.0051446848355638395,0.011988208355034335,-0.008250739399482104,-0.008088492998989328,0.056946239652993315,0.013866376769980156,0.052315448258225886,0.034807111664569026,0.04469462700867055,-0.0386454334936101
RoofStyle_Flat,0.11417462595793149,0.017099646821954244,0.012209917484598166,0.004136532975570565,-0.03944900916908451,0.08137788477787869,-0.01781834281359988,-0.04318278160117111,-0.03812038934492286,-0.03918082501687988,0.00026739068293249154,0.06823140568524887,0.01812825026277125,0.022393506665245606,0.02390491497640643,0.01636271141234029,-0.039962894748847996,0.0605359907703775,-0.01814580387498102,-0.021950541257192983,-0.022425816202871013,0.012393293867288432,0.0014533316696011041,-0.00616945865228187,0.033134599150126016,-0.010287946703597178,-0.0035105377412993476,-0.009977317791061317,-0.01927868469946441,0.3057144477635871,-0.03207357663436798,-0.018032959283062103,0.06089411465434029,-0.022670135553552677,-0.015283957542477888,-0.010287946703597168,-0.017663304006740065,0.04031882615366552,-0.007464916583809133,-0.021745059989413333,-0.016111580339312526,-0.02236514319475978,-0.02745319118189718,-0.01251069580372683,-0.02190138881724587,-0.019451108158694285,-0.023713369573987602,-0.012510695803726813,-0.015494565802699738,-0.008258469333413761,-0.007871425864313457,-0.020460063869954227,-0.009977317791061306,0.049111023877263925,-0.03971045465834969,0.022367456949581647,-0.01396053761470629,0.021125506084865995,-0.01651150701021776,-0.02758463910139733,-0.03254814053773009,-0.009326469664143449,0.022393053940891715,-0.007035566881881265,-0.008258469333413749,-0.03108176395703888,0.03110809653656104,0.050242168674739664,1.0,-0.17926061880776487,-0.00825846933341377,-0.04678281803989644,-0.0065789051251607285,-0.0035105377412993507,-0.011170462691178367,-0.0024814742026844513,0.19361965850089488,0.022242547088871297,-0.0024814742026844513,-0.0197921726562838,-0.04013780100409784,-0.0024814742026844513,-0.039924354983806525,0.16821526970841147,-0.0035105377412993502,-0.012510695803726806,-0.06997213427318798,0.024415815561638785,0.04236680028712628,-0.011170462691178325,-0.004300988309175379,0.09897275952027536,-0.012510695803726853,-0.0024814742026844513,-0.019622259639341628,-0.03852539035174895,-0.007871425864313455,-0.03928124789624828,-0.002481474202684449,0.1903443386960211,-0.005556366907682145,-0.01276290418631786,-0.06882143639422213,0.026588385627974387,-0.015494565802699697,-0.016511507010217773,-0.0049680587019745506,-0.003510537741299347,-0.007464916583809133,-0.00555636690768216,-0.005556366907682141,-0.028621294291245054,-0.004300988309175381,0.036993698920254135,0.03162565433210668,0.13451974331500344,0.07212681347805505,-0.01117046269117834,-0.050677006228070705,-0.002944980090878768,-0.023859523620068587,-0.020128410563988713,-0.007871425864313466,-0.013728719103219968,0.04881810977237739,-0.021110493744900895,-0.0049680587019745575,-0.008628667870074056,-0.03135383813840893,-0.011966546378559352,-0.019622259639341683,-0.009977317791061324,0.055381473553103175,-0.011170462691178318,0.021125506084865995,-0.019278684699464383,0.06727297488417884,0.009558099994828,-0.019451108158694216,-0.01821535983848136,0.02967673831659229,0.018377720756321447,-0.038199499667036584,-0.004868627286780245,-0.021535123844484916,0.02407364854005103,-0.020128410563988765,0.0036220395611066356,0.0012311246629386884,0.023220969038468518,-0.00016575525861555962,-0.034978797167052045,-0.004555630040236557,0.006088787712773955,-0.00887899527721828,-0.03110809653656114,0.045913123157370436,0.016433478287942217
RoofStyle_Gable,-0.1118734589046835,-0.1568424529062831,-0.2547024955239575,-0.13527658677951554,-0.2341086906359347,-0.1756491389839328,-0.017285247421886005,0.0466143341920451,-0.013427278036285665,-0.1303911681387209,-0.12488785141913797,-0.1451874238057377,-0.23772838140206595,0.03216392941441118,0.018962307508224953,-0.06716298794627151,-0.11176878024540755,-0.006347211210671988,-0.08939395227615468,-0.014998836589815661,-0.04559311177288517,0.0027780342825973964,-0.06904758051940531,-0.05941443872897363,-0.15440630941083475,-0.019864081236462803,0.01958342978311354,0.05565816885727021,0.07359971656381338,-0.04691817957854446,0.09703265643344315,-0.034818237151959745,-0.027237359702510216,0.08250488830205323,0.021981659513369018,0.05739100295436189,0.015702688550357027,-0.07271413460767409,0.04164281387321532,-0.05361720221602228,-0.06061729218663618,-0.1273740516614783,0.02908969344279642,0.05701384115780404,-0.051621869090656865,0.06642123393743174,0.06892440442239527,-0.05797646932777453,-0.08013260615011933,0.007732974814617699,-0.036477386018152265,0.08198956111874188,0.023816113006324094,-0.1157075712725592,0.08665100972520613,-0.06904467851207205,-0.014104589819276283,0.03900873722829919,0.07250129847597492,0.03032240782044031,0.13300362047211972,0.052027432049338934,-0.18025586976457944,0.01679407827147215,-0.011435349853195243,0.08724594643304441,0.05362137974621698,-0.022485891720044296,-0.17926061880776487,1.0,-0.16478194719569803,-0.9334615823692307,-0.13126945843989973,-0.0700460607602902,0.03379416274249458,-0.04951306767948118,-0.02523131548858843,-0.0827147870599267,0.01384282961415829,-0.0055661777235528,-0.020747284043111255,0.013842829614158284,0.018850639942832537,0.0037824926923067563,-0.025231315488588316,-0.03242306699764599,0.06425831057525597,-0.03804533652292614,0.00853270971373075,0.03379416274249461,-0.08581798876268182,0.012704556325784678,-0.10908327398803161,0.01384282961415829,-0.00743473589329346,-0.036930244496039585,-0.036477386018152196,0.02698269436432906,0.013842829614158137,-0.027823784662248875,0.002623488144253576,-0.02906615200270859,0.059688152680729606,-0.004642195796815111,0.03438329123116876,-0.015733124231657885,-0.003996400237596666,0.01958342978311355,-0.0007107272308560104,0.03099602659321776,0.030996026593217808,-0.05596698471199105,0.023992934632160862,0.038322609852734744,0.03963474995488507,-0.035706967340266065,-0.02529967304459615,0.01953419811704887,0.02053843703451946,-0.05739435091262773,-0.006939616523962668,0.09597114452987376,0.043910513735058616,-0.016885566886804638,-0.20937541034129856,0.04746202952370289,-0.003996400237596675,0.04813476561367468,0.1248744312800106,0.05474888575570554,-0.024134296515152562,0.03973714093179706,-0.01126490686310772,0.03379416274249458,0.0390087372282992,0.005708017822276507,-0.038478258325275926,-0.020067942845320267,-0.0009166718336994622,0.012177978896020496,-0.011751832148301026,-0.01230312839481193,0.03620345036463922,0.005600054564127645,-0.01749703564707345,0.01590968822116259,0.022555481776043548,0.01858495724745364,-0.016328067566127386,0.018051348430675834,-0.028094696842960815,0.011412332954425267,-0.005086229892399642,0.017852621133488025,-0.055739730547375195,0.009658060719478933,-0.13864624863641606,-0.224744116213091
RoofStyle_Gambrel,-0.009455507835920886,0.012604212248915309,-0.05686956835143532,-0.07500053034810605,-0.046133824876703686,-0.042625590245460906,-0.0318679734682749,-0.019090803737831483,0.043408411589122876,0.040481151329722805,-0.06826365521927967,-0.00913398097884541,-0.021681882012385408,0.1249349976389184,0.010575877506337043,-0.05363853491313303,-0.03248981415184127,0.02439487372673292,-0.007497625505017898,-0.013190115055106384,-0.04103784093410023,0.011392301941177005,-0.010959736016308716,-0.027733565836746597,-0.006498498929505123,-0.00945700121833384,-0.0032269956924316895,-0.009171461441647951,0.0633865480316792,-0.012183432360120221,-0.029483031167092333,0.06970385875124643,0.0390905155742898,-0.02083909508150725,0.03634917210946209,-0.009457001218333835,-0.016236659493301532,-0.015251437139443186,-0.00686198395673645,-0.019988736794361594,-0.014810266741067635,-0.020558736600676634,0.06368849169017744,-0.011500221459806044,-0.02013243912465814,-0.017880064784005643,-0.02179806830391046,-0.011500221459806021,-0.014243087750683052,-0.007591442374051075,0.08880128127359695,-0.018807528316383198,0.0669099800629316,-0.051811780081916954,0.030170608550131994,0.03864451448541331,-0.012832961234597935,-0.016744126417827986,-0.015177891800077023,-0.0253566598957984,0.047439873700244405,-0.008573181560681967,-0.0866527660130514,-0.0064673123306865764,-0.0075914423740510726,0.06275900509333396,-0.014049490074597423,0.019596655378609062,-0.00825846933341377,-0.16478194719569803,1.0,-0.04300422425844184,-0.006047534612732171,-0.0032269956924316917,-0.010268237416402013,-0.002281048418519269,-0.0032269956924316904,0.027146653429934116,-0.0022810484185192687,-0.01819358189895213,-0.03689591751717304,-0.002281048418519269,0.029723733105723283,-0.024625535412998893,-0.0032269956924316913,-0.011500221459806004,-0.031166805784410827,0.07845132761647342,-0.011732059264778664,-0.010268237416402018,0.17096335605585133,-0.006047534612732188,0.049555499744982426,-0.0022810484185192687,-0.018037392558695253,-0.0354137393971809,-0.007235659955626429,0.008682004128845613,-0.002281048418519267,-0.02859885309620381,-0.0051075856173600775,-0.011732059264778657,-0.013282451250786108,0.05832511512144709,-0.01424308775068302,-0.015177891800077017,-0.0045667943809331755,-0.0032269956924316887,-0.00686198395673646,-0.005107585617360075,-0.005107585617360083,-0.026309585652106438,-0.003953602487626569,0.034005760900490914,-0.023752706825016838,0.1469677464409399,-0.007931740405629897,-0.010268237416402029,0.020104348612941685,-0.026661005439657923,-0.02193241765773913,-0.018502662262063208,-0.007235659955626423,-0.012619866434564439,-0.06636033336781563,-0.01940542372710305,-0.00456679438093317,-0.007931740405629864,0.07743938464446837,-0.044216222209676505,0.22136799958398728,-0.00917146144164796,0.02283249013235766,-0.010268237416402018,-0.016744126417827986,-0.017721567766963733,0.010906886916096243,-0.02083909508150725,0.02234319343579131,-0.016744126417827954,-0.024378430965583682,-0.028487170073348278,0.010578065630194556,0.001963704503877105,0.0698891917794851,-0.02630958565210645,-0.01850266226206323,-0.02632918922870431,0.02883956940642774,0.013842467459196971,-0.010264022075591222,-0.007766973607359727,-0.07335625889783759,0.0055970034134939445,-0.013485190581135044,0.014049490074597465,-0.012714094013774942,-0.035121434493649246
RoofStyle_Hip,0.08711228963136242,0.14229422659032587,0.27874545396068373,0.1548738876398081,0.26312652941581915,0.1661480422693768,0.03255961140509765,-0.060085370124327186,0.006768987766027147,0.12310688852023358,0.14230758186796572,0.13571156611761045,0.24091550730950323,-0.0758289625115529,-0.029499437766783942,0.07531402556007229,0.13159434695168426,-0.014254457875311714,0.10317665300264718,0.02783628581847282,0.06377615534028884,-0.007842991604668077,0.0790538364009435,0.07447424527011058,0.14919612407428479,0.026863278218857343,-0.0182803793535619,-0.05195476237328119,-0.0827179764274228,-0.03126797015180774,-0.08175624799563302,0.028288010397426344,0.009640081402241468,-0.07228036240390444,-0.024684151293694893,-0.05357229643153581,-0.015318711595155791,0.07133709621810772,-0.038871966932398826,0.045134744240509485,0.07279332248064263,0.1460557662891245,-0.04608337399671493,-0.05184408888176551,0.05903879482830432,-0.05746868830185244,-0.05751397018662291,0.06788022182234685,0.09274132876719267,-0.003089305366308926,0.02178424545571184,-0.07307172126348317,-0.03537828661607176,0.12053765719677306,-0.09056987835445021,0.06059698267488141,0.023073318804196694,-0.05760548861159722,-0.0655652936238202,-0.01499676308934815,-0.14139609597109898,-0.048565609047383614,0.20980005352309866,-0.013258212334032087,0.016868154079757572,-0.10561573309129761,-0.057626437298077496,0.0022351350033535796,-0.04678281803989644,-0.9334615823692307,-0.04300422425844184,1.0,-0.03425825052503701,-0.01828037935356191,-0.028473753595268225,0.05304242682790607,-0.01828037935356191,0.07786552112884096,-0.012921749636099756,0.017687276140190326,0.04091168529726476,-0.012921749636099756,-0.014934792286370525,-0.047186294658913636,0.028379330185249966,0.027972118254309293,-0.03569683791550648,0.018077509704637364,-0.04036227328337737,-0.028473753595268207,0.01571408228660354,-0.034258250525037094,0.1077883253903842,-0.012921749636099756,0.019530669713834915,0.056650865283385,0.042708586485540344,-0.01425063521253266,-0.012921749636099754,-0.02222757915077634,0.0006069986020460749,0.02488232259099257,-0.035314200972516835,-0.013084877800674745,-0.03732816210706406,0.026301624505524847,0.007145939490969696,-0.01828037935356191,0.005225213892233859,-0.028933600030863815,-0.028933600030863812,0.07546791532755723,-0.022396482727418277,-0.06212762756206819,-0.03934264886769834,-0.02587011005591553,0.012411274138672447,-0.01362672493487833,-0.02103281455667056,0.07101580413434333,0.02156108829435694,-0.08782817898015798,-0.04098877763377367,0.025829499013556145,0.23272823288928762,-0.04486487374016228,-0.025870110055915524,-0.04493195447671286,-0.13432857800681397,-0.04948387723632379,-0.023936979344395263,-0.03537828661607175,-0.012031265520757726,-0.028473753595268134,-0.05760548861159723,0.005640412205908574,0.025720142358434887,0.019258740481479845,0.0038776658285979335,-0.0017347977084094968,0.014868625409331784,0.002216974743954702,-0.029675081058619598,-0.007114145759858842,0.014872897035004782,-0.024313073015873644,-0.011390089710103926,-0.006340702724031877,-0.0018502543412452072,-0.019341798292953162,0.035960233852172924,-0.012118715227931827,0.025256049604047735,-0.022245982612896988,0.06684884301719607,-0.008258134710687662,0.1319240983960591,0.2358969186646028
RoofStyle_Mansard,0.003977228390273679,0.060644013318173776,-0.03637908381185741,-0.0034730001756588928,0.011315668860451386,0.0396053987128462,0.000801571424933038,0.10492969085003351,0.0600034292786866,0.05721312013970879,0.008363695656227802,-0.004478865315251794,0.019852813720089336,0.06038721917373488,0.0030515271778858827,0.00032438089646339693,0.003951268386128079,0.011727701617976191,-0.02363344593598797,-0.020845223290495613,-0.022620035114255733,-0.00526451501229293,-0.03458090213505488,-0.03457331952109378,0.015277351843758148,-0.0075336858771417655,-0.002570706222025123,-0.007306217683650342,-0.014117448197845071,-0.009705629743243393,-0.02348692681653139,-0.01320522496742485,-0.01882117612106475,-0.01660094914692479,-0.011192178420242017,-0.007533685877141772,0.04212207907307332,-0.0021631731084173515,-0.005466429625050505,0.12056388719676463,-0.01179823231571305,-0.01637760850449416,0.0541091628353227,-0.009161366694949801,-0.01603800917481273,-0.014243710922284911,-0.01736489142158265,-0.0091613666949498,-0.011346403215660888,-0.006047534612732173,-0.005764109357818919,-0.014982551782524063,-0.007306217683650352,-0.012586273096410245,0.026563903989113617,0.004031394671762691,-0.010223060839578907,0.04016296139288873,-0.012091091717039244,-0.020199755307012592,-0.02383444177549894,-0.006829612829135397,-0.0491983206306849,-0.005152024245730437,-0.006047534612732167,0.061744831325366775,-0.011192178420242,0.03309332866249825,-0.0065789051251607285,-0.13126945843989973,-0.006047534612732171,-0.03425825052503701,1.0,-0.0025707062220251247,-0.008179937109145883,-0.0018171407467263553,-0.002570706222025124,-0.013070483665821461,-0.0018171407467263549,-0.014493466569617969,-0.0017779077247088093,-0.0018171407467263553,-0.0015187489015808311,-0.019617323089512,-0.002570706222025124,0.06727060687434572,-0.030487790437828954,0.0003511626352895589,0.14060163371831214,-0.008179937109145862,0.21581844722157542,-0.004817618719889872,-0.009161366694949807,-0.0018171407467263549,-0.014369042198753732,0.00021416581477072836,-0.005764109357818909,-0.02876498013048592,-0.001817140746726353,0.010680761371561492,-0.0040688316246804265,0.06562778958802136,-0.029540952403652957,0.0016101576634291754,0.05093084751691385,-0.012091091717039235,-0.0036380236754910925,-0.0025707062220251225,-0.005466429625050509,-0.004068831624680437,-0.00406883162468042,-0.02095888001753337,-0.0031495395355476577,0.02708984748154928,-0.01892200580503312,-0.003638023675491089,-0.0063186246142386045,-0.008179937109145864,0.032459247656716095,-0.02123882989057484,-0.01747191750798942,-0.014739687788449744,-0.005764109357818922,-0.010053304143091158,-0.0528643165791634,0.031269765631666155,-0.003638023675491084,-0.006318624614238613,-0.022959874733306098,0.03848864601690563,0.03558048544453312,-0.007306217683650362,0.03664973005056338,-0.008179937109145857,0.04016296139288873,-0.014117448197845078,-0.01768448792324408,0.027227958184920104,-0.014243710922284877,-0.013338793747273248,-0.019420473449473875,0.044444504913737345,0.0006268422311531778,0.020616944693263285,-0.030323470637381035,0.014872460527664305,-0.014739687788449758,-0.03633195169305826,0.05749419282953452,-0.035593778018134854,-0.014587860174442894,0.03544192377512569,-0.02189057519311736,0.004458714194601961,-0.026493844879432682,0.011192178420242022,0.006121541226496878,-0.00030831909381732456
RoofStyle_Shed,0.039812911911927235,0.03923936829079438,0.0244127080862588,0.020797953805949763,-0.02103639440820696,-0.001452708732581446,-0.038001512437529625,0.08230327410255124,-0.039350538052230946,0.03378554708001112,0.011545357191965642,0.02224055310787537,0.03839051672538225,-0.0074073914846808035,0.013552160349837706,0.025444424203615004,0.00671663446861456,-0.008818976338976206,-0.0006499352635687486,-0.005606898184592543,0.020175842693853217,0.00484267777843145,0.009645825007042044,0.009725988394829303,0.026622727984192244,-0.004020013680035242,-0.0013717421124828564,-0.0038986354775828475,-0.007533143245953533,0.1298442802395769,-0.012532745410970604,-0.007046376220444556,-0.010043076750863725,-0.00885835217455685,-0.005972204189622778,-0.004020013680035244,-0.006901933474916701,-0.01580862203401313,-0.0029169150707926994,-0.008496879032243016,-0.006295597677267979,-0.00873917645466078,-0.01072733046656061,-0.004888552568041253,0.07586519880204119,-0.007600517687601897,-0.009265995716504863,-0.004888552568041239,-0.006054499336712149,-0.00322699569243169,-0.0030757585131014767,-0.007994766985218955,-0.0038986354775828514,0.019190125446325368,-0.015516854389532177,-0.0335387428488648,-0.005455078045081899,0.09280319548162001,-0.006451868965832089,-0.01077869372201155,0.04756930106409613,-0.0036443166665298893,0.00020294571538010864,-0.002749146737130394,-0.0032269956924316865,-0.024523543328686444,-0.005972204189622777,-0.007994766985218938,-0.0035105377412993507,-0.0700460607602902,-0.0032269956924316917,-0.01828037935356191,-0.0025707062220251247,1.0,-0.0043648566739910395,-0.0009696356842476742,-0.001371742112482857,-0.006974477566247314,-0.0009696356842476738,-0.00773378859049304,-0.015683839912058233,-0.0009696356842476739,-0.015600435910633936,0.13104266113654853,-0.0013717421124828555,-0.0048885525680412425,-0.027341601303312098,-0.015011395861773583,-0.004987102956903683,-0.004364856673991033,-0.0016806105570620125,-0.002570706222025129,-0.00488855256804125,-0.0009696356842476738,-0.007667395103803951,-0.015053790683866728,-0.0030757585131014837,-0.015349141909586302,-0.0009696356842476753,0.11283654213602114,-0.002171149562076113,-0.004987102956903672,-0.0268919662742531,-0.014627418049533585,-0.0060544993367121405,-0.006451868965832086,-0.0019412682161517054,-0.0013717421124828577,-0.002916915070792695,-0.0021711495620761125,-0.0021711495620761133,-0.011183766586863217,-0.0016806105570620112,0.014455282479498814,-0.01009687999080718,-0.0019412682161517036,-0.0033716507168578052,-0.004364856673991042,0.017320422134876137,-0.011333149284483429,-0.009323105388781096,-0.007865173504087853,-0.003075758513101487,-0.005364494995391863,-0.028208672262106188,-0.008248922364374908,0.3523401812315337,-0.003371650716857799,-0.012251507698221592,-0.018795579492765935,-0.00766739510380395,-0.0038986354775828514,-0.007533143245953512,-0.004364856673991034,0.09280319548162003,-0.007533143245953531,-0.00943653405984999,-0.00885835217455684,-0.007600517687601891,-0.007117649210979696,-0.010362864899440891,0.05058474633829893,-0.014926448946153244,-0.01695675953224657,-0.01618076049046353,0.055735492498465856,-0.00786517350408787,-0.019386917003219383,0.024347330833924298,-0.01899302371913149,-0.020328164081369386,0.0433469585784173,0.009770835750932528,0.002379192914327931,0.008976284567380921,0.005972204189622868,0.03506028310561215,0.02055710256278189
Exterior1st_AsbShng,-0.032575840834624524,-0.03613463677167553,-0.09665520723128632,-0.09711776322022789,-0.043421895136795764,-0.03726952005756806,-0.07812169508497366,-0.05459332982501939,-0.002375575880164231,-0.008544755929525367,-0.0973533193127927,-0.06638508587434509,-0.07387259606246636,0.1469332166985094,0.14621740138448389,-0.10291381041520606,-0.09153488292809218,-0.04485289443272818,-0.09975451193085133,-0.09156156775025535,-0.10937630975148782,-0.07833064052626663,-0.1320305975677209,-0.1447674249196192,-0.0798521309266407,-0.012791605201270224,-0.004364856673991036,-0.012405382126079792,0.09670782269870944,-0.016479394804867712,-0.039878951701418544,-0.02242143183720592,0.038028680697015524,-0.02818710401745491,0.09347636757923045,-0.012791605201270241,-0.021961817835354117,0.014979034347564089,-0.009281566920162403,-0.027036903521793734,-0.020032469141483104,-0.027807889198844065,0.09817345903554042,-0.015555279019719955,-0.02723127628681908,-0.024184699188442203,-0.029484217825137396,-0.015555279019719927,-0.019265298919553753,-0.010268237416402017,0.061658123049043854,-0.025439192771645854,-0.012405382126079815,-0.11204691644268941,0.13249533060187077,0.00457369826803154,0.023517225356854098,0.04094101507326389,-0.020529721336801074,-0.03429759340425249,0.093814510961449,-0.011596144624624927,-0.05828068040900379,-0.00874773135135797,0.12601927738311564,-0.026829473858340197,-0.019003437365008403,0.03170114791543565,-0.011170462691178367,0.03379416274249458,-0.010268237416402013,-0.028473753595268225,-0.008179937109145883,-0.0043648566739910395,1.0,-0.003085361854253946,-0.004364856673991037,-0.022192651720471163,-0.003085361854253945,-0.02460876460470351,-0.04990567300587264,-0.003085361854253945,-0.0496402830984393,-0.03330866937632459,-0.0043648566739910395,-0.015555279019719943,-0.08700044260531922,-0.04776596914021111,-0.015868864436859354,0.8479166666666662,-0.005347670046445132,-0.008179937109145892,-0.015555279019719953,-0.003085361854253945,-0.024397501823713374,-0.04790086863806268,-0.009787003658578389,-0.048840670483484075,-0.0030853618542539436,0.0010896621502128067,-0.006908555602413993,0.028686024174322595,-0.0855697127038393,-0.04654415922334072,-0.019265298919553777,0.04917584413233757,-0.00617707763884253,-0.004364856673991039,-0.00928156692016239,-0.006908555602413985,0.0939563561928303,-0.03558652736750329,-0.005347670046445124,-0.006196409880988787,0.060757053472531096,0.1065545892700334,-0.010728526885571877,-0.013888888888888892,-0.021666657680591263,-0.03606186020065968,-0.029665939689557823,-0.02502682883977176,-0.00978700365857841,0.024466596588294576,-0.06531004430155093,0.02929114620537893,-0.006177077638842527,-0.010728526885571875,0.0993552053610628,-0.05980716772049518,0.034969752613989095,0.10079372977439831,0.036368753835412056,-0.013888888888888888,0.04094101507326389,0.036368753835412104,0.04385946939776841,-0.002140792710186475,0.0057387421803082855,-0.022648221104358664,0.012443182714383461,0.021315542993726313,-0.013503670799864687,-0.007251014493228291,-0.0033004400387198632,-0.03558652736750334,-0.025026828839771816,0.03870284093910584,-0.03535538656726931,0.01212684643256924,0.005167050871383419,-0.02534914615273258,-0.23170685427851556,0.007570545495625227,-0.10014457995762505,-0.0559830992644842,-0.07728438235170466,-0.10912582164200836
Exterior1st_AsphShn,-0.0018152386894673069,0.007402820746843885,-0.06312474446441811,-0.057935732660688403,-0.014942331805524267,0.006106648637716966,0.020675535971446637,-0.019939353698625824,0.03639102312063309,0.023881800932183603,-0.06192760450296451,-0.024903264963400094,-0.028781363562796355,0.007317384435589041,0.027977331707294387,-0.007023010266505803,-0.01805394364726135,-0.006233820540312215,-0.020187284323449333,-0.03125785701522509,-0.11870083125481419,-0.14802385977944912,-0.10440745304100582,-0.10465209407924017,-0.026878209439461197,-0.002841604613472634,-0.0009696356842476744,-0.0027558066815460166,-0.005324910884747069,-0.0036608325200733092,-0.008858951738437832,-0.004980832596595439,0.09654767242162945,-0.006261653917248717,-0.004221538613690467,-0.0028416046134726357,-0.004878731159947839,-0.01117455234732014,-0.0020618634616685508,-0.00600614141639662,-0.004450133961766882,-0.006177412841863215,-0.0075827681620618155,-0.0034555438454198853,-0.006049320559056111,-0.005372535479949057,-0.006549802630573901,-0.0034555438454198758,-0.0042797101245977435,-0.0022810484185192673,-0.0021741442384047476,-0.005651216278606728,-0.0027558066815460192,0.013564816774682836,-0.01096831218233347,-0.05902644783854795,-0.0038560005446603633,0.13622976568610745,-0.004560596574554111,-0.007619075019517854,-0.008990029689756342,-0.002576037764248543,0.026324011609458547,-0.0019432739968373654,-0.002281048418519265,-0.017334820079736777,-0.004221538613690468,-0.005651216278606716,-0.0024814742026844513,-0.04951306767948118,-0.002281048418519269,0.05304242682790607,-0.0018171407467263553,-0.0009696356842476742,-0.003085361854253946,1.0,-0.0009696356842476746,-0.004930009996542106,-0.0006854009595613444,-0.005466739938600009,-0.0110863483058297,-0.0006854009595613444,-0.011027392985252958,-0.007399389449496118,-0.0009696356842476739,-0.003455543845419878,-0.019326804978071606,-0.01061102153640081,-0.003525205608274519,-0.0030853618542539406,0.5769544170558818,-0.0018171407467263583,-0.003455543845419885,-0.0006854009595613444,-0.005419808745550291,-0.010640988927468543,-0.002174144238404753,-0.010849762198506809,-0.0006854009595613451,-0.008593277194535114,-0.0015347083625049977,-0.003525205608274512,-0.01900897397682443,-0.010339601285233223,-0.004279710124597734,-0.0045605965745541075,-0.0013722134196707807,-0.0009696356842476753,-0.0020618634616685477,-0.0015347083625049962,-0.001534708362504997,-0.00790540661268422,-0.001187963796271549,0.010217924776423618,-0.007137125156078002,-0.0013722134196707794,-0.0023832999075658534,-0.0030853618542539467,0.012243190039424453,-0.008010999925671865,-0.006590171425590697,-0.005559611258532544,-0.0021741442384047554,-0.003791970610339502,-0.019939706583096944,-0.005830869671712123,-0.0013722134196707807,-0.002383299907565848,-0.008660154807472394,-0.013285926280496416,-0.005419808745550287,-0.002755806681546019,-0.005324910884747052,-0.0030853618542539415,0.13622976568610745,-0.005324910884747068,-0.0066703501166757995,-0.00626165391724871,-0.005372535479949056,-0.005031212937271013,-0.007325140422603417,-0.00855971909449199,0.06496090850178803,-0.011986129886989725,-0.011437603779197543,-0.007905406612684223,-0.005559611258532556,-0.013703921723190838,-0.014120139929614839,-0.013425492577827765,-0.014369255787343879,0.07094223940387107,-0.09923774270334383,0.0016817668047430174,-0.10802194125743991,-0.16235809316977123,-0.027656242287800118,-0.026676602032987114
Exterior1st_BrkComm,-0.0023323080157390623,-0.0285877836898227,-0.03542183335029378,-0.005888336327131801,-0.02113889384365325,0.0019112163262114319,-0.03800151243752959,-0.028208173036987146,-0.016642322417346686,-0.045994557161604804,-0.013243203837842865,-0.035230610675306986,-0.03692953144139555,0.02137489637935072,0.055734381306286135,-0.05710859654589149,-0.025540886334599014,-0.061588260990223825,-0.05646790495829969,-0.06352721433675254,-0.09268519306486572,-0.12906470018576963,0.009645825007042022,-0.009996154739129974,-0.038024561590727764,-0.004020013680035238,-0.0013717421124828557,-0.0038986354775828445,-0.007533143245953531,-0.005178974140609907,-0.012532745410970594,-0.007046376220444556,0.13658584381174646,-0.008858352174556853,-0.005972204189622775,-0.004020013680035242,-0.0069019334749167,-0.015808622034013134,-0.0029169150707926976,-0.008496879032243016,-0.006295597677267976,-0.008739176454660777,-0.01072733046656062,-0.004888552568041254,-0.008557964499010758,-0.0076005176876018914,-0.009265995716504865,-0.00488855256804124,-0.006054499336712149,-0.003226995692431687,-0.003075758513101476,-0.007994766985218954,-0.0038986354775828506,0.019190125446325278,-0.015516854389532172,0.016427139354546073,-0.005455078045081898,-0.007117649210979693,-0.0064518689658320865,-0.010778693722011545,-0.012718181187275687,-0.003644316666529883,0.03724053877224921,-0.0027491467371303937,-0.003226995692431684,-0.024523543328686455,-0.0059722041896227785,-0.007994766985218938,0.19361965850089488,-0.02523131548858843,-0.0032269956924316904,-0.01828037935356191,-0.002570706222025124,-0.001371742112482857,-0.004364856673991037,-0.0009696356842476746,1.0,-0.0069744775662473136,-0.0009696356842476748,-0.00773378859049304,-0.015683839912058236,-0.0009696356842476748,-0.015600435910633932,-0.010467904883688798,-0.0013717421124828568,-0.004888552568041242,-0.02734160130331211,-0.01501139586177356,-0.004987102956903682,-0.004364856673991032,-0.0016806105570620117,0.5336051629432146,-0.0048885525680412495,-0.0009696356842476748,-0.007667395103803945,-0.01505379068386672,-0.0030757585131014837,-0.015349141909586302,-0.0009696356842476741,-0.012156896041968894,-0.0021711495620761133,-0.00498710295690367,-0.026891966274253113,-0.014627418049533578,-0.006054499336712135,0.10307985998899163,-0.001941268216151706,-0.0013717421124828555,-0.0029169150707926937,-0.002171149562076109,-0.0021711495620761107,-0.011183766586863216,-0.0016806105570620128,-0.04022013829788048,0.06288056944770004,-0.0019412682161517008,-0.003371650716857803,-0.00436485667399104,-0.030938769309626066,-0.011333149284483417,-0.0093231053887811,-0.007865173504087853,-0.0030757585131014863,-0.005364494995391861,0.04862838278019793,-0.008248922364374904,-0.0019412682161517052,-0.0033716507168577953,-0.012251507698221595,-0.018795579492765925,-0.0076673951038039425,-0.0038986354775828484,-0.007533143245953508,-0.004364856673991033,-0.007117649210979693,-0.00753314324595353,-0.009436534059849983,-0.00885835217455684,-0.00760051768760189,-0.007117649210979691,-0.010362864899440886,-0.01210942144940603,-0.014926448946153244,0.03196985888095488,0.034297680355854225,-0.011183766586863219,-0.007865173504087867,-0.01938691700321938,-0.019975740260252114,-0.018993023719131474,0.06747988195058123,-0.013667959912113578,-0.0653103231772855,0.0023791929143278183,0.008976284567380751,-0.11185777036239428,-0.03912524346568325,-0.051264124410563106
Exterior1st_BrkFace,0.08383855480184094,0.03867891448474408,0.05375549467361352,-0.03698712235146693,-0.10514372717494229,0.02186087692216615,-0.015410333470134305,-0.023552935478511512,0.007749888237173359,0.007207734117825702,-0.02700252739824963,0.11307973802090857,0.05477425661777986,0.09846569957956622,0.15378029694874482,-0.033726418469272886,-0.051135156991778646,-0.023375164313102062,-0.02600857171691532,-0.0834790940275719,-0.11164792626753957,-0.06797187030295455,0.021041988446603047,0.02538472267445618,0.08276967420291031,-0.020439334020784104,-0.006974477566247311,-0.019822199398808128,-0.019018660677098124,0.028588969727600153,-0.06372141739826918,0.107760654593303,-0.03615257613160084,-0.045039353937700914,0.01756248260570303,-0.02043933402078413,-0.014180093327748083,0.14910875798107234,-0.014830745909717528,0.025920889205435192,-0.009212432675610064,-0.04443341760514058,0.0018341549526715668,0.004175695113803908,-0.04351206459868558,-0.03864402763584898,-0.04711197437595223,-0.024855328058356486,-0.007128801490868253,0.11425459630400864,0.030025667669549054,-0.04064854645663654,-0.019822199398808145,0.042248827202382606,-0.026056669085266743,0.022550953814928207,-0.02773576687726533,0.024775500955622344,-0.03280384479930854,-0.012691250523253822,0.03342385700980096,-0.018529142324725047,0.08388989338476163,-0.013977745576195227,-0.016407318007103034,-0.09196043055313441,-0.030365040019206153,-0.004127390870981578,0.022242547088871297,-0.0827147870599267,0.027146653429934116,0.07786552112884096,-0.013070483665821461,-0.006974477566247314,-0.022192651720471163,-0.004930009996542106,-0.0069744775662473136,1.0,-0.004930009996542106,-0.039321629434313464,-0.0797428238324437,-0.004930009996542107,-0.07931876501586614,-0.053222954309358805,-0.0069744775662473136,-0.024855328058356514,-0.13901547760320185,-0.07632385323980229,-0.02535639707855446,0.01020861979141679,-0.008544886477686156,-0.013070483665821508,0.6718892280734936,-0.004930009996542106,-0.038984058779272544,-0.044148816347211184,-0.01563836857789009,-0.0780410872680664,-0.004930009996542105,0.014451457573368335,0.11789630771431923,0.003120787332745158,-0.13672935589370977,0.0579116604286661,-0.007128801490868235,-0.010527745540243208,-0.009870172753618223,0.09485289490096321,-0.014830745909717514,-0.011038980123063594,-0.011038980123063591,-0.05686267736217718,-0.00854488647768614,0.0512570424690192,-0.021652828180035864,-0.009870172753618222,0.02457134833858534,-0.022192651720471163,0.058619602849906936,-0.057622197875440075,0.00032691270661612656,-0.03998964211984071,-0.015638368577890135,-0.027275206949713103,0.0831645181354731,-0.0241919238931285,-0.009870172753618229,-0.01714280116645491,0.038759151833416966,-0.09556413433983035,0.03690490897771128,-0.019822199398808155,0.00026414806495966576,-0.022192651720471118,0.024775500955622344,-0.038301469419155895,-0.032237614608126755,-0.028391896532879903,0.018732528650598018,-0.03618893398012251,-0.009145995935491395,-0.01056717397827549,0.05446363444704073,0.04314150146407239,0.010125460173810712,-0.029643166231430082,-0.002919878630972493,0.0022602204989694554,-0.03846486714257381,0.014739329156031803,-0.0051372411063934946,0.03486577904452855,-0.011399972694694472,0.012096754525324079,0.029186402209116086,-0.0894537665430668,0.07264753021157197,0.032371390691590105
Exterior1st_CBlock,-0.013425682682207958,-0.007050333107034817,-0.012979758198834575,-0.016533829899854684,-0.014942331805524255,0.023940440498765307,-0.026861916813296822,-0.019939353698625834,-0.027815495013656176,-0.008343179992944,-0.026883301179581404,-0.024903264963400073,-0.011252130439285891,0.04541047812620812,0.04574071691827494,-0.04036803462129757,-0.06365733071473836,-0.006233820540312334,-0.020187284323449243,0.023331223418062853,-0.012330898075726428,0.0034231165891534863,0.006818290439379822,0.006874955085497584,-0.026878209439461228,-0.002841604613472634,-0.0009696356842476742,-0.0027558066815460153,-0.005324910884747068,-0.00366083252007331,-0.00885895173843783,-0.004980832596595438,-0.007099093560413935,-0.006261653917248715,-0.004221538613690466,-0.002841604613472636,-0.004878731159947836,-0.011174552347320134,-0.00206186346166855,-0.006006141416396619,-0.00445013396176688,-0.006177412841863213,0.09038928065749781,-0.003455543845419885,-0.006049320559056114,-0.0053725354799490565,-0.006549802630573901,-0.003455543845419875,-0.004279710124597742,-0.0022810484185192673,-0.0021741442384047476,-0.005651216278606727,-0.002755806681546019,0.013564816774682886,-0.010968312182333465,0.011611760230534071,-0.003856000544660362,-0.00503121293727101,-0.00456059657455411,-0.007619075019517852,0.0762401219144272,-0.002576037764248544,-0.02603710140118111,-0.0019432739968373645,-0.0022810484185192643,-0.017334820079736777,-0.004221538613690466,-0.005651216278606714,-0.0024814742026844513,0.01384282961415829,-0.0022810484185192687,-0.012921749636099756,-0.0018171407467263549,-0.0009696356842476738,-0.003085361854253945,-0.0006854009595613444,-0.0009696356842476748,-0.004930009996542106,1.0,-0.005466739938600008,-0.011086348305829698,-0.0006854009595613442,-0.011027392985252956,-0.007399389449496115,-0.0009696356842476738,-0.003455543845419877,-0.019326804978071602,-0.01061102153640081,-0.0035252056082745197,-0.0030853618542539393,-0.0011879637962715498,-0.0018171407467263581,-0.0034555438454198827,1.0,-0.0054198087455502855,-0.010640988927468538,-0.002174144238404753,-0.010849762198506802,-0.0006854009595613451,-0.008593277194535112,-0.0015347083625049966,-0.0035252056082745115,-0.019008973976824425,-0.010339601285233223,-0.004279710124597735,-0.004560596574554107,-0.0013722134196707805,-0.0009696356842476752,-0.002061863461668547,-0.0015347083625049966,-0.001534708362504997,-0.007905406612684218,-0.0011879637962715487,0.010217924776423653,-0.007137125156078,-0.0013722134196707794,-0.0023832999075658525,-0.003085361854253946,0.01224319003942447,-0.008010999925671865,-0.006590171425590694,-0.005559611258532543,-0.0021741442384047554,-0.0037919706103395016,-0.019939706583096937,-0.0058308696717121215,-0.0013722134196707803,-0.0023832999075658486,0.07914419254606717,-0.013285926280496416,-0.005419808745550286,-0.002755806681546019,-0.005324910884747053,-0.003085361854253941,-0.00503121293727101,-0.005324910884747067,0.10275337089845529,-0.006261653917248706,-0.005372535479949051,-0.005031212937271012,-0.007325140422603417,-0.008559719094491984,-0.010550975584685316,-0.01198612988698972,-0.01143760377919754,-0.007905406612684221,-0.005559611258532555,-0.013703921723190831,-0.014120139929614835,-0.013425492577827765,0.04769912719940786,-0.00966139447134431,0.006906656085580779,0.0016817668047430815,0.006345016128972339,0.004221538613690527,-0.027656242287800115,-0.025028294581555425
Exterior1st_CemntBd,-0.027588574486489045,0.07757780356356185,0.0939223442275716,0.04899671860192997,0.04228706346133212,-0.07612435983209316,0.07788778193419235,0.018007480045405585,-0.024567570213736265,0.05143397905761128,0.03759891080698303,0.02977870510499142,0.10124037045131382,-0.10272071076452353,-0.0972102652111377,0.09876409294327494,0.1660683426035235,-0.010703131170565868,0.15368466473430167,0.05404135804908788,0.12070415608857146,0.03225324925024774,-0.04741971094609459,-0.04724353298407037,0.058977873147969685,-0.022664563294633937,-0.007733788590493037,0.0437803166024372,-0.024945014738469173,-0.02919870342582925,-0.036835224994931096,0.03484890819284637,-0.02951779355827325,-0.04994278615107644,-0.011889983024459668,0.5197987549048003,-0.01990545750292816,-0.07964692989145884,-0.01644536847607774,-0.016491825067946674,-0.03549415086386954,0.05793550752763584,-0.047669753991790326,-0.027561326382487535,-0.03264358011132813,-0.04285120099420358,0.10768866633717593,0.1571447428824451,-0.034134854842839436,-0.01819358189895209,-0.01734091698379157,0.087703792484882,-0.02198024125719071,-0.15997859378838516,0.14303313971725956,-0.14752622690403577,-0.030755358431726235,-0.04012882141481581,0.1458474855788923,0.15612721013350844,-0.04941592980612062,-0.020546409124043447,-0.029664639335065277,0.030871958979029314,-0.018193581898952097,0.04021289436054376,0.11879540128453232,-0.028476733658409553,-0.0197921726562838,-0.0055661777235528,-0.01819358189895213,0.017687276140190326,-0.014493466569617969,-0.00773378859049304,-0.02460876460470351,-0.005466739938600009,-0.00773378859049304,-0.039321629434313464,-0.005466739938600008,1.0,-0.08842442107973937,-0.0054667399386000085,-0.08795419500098384,-0.05901733468640647,-0.007733788590493037,-0.027561326382487452,-0.15415008570571076,-0.084633227329463,-0.028116946761884743,-0.024608764604703508,-0.009475167841674612,-0.014493466569618007,-0.027561326382487508,-0.005466739938600008,0.9741710841939724,-0.08487224644859327,-0.017340916983791567,-0.0865374165406043,-0.005466739938600008,-0.06853975178688278,-0.01224079333763842,-0.02811694676188476,-0.15161507403990374,-0.07244892711339108,-0.012634903129920706,-0.03637519774397973,-0.010944737968266217,-0.007733788590493038,-0.01644536847607773,0.046354479688434085,-0.012240793337638415,0.1348673280749601,-0.009475167841674605,-0.09031708780265611,-0.029945725620809212,-0.010944737968266212,-0.019009137073123485,-0.024608764604703504,-0.06292164353971605,0.13185522165262367,0.07758172948747705,0.12412204322940794,0.27319051182661813,-0.030244657367867443,-0.03831012352132979,-0.04650686239412438,-0.010944737968266232,-0.01900913707312345,-0.046111685405710576,0.004305194028289325,-0.025984194777239802,0.010900037672623318,-0.04247134848157053,0.004841068446826887,-0.04012882141481581,-0.007418680995367664,0.018335226615882265,0.01058136224533075,0.009298913024860493,-0.003188040036738182,-0.045232938881822934,-0.010326937953899884,0.014580253615108308,-0.005160090648185915,-0.016578416002657474,0.03590700693439385,0.00619629424692684,-0.042650309387592,0.018468212206306688,0.002517659569196335,0.023357561161691066,-0.0032844831161922606,0.04120853722825412,0.013413727586234634,-0.054069610954749735,0.03367088040929163,0.03996555766881325,0.1334917623503349
Exterior1st_HdBoard,-0.010125633554489021,-0.09245489642479941,-0.05930251806250502,-0.05192034606178197,0.05403542715128681,0.01301617826890196,-0.10198618179648318,0.075893171577395,0.062337349807994574,-0.06451315362016623,-0.062049605179670474,-0.032822445750248244,-0.08864544219215546,-0.03158008378227993,0.09227043969681699,-0.029778356320900087,-0.1458244923461012,-0.019299688264601666,-0.12242128765855907,-0.20331472772623213,-0.05994948038895559,0.0388171461497908,0.05761012399778009,0.06041545074099512,-0.06268442729881388,-0.04596290398042637,-0.015683839912058226,0.21193262765945542,-0.0665978294277779,-0.017489820111478552,-0.0616204592940298,-0.059786796414983114,-0.05441385262874174,-0.00010395019553636366,-0.06828331184104988,-0.04596290398042639,0.12232373366750486,0.04114328056487523,-0.033350604746381976,0.14791189128405055,0.04347952589508812,-0.09991954262455569,-0.10123632713121059,-0.0558933601156744,0.18911971351970613,0.09714456759048629,-0.10594294082029646,0.06173446801965472,0.0026586832785460398,-0.036895917517173075,-0.035166744309045074,-0.0914083225916486,-0.026253141702012164,0.14002391167267558,-0.09177810548397874,0.023124986805543125,-0.02267532573419921,0.0009587361421462016,0.039055236776243486,-0.04503353673757224,-0.12057399914409658,-0.04166736492710447,0.02139561054962088,-0.03143242226621461,-0.03689591751717306,0.017966102531066473,0.04095003580825561,0.10281060815401644,-0.04013780100409784,-0.020747284043111255,-0.03689591751717304,0.04091168529726476,-0.0017779077247088093,-0.015683839912058233,-0.04990567300587264,-0.0110863483058297,-0.015683839912058236,-0.0797428238324437,-0.011086348305829698,-0.08842442107973937,1.0,-0.0110863483058297,-0.17836788500853526,-0.11968499247520176,-0.01568383991205823,-0.05589336011567435,-0.3126107260819625,-0.17163308424383855,-0.05702013788835046,-0.04990567300587258,0.022908322563120496,-0.029392219193589943,-0.05589336011567445,-0.011086348305829698,-0.08766530986855833,0.883271397030471,0.011088613070419645,-0.1701014653369084,-0.0110863483058297,0.009065346810509852,-0.024823880412261252,-0.05702013788835045,-0.30746981530110723,-0.1616596912973607,-0.0572437486146209,0.016490675757915314,0.014297119134798647,-0.015683839912058236,0.015390018806888953,0.04047857977134502,-0.024823880412261246,-0.12786981107163548,0.022908322563120528,0.08642921333196693,-0.002687591619394421,-0.022195527607869286,-0.017422672511395215,-0.000674400986565865,0.10358585334873237,-0.12957778102734818,-0.058248585749822224,0.060272563312727144,-0.03516674430904512,-0.020997587095637676,0.08111898448556674,-0.09431421302338265,0.014297119134798659,-0.038549833530196594,-0.11448805230898017,0.045072652398215236,-0.07805634947756003,-0.044575123960586514,0.08966224444053175,0.08137771904561213,0.0009587361421461998,0.011532207506376905,0.011696850152045298,0.05048514496548995,-0.028781118304024706,0.021543365076461735,0.0432407244429424,-0.041586415001080755,-0.02211278239533354,0.017790727555531155,-0.02901757041345337,-0.0037958694469648027,-0.005439576334816206,-0.008102247047874801,-0.018380762382081445,0.022433904151418372,-0.0017841480731120105,0.008165610123112852,0.08851390722057084,-0.0026140586757586555,0.044300862975445165,0.01973515733024738,-0.02705912950798083,-0.09514764583955194
Exterior1st_ImStucc,0.005101174952309945,0.005409282284239906,0.0338222289823768,0.0347898306231908,-0.014942331805524275,0.02275152104136209,0.02067553597144665,-0.019939353698625838,-0.027815495013656176,-0.02445567045550778,0.043205305467184485,0.01572105553555424,0.021702827832913697,-0.02125243583237529,-0.01516231809080128,0.026322014088285953,0.027549443420215865,-0.006233820540312419,0.019268452105246806,0.02333122341806276,0.01426158521904556,0.0034231165891533953,0.006818290439379826,0.006874955085497592,0.007394441898192374,-0.002841604613472634,-0.0009696356842476744,-0.002755806681546016,-0.005324910884747069,-0.0036608325200733092,-0.00885895173843783,-0.004980832596595439,-0.007099093560413937,-0.006261653917248716,-0.004221538613690467,-0.0028416046134726357,-0.004878731159947838,-0.011174552347320135,-0.0020618634616685508,-0.006006141416396618,0.15401805101822433,-0.006177412841863214,-0.007582768162061815,-0.003455543845419885,-0.006049320559056114,-0.005372535479949057,-0.006549802630573902,-0.0034555438454198758,-0.004279710124597741,-0.0022810484185192673,-0.0021741442384047476,-0.005651216278606728,-0.002755806681546019,0.013564816774682884,-0.010968312182333469,0.01161176023053408,-0.003856000544660364,-0.005031212937271012,-0.00456059657455411,-0.007619075019517854,-0.008990029689756344,-0.0025760377642485436,0.02632401160945857,-0.001943273996837365,-0.0022810484185192647,-0.01733482007973678,-0.004221538613690467,-0.0056512162786067155,-0.0024814742026844513,0.013842829614158284,-0.002281048418519269,-0.012921749636099756,-0.0018171407467263553,-0.0009696356842476739,-0.003085361854253945,-0.0006854009595613444,-0.0009696356842476748,-0.004930009996542107,-0.0006854009595613442,-0.0054667399386000085,-0.0110863483058297,1.0,-0.011027392985252958,-0.0073993894494961176,-0.0009696356842476738,-0.003455543845419878,-0.019326804978071606,-0.01061102153640081,-0.0035252056082745193,-0.0030853618542539406,-0.00118796379627155,-0.0018171407467263583,-0.0034555438454198836,-0.0006854009595613443,-0.005419808745550289,-0.010640988927468542,0.3152509145686888,-0.010849762198506809,-0.0006854009595613453,-0.008593277194535114,-0.0015347083625049972,-0.003525205608274512,-0.01900897397682443,-0.010339601285233223,-0.004279710124597736,-0.0045605965745541075,-0.0013722134196707807,-0.0009696356842476753,-0.0020618634616685473,-0.0015347083625049966,-0.0015347083625049972,-0.00790540661268422,-0.001187963796271549,0.010217924776423585,-0.007137125156078002,-0.0013722134196707794,-0.0023832999075658525,-0.0030853618542539462,0.012243190039424477,-0.008010999925671865,-0.006590171425590697,-0.005559611258532544,-0.0021741442384047554,-0.0037919706103395016,0.03437367328877158,-0.005830869671712124,-0.0013722134196707805,-0.0023832999075658486,-0.008660154807472394,-0.01328592628049642,-0.005419808745550287,-0.0027558066815460197,-0.005324910884747054,-0.0030853618542539415,-0.005031212937271012,-0.005324910884747068,-0.006670350116675799,-0.006261653917248708,-0.005372535479949052,-0.005031212937271013,-0.007325140422603418,-0.00855971909449199,-0.010550975584685316,-0.01198612988698972,0.0599252232192145,-0.007905406612684223,-0.0055596112585325555,0.05001494998336527,-0.014120139929614839,-0.013425492577827767,-0.014369255787343877,-0.009661394471344311,0.006906656085580742,0.0016817668047430126,0.006345016128972279,0.004221538613690599,0.024782866465690948,0.026728559393402882
Exterior1st_MetalSd,-0.08042767051038466,-0.12808819114854994,-0.12665099322562587,-0.11989000819274642,-0.04692214113224045,-0.11825000842540045,-0.15058453614285217,-0.06563195925945776,-0.06718466658990678,-0.11420147687411776,-0.15573691625806932,-0.11842999246783409,-0.15275317663978455,0.20845796353524107,0.1658164884286789,-0.15810665343071134,-0.13038681341114397,0.10702197014173866,-0.14877925214531001,-0.07574224174559219,-0.12643555864994518,-0.022454579434894647,-0.032647921732798346,-0.030082818702565996,-0.13250815167947014,-0.04571848105016551,0.08792972967811843,-0.04433808100917008,0.08097242039296079,-0.03097935009152923,-0.12361357566520619,0.03456866389435439,0.060119716257688256,-0.08381769722667469,0.0782667577576782,-0.04571848105016553,-0.05723198594561286,0.1224730815010187,-0.03317325188500581,-0.05270869485531603,-0.03683092883991493,-0.03086079491890373,0.11444144781564272,0.0034368515925748294,-0.036228717994633314,-0.07671587142887465,0.08165244529185119,-0.040837883629418245,-0.0327807807116896,-0.014558563153823664,0.081089382263439,0.12258605370612373,0.06600327968410549,-0.16141956941346006,0.076018463877684,-0.09730271864225398,0.08405292415709052,0.032690140966003325,0.03986775521754229,0.041545289260906726,0.12961272319377018,0.09607886510026291,-0.043643020350236164,-0.005329307381937975,0.05186488123549663,-0.0542984817907083,-0.00700896338128463,-0.025941447049843604,-0.039924354983806525,0.018850639942832537,0.029723733105723283,-0.014934792286370525,-0.0015187489015808311,-0.015600435910633936,-0.0496402830984393,-0.011027392985252958,-0.015600435910633932,-0.07931876501586614,-0.011027392985252956,-0.08795419500098384,-0.17836788500853526,-0.011027392985252958,1.0,-0.11904852797806038,-0.015600435910633932,-0.055596128703415834,-0.3109483152444647,-0.17072036860257997,-0.05671691446294456,-0.049640283098439146,0.02316740552924327,-0.029235916355430897,-0.055596128703415876,-0.011027392985252956,-0.08719912061451496,-0.15473639510326356,-0.03497973352540496,0.9730651937625319,-0.011027392985252953,-0.13825694775215708,-0.024691871225169942,-0.04224021951261246,-0.3058347429554897,-0.15514555517526055,-0.05683100173634628,0.03986775521754237,0.014551076616025508,-0.015600435910633932,0.04021000228485553,-0.02469187122516998,0.008080976037328361,-0.08567779304891532,0.06544792062011215,0.03438142088341941,0.043616403148306226,0.014551076616025456,-0.0383448320516882,-0.0002256376504474582,0.04230769910915259,-0.0878317961683447,-0.008974245307353537,0.10842230126508684,-0.034979733525405,0.07395016679837119,-0.07057150972071388,0.07762102011416341,0.014551076616025485,0.0888902924834589,0.12393946441855284,-0.1615687008690064,0.038182645238779955,0.01083259933746768,-0.017053892852248776,-0.01669718613311136,0.03269014096600332,-0.026856524176769783,-0.011290971382369298,-0.024577250085829946,0.03995618303587209,-0.029293762683821205,-0.021933365797883308,0.03729281347253048,0.001437313518179979,0.014551682546482562,-0.022233868764230894,0.045776962436533265,-0.023491498607435494,-0.029427380529332872,0.04777087740344419,0.05277328884410922,-0.06777656149407696,-0.002180223360371232,-0.03636685880472236,-0.0327974418861769,-0.023372939642926353,0.007008963381284624,-0.13432864462481528,-0.16706804265413447
Exterior1st_Plywood,0.11120525634369421,0.023922525173664073,0.06049987308992749,0.03440802811670357,0.014547902766742489,0.008761297177390827,0.04263652187168835,0.018997257433944235,0.00457179791297731,0.0033447713677476876,0.039061273457662464,0.13317258141676705,0.04780631810341053,-0.02121791153758487,0.08172984068257678,0.0958402724902843,-0.13108574899679556,0.022187670305870606,-0.09567186264075989,-0.18193366634402747,-0.029451308840340064,-0.027384421757558758,0.03747427582939469,0.03798812542869304,0.06269872699865335,-0.03067713708779398,-0.010467904883688798,-0.029750887564168122,-0.05748618946393243,0.1322081026068935,-0.0870193795864766,-0.025265242082405753,-0.02483695592460212,-0.056031421886908434,-0.028923158236959696,-0.030677137087794026,0.06357745468853672,0.009829699216577609,0.27865318831257846,0.1873171623163386,-0.0480423521826061,-0.06668955269119885,-0.07206804756538865,-0.03730504650655178,0.053997336206721536,0.14134167228588304,-0.07070976456170662,-0.0373050465065517,-0.013329377947765184,0.12669299027293676,0.008258465749227782,-0.061008887608656276,-0.004614142284257587,0.13362837773388198,-0.11841070881003664,-0.10059527338057624,-0.005321653383772521,0.14337128692011225,-0.0027988817504563416,0.044547200021274054,-0.06297523027748164,-0.02781015460860067,0.038186916705702637,-0.02097902097902093,-0.024625535412998834,-0.05069880630602322,0.07098491201373708,0.09125260967106721,0.16821526970841147,0.0037824926923067563,-0.024625535412998893,-0.047186294658913636,-0.019617323089512,0.13104266113654853,-0.03330866937632459,-0.007399389449496118,-0.010467904883688798,-0.053222954309358805,-0.007399389449496115,-0.05901733468640647,-0.11968499247520176,-0.0073993894494961176,-0.11904852797806038,1.0,-0.0104679048836888,-0.03730504650655164,-0.20864656644008286,-0.114553502894233,-0.0380570946411645,-0.03330866937632458,-0.012824911692771435,0.16980920938858074,-0.037305046506551726,-0.007399389449496115,-0.05851067917351251,-0.09987250859698604,0.07171825519066254,-0.11713087765817141,-0.0073993894494961176,0.755085263686463,-0.01656826519887088,-0.03805709464116449,-0.2052153553737067,-0.09630371419746776,-0.04620250599461851,0.04363711092756929,-0.014814017048454668,-0.010467904883688798,0.01117544016243736,-0.016568265198870908,-0.016568265198870894,-0.08534447095216993,-0.012824911692771434,0.05622388823900466,0.015766073666584085,-0.014814017048454663,0.1481823586428644,0.079262296571439,-0.0042226895378914345,-0.0864844256533685,0.0394041686710058,0.017254411413330468,-0.023471428971489572,-0.004043161681976628,0.012762291945881674,-0.06294837339863989,0.0352518739023412,-0.025729412754709535,-0.08471556668077729,-0.033188294534217476,-0.05851067917351269,-0.029750887564168122,0.10329893815549522,0.0342339101923335,0.14337128692011225,0.02290637434578141,0.004555013044288742,-0.009761130057221618,-0.018131930138683618,0.04452788754588478,0.021773273127320365,0.03162803635978751,-0.02332700400976861,-0.03260068627519639,0.019191905290181884,-0.019146801467411545,-0.021382767518360397,-0.039664507908970505,-0.0021107443128084605,-0.009588350220378157,0.012391746417040416,0.04878445451669103,0.06395202788346833,-0.022750868343634215,0.0342024930739366,-0.03768222193017151,0.11029379490624826,-0.017719256492840126
Exterior1st_Stone,0.015922949303642877,0.059157424875539016,0.02209026646380968,0.01637912005014733,-0.021138893843653212,0.016207897826081206,-0.004375931735230692,-0.028208173036987166,-0.039350538052230946,0.033785547080011157,0.011545357191965637,0.022240553107875365,0.0498880397918464,0.005452779688609879,-0.010680179348547553,-0.009935441831887779,0.006716634468614535,-0.008818976338975961,0.055168034431162076,-0.00560689818459262,0.0013656700674001259,0.004842677778431464,0.00964582500704203,0.009725988394829313,0.04278455037792232,-0.00402001368003524,-0.001371742112482856,-0.0038986354775828462,-0.007533143245953533,-0.005178974140609908,-0.012532745410970606,0.09381351869964427,-0.010043076750863722,-0.00885835217455685,-0.005972204189622778,-0.004020013680035243,-0.006901933474916697,-0.01580862203401313,-0.0029169150707926985,-0.008496879032243014,-0.006295597677267978,-0.008739176454660779,-0.010727330466560608,-0.004888552568041251,-0.008557964499010763,-0.007600517687601894,-0.009265995716504863,-0.004888552568041239,0.1102556195001265,-0.0032269956924316887,-0.003075758513101476,-0.007994766985218954,-0.00389863547758285,0.01919012544632531,-0.015516854389532174,0.016427139354546153,-0.005455078045081898,-0.007117649210979691,-0.006451868965832089,-0.010778693722011547,-0.012718181187275692,-0.003644316666529888,0.0372405387722492,-0.0027491467371303932,-0.003226995692431685,-0.02452354332868644,-0.005972204189622778,-0.007994766985218936,-0.0035105377412993502,-0.025231315488588316,-0.0032269956924316913,0.028379330185249966,-0.002570706222025124,-0.0013717421124828555,-0.0043648566739910395,-0.0009696356842476739,-0.0013717421124828568,-0.0069744775662473136,-0.0009696356842476738,-0.007733788590493037,-0.01568383991205823,-0.0009696356842476738,-0.015600435910633932,-0.0104679048836888,1.0,-0.004888552568041242,-0.02734160130331209,-0.015011395861773575,-0.0049871029569036815,-0.0043648566739910325,-0.0016806105570620123,-0.002570706222025129,-0.00488855256804125,-0.0009696356842476739,-0.007667395103803949,0.038034456655373326,-0.0030757585131014832,-0.015349141909586302,-0.0009696356842476752,-0.012156896041968887,0.31481668650103556,-0.004987102956903671,-0.026891966274253096,-0.014627418049533582,-0.006054499336712138,0.10307985998899173,-0.0019412682161517052,-0.0013717421124828577,-0.002916915070792694,-0.002171149562076112,-0.002171149562076113,-0.011183766586863217,-0.0016806105570620106,-0.040220138297880494,0.13585801888620763,-0.0019412682161517032,-0.003371650716857804,-0.00436485667399104,-0.07919796075412829,-0.011333149284483427,-0.009323105388781094,-0.007865173504087851,-0.003075758513101487,-0.005364494995391863,0.04862838278019793,-0.008248922364374906,-0.0019412682161517045,-0.0033716507168577987,-0.012251507698221593,-0.018795579492765935,-0.0076673951038039485,-0.0038986354775828514,-0.007533143245953511,-0.0043648566739910325,-0.007117649210979691,-0.00753314324595353,-0.009436534059849988,-0.00885835217455684,-0.007600517687601888,-0.007117649210979695,-0.01036286489944089,-0.01210942144940603,0.03848682424351274,-0.016956759532246575,0.03429768035585424,-0.011183766586863219,-0.007865173504087868,0.025684577940570927,-0.019975740260252124,0.026615224027467178,-0.02032816408136938,-0.013667959912113576,0.009770835750932481,0.0023791929143280027,0.008976284567380883,0.00597220418962284,0.035060283105612204,0.036180551287503165
Exterior1st_Stucco,0.014606425574969845,0.06931372462111852,-0.0008756511758259978,-0.012635249951591506,0.006577193059415328,0.04876982092173701,-0.03956141289737781,-0.0060064440494108015,0.02161735620435571,0.055416724906862704,-0.029527460756602918,0.038297250971581175,0.04227771850278647,0.17708927969878507,0.07094159426154659,-0.038769749889820335,-0.026645035461242857,-0.0163841260432478,-0.022208365795551875,-0.058512187559565325,-0.09434465494700274,-0.05146056492186368,-0.021700643341708528,-0.02156686811488607,0.03497623184197972,-0.01432634313714184,-0.004888552568041241,-0.013893780982854036,0.027216569024467657,-0.01845659406714047,-0.04466363189252398,0.08990922256706091,0.08962082225187769,-0.031568995277955265,0.01230989972048683,-0.014326343137141859,-0.024596798703062042,-0.012469489064996652,-0.010395170149199663,-0.030280793623973942,-0.022435966580378303,-0.031144282231498264,0.11983111243646312,-0.017421602787456424,-0.030498487250727877,-0.027086381559663246,-0.0330217369162712,-0.017421602787456383,0.011583308542502125,-0.011500221459806007,-0.010961249232686848,-0.028491389395156295,-0.013893780982854055,-0.035013347286733464,0.063212511706028,0.030051712505227826,-0.01944056068810374,0.03160938603862223,-0.02299287913855475,-0.038412621727779823,0.04061544269976597,-0.012987451093612748,-0.025675331399283526,-0.009797284941114572,-0.011500221459806002,0.027298942730733227,-0.02128347147934632,-0.028491389395156302,-0.012510695803726806,-0.03242306699764599,-0.011500221459806004,0.027972118254309293,0.06727060687434572,-0.0048885525680412425,-0.015555279019719943,-0.003455543845419878,-0.004888552568041242,-0.024855328058356514,-0.003455543845419877,-0.027561326382487452,-0.05589336011567435,-0.003455543845419878,-0.055596128703415834,-0.03730504650655164,-0.004888552568041242,1.0,-0.09743876348867074,-0.053496934388878634,-0.017772812210984968,-0.015555279019719925,-0.005989283976805363,-0.009161366694949814,-0.017421602787456403,-0.003455543845419877,-0.000728659100643827,-0.05364801914054503,-0.010961249232686857,-0.05470057849541701,-0.003455543845419875,-0.04332419689136011,0.08263590962405558,0.7806365978824926,-0.0958363744856754,-0.052128531608928004,0.07790342804074978,-0.022992879138554745,0.0940875739417357,-0.00488855256804124,-0.010395170149199663,-0.007737444721353538,-0.007737444721353505,-0.020777495522650655,-0.005989283976805358,0.020339115529826507,-0.015176905768129738,-0.0069182039663040875,0.046460847802497394,0.029866135717862254,0.006690881513258887,-0.02151902765160977,-0.03322526178623441,-0.028029550001862514,-0.010961249232686869,-0.01911774490797014,-0.08957565478225236,0.14477024786540316,-0.006918203966304088,-0.012015736500645842,0.04487418546082326,-0.05389990165418825,0.1854437411138512,0.03681851960456326,-0.026846275568352444,-0.015555279019719908,0.03160938603862221,0.00018514672805762286,-0.011562500101656773,-0.031568995277955245,-0.02708638155966324,0.0031219146704812096,0.003762751560063058,-0.0074067462398093795,0.038174664340371166,0.00931525536940904,-9.857139012508744e-05,-0.0016987889421035077,-0.0020466020636280588,0.020859085213442034,-0.020642542008013826,0.04933988137553416,-0.047410484972204237,5.56677234801047e-05,-0.11501880859713814,0.008478860221147168,-0.014138470757209682,-0.045903270920319775,0.019194641762435124,-0.02980225815683773
Exterior1st_VinylSd,-0.045291995285861475,0.13680925101445393,0.17259572106302004,0.27868016460314887,0.13017959967099474,0.07617612489304477,0.312311586109136,0.1021333468885086,-0.01444124537147546,0.12644572930388057,0.3241426764603644,-0.008234497073063087,0.1835078378255025,-0.5184507689804644,-0.4854137875215602,0.2520116557545435,0.41478002940821074,-0.04507109740490785,0.3575405185838024,0.4576319068329088,0.3468167289309974,0.09445134086343601,0.08568679214746054,0.07936285222206464,0.07777537056961331,0.13366706628671896,-0.0273416013033121,-0.07770770896730804,-0.1134551035970863,-0.09277585344255158,0.35451010426396723,-0.12483425531925776,-0.0866793987310404,0.21627412263906484,-0.08255518151313113,-0.08012702261829692,0.005696855775561473,-0.19996309041751742,-0.05814003096900134,-0.11016623002432943,0.07407806643285261,0.2170175879622309,-0.11726065354997808,-0.04219193059800699,-0.09215933935346707,-0.020466735131538346,0.1318976570760865,0.0020055357145241054,0.08639269461686588,-0.06432056640025022,-0.06130610280548629,0.07695067044537741,-0.02263331329144901,0.07719186005623316,-0.11220335593154301,0.06055795084102024,-0.05901359705099006,-0.08772791635413316,-0.035336368144333226,0.030921619701152692,-0.15083374345379016,-0.07263861946975166,0.011212443023252857,-0.03537804387318852,-0.06432056640025023,0.17136665110054866,-0.06431370364568194,-0.0620508499384778,-0.06997213427318798,0.06425831057525597,-0.031166805784410827,-0.03569683791550648,-0.030487790437828954,-0.027341601303312098,-0.08700044260531922,-0.019326804978071606,-0.02734160130331211,-0.13901547760320185,-0.019326804978071602,-0.15415008570571076,-0.3126107260819625,-0.019326804978071606,-0.3109483152444647,-0.20864656644008286,-0.02734160130331209,-0.09743876348867074,1.0,-0.2992075528802681,-0.09940307253484128,-0.07466834103213807,-0.0334979755882512,-0.05123938672651431,-0.09743876348867088,-0.019326804978071602,-0.15282672891315421,-0.2959432223990302,-0.043926120262571706,-0.3059395163426634,0.03546374894034499,-0.2326363508928732,-0.04327541245249012,-0.08856450002544089,0.9775248873036357,-0.2873584534227309,-0.07566298093853989,-0.09468520667105232,-0.038693411178243764,0.011414454913033214,-0.021512438643330575,-0.01873867374156384,0.03033480368028931,0.2795397739572428,-0.033497975588251204,-0.16895471655580943,-0.05438021445031855,-0.03869341117824378,-0.05132720030942583,-0.0376720363125946,-0.140390068756625,0.28129993950987325,0.08060651245823647,-0.08622407732677582,-0.009166155176742645,-0.056403940251571576,0.038455998371580195,-0.1036199641368966,-0.011269925585896273,-0.06720383430344301,-0.13843120454890354,0.3038115486139489,-0.11672203243852582,-0.077707708967308,-0.062081104538059984,-0.037672036312594505,-0.08772791635413316,-0.010707105479033837,-0.03830725853946362,-0.01816207892534335,0.01592965133867602,0.028289074476514,0.0033675047971252143,-0.013278998161493905,0.016707927783603773,-0.03500575706180509,0.02132974379149716,-0.005357343047029248,0.05486547481342331,0.025257963753589525,-0.010468849059363796,-0.03259527613538115,0.033216179268831025,-0.02087245704515629,0.13663529500414903,0.04742213823958258,0.072462620371404,0.06431370364568191,0.04993134607452759,0.3050088024776266
Exterior1st_Wd Sdng,0.04894533656578687,-0.04091406019667488,-0.10998953999498935,-0.17933211418392728,-0.13449442802807432,0.029403339590354873,-0.18007238708489837,-0.11691505980030545,0.03501648040514344,-0.02502745885549528,-0.18969698127830542,-0.010016454786258188,-0.09095854005529667,0.4071116665723401,0.20322987528729017,-0.19643563458116853,-0.19382119937438905,0.004408406362501004,-0.16426855890217917,-0.11263955146807988,-0.16292155649526327,-0.0295221732083479,-0.07833918627501757,-0.07167392204456806,-0.030620088212122698,-0.04399224618942985,-0.01501139586177357,-0.04266396718609337,0.15932765595409856,0.0867813011274331,-0.13714968789460263,0.10506015805786063,0.0692504914566988,-0.07954604810879741,0.09739040544399839,-0.04399224618942993,-0.07552998093502519,0.06677335908225782,-0.03192069881385227,-0.07492882273816241,-0.03316667000822826,-0.09563549596750033,0.1476710416231545,0.14366264128120262,0.005013145450277821,-0.023226532899744873,-0.10140064119063175,-0.05349693438887863,-0.05389879796553947,-0.01256093962234352,0.014051803619480756,-0.08748919417552681,0.032929955255285755,-0.08381794595467663,0.13382389995662697,0.11606331428657272,0.06313667643570149,-0.046042142912076124,-0.07060478657981577,-0.11795456074543456,0.18108533316226735,0.0812552151098739,-0.02532469883474604,0.10317903769070132,0.07845132761647322,-0.11022232698289895,-0.052836738716844446,-0.03025205145875197,0.024415815561638785,-0.03804533652292614,0.07845132761647342,0.018077509704637364,0.0003511626352895589,-0.015011395861773583,-0.04776596914021111,-0.01061102153640081,-0.01501139586177356,-0.07632385323980229,-0.01061102153640081,-0.084633227329463,-0.17163308424383855,-0.01061102153640081,-0.17072036860257997,-0.114553502894233,-0.015011395861773575,-0.053496934388878634,-0.2992075528802681,1.0,-0.0545754016066475,-0.030839193668194494,-0.01839143825355803,-0.028132028893751732,-0.038330813183487855,-0.01061102153640081,-0.08390666298310089,-0.153457465248363,0.037907191159529535,-0.162407438574106,-0.010611021536400802,-0.07991658896047599,0.009919038554184627,-0.03969861177361815,-0.2860103766619766,0.8592439328330361,0.044960806343113245,0.03413069498021792,0.016396987064822458,-0.015011395861773564,-0.006783578928078624,0.009919038554184625,-0.02375955746700037,-0.1223873976991281,-0.018391438253557997,0.08848025905805768,0.01356338530462296,0.016396987064822434,0.006686836919213448,0.019941132747855105,0.06648674362457542,-0.11699020366330642,-0.08540275637343651,-0.08607101285072766,-0.03365897146061678,0.06611472792758526,-0.039297144118788624,0.1600786610728712,-0.02124389519090201,0.07206260858473777,0.16947021147455005,-0.17155733804196752,0.17378726313651952,0.12742235830701004,-0.03206976203337298,-0.03083919366819449,-0.046042142912076124,0.03844507617253752,0.0036386175411715514,0.024815698399075204,-0.023226532899744832,-0.024809821796589377,-0.014832472775083693,-0.012619374916022802,-0.01579651984525691,0.022366686883177805,-8.816083593618339e-05,0.005590511402140641,-0.00860842769920206,0.027275641233465382,0.016856126254084506,-0.05763040742494042,0.02010256878978887,-0.010248114915486408,-0.17227151141091884,-0.03547332356512518,-0.06507473965305657,0.01527995267663365,-0.03800584286391981,-0.158619081651073
Exterior1st_WdShing,-0.0012641408249858314,-0.052913582243960644,-0.06830544998110956,-0.05823863041227572,-0.031876925360057616,-0.03091717379183243,-0.03471668211090918,-0.040742009454021684,-0.009699906031385954,-0.042911268931974146,-0.0550793695287533,0.0326403151797195,-0.06934741304794315,0.06880492917941705,0.071357718198272,-0.026226890531101353,-0.03872929827589055,-0.002547190357507155,-0.01797303431038861,-0.05278058025799136,-0.05290024158031638,-0.027332438049982893,-0.05294159333676367,-0.05288856655513513,0.04481140457077951,0.03366114635539876,-0.0049871029569036815,-0.01417387156172623,0.025643980824688536,0.018932122537028657,-0.011449421628280549,0.0025888266107976753,0.08650675242086696,-0.03220540794148644,-0.02171253393933589,-0.014615153918552289,-0.025092655921168855,0.014245641626672936,-0.010604730759674047,0.016633742939770227,-0.022888262674206895,-0.008601646376558489,-0.00023893965695873608,0.06206812879836287,-0.031113319092350027,-0.027632427326467954,-0.03368743600996335,-0.017772812210984923,-0.022011726016077947,0.04815887264632909,-0.011182221669673937,-0.02906575930629936,-0.014173871561726248,0.03173148461557975,-0.012819337119579992,0.031775419867836704,-0.019832471133752055,0.00206709057413453,-0.02345640226705406,-0.019884360626839074,0.07178237233910488,0.03989340814036633,-0.00962015566723825,-0.009994792532022984,-0.011732059264778664,-0.04415504642276204,0.04419245473307661,-0.029065759306299344,0.04236680028712628,0.00853270971373075,-0.011732059264778664,-0.04036227328337737,0.14060163371831214,-0.004987102956903683,-0.015868864436859354,-0.003525205608274519,-0.004987102956903682,-0.02535639707855446,-0.0035252056082745197,-0.028116946761884743,-0.05702013788835046,-0.0035252056082745193,-0.05671691446294456,-0.0380570946411645,-0.0049871029569036815,-0.017772812210984968,-0.09940307253484128,-0.0545754016066475,1.0,-0.01586886443685934,-0.006110024473446541,-0.009346054542269108,-0.017772812210984958,-0.00352520560827452,-0.027875566730774497,-0.025036066170056166,-0.011182221669673911,-0.05580331048135605,-0.0035252056082745215,0.0431920086956858,-0.007893427126263322,0.021027786718163247,-0.09776838029747206,-0.03802089203652363,0.5309549133756771,0.007175393180082738,-0.00705767095200578,-0.004987102956903685,-0.010604730759674044,-0.007893427126263307,-0.007893427126263316,-0.003230214178574244,-0.006110024473446534,0.0066817845369636425,0.0041097524733576425,0.09202117125884438,-0.012257966790312522,-0.015868864436859337,-0.0045110694951981155,-0.004183666435617877,-0.012017613256588691,-0.028594609498283043,-0.011182221669673918,-0.019503147574430214,-0.027346142666702215,0.0676357824276998,-0.007057670952005781,0.04510303165153459,0.0770435701909462,-0.016999788415990615,-0.027875566730774567,-0.014173871561726236,-0.02738748093741516,0.028686024174322672,0.0020670905741345326,-0.02738748093741519,0.09556862130199395,0.013578326814667573,-0.0013329854120981788,-0.02587691163175811,0.002241921147497283,0.06117383915755059,-0.054266568765390426,-0.00691641774772,0.011757613003683028,-0.04065968005729161,-0.028594609498283043,0.017750260366964084,0.014144398905778961,0.007478195355274874,-0.012513733535047594,-0.03374633718769544,-0.00647177091331131,0.008649789133186814,-0.0578613312415551,-0.04419245473307668,0.034104373802527274,-0.0513174061431197
Exterior2nd_AsbShng,-0.02533847925723498,-0.022224938317596348,-0.0804913405390178,-0.09254116180197876,-0.04342189513679567,-0.0415510976544245,-0.07812169508497352,-0.054593329825019396,-0.0023755758801642527,0.002334904236556343,-0.0973533193127927,-0.05724147970674662,-0.05634771430733396,0.14303599630828592,0.15992528276427914,-0.11041901337255858,-0.09153488292809189,-0.06164397798959542,-0.09087392733212886,-0.07927481325435708,-0.0794495083577146,-0.04424338712288375,-0.10073763126108568,-0.11338968733312216,-0.06956681013679536,-0.012791605201270205,-0.00436485667399103,-0.012405382126079771,0.06653828826706078,0.02648474165068018,-0.0398789517014185,-0.022421431837205876,0.014700162286241313,-0.028187104017454872,0.09347636757923043,-0.012791605201270206,-0.02196181783535409,0.014979034347564086,-0.009281566920162384,-0.027036903521793727,-0.02003246914148307,-0.027807889198843996,0.09817345903554021,-0.015555279019719925,-0.027231276286819057,0.005738742180308306,-0.029484217825137365,-0.015555279019719889,-0.01926529891955374,-0.010268237416402,0.061658123049043785,-0.02543919277164588,0.044194173824159286,-0.12647270991767384,0.1324953306018707,0.004573698268031566,0.06439240276281512,0.009146396984452543,-0.020529721336801074,-0.03429759340425252,0.09381451096144874,-0.011596144624624941,-0.05828068040900375,-0.008747731351357967,0.12601927738311555,-0.026829473858340135,-0.01900343736500837,0.03170114791543556,-0.011170462691178325,0.03379416274249461,-0.010268237416402018,-0.028473753595268207,-0.008179937109145862,-0.004364856673991033,0.8479166666666662,-0.0030853618542539406,-0.004364856673991032,0.01020861979141679,-0.0030853618542539393,-0.024608764604703508,-0.04990567300587258,-0.0030853618542539406,-0.049640283098439146,-0.03330866937632458,-0.0043648566739910325,-0.015555279019719925,-0.07466834103213807,-0.030839193668194494,-0.01586886443685934,1.0,-0.0053476700464451035,-0.00817993710914587,-0.015555279019719911,-0.0030853618542539397,-0.024397501823713332,-0.04790086863806251,-0.009787003658578396,-0.04884067048348401,-0.00308536185425394,-0.03868300633255244,-0.006908555602413976,-0.01586886443685931,-0.08556971270383923,-0.04654415922334066,-0.01926529891955373,0.04917584413233752,-0.006177077638842504,-0.004364856673991032,-0.009281566920162384,-0.006908555602413999,0.0939563561928301,-0.0355865273675033,-0.0053476700464451035,-0.006196409880988803,0.060757053472531075,-0.006177077638842503,-0.01072852688557185,-0.013888888888888883,-0.006310676994346948,-0.03606186020065962,-0.029665939689557764,-0.025026828839771753,-0.009787003658578387,0.06600291172656213,-0.053085343701517004,0.02929114620537887,-0.0061770776388425045,-0.010728526885571832,0.09935520536106247,-0.05980716772049508,0.0052861253951378764,0.10079372977439817,0.03636875383541196,-0.013888888888888845,0.009146396984452543,0.036368753835411965,0.043859469397768316,-0.002140792710186416,0.005738742180308295,-0.022648221104358716,0.012443182714383461,0.04126470502631632,-0.030499670254866752,-0.03838772378767958,0.01276170148305005,-0.0355865273675033,0.003972512514249523,0.02436117906826964,-0.03535538656726919,-0.002385609134275896,0.019137225449568303,-0.0072071101806788634,-0.18392549732277638,0.007570545495625251,-0.07440319144739027,-0.018489830949737794,-0.06548153734820152,-0.09922021939101354
Exterior2nd_AsphShn,0.0007193221449226881,-0.0008750809536418977,-0.07236867879855421,-0.04189081724933298,0.011523826834825054,0.01745322194968549,-0.019093534762409735,0.025615783305791093,0.025979262773806997,0.0041571400521916305,-0.04659519085886051,-0.01969275988051152,-0.038873685450193644,0.005179999841544337,0.012571846371324661,-0.01217255654674289,-0.004944610077389982,-0.010804701993828847,-0.034989392102173694,-0.038408020266294536,-0.08282724086351373,-0.08156486452982566,-0.05244254397394576,-0.05251840886154486,-0.013584864511835527,-0.004925180446616469,-0.001680610557062011,-0.004776472109544658,-0.009229344168850195,-0.006345098350670453,-0.015354682235806131,-0.008632974199265068,0.047577118091361864,-0.010852943893212657,-0.007316936119897294,-0.004925180446616467,-0.008456007989059744,0.022524466618938102,-0.0035737025330180357,0.05899045115774604,-0.007713146533265656,-0.010706933960893643,-0.013142750861940892,-0.005989283976805371,-0.010484919397835519,-0.009311888983126902,-0.011352374532457226,-0.00598928397680536,-0.007417761261689464,-0.003953602487626554,-0.003768311974278843,-0.00979490946172851,-0.004776472109544654,0.023511071886583683,-0.01901070839929304,-0.02068501214831801,-0.0066833712173259745,0.07289272548045175,-0.007904604661536694,-0.013205679329741385,-0.015581871676502988,-0.004464889578961374,-0.014877080078702042,-0.0033681586263844226,-0.003953602487626554,0.0028132387002770243,-0.007316936119897284,0.06354133573890551,-0.004300988309175379,-0.08581798876268182,0.17096335605585133,0.01571408228660354,0.21581844722157542,-0.0016806105570620125,-0.005347670046445132,0.5769544170558818,-0.0016806105570620117,-0.008544886477686156,-0.0011879637962715498,-0.009475167841674612,0.022908322563120496,-0.00118796379627155,0.02316740552924327,-0.012824911692771435,-0.0016806105570620123,-0.005989283976805363,-0.0334979755882512,-0.01839143825355803,-0.006110024473446541,-0.0053476700464451035,1.0,-0.003149539535547665,-0.005989283976805382,-0.0011879637962715498,-0.009393824859174844,-0.01844337890984181,-0.003768311974278843,-0.018805232922683275,-0.0011879637962715496,-0.01489420470751467,-0.00266001666186455,-0.006110024473446524,-0.032947098444664945,-0.017921002040325415,-0.007417761261689432,-0.00790460466153669,-0.002378374060593887,-0.0016806105570620123,-0.0035737025330180344,-0.0026600166618645483,-0.0026600166618645465,-0.013701960465134166,-0.0020590253946465307,0.017710107548121922,-0.012370344944229292,-0.0023783740605938884,-0.0041308287745286665,-0.005347670046445118,0.021220376649336976,-0.01388497893221942,-0.0114223433095797,-0.009636136051964846,-0.0037683119742788515,-0.006572392026547607,-0.034560280662806094,-0.010106291761255996,-0.0023783740605938884,-0.004130828774528652,-0.015010119606439542,0.014453275717874041,-0.00939382485917485,-0.0047764721095446645,0.0682122793169043,-0.005347670046445109,0.07289272548045175,-0.009229344168850184,-0.01156131215827009,-0.010852943893212686,0.06749804274210038,-0.008720295379563255,-0.012696220370376184,-0.014836040493755207,0.02533935439603907,0.01918729351147449,-0.019824102981240762,-0.013701960465134175,-0.009636136051964865,-0.023752174033297175,0.04793052647303447,-0.023269589730045174,-0.024905357100251012,0.02982295130846401,-0.04935365660721889,0.0029149041155186856,-0.05507766655464233,-0.08892384527694999,-0.017638376740227016,-0.02452440779344116
Exterior2nd_Brk Cmn,-0.04211135799883442,-0.02199520563559983,-0.04300371446450509,-0.010803042908039497,-0.03961523484341312,-0.10223789494151898,0.018806098815736787,0.04575728890293086,-0.000791162495693981,-0.01601699856628901,0.008363695656227793,0.01090735435596611,-0.03653119030387057,0.004644479665697854,0.05254873966957812,0.006638995680951253,-0.04786476613854841,-0.04478201574916904,-0.05352069675152927,-0.1035463809103969,-0.04276352475549583,-0.06262415619100607,0.018076708542020783,0.007666886755723716,0.010950497587330034,-0.0075336858771417855,-0.002570706222025128,-0.007306217683650352,-0.014117448197845073,-0.00970562974324339,-0.023486926816531365,-0.013205224967424859,0.05969001569823384,-0.01660094914692481,-0.011192178420242045,-0.007533685877141782,-0.012934532786091461,-0.029626066484846714,0.6279452570871523,-0.015923532271270843,-0.011798232315713064,-0.016377608504494177,-0.02010349826338197,-0.009161366694949812,-0.016038009174812764,-0.014243710922284927,-0.01736489142158266,-0.00916136669494982,-0.011346403215660902,-0.0060475346127321795,-0.005764109357818925,-0.014982551782524094,-0.007306217683650366,0.03596315549212073,-0.029079280837437216,-0.10298380934230271,-0.010223060839578895,-0.013338793747273278,0.16385236914884746,0.05371413629258243,-0.023834441775498948,-0.006829612829135432,-0.029366860630464214,-0.005152024245730446,-0.006047534612732179,0.06174483132536685,-0.011192178420241995,-0.014982551782524103,0.09897275952027536,0.012704556325784678,-0.006047534612732188,-0.034258250525037094,-0.004817618719889872,-0.002570706222025129,-0.008179937109145892,-0.0018171407467263583,0.5336051629432146,-0.013070483665821508,-0.0018171407467263581,-0.014493466569618007,-0.029392219193589943,-0.0018171407467263583,-0.029235916355430897,0.16980920938858074,-0.002570706222025129,-0.009161366694949814,-0.05123938672651431,-0.028132028893751732,-0.009346054542269108,-0.00817993710914587,-0.003149539535547665,1.0,-0.009161366694949833,-0.0018171407467263581,-0.014369042198753748,-0.028211478691162323,-0.0057641093578189246,-0.02876498013048593,-0.0018171407467263575,-0.022782568247493813,-0.004068831624680438,-0.009346054542269094,-0.05039675052228617,-0.02741243725763985,-0.011346403215660883,0.04655672857158962,-0.0036380236754911008,-0.0025707062220251286,-0.00546642962505052,-0.004068831624680431,-0.004068831624680432,-0.020958880017533446,-0.003149539535547664,-0.002185635363056178,0.020153140553309676,-0.0036380236754910995,-0.00631862461423862,-0.008179937109145887,0.006619279511238718,-0.021238829890574858,-0.01747191750798943,0.22925060893645582,-0.005764109357818937,-0.010053304143091161,-0.011722577663609759,-0.015458850358336444,-0.0036380236754910995,-0.0063186246142386045,-0.022959874733306095,-0.03522375868534479,-0.014369042198753772,-0.007306217683650363,-0.014117448197845064,-0.008179937109145873,-0.013338793747273274,-0.014117448197845108,-0.01768448792324411,-0.01660094914692484,-0.014243710922284892,-0.013338793747273262,-0.019420473449473844,0.01087545309063518,-0.027972834565211407,0.0206169446932633,0.07778951380847071,-0.020958880017533432,-0.014739687788449774,-0.03633195169305822,-0.0137030264504658,-0.03559377801813488,0.07944426280430605,0.004913777042569071,-0.02189057519311736,0.004458714194602127,0.016821959738676645,-0.051898865956411876,0.025982541650242243,-0.0473769097215416
Exterior2nd_BrkFace,0.10450238520808876,0.010939257828033802,0.0744505518886137,-0.04595849152345211,-0.07533383486922278,-0.00014205200807241398,-0.029974746867473846,0.004495841354349418,-0.010753248983705136,-0.01281929058086465,-0.029527460756603025,0.07925987838440804,0.04768311945970527,0.04474826350770187,0.0901322870284211,-0.005147038372661058,-0.01744840383632199,-0.016384126043247984,0.025532808282738774,-0.014477242282779034,-0.06216793011399737,-0.02855433785298526,0.006337356020145023,0.0065470849634476245,0.07183816623533183,-0.014326343137141866,-0.004888552568041251,-0.013893780982854058,-0.026846275568352552,-0.01845659406714045,-0.04466363189252405,0.03239883266655321,-0.035791063199631754,-0.031568995277955265,0.04590327092031998,-0.014326343137141873,0.004718569547118029,0.10451334810702076,-0.010395170149199667,0.01816847617438441,0.009521605329233736,-0.031144282231498285,0.001285596350250066,-0.01742160278745642,-0.030498487250727846,-0.02708638155966333,-0.03302173691627126,-0.017421602787456393,0.011583308542502177,0.17166694215455885,0.05305244628620455,-0.02849138939515639,-0.013893780982854065,0.016687777404675884,-0.010856723519333844,-0.012684164369089635,-0.019440560688103743,0.03160938603862231,-0.022992879138554793,0.020621512717018658,-0.028136495087664075,-0.01298745109361277,0.09047842135353153,-0.009797284941114587,-0.011500221459806025,-0.06445692808796159,-0.021283471479346373,-0.002892971846277407,-0.012510695803726853,-0.10908327398803161,0.049555499744982426,0.1077883253903842,-0.009161366694949807,-0.00488855256804125,-0.015555279019719953,-0.003455543845419885,-0.0048885525680412495,0.6718892280734936,-0.0034555438454198827,-0.027561326382487508,-0.05589336011567445,-0.0034555438454198836,-0.055596128703415876,-0.037305046506551726,-0.00488855256804125,-0.017421602787456403,-0.09743876348867088,-0.038330813183487855,-0.017772812210984958,-0.015555279019719911,-0.005989283976805382,-0.009161366694949833,1.0,-0.0034555438454198827,-0.02732471627414308,-0.05364801914054527,-0.010961249232686878,-0.0547005784954171,-0.0034555438454198857,-0.043324196891360175,-0.007737444721353533,-0.01777281221098496,-0.09583637448567553,-0.05212853160892815,-0.02157675120662166,-0.022992879138554825,-0.00691820396630411,0.13785718241876296,-0.010395170149199662,-0.00773744472135351,-0.007737444721353531,-0.039856202103197805,-0.00598928397680538,0.03592709908549409,-0.03598280475542496,-0.0069182039663041005,-0.012015736500645888,-0.01555527901971995,0.061725737904008135,-0.04038856541218037,0.03368354125914803,-0.02802955000186252,-0.010961249232686883,-0.019117744907970153,0.06376826345470231,-0.004516081893388082,-0.006918203966304103,-0.012015736500645871,-0.025954258617881615,-0.06698283705154749,0.025867398072855492,-0.013893780982854055,0.00018514672805759717,-0.015555279019719925,0.03160938603862231,-0.026846275568352493,-0.011562500101656834,-0.008231915224378265,0.05334639893615043,-0.025365556697659837,-0.03693070975617466,0.010467385181879386,0.022946519548856986,0.023264253153344655,0.014292851568135685,-0.020777495522650635,-0.028029550001862562,0.008009184617819548,-0.008006017340634292,0.010331094295238251,-0.009859323276317344,5.566772348009945e-05,-0.029396139099714863,0.008478860221147206,0.00892540332717707,-0.045903270920319816,0.06149528625021677,0.02475899569103653
Exterior2nd_CBlock,-0.013425682682207958,-0.007050333107034817,-0.012979758198834575,-0.016533829899854684,-0.014942331805524255,0.023940440498765307,-0.026861916813296822,-0.019939353698625834,-0.027815495013656176,-0.008343179992944,-0.026883301179581404,-0.024903264963400073,-0.011252130439285891,0.04541047812620812,0.04574071691827494,-0.04036803462129757,-0.06365733071473836,-0.006233820540312334,-0.020187284323449243,0.023331223418062853,-0.012330898075726428,0.0034231165891534863,0.006818290439379822,0.006874955085497584,-0.026878209439461228,-0.002841604613472634,-0.0009696356842476742,-0.0027558066815460153,-0.005324910884747068,-0.00366083252007331,-0.00885895173843783,-0.004980832596595438,-0.007099093560413935,-0.006261653917248715,-0.004221538613690466,-0.002841604613472636,-0.004878731159947836,-0.011174552347320134,-0.00206186346166855,-0.006006141416396619,-0.00445013396176688,-0.006177412841863213,0.09038928065749781,-0.003455543845419885,-0.006049320559056114,-0.0053725354799490565,-0.006549802630573901,-0.003455543845419875,-0.004279710124597742,-0.0022810484185192673,-0.0021741442384047476,-0.005651216278606727,-0.002755806681546019,0.013564816774682886,-0.010968312182333465,0.011611760230534071,-0.003856000544660362,-0.00503121293727101,-0.00456059657455411,-0.007619075019517852,0.0762401219144272,-0.002576037764248544,-0.02603710140118111,-0.0019432739968373645,-0.0022810484185192643,-0.017334820079736777,-0.004221538613690466,-0.005651216278606714,-0.0024814742026844513,0.01384282961415829,-0.0022810484185192687,-0.012921749636099756,-0.0018171407467263549,-0.0009696356842476738,-0.003085361854253945,-0.0006854009595613444,-0.0009696356842476748,-0.004930009996542106,1.0,-0.005466739938600008,-0.011086348305829698,-0.0006854009595613443,-0.011027392985252956,-0.007399389449496115,-0.0009696356842476739,-0.003455543845419877,-0.019326804978071602,-0.01061102153640081,-0.00352520560827452,-0.0030853618542539397,-0.0011879637962715498,-0.0018171407467263581,-0.0034555438454198827,1.0,-0.0054198087455502855,-0.010640988927468538,-0.002174144238404753,-0.010849762198506802,-0.0006854009595613451,-0.008593277194535112,-0.0015347083625049966,-0.0035252056082745115,-0.019008973976824425,-0.010339601285233223,-0.004279710124597735,-0.004560596574554107,-0.0013722134196707805,-0.0009696356842476752,-0.002061863461668547,-0.0015347083625049966,-0.001534708362504997,-0.007905406612684218,-0.0011879637962715487,0.010217924776423653,-0.007137125156078,-0.0013722134196707794,-0.0023832999075658525,-0.003085361854253946,0.01224319003942447,-0.008010999925671865,-0.006590171425590694,-0.005559611258532543,-0.0021741442384047554,-0.0037919706103395016,-0.019939706583096937,-0.0058308696717121215,-0.0013722134196707803,-0.0023832999075658486,0.07914419254606717,-0.013285926280496416,-0.005419808745550286,-0.002755806681546019,-0.005324910884747053,-0.003085361854253941,-0.00503121293727101,-0.005324910884747067,0.10275337089845529,-0.006261653917248706,-0.005372535479949051,-0.005031212937271012,-0.007325140422603417,-0.008559719094491984,-0.010550975584685316,-0.01198612988698972,-0.01143760377919754,-0.007905406612684221,-0.005559611258532555,-0.013703921723190831,-0.014120139929614835,-0.013425492577827765,0.04769912719940786,-0.00966139447134431,0.006906656085580779,0.0016817668047430815,0.006345016128972339,0.004221538613690527,-0.027656242287800115,-0.025028294581555425
Exterior2nd_CmentBd,-0.04300482032754424,0.07042642558745937,0.09641006215791602,0.04618900134612624,0.03307627606168024,-0.07001239039669142,0.07578124804976856,0.007051451632774369,-0.02955863960302483,0.04869487661549413,0.03682184606832674,0.027943205735304136,0.09798253014785946,-0.10564154208998112,-0.09832478992306405,0.08728993779190955,0.1697660733522455,-0.009966534702200129,0.1575652414099185,0.054992709795099244,0.12679217128565454,0.032058160676539556,-0.04869475702747164,-0.048524648365867395,0.056965939610463735,-0.022469991208287254,-0.007667395103803947,0.04449106895759911,-0.02444126742016103,-0.02894803666599247,-0.035960113612061494,0.03578199644952981,-0.028816525759757145,-0.049514034360315845,-0.01142801066934832,0.5242997948600354,-0.019420505295217105,-0.0788065120201507,-0.01630418730203371,-0.015831189671532592,-0.03518943857372267,0.059209573304065476,-0.04704884535128986,-0.02732471627414308,-0.04783500812661909,-0.04248332946403029,0.10940678670612701,0.13225162676685204,-0.012171177970416086,-0.01803739255869523,-0.017192047651837575,0.08914483220070281,-0.021791543979232254,-0.16303635010315465,0.14561417299905333,-0.15022773067670533,-0.030491328007728614,-0.0397843211302167,0.14760637756052267,0.15837079205656374,-0.048623418212986956,-0.020370021093167826,-0.026468665385382322,0.031373150364922255,-0.018037392558695253,0.03532122592337491,0.12029484915103499,-0.027958019353433793,-0.019622259639341628,-0.00743473589329346,-0.018037392558695253,0.019530669713834915,-0.014369042198753732,-0.007667395103803951,-0.024397501823713374,-0.005419808745550291,-0.007667395103803945,-0.038984058779272544,-0.0054198087455502855,0.9741710841939724,-0.08766530986855833,-0.005419808745550289,-0.08719912061451496,-0.05851067917351251,-0.007667395103803949,-0.000728659100643827,-0.15282672891315421,-0.08390666298310089,-0.027875566730774497,-0.024397501823713332,-0.009393824859174844,-0.014369042198753748,-0.02732471627414308,-0.0054198087455502855,1.0,-0.08414363015672997,-0.017192047651837572,-0.08579450499783703,-0.005419808745550285,-0.06795134766325187,-0.012135707849456662,-0.027875566730774504,-0.150313479965751,-0.08176040708649544,-0.03384181191774206,-0.03606292179035502,-0.010850778933039276,-0.007667395103803945,-0.01630418730203372,0.04692473701789905,-0.012135707849456652,0.13697986973337553,-0.00939382485917485,-0.09238072795218186,-0.02924284280987126,-0.010850778933039294,-0.018845946306467767,-0.024397501823713356,-0.06503471186929571,0.13395776734264095,0.07906615939325518,0.1258401246943662,0.27564583068446336,-0.02998501124063316,-0.03598636962818926,-0.04610760752528656,-0.010850778933039299,-0.018845946306467774,-0.045336417086105384,-0.0024595629555186783,-0.025476190476190506,0.011349762489183466,-0.042106737931762395,0.00528612539513786,-0.039784321130216696,-0.00677579690855948,0.019359881629417295,-0.0037605595716695916,0.01008079004231227,-0.0025502769955266925,-0.044626638226144356,-0.009280820906352879,0.026038371350319684,-0.012737278031206401,-0.015202646463871086,0.03723392967814936,0.006978195454401079,-0.049580452941578756,0.02047574329099025,0.004307014837108115,0.02543673884810663,-0.0020372662947934074,0.04062544070384118,0.013298572622593324,-0.0553350751551981,0.033381820639412196,0.037016657624122686,0.1281831600269245
Exterior2nd_HdBoard,0.020272018800417284,-0.056595996685016706,-0.03933252444670941,-0.033154614720694996,0.06178261893827236,0.0005541373550197853,-0.06763186420547324,0.07321387598905586,0.0617528549048037,-0.03527026100950375,-0.04677035424821492,-0.008817123116995918,-0.05519884155294506,-0.021065625588909988,0.08291961394456299,-0.003995459872753868,-0.12979799368208697,-0.0016632254898524292,-0.10034792350651489,-0.18026409848836916,-0.04983287017440799,0.030427236139621117,0.05997412348009044,0.06072956338650408,-0.04114239066448518,-0.04411648802995222,-0.01505379068386672,0.20239942142576384,-0.06256392988696044,0.0004314608985645005,-0.06639871081467967,-0.045245595495204384,-0.055799604436881194,0.006937448351734515,-0.06554024329628994,-0.044116488029952154,0.06599067943933393,0.054923642394188,-0.03201084848146221,0.1590146716118355,0.049763459165085955,-0.09590558742832522,-0.09568001484277931,-0.05364801914054517,0.14777293490333093,0.08610055901274966,-0.10168701443553081,0.06743581922883969,0.019884018282241386,-0.03541373939718084,-0.03375403031590572,-0.08773627904733305,-0.023924159336259555,0.13368433294515417,-0.08764450019629047,0.016038953376030514,-0.0053829227040295535,-0.003947618651632783,0.03371968861167938,-0.037785090720240125,-0.10761031006883243,-0.03999350882679366,-0.007590667373917902,-0.03016972298465714,-0.03541373939718084,0.020933529553618782,0.04690247728253886,0.14074972747950087,-0.03852539035174895,-0.036930244496039585,-0.0354137393971809,0.056650865283385,0.00021416581477072836,-0.015053790683866728,-0.04790086863806268,-0.010640988927468543,-0.01505379068386672,-0.044148816347211184,-0.010640988927468538,-0.08487224644859327,0.883271397030471,-0.010640988927468542,-0.15473639510326356,-0.09987250859698604,0.038034456655373326,-0.05364801914054503,-0.2959432223990302,-0.153457465248363,-0.025036066170056166,-0.04790086863806251,-0.01844337890984181,-0.028211478691162323,-0.05364801914054527,-0.010640988927468538,-0.08414363015672997,1.0,-0.03375403031590573,-0.16844475895374686,-0.010640988927468533,-0.13341237154998767,-0.02382665863607887,-0.05472953213941589,-0.29511817686888164,-0.1605244072914943,-0.06644336780293571,0.03371968861167935,0.016260941481098693,-0.015053790683866716,0.01816181795217691,0.043394445921747425,-0.02382665863607885,-0.12273304123552292,0.02491786619220172,0.07167597280890459,0.01300069065897412,-0.021303891687262214,-0.01525331870128453,-0.01411571491266579,0.0928555291155163,-0.12437239883875,-0.052545941295717026,0.058634809118534845,-0.03375403031590574,-0.003507618643499722,0.04483144470844765,-0.09052543441711873,0.01626094148109866,-0.03700121450585036,-0.09493818749571127,0.041881208296051145,-0.0742523499611724,-0.04278445773309488,0.12844679155969135,0.08723974626352456,-0.0039476186516327946,0.007808441172332504,0.011337869639898135,0.03297517224256333,-0.033553743668568094,0.027836516815557218,0.01491653036630491,5.919032028357517e-05,-0.005229007690460679,0.005859304277405847,-0.038411787895933705,0.0049863031720775355,-0.00900801165033586,-0.0168180739921154,-0.03123317048033774,0.03819690870329293,-0.013602081236778968,0.03136543685801999,0.07538350101819746,-0.00458287442065855,0.04704185920575477,0.015565700816810493,-0.008539425343543652,-0.0678636053438084
Exterior2nd_ImStucc,-0.007979481021600354,0.042279381949358236,0.060249278618852715,0.045623522679453715,0.023572389631672838,0.043884488423342895,0.020346650365152263,-0.013690782924671524,-0.02713248139207432,-0.011132189287940042,0.03700364356468199,0.011209354906083848,0.05979473068147766,-0.03802966936645625,-0.0018111476504080962,0.030608957706251414,0.029525968563674586,-0.019774155291003494,0.04860534182221541,-0.00391390704957947,0.028368160556573294,0.022868422152658264,0.02162813848996521,0.021807883079113372,-0.012782755031407805,-0.009013787057082374,-0.0030757585131014815,0.07102573934859349,-0.016891024383013622,0.04893814253590695,-0.028101272126547908,-0.015799581750333594,-0.022518867455552222,-0.019862444890336325,-0.01339104319321699,-0.009013787057082386,0.12285817316804136,-0.03544653427130763,-0.006540388517157793,-0.019051939705278666,0.13668579388955798,-0.019595225759502885,-0.024053120265919502,-0.010961249232686874,-0.01918890724657372,0.025129866302462354,0.014495214862462177,-0.010961249232686878,-0.013575567672668067,-0.0072356599556264185,-0.006896551724137934,-0.017926090036371287,-0.008741629458288415,0.022697953489345488,-0.01149104302090393,-0.03038754765643439,-0.012231528495122561,0.028849670230172163,0.03465245998345444,0.0067840809524787465,-0.028517061408231154,-0.008171388710395796,0.00045505055658602513,-0.0061642136692800845,-0.007235659955626414,-0.0008649699349012479,0.03944928940704456,0.022338666045324185,-0.007871425864313455,-0.036477386018152196,-0.007235659955626429,0.042708586485540344,-0.005764109357818909,-0.0030757585131014837,-0.009787003658578389,-0.002174144238404753,-0.0030757585131014837,-0.01563836857789009,-0.002174144238404753,-0.017340916983791567,0.011088613070419645,0.3152509145686888,-0.03497973352540496,0.07171825519066254,-0.0030757585131014832,-0.010961249232686857,-0.043926120262571706,0.037907191159529535,-0.011182221669673911,-0.009787003658578396,-0.003768311974278843,-0.0057641093578189246,-0.010961249232686878,-0.002174144238404753,-0.017192047651837572,-0.03375403031590573,1.0,-0.03441627509106804,-0.0021741442384047524,-0.02725853216410814,-0.0048682122448548875,-0.011182221669673932,-0.06029791857331028,-0.03279800567550886,-0.013575567672668052,-0.014466560963966441,-0.00435276586444856,-0.0030757585131014832,-0.006540388517157796,-0.00486821224485489,-0.004868212244854891,-0.025076554095013557,-0.0037683119742788424,0.03241203848814633,0.04281332433264752,-0.004352765864448553,-0.007560009495377872,0.06165812304904393,-0.026088530194543977,-0.02541150415576785,0.014176633619036066,0.023234087119599196,-0.006896551724137926,-0.012028420648763203,0.005664203601418609,-0.018495964332695552,-0.004352765864448547,-0.007560009495377876,-0.027470673064726246,-0.000986648215792655,-0.017192047651837572,-0.008741629458288417,0.02562776113284823,-0.00978700365857837,0.02884967023017217,-0.0168910243830136,-0.021158860477222874,-0.019862444890336343,-0.01704209323960089,-0.015959392042222874,0.040772437746310036,-0.027152083305461573,0.014437392636390435,-0.016079993947013305,0.05426638347290106,0.0049330926088551365,-0.017635511910057237,0.017166452304127604,0.03471578002996752,-0.02213387112819139,-0.025891812240532663,-0.00507859298683785,0.02190844107472312,0.005334692865344366,0.020126876198450164,0.013391043193217034,-0.004557283879795063,0.07440111895297524
Exterior2nd_MetalSd,-0.08088925455091665,-0.12870753557808923,-0.12119136158432023,-0.11511487307841009,-0.04641343158642288,-0.1208224518983543,-0.15094004811499884,-0.0767968722257992,-0.06985880847533811,-0.11300117266764037,-0.14818515316753456,-0.1117415866715867,-0.1503540750379196,0.1961396509905866,0.164500424486561,-0.16173747654996304,-0.12387052867384103,0.10549871248368074,-0.14152723610900333,-0.06677653551355017,-0.11847981340150757,-0.021430900755176042,-0.01753693886835463,-0.016979839087166684,-0.12463495775582574,-0.0449820413704842,0.08936930289413317,-0.043623877006192587,0.08426512577870345,-0.029710145512290745,-0.12110052913508174,0.03717605392550072,0.04862679260047615,-0.08200063795091261,0.08103870301225763,-0.04498204137048417,-0.06647645848239571,0.11811099593208192,-0.03263889250930005,-0.050647981633365105,-0.03527857371739488,-0.02847330519294459,0.11187329953008905,0.005009959525748495,-0.0339596899324543,-0.0752119142473298,0.08549659485518339,-0.039772943990125605,-0.031257578127963315,-0.013713271539201365,0.0829850371354726,0.12650120718735244,0.06798393916619272,-0.16455170164131047,0.07632527121670621,-0.09834794379484231,0.08672904540086816,0.024849108333025102,0.042349454390901126,0.04540367555162984,0.14139494226651078,0.09832493435918363,-0.040334401102220876,-0.004527999093837528,0.053472555464939495,-0.05984909147447685,-0.005215779885604583,-0.042510065048724045,-0.03928124789624828,0.02698269436432906,0.008682004128845613,-0.01425063521253266,-0.02876498013048592,-0.015349141909586302,-0.048840670483484075,-0.010849762198506809,-0.015349141909586302,-0.0780410872680664,-0.010849762198506802,-0.0865374165406043,-0.1701014653369084,-0.010849762198506809,0.9730651937625319,-0.11713087765817141,-0.015349141909586302,-0.05470057849541701,-0.3059395163426634,-0.162407438574106,-0.05580331048135605,-0.04884067048348401,-0.018805232922683275,-0.02876498013048593,-0.0547005784954171,-0.010849762198506802,-0.08579450499783703,-0.16844475895374686,-0.03441627509106804,1.0,-0.010849762198506798,-0.13602988552310766,-0.024294131113991643,-0.05580331048135608,-0.30090831419049147,-0.1636738519361754,-0.06774696837329358,0.04234945439090104,0.015327112589142128,-0.015349141909586297,0.041586626281320024,-0.024294131113991667,0.008854870219118459,-0.08315254263309377,0.06672635607145246,0.030241054266344915,0.0472846588811701,0.015327112589142168,-0.037727168140181754,0.0011411371608290634,0.037359441354816135,-0.08528440348305565,-0.006152357130596487,0.11213423195875011,-0.034416275091068045,0.07648191433312662,-0.06253173695364266,0.06284704503552045,0.01532711258914214,0.09096831196417653,0.12920559773949322,-0.15752648106608869,0.03127089434500605,0.012180031080000027,-0.03471657986627424,-0.015519465387275316,0.024849108333025106,-0.024801437729192813,-0.008460088283746284,-0.022080251860656156,0.03296499268551239,-0.027397000777310044,-0.018934018859499135,0.02840738947530642,-0.010620467897497406,0.020038460256708576,-0.012133968984778159,0.04281291853809048,-0.021293623509689344,-0.018969625034204164,0.049950976939215574,0.04979862177625253,-0.07135954766390813,-0.009841936226133233,-0.024146395225296047,-0.033920290504869076,-0.009537603865762957,0.005215779885604611,-0.1274748260006267,-0.1623886705844275
Exterior2nd_Other,0.002060156966414714,0.015476651520389854,0.04516454730435405,0.034912321459761225,0.019545392990615,-0.0010268681067023713,0.020675535971446626,-0.019939353698625824,0.0042877640534884996,0.007769310469619814,0.04320530546718458,0.015721055535554255,0.034196390350033905,-0.030775709255030058,-0.029119263613714565,0.026322014088285935,0.027549443420215387,-0.00623382054031202,0.019268452105246744,0.023331223418062735,0.01426158521904548,0.0034231165891532456,0.006818290439379793,0.006874955085497491,0.018818659010743585,-0.0028416046134726314,-0.0009696356842476735,-0.002755806681546014,-0.005324910884747068,-0.0036608325200733075,-0.008858951738437825,-0.004980832596595438,-0.007099093560413931,-0.0062616539172487135,-0.004221538613690465,-0.0028416046134726335,-0.004878731159947839,-0.011174552347320127,-0.0020618634616685495,-0.00600614141639662,-0.004450133961766882,-0.00617741284186321,-0.007582768162061827,-0.0034555438454198857,-0.00604932055905611,-0.005372535479949056,-0.006549802630573903,0.19834821672710057,-0.004279710124597743,-0.002281048418519265,-0.002174144238404748,-0.005651216278606723,-0.0027558066815460184,0.013564816774682784,-0.010968312182333463,0.011611760230533993,-0.003856000544660362,-0.005031212937271013,-0.004560596574554108,-0.0076190750195178495,-0.008990029689756344,-0.0025760377642485405,0.026324011609458554,-0.0019432739968373645,-0.002281048418519263,-0.01733482007973679,-0.0042215386136904695,-0.005651216278606719,-0.002481474202684449,0.013842829614158137,-0.002281048418519267,-0.012921749636099754,-0.001817140746726353,-0.0009696356842476753,-0.0030853618542539436,-0.0006854009595613451,-0.0009696356842476741,-0.004930009996542105,-0.0006854009595613451,-0.005466739938600008,-0.0110863483058297,-0.0006854009595613453,-0.011027392985252953,-0.0073993894494961176,-0.0009696356842476752,-0.003455543845419875,0.03546374894034499,-0.010611021536400802,-0.0035252056082745215,-0.00308536185425394,-0.0011879637962715496,-0.0018171407467263575,-0.0034555438454198857,-0.0006854009595613451,-0.005419808745550285,-0.010640988927468533,-0.0021741442384047524,-0.010849762198506798,1.0,-0.008593277194535117,-0.0015347083625049972,-0.0035252056082745093,-0.01900897397682444,-0.010339601285233218,-0.004279710124597734,-0.004560596574554107,-0.0013722134196707816,-0.0009696356842476738,-0.0020618634616685473,-0.0015347083625049946,-0.0015347083625049955,0.08670027908009417,-0.0011879637962715506,-0.06707829373952752,-0.007137125156078002,-0.0013722134196707781,-0.002383299907565851,-0.0030853618542539467,-0.05598222010393324,0.08555747920617543,-0.0065901714255907,-0.005559611258532544,-0.002174144238404756,-0.0037919706103394977,0.03437367328877157,-0.005830869671712116,-0.0013722134196707803,-0.0023832999075658473,-0.00866015480747239,-0.013285926280496402,-0.00541980874555028,-0.0027558066815460166,-0.0053249108847470495,-0.0030853618542539415,-0.0050312129372710145,-0.005324910884747068,-0.006670350116675797,-0.006261653917248707,-0.005372535479949053,-0.00503121293727101,-0.007325140422603418,-0.008559719094491984,-0.010550975584685329,-0.011986129886989721,-0.011437603779197537,0.08670027908009409,-0.005559611258532549,0.05001494998336524,-0.014120139929614828,-0.013425492577827748,-0.014369255787343865,-0.00966139447134431,0.006906656085580695,0.0016817668047429094,0.006345016128972143,0.004221538613690479,0.02478286646569098,0.0455192643397252
Exterior2nd_Plywood,0.12678180831199382,-0.008932094654409046,0.03217286904577754,-0.002738153714859287,-0.008669757426745988,0.06585540495600108,-0.009400621622579017,-0.020086744382394918,0.025413336256045756,-0.02920460321061136,-0.015258886406163404,0.10025951916643255,0.01109028857225524,0.011633503794269279,0.10598893036622893,0.041490034474045645,-0.16192968630567525,0.007471031474143167,-0.14510642296026602,-0.19910511708189435,-0.07242230305486705,-0.0306266706787887,-0.005354159418339215,-0.0024280388152043667,0.03924859820801532,-0.035626877640305796,-0.012156896041968889,-0.03455117822454321,-0.031256989316736906,0.13949489509753704,-0.08823018787987531,-0.012089422393575073,0.0025071981566559616,-0.06828865382034559,-0.03822012799769766,-0.03562687764030581,0.08001536800160887,0.019951923983510606,0.09227805725688726,0.16863528160215782,-0.05579396140727898,-0.07744987828611376,-0.08641941304852878,-0.007688519448325899,0.1243759278522399,0.12045444805682129,-0.08211874930849054,-0.04332419689136019,-0.01010299723479234,0.10505775868503053,0.0007678459764537501,-0.070852640765803,-0.012348396442926516,0.1587522768824759,-0.13751621678398315,-0.022811499984132604,-0.032310511237670536,0.1364781652233707,-0.057178896514345025,-0.009370735188803431,-0.06003679996507823,-0.03229730898822437,0.09888398340778007,0.006948880308523239,-0.028598853096203823,-0.09179809522496482,0.05002666200225798,0.041221958928750094,0.1903443386960211,-0.027823784662248875,-0.02859885309620381,-0.02222757915077634,0.010680761371561492,0.11283654213602114,0.0010896621502128067,-0.008593277194535114,-0.012156896041968894,0.014451457573368335,-0.008593277194535112,-0.06853975178688278,0.009065346810509852,-0.008593277194535114,-0.13825694775215708,0.755085263686463,-0.012156896041968887,-0.04332419689136011,-0.2326363508928732,-0.07991658896047599,0.0431920086956858,-0.03868300633255244,-0.01489420470751467,-0.022782568247493813,-0.043324196891360175,-0.008593277194535112,-0.06795134766325187,-0.13341237154998767,-0.02725853216410814,-0.13602988552310766,-0.008593277194535117,1.0,-0.0192415464084219,-0.0441975876121042,-0.23832674916460617,-0.12963369643054679,-0.05365725696746018,0.03852505408778502,-0.01720425120624093,-0.012156896041968903,0.003681413068994653,-0.019241546408421975,-0.01924154640842191,-0.09911475817276882,-0.01489420470751467,0.07351050936745775,0.0198281228168447,0.07124013879767382,0.12373193103752754,0.06074866487436061,0.002904636076513605,-0.10043864398841297,0.005256852285794739,-0.05832831997581959,-0.02725853216410814,-0.031248380047399108,0.09527907428703879,-0.062211676227718046,0.027017943795716436,-0.02988084048865456,-0.07756748175034547,-0.04055859914583802,-0.05630710264114531,-0.012348396442926525,0.051587002077726554,0.02097599639159539,0.1364781652233707,0.016082434337242178,0.0033219118901137135,0.023667988032425605,0.00307125878772566,0.049171777605515915,0.05069117355652397,-0.0055851377327951375,-0.025609212522971943,-0.02202749350266519,-0.004781726357853098,-0.023937667293631136,-0.024200876548877318,-0.019914228903890937,-0.02212243674001027,0.002464333563923459,0.006170852379996268,0.04255413609667512,0.06784923910884698,-0.015046790474676596,-0.011328890459738412,-0.050026662002257916,0.07921741175983185,-0.05294086897596908
Exterior2nd_Stone,0.020563928271508995,0.01655362929871068,-0.0343032982059646,-0.01365340080937901,-0.033457965381225876,-0.007091182676743436,0.025006811635389287,-0.021325129746937066,-0.01915256833119808,0.024612192737744565,0.01827362226707299,0.01700893230017643,-0.007311180979833452,0.044299617520071354,0.052985579163670644,-0.008259083583811465,-0.020002829296034974,-0.013958393813302328,-0.00986338655467464,-0.033320932461402296,-0.12288144859840018,-0.12797952726026546,0.0028146056642225003,0.0029077524386651103,0.006325020619909344,-0.006362749135951434,-0.0021711495620761125,-0.006170635597479467,-0.01192321830078176,-0.008197114701856356,-0.019836428774056676,0.18041260170322507,-0.01589586081167063,-0.014020716627044178,-0.009452613864466943,-0.00636274913595144,-0.01092415965448544,0.039923004364829595,-0.004616799922473715,-0.013448588493413823,-0.009964470738065638,-0.013832089107550653,-0.016978875717799956,-0.007737444721353531,-0.013545272617357466,-0.012029856413112668,-0.014665921793182612,-0.007737444721353507,-0.009582867992366155,-0.00510758561736007,-0.004868212244854883,-0.012653861597527943,-0.006170635597479468,0.030373517062592597,-0.024559581065608366,-0.03726716977685462,-0.008634123135020828,0.11525562724300796,-0.010211811937729565,-0.017060171836483132,0.01803850923228536,-0.005768107913725606,0.03549436692616389,-0.004351261567380237,-0.005107585617360066,-0.0388150803814427,-0.00945261386446694,-0.012653861597527948,-0.005556366907682145,0.002623488144253576,-0.0051075856173600775,0.0006069986020460749,-0.0040688316246804265,-0.002171149562076113,-0.006908555602413993,-0.0015347083625049977,-0.0021711495620761133,0.11789630771431923,-0.0015347083625049966,-0.01224079333763842,-0.024823880412261252,-0.0015347083625049972,-0.024691871225169942,-0.01656826519887088,0.31481668650103556,0.08263590962405558,-0.04327541245249012,0.009919038554184627,-0.007893427126263322,-0.006908555602413976,-0.00266001666186455,-0.004068831624680438,-0.007737444721353533,-0.0015347083625049966,-0.012135707849456662,-0.02382665863607887,-0.0048682122448548875,-0.024294131113991643,-0.0015347083625049972,-0.0192415464084219,1.0,-0.007893427126263293,-0.0425637445029886,-0.02315180966126825,-0.009582867992366125,-0.010211811937729551,-0.0030725772716427586,-0.0021711495620761138,-0.004616799922473709,-0.003436426116838487,-0.0034364261168384875,-0.017701308217096104,-0.0026600166618645487,0.022879358984061737,0.030221530715075103,-0.003072577271642757,0.12451928919522363,-0.0069085556024139905,-0.03369227389245916,-0.017937746375237047,-0.014756313156708233,-0.012448745178599594,-0.0048682122448549,-0.008490751179843296,0.003998309072817677,-0.013056130606500013,-0.0030725772716427577,-0.0053365409655095775,0.01992994178864408,-0.029749042340635648,-0.012135707849456653,-0.006170635597479473,-0.01192321830078174,-0.006908555602413979,0.11525562724300796,-0.011923218300781758,-0.014935844431046919,-0.014020716627044166,-0.012029856413112647,-0.011265587625256413,0.07396378666971191,-0.019166405141040368,-0.023625106204645363,0.004137178098101785,0.0383061395134814,-0.017701308217096118,-0.012448745178599615,0.026385184588672055,-0.003555707093491802,-0.030061550749983887,0.023417139009017974,-0.02163320999451354,-0.07960387999048466,0.00376571048379361,0.014207376248196284,-0.139745399563876,0.008524903328065632,-0.016753527668945764
Exterior2nd_Stucco,0.016711817890067693,0.07362614592361999,0.0023598507919458905,0.0012725218898114224,0.0034958505850997234,0.04011020274024122,-0.04412045871237996,-0.009836224658625953,0.03475437183442771,0.049521735065776326,-0.0204173524977275,0.04067654792211243,0.04682988169407729,0.2075268148306355,0.08917832316512837,-0.032823145513945155,-0.04775048134589689,-0.0320622532302107,-0.025778099775340173,-0.08517673237822704,-0.07920263659028141,-0.034822182710826585,-0.019937867345442114,-0.025310956851386037,0.028991972629039707,-0.0146151539185523,-0.0049871029569036685,-0.01417387156172627,-0.0008717500563633623,-0.01882866831551491,-0.04556402484723875,0.14362191809455074,0.08650675242086696,-0.032205407941486394,0.011239960396870384,-0.014615153918552278,-0.025092655921168827,-0.028786020666311474,-0.010604730759674039,-0.03089123688814483,-0.022888262674206905,-0.03177213292595963,0.1354256877940613,0.022147658293688914,-0.031113319092349954,-0.027632427326467934,-0.03368743600996342,-0.017772812210984937,-0.02201172601607795,-0.011732059264778641,-0.011182221669673923,-0.029065759306299316,0.03557096613087068,-0.057019411052517066,0.07436807993594885,0.04574894788200583,-0.019832471133752094,0.0020670905741345114,-0.023456402267053977,-0.039186997937467466,0.054922291319945825,-0.013249270586763924,-0.04069410981362748,-0.009994792532022984,-0.011732059264778638,0.034599678610506314,-0.021712533939335893,-0.029065759306299354,-0.01276290418631786,-0.02906615200270859,-0.011732059264778657,0.02488232259099257,0.06562778958802136,-0.004987102956903672,0.028686024174322595,-0.003525205608274512,-0.00498710295690367,0.003120787332745158,-0.0035252056082745115,-0.02811694676188476,-0.05702013788835045,-0.003525205608274512,-0.04224021951261246,-0.03805709464116449,-0.004987102956903671,0.7806365978824926,-0.08856450002544089,-0.03969861177361815,0.021027786718163247,-0.01586886443685931,-0.006110024473446524,-0.009346054542269094,-0.01777281221098496,-0.0035252056082745115,-0.027875566730774504,-0.05472953213941589,-0.011182221669673932,-0.05580331048135608,-0.0035252056082745093,-0.0441975876121042,-0.007893427126263293,1.0,-0.097768380297472,-0.053179412619080706,-0.02201172601607792,-0.023456402267054026,0.09202117125884456,-0.00498710295690367,-0.010604730759674049,-0.007893427126263314,-0.00789342712626331,-0.021944947117932895,-0.006110024473446523,0.021972388649764456,0.004109752473357652,-0.007057670952005755,0.045103031651534516,0.028686024174322644,-0.0045110694951980765,-0.022693220968957595,-0.033895063823445905,-0.028594609498283043,-0.0111822216696739,-0.0195031475744302,-0.10255539402668513,0.16526133096397438,-0.007057670952005762,-0.012257966790312498,0.059674266225723596,-0.05549982629708626,0.20692247611690334,0.035570966130870636,-0.027387480937415207,-0.015868864436859316,0.0020670905741345196,-0.00087175005636332,-0.012661433849193725,-0.0093135405634094,-0.02763242732646794,-0.02587691163175807,0.022200487460583184,-0.008958712997945161,0.020421582061787152,0.020449354370630165,-0.002359257872449567,-0.0032302141785742105,-0.003107350726919657,0.03035501724233736,0.001748947283667752,0.0074781953552748885,-0.024791993589596904,-0.01780146589512738,-0.17445018039659196,0.00864978913318681,-0.012613584261013937,-0.0112399603968703,0.013357546405989854,-0.04241569231469847
Exterior2nd_VinylSd,-0.04047795313037843,0.13687669253207135,0.17032433632609012,0.280273525494329,0.13068407717731334,0.08542360658620085,0.30398065435523947,0.10898417638845002,-0.0065097149950976655,0.127697665000403,0.3227588229121936,-0.002143604802297136,0.18224498728935143,-0.5147642505850437,-0.48635359536953926,0.2483536418855497,0.412734221381162,-0.03741887176451389,0.3563572033705994,0.4563210284896724,0.34870556581311435,0.10118739783058049,0.08198989590584192,0.07559990148016528,0.08311976999667336,0.13605830540444494,-0.026891966274253096,-0.07642979888471926,-0.11080159681246878,-0.09102578736391151,0.3616526279671422,-0.12244616087587834,-0.07711404415574787,0.22115034567960554,-0.08958093152516797,-0.07880932671074127,0.008678594883727407,-0.20218334377107453,-0.05718391306558235,-0.10708385451866624,0.07714374104026635,0.19606481509708001,-0.11325955777256864,-0.05141697551771159,-0.09552807522032657,-0.017317470080731975,0.13040581463133546,-0.006997576549747723,0.08036874580112405,-0.06326280905013594,-0.06029791857331022,0.08075779375177564,-0.03491658966906074,0.07642236105006296,-0.11016978676294449,0.07715580922421657,-0.07696258766051756,-0.08512300095925882,-0.058316178697495086,0.030319275068301208,-0.15083944670541488,-0.07144407100809536,0.009741247916450967,-0.03437941228893725,-0.06326280905013588,0.17020145227099426,-0.06208131839927506,-0.058941707288025884,-0.06882143639422213,0.059688152680729606,-0.013282451250786108,-0.035314200972516835,-0.029540952403652957,-0.0268919662742531,-0.0855697127038393,-0.01900897397682443,-0.026891966274253113,-0.13672935589370977,-0.019008973976824425,-0.15161507403990374,-0.30746981530110723,-0.01900897397682443,-0.3058347429554897,-0.2052153553737067,-0.026891966274253096,-0.0958363744856754,0.9775248873036357,-0.2860103766619766,-0.09776838029747206,-0.08556971270383923,-0.032947098444664945,-0.05039675052228617,-0.09583637448567553,-0.019008973976824425,-0.150313479965751,-0.29511817686888164,-0.06029791857331028,-0.30090831419049147,-0.01900897397682444,-0.23832674916460617,-0.0425637445029886,-0.097768380297472,1.0,-0.28675946396037677,-0.11869387874638555,-0.09240009418922572,-0.03805709464116457,0.012058699162661068,-0.02037239936375237,-0.017903797290939567,0.03141609713315818,0.28052269628509185,-0.032947098444664924,-0.1717346378279267,-0.061687628059094626,-0.01049590506968622,-0.050142304616374714,-0.035993609311932295,-0.14099730705807687,0.28241269211002423,0.07891460490394538,-0.10456146970165167,-0.007896156003647811,-0.07470186094112241,0.03577498342520736,-0.10061081060271862,-0.010495905069686241,-0.06609866136003356,-0.1387159583480163,0.31337917643894503,-0.10677028934075196,-0.07642979888471928,-0.05916962893797336,-0.03599360931193235,-0.08512300095925882,-0.007537661063478179,-0.040483365047349444,-0.02083098080951793,0.019261676791184502,0.023703252456255965,-0.008837504430926733,-0.013041683023715063,0.02317841034376145,-0.031732466752128374,0.020506215141467315,-0.005804999867197086,0.05850625055570766,0.02666724223474729,-0.001974389404086556,-0.031728549487012245,0.031834300218509096,-0.032870965324513564,0.13898165258207226,0.04664227702118287,0.06898579695416152,0.07124785610790597,0.055380134814435024,0.3063888808714816
Exterior2nd_Wd Sdng,0.008122463378115062,-0.05820954559654143,-0.11280450542223219,-0.1764923031310812,-0.14161252911831182,0.02584260483051004,-0.1868110925950632,-0.09741144832553031,0.025349528455022037,-0.04689570322355217,-0.1881796072152228,-0.011708299100524698,-0.10279621362362883,0.38962441734444997,0.2267584583097484,-0.2029757953933013,-0.19552559341601522,0.014500825872295443,-0.1715948349946845,-0.13294229479960337,-0.18398114818667896,-0.055634827561410846,-0.058970123141187596,-0.052148468781147914,-0.03892055611214592,-0.04286696466312239,-0.014627418049533577,-0.04157266182499013,0.13522183332212062,0.061713093519430155,-0.13364152399085286,0.06680699862087669,0.08339137160175736,-0.07673702615185317,0.08938815723073928,-0.042866964663122425,-0.07359799292371615,0.10905457770478608,-0.03110419645733732,-0.06300992726941605,-0.05499753442095821,-0.09318922722259271,0.14819119121652632,0.13331144276435514,0.0001377179081635445,-0.04032490291620667,-0.09880690529007723,-0.05212853160892802,-0.051970003069504764,-0.011226750991250513,0.015816297153164217,-0.0852513003991255,0.01619645581252791,-0.07512206872604801,0.12704213993300514,0.11025863263989905,0.06698982877500002,-0.043446637866687,-0.0687987805471835,-0.11493739068371482,0.19071044262855066,0.10514104569196761,-0.011869533045325707,0.07931477671993378,0.03514115975054794,-0.12649380383325404,-0.050927921854948655,-0.026930223359192703,0.026588385627974387,-0.004642195796815111,0.05832511512144709,-0.013084877800674745,0.0016101576634291754,-0.014627418049533585,-0.04654415922334072,-0.010339601285233223,-0.014627418049533578,0.0579116604286661,-0.010339601285233223,-0.07244892711339108,-0.1616596912973607,-0.010339601285233223,-0.15514555517526055,-0.09630371419746776,-0.014627418049533582,-0.052128531608928004,-0.2873584534227309,0.8592439328330361,-0.03802089203652363,-0.04654415922334066,-0.017921002040325415,-0.02741243725763985,-0.05212853160892815,-0.010339601285233223,-0.08176040708649544,-0.1605244072914943,-0.03279800567550886,-0.1636738519361754,-0.010339601285233218,-0.12963369643054679,-0.02315180966126825,-0.053179412619080706,-0.28675946396037677,1.0,-0.06456147410858146,0.03792014005132815,0.01765321463381607,-0.014627418049533582,-0.0054910397581199215,0.011164578263048147,-0.023151809661268216,-0.11925683971191693,-0.017921002040325408,0.0831138299370453,-0.02076283227012096,-0.020700495731320042,0.008456002433245725,0.02244515292496123,0.09065461611183141,-0.11368466250250206,-0.08247823733168565,-0.08386939485890153,-0.032798005675508925,0.0699801490010925,-0.02629920540078875,0.15768092703495468,-0.020700495731320035,0.0972744452572657,0.17864801378445666,-0.17558542299671617,0.14041761961555466,0.07396557345004597,-0.029007241566344478,-0.029296831186265183,-0.04344663786668698,0.042842978697358945,0.008304624725102966,0.02073957275653582,-0.030144311828940257,-0.04344663786668684,-0.025517031683951107,-0.013746260888403791,0.0027406993871655987,0.03105091071070924,-0.014065942042552616,0.0039001363074630284,0.004926338639282799,0.017719350636245693,0.012511772441028956,-0.049469150713665526,0.025633378097253676,-0.009956014832028291,-0.15590952927467697,-0.037304150562846056,-0.044406681379983375,-0.012852114093091385,-0.043758808012935316,-0.16180049517317943
Exterior2nd_Wd Shng,-0.007627125684156098,-0.01851306594471169,-0.07977167213404897,-0.08343338730608257,-0.040322383027739196,-0.06599705343506314,-0.003691630211177041,-0.038929980849505115,-0.025978328696465963,0.01144624024708364,-0.052693504404690776,0.01138462292124278,-0.053265184833073145,0.10586599720065303,0.03208650152876851,-0.021935561110494176,-0.02280890014051828,-0.026666192391683705,-0.009351940052615198,-0.029232328465077343,-0.050777527660983215,-0.015954002269055464,-0.06251540500777952,-0.048701813228642137,0.031153945505073062,0.0223576000117299,-0.006054499336712136,-0.017207524430655537,0.07687760041713036,-0.022858593618896438,-0.026978756107592105,0.039188936557918296,0.023796830473257362,-0.039098374889243157,0.028384481579533542,-0.017743255046164027,-0.006576925307115122,-0.010201021869948037,-0.01287447560343148,-0.03750293003086743,-0.027787068439733366,0.05766080875662832,0.0331454836220762,0.044743368291625986,-0.03777254478910989,-0.011700921967747753,-0.04089760342635652,0.011583308542502146,-0.026722925457102698,0.035505496258879825,-0.013575567672668062,-0.035286743017289415,-0.017207524430655558,-0.010084367715686441,0.040146532139025456,-0.008745115554732674,0.005763821869391381,-0.008203611890731159,0.047856373311063814,-0.015506655714445207,0.055904400898849245,-0.016085029860559874,-0.04212370930238024,-0.012133991473334162,0.08525408026844238,0.013249995242501873,0.0010123923416742752,-0.03528674301728944,-0.015494565802699697,0.03438329123116876,-0.01424308775068302,-0.03732816210706406,0.05093084751691385,-0.0060544993367121405,-0.019265298919553777,-0.004279710124597734,-0.006054499336712135,-0.007128801490868235,-0.004279710124597735,-0.012634903129920706,-0.0572437486146209,-0.004279710124597736,-0.05683100173634628,-0.04620250599461851,-0.006054499336712138,0.07790342804074978,-0.07566298093853989,0.044960806343113245,0.5309549133756771,-0.01926529891955373,-0.007417761261689432,-0.011346403215660883,-0.02157675120662166,-0.004279710124597735,-0.03384181191774206,-0.06644336780293571,-0.013575567672668052,-0.06774696837329358,-0.004279710124597734,-0.05365725696746018,-0.009582867992366125,-0.02201172601607792,-0.11869387874638555,-0.06456147410858146,1.0,-0.0030324140408321786,-0.008568233795634634,-0.006054499336712136,-0.012874475603431471,-0.009582867992366175,-0.009582867992366143,-0.018271227070567286,-0.007417761261689433,0.025698154305501632,0.04019898168870135,-0.008568233795634629,-0.014881555974024801,-0.01926529891955376,-0.0020271378171627173,-0.019271426095938474,-0.004804528934975629,0.028798453728509178,-0.01357556767266808,0.006646296865776106,-0.06203267102683107,0.06495768077242392,-0.008568233795634629,-0.014881555974024786,0.06134807234658825,-0.05097844029637111,0.0745113578188882,0.06543387579551929,-0.03324926046298174,0.017744354268010024,-0.008203611890731159,-0.03324926046298175,0.06623163415414834,-0.0010679769290199805,-0.03354663305842758,0.015008158187694147,0.020575686397255422,0.019372054177746158,-0.028657352517876822,0.016083287489264683,0.02239226417515702,-0.04936212628155579,-0.0347147523796833,0.008662997816340712,-0.03668592720085229,0.03271346915231246,-0.018330210637965243,0.019141248901938596,-0.026640056293297236,0.01050111518092543,-0.05434404859571691,-0.028384481579533608,0.01687930375426235,-0.040329435645520134
SaleType_COD,-0.016018829021850093,-0.0249250639746841,0.006231036376916773,0.0007364598150744542,0.0043716948042184815,-0.014743651922032582,-0.053684016153338426,-0.044029865059722936,-0.02114686017450267,-0.02060884306087451,-0.01619420218681567,-0.04626453131816599,-0.011373265545603237,0.0675787513664507,0.15278105794690627,-0.06736999775767097,-0.07073197550378452,0.027784636228284452,-0.07937520870066425,-0.1235146892148668,-0.06558878388547217,-0.0065169183219104514,0.03676264098793579,0.04143085264360686,-0.05686648857606352,-0.018907782496736608,0.10307985998899172,0.059488285091325775,-0.035431479927203025,0.03471743299177032,-0.058946671125638735,-0.011077563216965574,0.03295585987559842,-0.04166448413542367,0.023464025175972132,-0.018907782496736626,-0.009968356948151435,0.08273135614221731,0.038038694913099746,0.0715640271465849,-0.029610792659715453,-0.04110395156761743,0.010186543283082643,-0.022992879138554797,-0.04025163699459615,-0.015175795894679371,-0.043581799856420175,0.008234659040319626,0.02241197963511584,-0.015177891800077033,0.08377148093087544,-0.037602686781723876,0.02057569717316466,0.0009985763595977263,-0.00478035526419984,-0.02111273123705447,-0.025657482135291527,0.032099822349302067,0.04153878977860206,-0.005398540881203049,0.006124612156911925,-0.017140724476185108,0.06982552144590644,-0.012930371062025577,-0.015177891800077002,-0.06253971904206744,-0.028089739695238244,0.0016816943998982092,-0.016511507010217773,-0.015733124231657885,-0.015177891800077017,0.026301624505524847,-0.012091091717039235,-0.006451868965832086,0.04917584413233757,-0.0045605965745541075,0.10307985998899163,-0.010527745540243208,-0.004560596574554107,-0.03637519774397973,0.016490675757915314,-0.0045605965745541075,0.03986775521754237,0.04363711092756929,0.10307985998899173,-0.022992879138554745,-0.09468520667105232,0.03413069498021792,0.007175393180082738,0.04917584413233752,-0.00790460466153669,0.04655672857158962,-0.022992879138554825,-0.004560596574554107,-0.03606292179035502,0.03371968861167935,-0.014466560963966441,0.04234945439090104,-0.004560596574554107,0.03852505408778502,-0.010211811937729551,-0.023456402267054026,-0.09240009418922572,0.03792014005132815,-0.0030324140408321786,1.0,-0.009130585147287975,-0.006451868965832085,-0.013719454735665972,-0.010211811937729593,-0.010211811937729576,-0.052601867294348716,-0.007904604661536684,-0.4463329564802628,0.33566523695596556,-0.009130585147287984,-0.015858264046692185,-0.020529721336801098,-0.17191115206885732,-0.05330447573804775,0.0074900861049892265,0.022818590740269994,-0.014466560963966429,-0.02523143268925698,0.07743714366477378,-0.000614597224488343,-0.009130585147287967,-0.01585826404669213,-0.0032757769289210687,-0.08840336308164654,0.004752478065395624,-0.018336890744996462,-0.014689715414886846,-0.020529721336801088,0.032099822349302067,0.026793813609745292,0.04027837117162421,-0.005850444195642408,-0.03574836971662156,-0.03347724009936544,-0.048740828056081854,0.011620333507047718,0.023273695387723746,-0.026237874464187325,0.012237880287749579,0.02059554621094018,0.0028813420982627133,-0.04188470646061006,-0.045472823735271235,0.05035177158289141,0.0388525484880833,-0.0019221743473760453,0.013106255924182563,0.011190325636278677,0.04221916882316721,0.002312857259633015,-0.06230408921608441,-0.08104671129791086
SaleType_CWD,-0.007818279336745646,0.030311663310421642,0.008494050693248075,-0.03806769627349307,-0.01773076385183112,-0.005626281950716162,0.017600449909754713,-0.013854088367378198,0.024652515969876575,0.015554620896393416,-0.03628177123321847,0.031474486687447296,0.024291907624841517,0.027649491921299618,0.0077477302505541265,0.002629196115645879,-0.013319895010778408,0.02485865875597923,0.018828403465834063,-0.007934795569735257,0.015242607801679563,0.00685328267375084,0.013650622324949608,0.013764068311184291,0.02624009226763192,-0.005689061168664086,-0.0019412682161517054,-0.005517288614325889,-0.010660787780742732,-0.007329204082857997,-0.017736147418702556,0.06139575885597872,-0.014212806847152567,-0.012536202954956261,-0.008451770976614707,-0.005689061168664087,-0.009767509477855102,0.013920428564888126,-0.004127973082268795,-0.012024651756097028,-0.008909432437295367,-0.012367547319858455,0.03385531269219027,-0.0069182039663041,-0.012111098963648578,-0.010756135048252251,0.04254131589720337,-0.006918203966304085,-0.00856823379563466,-0.004566794380933164,-0.0043527658644485585,0.05221878717708681,-0.005517288614325886,-0.03700108868152431,0.014807358739082293,-0.01210803827068723,-0.007719942057021897,-0.010072787050317233,-0.009130585147287984,0.03358521045357706,0.024660382844012837,-0.005157380567343934,-0.025920308716630876,-0.003890549931917397,-0.004566794380933162,-0.006239162090626369,-0.00845177097661471,0.05221878717708699,-0.0049680587019745506,-0.003996400237596666,-0.0045667943809331755,0.007145939490969696,-0.0036380236754910925,-0.0019412682161517054,-0.00617707763884253,-0.0013722134196707807,-0.001941268216151706,-0.009870172753618223,-0.0013722134196707805,-0.010944737968266217,0.014297119134798647,-0.0013722134196707807,0.014551076616025508,-0.014814017048454668,-0.0019412682161517052,0.0940875739417357,-0.038693411178243764,0.016396987064822458,-0.00705767095200578,-0.006177077638842504,-0.002378374060593887,-0.0036380236754911008,-0.00691820396630411,-0.0013722134196707805,-0.010850778933039276,0.016260941481098693,-0.00435276586444856,0.015327112589142128,-0.0013722134196707816,-0.01720425120624093,-0.0030725772716427586,0.09202117125884456,-0.03805709464116457,0.01765321463381607,-0.008568233795634634,-0.009130585147287975,1.0,-0.0019412682161517067,-0.004127973082268797,-0.0030725772716427547,-0.003072577271642757,-0.015827093456102045,-0.002378374060593888,-0.1342947271286393,0.03734933036663205,-0.0027472527472527514,-0.004771507933626237,0.10655458927003332,-0.04378406769105994,-0.01603849753876026,0.042159864768223344,-0.011130671865405098,-0.004352765864448569,-0.007591750326458873,-0.03992047658517255,-0.011673747315725212,-0.0027472527472527505,-0.004771507933626221,0.026609235132122697,-0.026599213322551732,0.05515812624294974,-0.005517288614325896,0.05642865256358664,-0.00617707763884251,-0.010072787050317236,0.05642865256358655,0.041413759729749984,-0.012536202954956275,-0.010756135048252218,-0.010072787050317252,-0.014665366087760263,-0.017137065897298125,-0.021123679630080994,-0.023996943761751776,0.012819392358521834,0.03152445663797369,-0.011130671865405126,-0.027436065019102607,0.06581862819046069,0.005393409978837625,-0.028768103322607794,-0.01934268541846881,-0.039299311693138626,0.0033669970052304364,0.01270309905281652,0.008451770976614715,0.02337021787305723,0.019588066467574505
SaleType_Con,-0.0028723934041022313,0.008287060890076196,0.015207394019096834,0.012220217691745002,-0.021138893843653275,-0.030046071732320965,-0.004375931735230656,0.04546612505603832,-0.03935053805223097,-0.0004059261663956961,0.011545357191965618,0.022240553107875292,0.013682114213922137,-0.03496490114173225,-0.02683507248080442,0.037237712882115866,0.006716634468614063,-0.008818976338975458,0.02725904958379661,0.03300664591684716,0.0201758426938531,0.004842677778431275,0.009645825007042011,0.009725988394829122,0.0023799943935972584,-0.004020013680035238,-0.0013717421124828557,-0.0038986354775828445,-0.0075331432459535335,-0.005178974140609906,-0.012532745410970601,-0.0070463762204445585,-0.010043076750863715,-0.008858352174556852,-0.005972204189622778,-0.004020013680035239,-0.006901933474916706,-0.01580862203401313,-0.0029169150707926976,-0.008496879032243013,-0.006295597677267978,-0.008739176454660776,-0.010727330466560625,-0.0048885525680412555,-0.008557964499010756,-0.0076005176876018914,0.06938722373754792,-0.00488855256804124,-0.006054499336712149,0.21092817298712543,-0.0030757585131014767,0.08179261607954746,-0.0038986354775828506,-0.026145769621045097,-0.015516854389532174,-0.03353874284886481,-0.005455078045081894,-0.0071176492109796975,-0.0064518689658320865,0.05824276607683423,-0.012718181187275688,-0.003644316666529881,0.0002029457153801204,-0.0027491467371303932,-0.0032269956924316835,0.015706089547585678,-0.005972204189622784,-0.007994766985218942,-0.003510537741299347,0.01958342978311355,-0.0032269956924316887,-0.01828037935356191,-0.0025707062220251225,-0.0013717421124828577,-0.004364856673991039,-0.0009696356842476753,-0.0013717421124828555,0.09485289490096321,-0.0009696356842476752,-0.007733788590493038,-0.015683839912058236,-0.0009696356842476753,-0.015600435910633932,-0.010467904883688798,-0.0013717421124828577,-0.00488855256804124,0.011414454913033214,-0.015011395861773564,-0.004987102956903685,-0.004364856673991032,-0.0016806105570620123,-0.0025707062220251286,0.13785718241876296,-0.0009696356842476752,-0.007667395103803945,-0.015053790683866716,-0.0030757585131014832,-0.015349141909586297,-0.0009696356842476738,-0.012156896041968903,-0.0021711495620761138,-0.00498710295690367,0.012058699162661068,-0.014627418049533582,-0.006054499336712136,-0.006451868965832085,-0.0019412682161517067,1.0,-0.0029169150707926937,-0.0021711495620761077,-0.002171149562076108,-0.011183766586863219,-0.0016806105570620134,-0.09489555907525969,-0.010096879990807182,-0.0019412682161517006,-0.0033716507168578026,-0.00436485667399104,0.017320422134876085,-0.011333149284483417,0.06890525017225561,-0.007865173504087853,-0.003075758513101488,-0.00536449499539186,-0.02820867226210615,-0.0082489223643749,-0.0019412682161517047,-0.0033716507168577974,-0.012251507698221592,0.027093293516328176,-0.00766739510380394,-0.0038986354775828475,-0.007533143245953504,-0.004364856673991033,-0.0071176492109796975,-0.00753314324595353,-0.009436534059849984,-0.00885835217455684,-0.00760051768760189,-0.007117649210979689,-0.010362864899440887,-0.012109421449406025,0.03848682424351278,0.03196985888095494,-0.01618076049046353,-0.011183766586863226,-0.007865173504087863,-0.01938691700321938,-0.019975740260252114,0.02661522402746717,-0.020328164081369376,0.04334695857841729,0.009770835750932478,0.002379192914327827,0.008976284567380735,0.005972204189622744,-0.0020324801800354554,0.04135727608882869
SaleType_ConLD,-0.006018490846891184,-0.016628124070073483,-0.03142420257797209,-0.0025720697457078247,0.0015473026514488065,0.03347148406121595,-0.0172498372869585,-0.059982736042263556,-0.019292933192459467,-0.0035559818564277054,-0.02230396401973368,-0.034179309322788204,-0.03231528482635669,0.04313721617538702,0.017154928375569468,-0.043418246289892624,-0.039067958011886623,-0.0935597769729065,-0.03435233864601652,-0.030169136052808843,-0.05487165956191474,-0.0656343290906457,-0.05384344464083403,-0.06319391243840944,-0.019759718169136666,-0.008548282057815857,-0.0029169150707926933,-0.008290179674884495,-0.016018709978065763,-0.011012731609331207,0.002171483065679475,-0.014983633443087814,0.04793215492068366,-0.018836675440098146,0.0986593286096714,-0.008548282057815854,-0.014676485898762394,-0.009379263758617907,-0.006202618883528606,-0.018068027713308173,-0.013387154609718954,-0.018583256484542312,0.04268357704003999,-0.010395170149199674,-0.018197921748783052,-0.01616197708522969,0.017463309973135163,-0.010395170149199646,-0.012874475603431473,-0.006861983956736456,0.20565888337285057,-0.017000321047555864,-0.008290179674884508,-0.04488565990431718,0.016110963117012086,-0.05951238037878288,0.17050528580919483,-0.015135190545797279,-0.013719454735665973,0.009695267876338745,0.05842044842002377,-0.007749388249152337,-0.008319326505172819,-0.005845871083480669,-0.006861983956736458,-0.05214762488789397,0.042979923982643733,0.025427830626686087,-0.007464916583809133,-0.0007107272308560104,-0.00686198395673646,0.005225213892233859,-0.005466429625050509,-0.002916915070792695,-0.00928156692016239,-0.0020618634616685477,-0.0029169150707926937,-0.014830745909717514,-0.002061863461668547,-0.01644536847607773,0.015390018806888953,-0.0020618634616685473,0.04021000228485553,0.01117544016243736,-0.002916915070792694,-0.010395170149199663,-0.021512438643330575,-0.006783578928078624,-0.010604730759674044,-0.009281566920162384,-0.0035737025330180344,-0.00546642962505052,-0.010395170149199662,-0.002061863461668547,-0.01630418730203372,0.01816181795217691,-0.006540388517157796,0.041586626281320024,-0.0020618634616685473,0.003681413068994653,-0.004616799922473709,-0.010604730759674049,-0.02037239936375237,-0.0054910397581199215,-0.012874475603431471,-0.013719454735665972,-0.004127973082268797,-0.0029169150707926937,1.0,-0.004616799922473713,-0.004616799922473713,-0.02378150893567237,-0.0035737025330180344,-0.20178886679866637,0.04749924366864148,-0.004127973082268789,-0.007169582897510161,-0.009281566920162389,-0.03158254587399514,0.007176194593313128,0.017141104904063956,-0.016724749440657036,-0.006540388517157799,0.17364337359278276,-0.04182949733836969,0.023698392576836744,-0.004127973082268789,-0.007169582897510151,0.03264539090089364,-0.03996750452422689,-0.016304187302033698,-0.00829017967488451,-0.016018709978065714,0.06600225365448799,-0.015135190545797279,-0.016018709978065745,0.01650884625209319,-0.01883667544009817,-0.016161977085229658,-0.015135190545797251,0.011687813986011802,-0.02574985021085322,-0.0065001440411023475,0.010182211560911132,-0.010554177485409908,0.03946257675846548,0.02634074294621997,0.0013712472190298961,-0.04247703506740455,0.06737130595060357,-0.0017336047614816869,-0.029063974847628554,-0.08565959802608372,-0.13172631152470465,-0.0573670838778884,-0.04297992398264381,-0.03061366401733798,-0.04179084064107886
SaleType_ConLI,0.0010761569053218494,0.01726783901361784,0.01927107453600355,-0.0055348883177634865,0.015601242288177697,0.012608775574615831,0.003718213974941261,0.0019967349950315654,0.06710784225044496,0.05347468381975839,0.002579805496527926,-0.0011837718450672164,0.021748386639639985,-0.0014499215421387662,-0.00894930693649131,-0.0007926674647001877,0.020842108846917475,-0.013958393813302085,0.02547537263507995,-0.008874419198263168,0.008115966900458443,-0.009290709782959471,-0.034542887697275836,-0.034550940741784934,-0.00390714570149526,-0.006362749135951437,-0.0021711495620761094,-0.006170635597479483,-0.011923218300781782,-0.008197114701856363,-0.01983642877405667,-0.011152779014381218,0.030520052758407665,0.03780269166532169,-0.009452613864466962,-0.006362749135951437,-0.010924159654485462,0.007450811399564349,-0.004616799922473717,-0.013448588493413837,-0.009964470738065632,0.038622066988615505,-0.01697887571779994,-0.007737444721353524,0.03990364095383682,-0.012029856413112676,-0.014665921793182627,-0.007737444721353525,-0.00958286799236612,-0.005107585617360076,-0.004868212244854885,-0.012653861597527905,-0.006170635597479475,0.001671034919301131,0.008336738526857922,-0.005633409384873563,-0.008634123135020846,0.05199501980887566,-0.010211811937729609,-0.017060171836483094,0.018038509232285387,-0.005768107913725571,-0.01140316765501193,-0.004351261567380237,-0.005107585617360081,0.01212426106296753,-0.009452613864466938,-0.012653861597527908,-0.00555636690768216,0.03099602659321776,-0.005107585617360075,-0.028933600030863815,-0.004068831624680437,-0.0021711495620761125,-0.006908555602413985,-0.0015347083625049962,-0.002171149562076109,-0.011038980123063594,-0.0015347083625049966,0.046354479688434085,0.04047857977134502,-0.0015347083625049966,-0.02469187122516998,-0.016568265198870908,-0.002171149562076112,-0.007737444721353538,-0.01873867374156384,0.009919038554184625,-0.007893427126263307,-0.006908555602413999,-0.0026600166618645483,-0.004068831624680431,-0.00773744472135351,-0.0015347083625049966,0.04692473701789905,0.043394445921747425,-0.00486821224485489,-0.024294131113991667,-0.0015347083625049946,-0.019241546408421975,-0.003436426116838487,-0.007893427126263314,-0.017903797290939567,0.011164578263048147,-0.009582867992366175,-0.010211811937729593,-0.0030725772716427547,-0.0021711495620761077,-0.004616799922473713,1.0,-0.003436426116838485,-0.0177013082170961,-0.002660016661864549,-0.1501976571647994,0.030221530715075138,-0.003072577271642757,-0.005336540965509588,-0.006908555602413991,-0.0031390317291110433,-0.017937746375237082,-0.014756313156708306,-0.012448745178599618,-0.0048682122448548935,-0.008490751179843308,-0.020324737786823265,-0.01305613060650003,-0.0030725772716427542,-0.005336540965509603,0.01992994178864412,0.028356110592244715,-0.012135707849456666,-0.0061706355974794755,-0.011923218300781769,-0.006908555602413965,0.05199501980887566,-0.011923218300781736,-0.014935844431046962,0.03780269166532158,0.04750773803822464,-0.011265587625256404,-0.016402011269852447,0.02052572465458941,-0.023625106204645425,0.004137178098101848,-0.025610390417584724,0.02466575735169128,-0.012448745178599601,-0.002149903929447366,-0.03161696307456233,-0.030061550749983977,0.05121309262947825,0.014463346110617645,0.015464966460319017,0.0037657104837932613,-0.03700933812801739,0.009452613864466953,0.008524903328065733,0.014371054765972323
SaleType_ConLw,-0.015040470894414295,-0.02234848111013723,-0.039543107116855686,-0.04190363008763571,-0.022685705496145184,-0.051282980916279065,-0.017570383685506726,-0.02132512974693706,-0.03352930342813855,-0.033112789426282874,-0.04450164481510725,0.017008932300176447,-0.03498628000446951,0.024138803696046585,0.04105316991501562,-0.015725499702922783,-0.02000282929603536,-0.04736700851399249,-0.027532766149552076,-0.008874419198262975,-0.0037928890539831745,-0.026246255136860255,-0.034542887697275745,-0.04703717180193477,0.021673270102016327,-0.0063627491359514385,-0.0021711495620761116,-0.00617063559747946,0.0481040186617748,-0.008197114701856347,0.018778485906106965,-0.011152779014381184,0.03052005275840756,-0.014020716627044152,-0.009452613864466955,-0.006362749135951435,-0.010924159654485439,-0.025021381565701037,-0.004616799922473706,-0.01344858849341383,-0.009964470738065629,0.038622066988615485,0.026895741181293713,-0.007737444721353525,-0.01354527261735749,-0.01202985641311266,-0.014665921793182619,-0.007737444721353511,-0.009582867992366153,-0.005107585617360067,-0.004868212244854889,-0.012653861597527924,-0.006170635597479465,-0.027031447223990146,0.04123305811932417,-0.0056334093848734255,-0.008634123135020827,-0.011265587625256436,0.059133515639410675,-0.017060171836483146,0.018038509232285338,-0.0057681079137255975,-0.011403167655011927,-0.004351261567380229,0.13047559622528918,-0.013345409659237603,-0.009452613864466951,-0.012653861597527934,-0.005556366907682141,0.030996026593217808,-0.005107585617360083,-0.028933600030863812,-0.00406883162468042,-0.0021711495620761133,0.0939563561928303,-0.001534708362504997,-0.0021711495620761107,-0.011038980123063591,-0.001534708362504997,-0.012240793337638415,-0.024823880412261246,-0.0015347083625049972,0.008080976037328361,-0.016568265198870894,-0.002171149562076113,-0.007737444721353505,0.03033480368028931,-0.02375955746700037,-0.007893427126263316,0.0939563561928301,-0.0026600166618645465,-0.004068831624680432,-0.007737444721353531,-0.001534708362504997,-0.012135707849456652,-0.02382665863607885,-0.004868212244854891,0.008854870219118459,-0.0015347083625049955,-0.01924154640842191,-0.0034364261168384875,-0.00789342712626331,0.03141609713315818,-0.023151809661268216,-0.009582867992366143,-0.010211811937729576,-0.003072577271642757,-0.002171149562076108,-0.004616799922473713,-0.003436426116838485,1.0,-0.017701308217096118,-0.00266001666186455,-0.15019765716479969,-0.015981018859804134,-0.0030725772716427534,-0.005336540965509599,-0.006908555602413995,0.02741421043423693,-0.017937746375237054,0.0347706229554619,-0.012448745178599617,-0.004868212244854893,-0.008490751179843296,-0.04464778464646415,0.04219590036593486,-0.003072577271642752,-0.0053365409655095715,0.019929941788644132,-0.0006964658741954882,-0.012135707849456664,0.1064434640565208,-0.011923218300781758,-0.006908555602413982,-0.011265587625256436,0.048104018661774696,-0.014935844431046952,-0.01402071662704416,-0.012029856413112652,-0.011265587625256424,0.02878088769992965,0.06021785445021898,-0.02362510620464541,-0.026838616892814266,0.0063478745479483316,-0.01770130821709611,-0.012448745178599608,-0.0021499039294473614,-0.0316169630745623,-0.0011866401611835772,0.051213092629478145,-0.021633209994513555,-0.07960387999048472,0.00376571048379329,-0.03700933812801723,0.009452613864466974,0.03200859928839756,-0.02747512592890189
SaleType_New,0.020039450844774608,0.16836778259796256,0.26564353362559934,0.29667139364348294,0.16569246353064052,0.12899519533246528,0.23847138891382913,0.060504795249464234,-0.050702309489054985,0.14749612314526714,0.2862898355710382,0.06610669064075217,0.2516429314293024,-0.35226565271099325,-0.334301832837857,0.17119413722566726,0.3910484961411672,-0.07190081285151691,0.3378776903726143,0.24845845631381608,0.2952249585247573,0.08601546395520678,0.0602401659642499,0.058207918793966966,0.1511707989124247,0.08258550087656114,-0.011183766586863212,-0.03178544187845331,-0.06141745956582104,-0.04222399926407862,0.04455676398986277,-0.04396841745206179,-0.04268543281888401,0.05906334966944724,-0.048691176758388396,-0.032775034216989615,-0.042528171209006406,-0.12888715544960402,-0.02378150893567243,-0.06927476451198192,-0.05132779281662781,0.2831046658484528,-0.07819719444398182,-0.039856202103197846,-0.06977279223597094,-0.04939778759631948,0.26085177425033673,0.11277345054117936,0.05945602095690423,-0.02630958565210648,-0.025076554095013557,0.19883100797719558,-0.03178544187845332,0.004972009439293967,-0.10567417110587621,0.013722326438164414,-0.027305949458257088,-0.05802995089119795,-0.05260186729434871,0.0689479613727857,-0.10369089678997809,-0.029711989299005367,0.0709583346456331,-0.02241369944198401,-0.026309585652106466,0.047397730605820615,-0.03294259056715068,-0.06518106214382653,-0.028621294291245054,-0.05596698471199105,-0.026309585652106438,0.07546791532755723,-0.02095888001753337,-0.011183766586863217,-0.03558652736750329,-0.00790540661268422,-0.011183766586863216,-0.05686267736217718,-0.007905406612684218,0.1348673280749601,-0.12786981107163548,-0.00790540661268422,-0.08567779304891532,-0.08534447095216993,-0.011183766586863217,-0.020777495522650655,0.2795397739572428,-0.1223873976991281,-0.003230214178574244,-0.0355865273675033,-0.013701960465134166,-0.020958880017533446,-0.039856202103197805,-0.007905406612684218,0.13697986973337553,-0.12273304123552292,-0.025076554095013557,-0.08315254263309377,0.08670027908009417,-0.09911475817276882,-0.017701308217096104,-0.021944947117932895,0.28052269628509185,-0.11925683971191693,-0.018271227070567286,-0.052601867294348716,-0.015827093456102045,-0.011183766586863219,-0.02378150893567237,-0.0177013082170961,-0.017701308217096118,1.0,-0.013701960465134168,-0.7736802516813163,-0.08231951767404001,-0.015827093456102025,-0.027488953125100662,-0.035586527367503284,-0.6456982687704707,0.9868189596845142,0.059912162188906784,-0.027582040980704076,0.004933092608855108,-0.026289726175774845,0.08837543630111029,-0.06725318226860069,-0.015827093456102028,-0.027488953125100614,-0.09988612377443577,0.10435827249758638,-0.0625120103770766,-0.03178544187845339,-0.061417459565821016,-0.03558652736750327,-0.05802995089119794,0.0019442497092628083,0.0368594325590843,0.03718248427553879,0.026016053348915512,-0.031320074377594875,-0.017718193828002188,-0.03169249833243691,-0.05030522318208003,-0.05323703481468308,0.01650632205452026,0.05192482050528072,0.06986449218766352,0.10097279059637826,0.07409878978681761,-0.06950857519259128,-0.060110827391864644,-0.058092036840159504,0.07966129012341834,0.01939747856162337,0.051558634211165896,0.04869117675838847,0.10241261538882965,0.3575094050831932
SaleType_Oth,-0.005721770214430953,-0.03652204230426813,0.0036459297767782936,-0.08060126277925629,-0.025898634907369086,-0.023073519801558702,-0.019093534762409763,-0.03455966902961517,0.02597926277380697,-0.014460726439218693,-0.08708863053382272,-0.04316331451361098,-0.02108619841983151,-0.01382703661406941,0.008906585038576938,-0.012172556546742942,-0.031291802460561936,-0.010804701993829267,-0.03498939210217363,-0.038408020266294404,0.009355026950535444,0.005933079785784595,-0.11670281606959079,-0.1169527592294903,-0.04658636565539608,-0.004925180446616471,-0.0016806105570620115,-0.004776472109544661,-0.009229344168850195,-0.006345098350670453,-0.015354682235806117,-0.008632974199265056,0.04757711809136188,-0.010852943893212667,-0.007316936119897288,-0.004925180446616471,0.07552883326282595,0.022524466618938137,-0.003573702533018034,-0.010410079616072812,-0.0077131465332656544,-0.01070693396089364,-0.01314275086194091,-0.005989283976805373,-0.010484919397835525,-0.009311888983126886,-0.01135237453245723,-0.005989283976805359,-0.007417761261689456,-0.0039536024876265586,-0.003768311974278841,-0.009794909461728509,-0.004776472109544655,0.02351107188658375,-0.019010708399293013,-0.020685012148317927,-0.006683371217325968,0.07289272548045178,-0.007904604661536694,-0.013205679329741387,-0.01558187167650297,-0.004464889578961374,0.0456258082636517,-0.0033681586263844187,-0.003953602487626556,-0.03004538931895857,-0.0073169361198972835,-0.009794909461728521,-0.004300988309175381,0.023992934632160862,-0.003953602487626569,-0.022396482727418277,-0.0031495395355476577,-0.0016806105570620112,-0.005347670046445124,-0.001187963796271549,-0.0016806105570620128,-0.00854488647768614,-0.0011879637962715487,-0.009475167841674605,0.022908322563120528,-0.001187963796271549,0.06544792062011215,-0.012824911692771434,-0.0016806105570620106,-0.005989283976805358,-0.033497975588251204,-0.018391438253557997,-0.006110024473446534,-0.0053476700464451035,-0.0020590253946465307,-0.003149539535547664,-0.00598928397680538,-0.0011879637962715487,-0.00939382485917485,0.02491786619220172,-0.0037683119742788424,0.06672635607145246,-0.0011879637962715506,-0.01489420470751467,-0.0026600166618645487,-0.006110024473446523,-0.032947098444664924,-0.017921002040325408,-0.007417761261689433,-0.007904604661536684,-0.002378374060593888,-0.0016806105570620134,-0.0035737025330180344,-0.002660016661864549,-0.00266001666186455,-0.013701960465134168,1.0,-0.11626272675373352,0.16644850276443202,-0.002378374060593891,-0.00413082877452867,-0.005347670046445121,-0.09703057719811327,-0.013884978932219414,-0.011422343309579685,-0.009636136051964847,-0.003768311974278847,-0.006572392026547606,0.028198437953732287,-0.010106291761255994,-0.002378374060593889,-0.004130828774528653,-0.015010119606439536,-0.023027687955475964,-0.009393824859174851,-0.004776472109544656,-0.009229344168850174,-0.005347670046445114,0.07289272548045178,-0.00922934416885019,-0.011561312158270077,-0.010852943893212664,-0.009311888983126862,-0.008720295379563248,-0.01269622037037618,-0.014836040493755186,-0.018287364257518764,-0.020774829921839003,0.021405512905670252,0.040956133193597685,0.0648017403282927,0.013061174256101846,0.04793052647303436,-0.023269589730045167,-0.02490535710025099,-0.016745507419191032,0.011970886921750967,0.0029149041155188253,-0.12115276365388428,0.0073169361198974076,-0.04793488267049943,-0.034894994917515264
SaleType_WD,-0.0022920672642774103,-0.12110152224398524,-0.21285105340115404,-0.21866531224827962,-0.12818718122568395,-0.09186415059434265,-0.16135195973830468,-0.008466862629681843,0.04766745862079614,-0.11333534639472187,-0.19745806039196204,-0.027263675851040423,-0.19259666166026068,0.24159757664886566,0.1879142781360217,-0.09620425376355404,-0.26980358661958004,0.07564611571958693,-0.22934704753176377,-0.12855551576725247,-0.202340578817661,-0.048107093508195184,-0.03076736176383873,-0.027112749123474063,-0.09170466368297489,-0.051891164633455944,-0.040220138297880494,0.0022351091262274303,0.06902976205238921,0.02508615520686268,-0.0011404907555360028,0.041211996471037876,-0.0062512725648503145,-0.02285496934145156,0.011465870240337957,0.04236250588762587,0.039046189220271206,0.06577271808820634,0.004901825493574521,0.03386718481227531,0.06634238460279336,-0.21552302598375966,0.04493440769617043,0.05151508264116181,0.08096388430301475,0.05955490337549588,-0.20297133906557888,-0.08877676935984644,-0.05050896543593184,0.010619792499776529,-0.06566376709256595,-0.15106896487390212,0.02165927177082252,0.015608354181624515,0.07840360099362123,0.023320190378626406,0.001373953751418192,0.020447778493469845,0.020145238523246,-0.05977115218976429,0.06160491606073646,0.038403447980528305,-0.08909631566524945,0.028970235951190384,0.010619792499776508,0.008018944816022968,0.03720018315485479,0.045028557878617995,0.036993698920254135,0.038322609852734744,0.034005760900490914,-0.06212762756206819,0.02708984748154928,0.014455282479498814,-0.006196409880988787,0.010217924776423618,-0.04022013829788048,0.0512570424690192,0.010217924776423653,-0.09031708780265611,0.08642921333196693,0.010217924776423585,0.03438142088341941,0.05622388823900466,-0.040220138297880494,0.020339115529826507,-0.16895471655580943,0.08848025905805768,0.0066817845369636425,-0.006196409880988803,0.017710107548121922,-0.002185635363056178,0.03592709908549409,0.010217924776423653,-0.09238072795218186,0.07167597280890459,0.03241203848814633,0.030241054266344915,-0.06707829373952752,0.07351050936745775,0.022879358984061737,0.021972388649764456,-0.1717346378279267,0.0831138299370453,0.025698154305501632,-0.4463329564802628,-0.1342947271286393,-0.09489555907525969,-0.20178886679866637,-0.1501976571647994,-0.15019765716479969,-0.7736802516813163,-0.11626272675373352,1.0,-0.1406457069171567,0.020456892135617518,0.03553012121656631,0.02859881483533269,0.6343220052844238,-0.7695593050913535,-0.072606403972812,0.023169450015527306,0.007893087092968253,-0.00048817372010187055,-0.08451605457856742,0.04880589804377445,0.020456892135617407,0.035530121216566304,0.0680645154859746,-0.032445240067188685,0.05023725387127692,0.021659271770822646,0.05867600690584214,0.028598814835332616,0.020447778493469855,-0.024154034266533456,-0.05269917908162298,-0.02285496934145169,-0.0020608936682436864,0.053182160730823096,0.03906278276116064,0.01806758443454898,0.04063773426956117,0.06114621815562844,-0.016906899204926794,-0.0721455558356158,-0.06640000370734075,-0.0565608718562456,-0.03150391419087395,0.02084974149603417,0.02244156985873139,0.05686636521552296,-0.03737257047514634,0.006538560590721775,-0.023918569922175018,-0.037200183154854884,-0.04946687477048344,-0.24259751727295026
SaleCondition_Abnorml,-0.029126077175272314,-0.04117257036659843,-0.03203125941679794,-0.0968372809306668,-0.04386070831524229,-0.0217247921640529,-0.09347328467994391,-0.057292276257400805,-0.014928262999177804,-0.05033185045709047,-0.11012395912859599,-0.08759683385229103,-0.0476390296298285,0.1086865890543154,0.1339602936249952,-0.09203930023486054,-0.09866471974951947,-0.003382102174911686,-0.04342872347348967,-0.07785302923723778,-0.05986055132384805,0.008320407158564335,-0.11247807472424633,-0.10376125367211146,-0.10085395835087263,-0.02958981525707603,-0.010096879990807175,0.04908220166453614,-0.013989945260681619,0.020920438198768536,-0.0655788823344463,-0.007763246535944887,0.011564243228097659,-0.05327214461577674,0.0762609646085055,-0.004428993896953096,-0.005840907173067861,0.05558206460472858,0.013014462089219962,0.011765391556184503,0.01901252672475458,-0.06432580517739314,0.04225075608507183,0.026434892206460784,-0.0014664976048966794,-0.001117201403636659,-0.022347136847984988,-0.0151769057681297,0.006293428098000037,-0.023752706825016803,0.14099257070803833,-0.006498659899025429,0.10093459994979127,-0.06359455269844644,0.014534786972688153,0.004389617925674575,-0.002705920785731394,-0.008698474015381527,0.03233417290545627,-0.01897660706446737,0.029407025523406797,-0.026824450234198476,0.009591426788824298,0.052892634236281995,-0.023752706825016776,-0.04564424188549975,-0.009610551918116474,0.04584916604622772,0.03162565433210668,0.03963474995488507,-0.023752706825016838,-0.03934264886769834,-0.01892200580503312,-0.01009687999080718,0.060757053472531096,-0.007137125156078002,0.06288056944770004,-0.021652828180035864,-0.007137125156078,-0.029945725620809212,-0.002687591619394421,-0.007137125156078002,0.043616403148306226,0.015766073666584085,0.13585801888620763,-0.015176905768129738,-0.05438021445031855,0.01356338530462296,0.0041097524733576425,0.060757053472531075,-0.012370344944229292,0.020153140553309676,-0.03598280475542496,-0.007137125156078,-0.02924284280987126,0.01300069065897412,0.04281332433264752,0.0472846588811701,-0.007137125156078002,0.0198281228168447,0.030221530715075103,0.004109752473357652,-0.061687628059094626,-0.02076283227012096,0.04019898168870135,0.33566523695596556,0.03734933036663205,-0.010096879990807182,0.04749924366864148,0.030221530715075138,-0.015981018859804134,-0.08231951767404001,0.16644850276443202,-0.1406457069171567,1.0,-0.014288948359961534,-0.024817458288434478,-0.0321280753964693,-0.5829465305280437,-0.08341906776938847,-0.011613032951599713,0.021808667992364777,0.01008690887418398,-0.00143348655451969,-0.006044597921013836,0.05376467449176944,-0.014288948359961534,-0.02481745828843443,0.03655761618432766,-0.07146191315024614,0.011548129007719864,0.023156002521908428,0.04128832288707255,-0.008906793179219226,-0.008698474015381534,0.04128832288707256,0.032075141976774954,0.018313065820517806,0.02629648009736423,0.005865484771839858,0.006939469587864504,0.01138492908237975,-0.01644500654662348,-0.08202457278384583,-0.001380787935450831,0.034726250029999975,-0.01804196438417154,0.07409016517081944,-0.06304994611938755,-0.0002003394847028506,-0.002445732783763602,-0.009192455226410557,-0.037515050743864804,0.017512348066260744,-0.09900565179545451,0.026784855223440866,-0.09876036639687225,-0.1180692306146022
SaleCondition_AdjLand,-0.013207920703780834,-0.040207540314096124,-0.05589506608288253,-0.10127674127587367,-0.011783483623151552,-0.03657001751275397,-0.006192750894172961,-0.0138540883673782,0.04072067370024262,-0.008639001094445767,-0.10644254739282001,-0.04985781519515983,-0.055181331354116916,0.04368239825007372,0.037595543510885496,-0.0057156437296649815,-0.03614506721234769,-0.04981961651918471,-0.0601643237184124,-0.07624140837524018,-0.06461698809707221,-0.04999781223349983,-0.15335978489091354,-0.15369876280822414,-0.05381177130705408,-0.005689061168664084,-0.001941268216151703,-0.005517288614325883,-0.010660787780742736,-0.007329204082857987,-0.017736147418702494,-0.009971922616735393,0.19329417312127475,-0.012536202954956261,-0.008451770976614698,-0.00568906116866408,-0.009767509477855095,-0.02237211733642732,-0.004127973082268794,-0.012024651756097028,-0.008909432437295361,-0.012367547319858422,-0.015181152119910722,-0.006918203966304096,-0.012111098963648573,-0.01075613504825224,-0.013113093789102087,-0.006918203966304075,-0.008568233795634645,-0.004566794380933157,-0.004352765864448551,-0.011314070555035527,-0.005517288614325888,0.027157568652235124,-0.021959212279727452,-0.047463510021093995,-0.007719942057021906,0.13133364654067523,-0.00913058514728796,-0.0152538406044135,0.06731933894858497,-0.005157380567343905,-0.02592030871663089,-0.0038905499319173927,-0.004566794380933159,-0.034705339129109135,0.07492380757647626,-0.011314070555035508,0.13451974331500344,-0.035706967340266065,0.1469677464409399,-0.02587011005591553,-0.003638023675491089,-0.0019412682161517036,0.1065545892700334,-0.0013722134196707794,-0.0019412682161517008,-0.009870172753618222,-0.0013722134196707794,-0.010944737968266212,-0.022195527607869286,-0.0013722134196707794,0.014551076616025456,-0.014814017048454663,-0.0019412682161517032,-0.0069182039663040875,-0.03869341117824378,0.016396987064822434,0.09202117125884438,-0.006177077638842503,-0.0023783740605938884,-0.0036380236754910995,-0.0069182039663041005,-0.0013722134196707794,-0.010850778933039294,-0.021303891687262214,-0.004352765864448553,0.015327112589142168,-0.0013722134196707781,0.07124013879767382,-0.003072577271642757,-0.007057670952005755,-0.01049590506968622,-0.020700495731320042,-0.008568233795634629,-0.009130585147287984,-0.0027472527472527514,-0.0019412682161517006,-0.004127973082268789,-0.003072577271642757,-0.0030725772716427534,-0.015827093456102025,-0.002378374060593891,0.020456892135617518,-0.014288948359961534,1.0,-0.004771507933626237,-0.006177077638842499,-0.11207972883309787,-0.016038497538760264,-0.013193914513796477,-0.011130671865405103,-0.004352765864448554,-0.007591750326458871,-0.039920476585172504,-0.011673747315725227,-0.0027472527472527466,-0.004771507933626227,0.07055661442273242,-0.02659921332255176,-0.010850778933039311,-0.0055172886143258874,-0.010660787780742718,-0.006177077638842507,0.13133364654067523,-0.010660787780742767,0.0414137597297498,-0.012536202954956251,-0.010756135048252229,-0.010072787050317241,-0.01466536608776027,0.027224842276558768,0.01667113931589717,0.010623152969629228,-0.022898761922855716,-0.015827093456102,-0.01113067186540514,0.0363484173501487,0.0030933036747475234,0.00539340997883765,-0.028768103322607774,-0.019342685418468796,-0.0924261589820112,0.003366997005230085,-0.15902398073525717,-0.0749238075764763,-0.05536943926847408,-0.05068563355867178
SaleCondition_Alloca,0.00896633402877848,0.03228341998178828,-0.04700186970803299,-0.005457633351464335,-0.013747580541281855,-0.01804019268803294,0.016794063678762666,0.006118905106340505,0.024212108214105,0.05969807835960903,0.02837771874059669,-0.00419265705140416,-0.003801114835960487,0.011144751748294183,0.02228040414999569,0.05770951309380721,-0.0495633240707864,-5.922529031587506e-05,-0.07019592282577801,-0.09287264773202016,-0.0968172678912963,-0.09780882505374454,-0.008521038122637478,-0.00033202543690377223,-0.03387481497681256,-0.009880925782424287,-0.0033716507168578035,-0.009582586247911635,-0.01851596418472516,-0.012729573375982253,-0.030804653195790482,0.06531611062526273,0.035382139363507766,-0.021773239435992593,0.03359042447153418,-0.009880925782424284,0.025158227155774544,-0.03885653967205201,-0.00716958289751016,-0.020884762536204703,-0.015474159631352858,-0.021480313456857743,0.0020222526618477823,-0.012015736500645888,0.01354951187264918,0.1354149676387546,-0.022775200101867128,-0.01201573650064586,-0.014881555974024798,-0.007931740405629882,0.0844201060317196,-0.019650604579045095,-0.009582586247911652,-0.008548254972450292,0.004432100859884785,-0.1029047968826889,-0.013408218377086197,0.2690372010550817,-0.015858264046692164,-0.026493311012251324,-0.031260441978842826,-0.0089574875549473,0.0004988270466567671,-0.006757219511337869,-0.007931740405629885,-0.02731664982385024,0.1301298333857856,0.017131296299680323,0.07212681347805505,-0.02529967304459615,-0.007931740405629897,0.012411274138672447,-0.0063186246142386045,-0.0033716507168578052,-0.010728526885571877,-0.0023832999075658534,-0.003371650716857803,0.02457134833858534,-0.0023832999075658525,-0.019009137073123485,-0.017422672511395215,-0.0023832999075658525,-0.0383448320516882,0.1481823586428644,-0.003371650716857804,0.046460847802497394,-0.05132720030942583,0.006686836919213448,-0.012257966790312522,-0.01072852688557185,-0.0041308287745286665,-0.00631862461423862,-0.012015736500645888,-0.0023832999075658525,-0.018845946306467767,-0.01525331870128453,-0.007560009495377872,-0.037727168140181754,-0.002383299907565851,0.12373193103752754,0.12451928919522363,0.045103031651534516,-0.050142304616374714,0.008456002433245725,-0.014881555974024801,-0.015858264046692185,-0.004771507933626237,-0.0033716507168578026,-0.007169582897510161,-0.005336540965509588,-0.005336540965509599,-0.027488953125100662,-0.00413082877452867,0.03553012121656631,-0.024817458288434478,-0.004771507933626237,1.0,-0.01072852688557186,-0.1946633107785925,-0.027856125842868784,-0.022915571871252562,-0.019332072436903,-0.007560009495377877,-0.013185571276262137,-0.0378583099761387,0.015475834046534846,-0.004771507933626235,-0.008287292817679552,-0.030113389635994057,-0.046198282092425214,0.019369444814980742,-0.009582586247911648,0.020324995168290262,-0.010728526885571858,0.2690372010550817,0.020324995168290266,-0.023194371987281227,0.011759386699607825,-0.018681566073312197,-0.01749470753005115,0.062236310860757864,-0.029764151103244183,-0.03668821699900108,0.05853672169284553,-0.03977123120338528,-7.510642930357417e-05,0.018002353168756167,-0.029187961698027027,0.005372539181162934,-0.009316242111738395,0.0399623632358437,-0.010238456320974367,-0.006741351093419203,-0.11273447163290352,-0.011076952044456467,-0.13012983338578568,-0.035386214450752185,-0.015525374015419794
SaleCondition_Family,-0.010781077145227457,-0.00774314742709949,0.01956877189433502,-0.016172571870956953,-0.009534784789422105,0.01625019990313752,-0.003224535256790641,-0.04287182077435354,0.06265581383933147,0.0313473313461075,-0.010588929292623405,-0.00237984270115579,0.006334404716958032,0.033329242323509624,0.04455061448433489,-0.03536698379903184,-0.05047776186049937,0.0223114397947416,-0.04647100433851843,-0.05470130426256074,-0.01959590557016902,0.015409306333036077,0.024434233965454803,0.024672358047464794,-0.002712225002801635,-0.012791605201270225,-0.00436485667399104,0.04419417382415919,0.006199219403763426,-0.01647939480486768,-0.03987895170141853,0.04176541224577572,-0.03195687453530712,0.023905518597081992,-0.019003437365008383,-0.012791605201270241,0.04347543530672144,0.014979034347564106,-0.009281566920162401,0.054073807043587385,-0.020032469141483104,-0.027807889198844058,0.0540709205149591,-0.01555527901971996,-0.000367990220092136,-0.024184699188442182,-0.02948421782513737,-0.015555279019719917,-0.019265298919553777,-0.010268237416402036,-0.009787003658578399,-0.02543919277164591,-0.012405382126079806,-0.025492155592781257,0.049827303816088145,-0.027224394452568412,-0.0173579520491067,0.07273563316207496,0.014323061397768191,-0.012335099382231172,0.01708107342435343,-0.011596144624624915,0.024216349200417053,-0.008747731351357969,-0.010268237416402029,-0.026829473858340204,0.01848983094973789,-0.025439192771645875,-0.01117046269117834,0.01953419811704887,-0.010268237416402029,-0.01362672493487833,-0.008179937109145864,-0.004364856673991042,-0.013888888888888892,-0.0030853618542539467,-0.00436485667399104,-0.022192651720471163,-0.003085361854253946,-0.024608764604703504,-0.000674400986565865,-0.0030853618542539462,-0.0002256376504474582,0.079262296571439,-0.00436485667399104,0.029866135717862254,-0.0376720363125946,0.019941132747855105,-0.015868864436859337,-0.013888888888888883,-0.005347670046445118,-0.008179937109145887,-0.01555527901971995,-0.003085361854253946,-0.024397501823713356,-0.01411571491266579,0.06165812304904393,0.0011411371608290634,-0.0030853618542539467,0.06074866487436061,-0.0069085556024139905,0.028686024174322644,-0.035993609311932295,0.02244515292496123,-0.01926529891955376,-0.020529721336801098,0.10655458927003332,-0.00436485667399104,-0.009281566920162389,-0.006908555602413991,-0.006908555602413995,-0.035586527367503284,-0.005347670046445121,0.02859881483533269,-0.0321280753964693,-0.006177077638842499,-0.01072852688557186,1.0,-0.2520063679742559,-0.036061860200659636,-0.0047738293753311145,0.003972512514249463,-0.009787003658578382,-0.017069718549972954,-0.004186541301381481,0.0015216179846950294,-0.006177077638842504,-0.010728526885571858,0.020304197280871097,-0.03060366776333029,0.005286125395137931,-0.01240538212607978,-0.023970315027885224,0.03680555555555548,0.07273563316207494,0.03636875383541206,-0.0053980885412638156,-0.002140792710186505,0.0057387421803083575,-0.022648221104358702,0.012443182714383412,0.0013663809611362994,-0.030499670254866804,-0.007251014493228339,-0.01936258156048977,0.028294206185637823,0.03297185386827071,0.053044502809942023,0.03516218773356832,-0.06043543140165654,-0.022773298284986317,-0.007207110180678856,-0.016690747977689657,0.007570545495625114,0.028562362593548014,0.019003437365008445,-0.006467312330686596,-0.0464801960323448
SaleCondition_Normal,0.005711388183253409,-0.09157229691623903,-0.16022247819009217,-0.13087435644453077,-0.08153884041317086,-0.07414551877323261,-0.11003999486461145,0.011765590389353943,0.021902569892761067,-0.09264355971529552,-0.12188572196666692,0.01830666181123713,-0.14336280985036412,0.16394790290286662,0.12905831880258342,-0.06324311198774647,-0.1843018944909248,0.05540505920045879,-0.1800963384746034,-0.08365918409705052,-0.13509138021662442,-0.0430769495964447,0.045037081458790686,0.038774003855172184,-0.02459899169052812,-0.03243382841491115,0.017320422134876085,-0.019352388090434033,0.05856297824668504,0.013335276168261889,0.034789918426327206,0.011199699034107256,-0.00038720546484710005,-0.006495536507847499,-0.015448875646433106,0.03412047866277025,0.017771702751183577,0.06612998904323826,0.014026274082516155,0.03357824528250166,0.03627530946876896,-0.14519898575252033,0.008537084205811951,0.02044959561094619,0.051097314409495984,0.014390944671808558,-0.16350213577531789,-0.06210268897517762,-0.03565919705645347,0.04074594423523059,-0.09101339511051147,-0.12406417488568384,-0.036497100840454724,0.0460979022695648,0.050686089139463854,0.023750234692787198,0.03173421554055174,-0.054593184501501274,0.018121029153047735,-0.023567011075316575,0.05018052452415867,0.04601528412888993,-0.06682092049887613,-0.013646455248358745,0.04074594423523057,0.01883016622820657,-0.015448875646433179,0.023058272350946457,-0.050677006228070705,0.02053843703451946,0.020104348612941685,-0.02103281455667056,0.032459247656716095,0.017320422134876137,-0.021666657680591263,0.012243190039424453,-0.030938769309626066,0.058619602849906936,0.01224319003942447,-0.06292164353971605,0.10358585334873237,0.012243190039424477,0.04230769910915259,-0.0042226895378914345,-0.07919796075412829,0.006690881513258887,-0.140390068756625,0.06648674362457542,-0.0045110694951981155,-0.006310676994346948,0.021220376649336976,0.006619279511238718,0.061725737904008135,0.01224319003942447,-0.06503471186929571,0.0928555291155163,-0.026088530194543977,0.037359441354816135,-0.05598222010393324,0.002904636076513605,-0.03369227389245916,-0.0045110694951980765,-0.14099730705807687,0.09065461611183141,-0.0020271378171627173,-0.17191115206885732,-0.04378406769105994,0.017320422134876085,-0.03158254587399514,-0.0031390317291110433,0.02741421043423693,-0.6456982687704707,-0.09703057719811327,0.6343220052844238,-0.5829465305280437,-0.11207972883309787,-0.1946633107785925,-0.2520063679742559,1.0,-0.6543229256325792,-0.0255434857590262,0.0114676746704441,-0.004446908555888133,0.029989660074676548,-0.05115232726939033,0.011626633880029436,0.024511593450977996,0.0425724435926471,0.040953430653527384,-0.0015208029925103935,0.033872245765258074,0.014937037409606925,0.022008062368036006,0.02440128437814155,-0.05459318450150127,-0.04196304041959979,-0.04497680266340907,-0.03805454915828809,-0.030929976857182833,0.03208569954268996,-0.006728014022516438,0.013915111810352697,0.06491090251475441,0.07263053714027395,0.00969085696904703,-0.06519009588369301,-0.0500221653777923,-0.13316075886866385,-0.02119093963562173,0.06397691497153837,0.04508832492966561,0.05717525773510063,-0.014820539230632243,-0.0021403319747665206,0.04260792010687067,-0.01862266278829847,0.011362372368720782,-0.1539897904853657
SaleCondition_Partial,0.02263539211251644,0.16323934401415877,0.2662684590600528,0.29471376604474425,0.16220456399923958,0.1272929103960961,0.23276675413612805,0.0542482013834153,-0.05794904903522795,0.1420320933737847,0.28216357802091024,0.06599334277027226,0.2487256712183281,-0.3490223798494043,-0.3312121269508611,0.16734720860648597,0.3859609957504376,-0.07286119925634944,0.3395784332255827,0.25227920509653773,0.2910158032701498,0.08603266532665352,0.06149234502311807,0.059498273512648,0.14731482295245082,0.0808829697190186,-0.011333149284483415,-0.03221000322958443,-0.06223781876409848,-0.024939285295988874,0.0415832145963907,-0.044883560200937485,-0.04420884163585241,0.05665933401867322,-0.04934154971440257,-0.033212813652737094,-0.04343046325581005,-0.13060871417672132,-0.024099160947693363,-0.07020007452443863,-0.05201338331910176,0.2782680107656097,-0.07030613146576538,-0.04038856541218031,-0.07070475445493812,-0.0503632834294035,0.2665517853647074,0.11056773667238493,0.057603661609171346,-0.026661005439657923,-0.025411504155767824,0.19506588964994334,-0.03221000322958449,0.002729663448773458,-0.10072377244963235,0.016829133840145814,-0.028088240460342542,-0.05880506279464897,-0.05330447573804778,0.06605480158086681,-0.10507590655040557,-0.030108855335029543,0.07756461713260784,-0.022713081484723067,-0.026661005439657937,0.04201544163544862,-0.0337656226694236,-0.06605169216110812,-0.002944980090878768,-0.05739435091262773,-0.026661005439657923,0.07101580413434333,-0.02123882989057484,-0.011333149284483429,-0.03606186020065968,-0.008010999925671865,-0.011333149284483417,-0.057622197875440075,-0.008010999925671865,0.13185522165262367,-0.12957778102734818,-0.008010999925671865,-0.0878317961683447,-0.0864844256533685,-0.011333149284483427,-0.02151902765160977,0.28129993950987325,-0.11699020366330642,-0.004183666435617877,-0.03606186020065962,-0.01388497893221942,-0.021238829890574858,-0.04038856541218037,-0.008010999925671865,0.13395776734264095,-0.12437239883875,-0.02541150415576785,-0.08528440348305565,0.08555747920617543,-0.10043864398841297,-0.017937746375237047,-0.022693220968957595,0.28241269211002423,-0.11368466250250206,-0.019271426095938474,-0.05330447573804775,-0.01603849753876026,-0.011333149284483417,0.007176194593313128,-0.017937746375237082,-0.017937746375237054,0.9868189596845142,-0.013884978932219414,-0.7695593050913535,-0.08341906776938847,-0.016038497538760264,-0.027856125842868784,-0.036061860200659636,-0.6543229256325792,1.0,0.057406687119081305,-0.028839190309352912,0.004269132698169035,-0.027065197270875717,0.09704880306566321,-0.06815148980325796,-0.016038497538760257,-0.02785612584286878,-0.10122031279817455,0.0994872664050435,-0.06334698960087047,-0.03221000322958451,-0.06223781876409838,-0.0360618602006596,-0.058805062794648956,0.00042922633630412084,0.03458420421112828,0.03501835882776072,0.024223760161733405,-0.03238801920074513,-0.019578739333780782,-0.025458619716634903,-0.05271339103971541,-0.04308043451567633,0.01311695696198078,0.04913797361724939,0.06753899075309122,0.09602164790371119,0.06932552469567242,-0.06045465241398718,-0.057678903342461244,-0.060165294981723766,0.08072533400542496,0.019656572638029494,0.05277323330096056,0.04934154971440242,0.09843516443848059,0.3520598546714349
MSSubClass_120,-0.12949355832712328,-0.09340177992230586,0.13481801337198615,0.029183026598489356,0.012568545393950463,-0.21524678468911543,0.04643803250442318,-0.11114074707541716,-0.3490513302229838,-0.19240548233621468,0.09008759799636053,0.05687486001223343,0.014039289279781222,-0.23094280360105013,-0.17663645505683573,0.06514136732324202,0.2195296260802795,-0.04344896123602053,0.176546192402588,0.14288463961320877,0.18708808570708943,0.0622042834598877,0.06555827242164429,0.0661031064001747,0.11781349490650342,0.40421706556983883,-0.009323105388781096,-0.026497246894430507,-0.05119933823690003,0.0069935863590851735,0.010117087960763884,-0.0006152326514281144,-0.06825821130944536,-0.06020617880196774,-0.04059034752705331,0.026620208924918298,0.017353027359521607,-0.09141658725104627,0.12803924298353242,-0.057749410747434664,-0.042788305539659933,0.1865584946700039,-0.0729087716779395,-0.0332252617862344,-0.05816458079960118,0.03650123738352801,-0.0015319122924641441,0.21210701604683435,-0.04114967010111249,0.0784479264811296,-0.020904527539934516,0.015806190986822025,0.029086058372621924,-0.06790834809277095,0.06502481868002391,-0.5441224779525707,-0.03707567702085854,-0.04837541481775272,0.041717083642655174,0.7786842679657714,-0.08643967585712395,-0.02476875794871691,0.2473201120168551,-0.018684696289668463,-0.02193241765773907,-0.16667533706160892,-0.022180311059362114,-0.054336784213056995,-0.023859523620068587,-0.006939616523962668,-0.02193241765773913,0.02156108829435694,-0.01747191750798942,-0.009323105388781096,-0.029665939689557823,-0.006590171425590697,-0.0093231053887811,0.00032691270661612656,-0.006590171425590694,0.07758172948747705,-0.058248585749822224,-0.006590171425590697,-0.008974245307353537,0.0394041686710058,-0.009323105388781094,-0.03322526178623441,0.08060651245823647,-0.08540275637343651,-0.012017613256588691,-0.029665939689557764,-0.0114223433095797,-0.01747191750798943,0.03368354125914803,-0.006590171425590694,0.07906615939325518,-0.052545941295717026,0.014176633619036066,-0.006152357130596487,-0.0065901714255907,0.005256852285794739,-0.014756313156708233,-0.033895063823445905,0.07891460490394538,-0.08247823733168565,-0.004804528934975629,0.0074900861049892265,0.042159864768223344,0.06890525017225561,0.017141104904063956,-0.014756313156708306,0.0347706229554619,0.059912162188906784,-0.011422343309579685,-0.072606403972812,-0.011613032951599713,-0.013193914513796477,-0.022915571871252562,-0.0047738293753311145,-0.0255434857590262,0.057406687119081305,1.0,-0.05345599643867194,-0.020904527539934513,-0.03646002535352815,-0.19172147737097994,-0.05606416238671958,-0.013193914513796498,-0.02291557187125256,-0.0832679090352054,-0.12774497980316252,-0.05211178687282729,-0.02649724689443046,-0.05119933823689991,-0.029665939689557747,-0.04837541481775272,-0.006757582097854831,0.06889029997438831,-0.009048884432188665,0.03650123738352799,0.01407207026970886,0.0076220778731409386,0.005857164138604805,0.015387577639192362,-0.023514419646357875,-0.05476514327093218,0.007634038356846091,-0.024977341156620866,-0.0050066280215441215,-0.011113430610803596,0.04193567758130146,-0.028406548549826997,0.005094727879855622,0.06640791342151947,0.01617028891849933,0.061007711478586274,0.04059034752705332,0.10499312773133329,0.06294383548205998
MSSubClass_160,-0.16638066991275416,-0.0601210987513797,-0.17711947283486026,-0.07386800126969269,0.07745767908956648,-0.35397860025658184,0.03917612936943451,0.20034290494761514,-0.06442171403519244,-0.1133153607823837,-0.03758004692006586,-0.10785270794566278,-0.13248327124965625,-0.11241842271690156,-0.038366080250538344,0.02889883955491116,0.012089055976857038,-0.03135506252359331,-0.011346639710584305,-0.03566260510491072,0.036933306527666895,0.027766517193828427,0.030245138847524725,0.027047007272084207,-0.11505828029723433,-0.02304959860498492,0.1744071013525517,0.4956833406861991,-0.04319286994355706,-0.029694743507840207,-0.0718591462949467,-0.040401888259130145,-0.004204553662338599,-0.0507912355968255,-0.03424289574970004,0.22832230775003304,-0.0395736952302471,-0.09064207771022546,0.19860271249372788,-0.04871865288940957,-0.03609714070381726,-0.0048651471090098,-0.06150741789393125,-0.02802955000186256,-0.04906889933175053,-0.026461716229221565,0.2618380281943624,0.02393634587460636,-0.03471475237968327,-0.01850266226206323,-0.017635511910057213,0.31371361074259896,-0.022353651011618108,-0.31908151590366884,0.19476823587143072,-0.4787914276694348,-0.03127784363582108,-0.04081054702349465,0.6209360500004881,0.31510201975576246,-0.07292238153518063,-0.020895460323964395,-0.21119924048866845,-0.015762814219205383,-0.018502662262063214,0.32071929405436195,-0.03424289574969996,-0.045839687278891726,-0.020128410563988713,0.09597114452987376,-0.018502662262063208,-0.08782817898015798,-0.014739687788449744,-0.007865173504087853,-0.02502682883977176,-0.005559611258532544,-0.007865173504087853,-0.03998964211984071,-0.005559611258532543,0.12412204322940794,0.060272563312727144,-0.005559611258532544,0.10842230126508684,0.017254411413330468,-0.007865173504087851,-0.028029550001862514,-0.08622407732677582,-0.08607101285072766,-0.028594609498283043,-0.025026828839771753,-0.009636136051964846,0.22925060893645582,-0.02802955000186252,-0.005559611258532543,0.1258401246943662,0.058634809118534845,0.023234087119599196,0.11213423195875011,-0.005559611258532544,-0.05832831997581959,-0.012448745178599594,-0.028594609498283043,-0.10456146970165167,-0.08386939485890153,0.028798453728509178,0.022818590740269994,-0.011130671865405098,-0.007865173504087853,-0.016724749440657036,-0.012448745178599618,-0.012448745178599617,-0.027582040980704076,-0.009636136051964847,0.023169450015527306,0.021808667992364777,-0.011130671865405103,-0.019332072436903,0.003972512514249463,0.0114676746704441,-0.028839190309352912,-0.05345599643867194,1.0,-0.01763551191005725,-0.030758466563514025,-0.16174038811117192,-0.04729694089520064,-0.011130671865405105,-0.01933207243690296,-0.07024661039148886,-0.10776842999512962,-0.04396263136272671,-0.022353651011618153,-0.043192869943557,-0.02502682883977178,-0.04081054702349467,-0.02593463510020917,-0.0400176726085884,-0.020992077882794814,-0.04357917555339664,-0.004434845769341916,0.018524648775970945,0.04468561715061832,0.011640269814065692,0.045266827488510374,-0.01927008120438115,-0.0032204076886121445,-0.01191896467487017,0.020105492946180022,-0.01772153067068181,-0.017581474642163225,0.011308553599215777,0.004655884885257275,0.05602315315808984,0.013641605736675626,0.022017125370525602,0.0342428957497,-0.1028018847396839,-0.1130418814098979
MSSubClass_180,-0.06882633946685512,-0.11336161112426892,-0.08883509566707842,-0.08881488017619746,-0.036274587113802235,-0.16844214524679343,-0.0701288101418193,-0.06324915417265616,-0.14933327162064572,-0.13890731790737734,-0.09639220731046824,-0.07899506016492137,-0.11933124521402144,-0.027319364817410777,0.0014086703947618717,-0.011700228803691398,-0.05726848936175821,0.027554150815332596,-0.026488625437503615,-0.012571943856225067,0.045238838525044414,0.01085838749694572,-0.11949848584679114,-0.11970104712313333,-0.08525973501531205,-0.009013787057082393,-0.0030757585131014863,-0.008741629458288424,-0.016891024383013625,-0.011612440601740654,-0.028101272126547904,-0.01579958175033361,0.0761137719997666,-0.019862444890336367,-0.013391043193216984,0.5328738819039894,-0.01547570818826228,-0.03544653427130772,-0.006540388517157808,-0.019051939705278683,-0.014116165112019874,-0.019595225759502868,-0.02405312026591956,-0.010961249232686876,-0.019188907246573714,-0.01704209323960096,-0.02077647463619582,-0.010961249232686876,-0.013575567672668086,-0.007235659955626408,-0.006896551724137932,-0.01792609003637132,-0.008741629458288437,-0.16027818690942736,0.19822049211059306,-0.18723640475176787,-0.012231528495122575,-0.015959392042222863,0.23112854377313818,0.13059355833521533,-0.0285170614082312,-0.008171388710395789,-0.08259167602036564,-0.006164213669280097,-0.007235659955626415,-0.05498737443300819,0.3564912850086146,0.10286817820871523,-0.007871425864313466,0.043910513735058616,-0.007235659955626423,-0.04098877763377367,-0.005764109357818922,-0.003075758513101487,-0.00978700365857841,-0.0021741442384047554,-0.0030757585131014863,-0.015638368577890135,-0.0021741442384047554,0.27319051182661813,-0.03516674430904512,-0.0021741442384047554,-0.034979733525405,-0.023471428971489572,-0.003075758513101487,-0.010961249232686869,-0.009166155176742645,-0.03365897146061678,-0.011182221669673918,-0.009787003658578387,-0.0037683119742788515,-0.005764109357818937,-0.010961249232686883,-0.0021741442384047554,0.27564583068446336,-0.03375403031590574,-0.006896551724137926,-0.034416275091068045,-0.002174144238404756,-0.02725853216410814,-0.0048682122448549,-0.0111822216696739,-0.007896156003647811,-0.032798005675508925,-0.01357556767266808,-0.014466560963966429,-0.004352765864448569,-0.003075758513101488,-0.006540388517157799,-0.0048682122448548935,-0.004868212244854893,0.004933092608855108,-0.003768311974278847,0.007893087092968253,0.01008690887418398,-0.004352765864448554,-0.007560009495377877,-0.009787003658578382,-0.004446908555888133,0.004269132698169035,-0.020904527539934513,-0.01763551191005725,1.0,-0.012028420648763197,-0.06325027354917435,-0.01849596433269556,-0.00435276586444856,-0.007560009495377895,-0.027470673064726253,-0.04214397378885826,-0.017192047651837586,-0.008741629458288441,-0.01689102438301358,-0.009787003658578387,-0.01595939204222286,-0.01689102438301363,-0.021158860477222874,0.016845364653829627,0.02512986630246229,-0.015959392042222884,-0.023235905382305796,0.0009628398335269866,0.038390339510401876,0.02780185869343429,-0.03628095352188246,0.004933092608855123,-0.017635511910057286,0.017166452304127555,-0.024913677433270862,-0.0016810535034069538,0.013485318875277496,-0.005078592986837873,0.021908441074723204,0.005334692865344428,-0.1249854163928449,0.013391043193216984,-0.08772771468605567,-0.08221508458044861
MSSubClass_190,0.08121004109293829,0.018428809938628065,-0.07090758243543613,-0.08955307816853518,-0.07010837860227535,-0.019494258856863365,0.0004203200345619802,-0.09110622304406218,0.09476631206930222,0.07269763248230104,-0.10995504642668179,-0.04038378176238805,-0.02944354144010466,0.20541074981365495,0.09184094824978754,-0.0050332104348562055,-0.12511318063401008,-0.089519380912295,-0.13351467761344518,-0.0672289825016412,-0.10254909769336325,-0.06484947273500134,-0.15201229726653062,-0.16763832663066278,-0.056003637379478506,-0.015721135242339788,-0.00536449499539186,-0.015246459460587386,0.019978614069294715,-0.020253501445894356,-0.04901201867600489,-0.0012607495137127091,0.03718092925235407,-0.01330155336936479,0.03808435604873172,-0.015721135242339784,-0.00018361569761399997,-0.04845094901913466,-0.011407228922153628,-0.03322888801774504,-0.02462029992764167,-0.03417644463070334,0.19292763897562926,0.09252988535457542,-0.011457436822674853,-0.029723472602097695,-0.03623668559576583,-0.019117744907970125,0.006646296865776126,-0.012619866434564447,0.04650989317521762,-0.03126526997403615,0.07750283559131929,-0.09042897860119048,0.08833224280765914,-0.3265629443818703,0.9833947289220359,-0.027835110713445195,-0.025231432689256983,-0.04215241917734394,0.07600533999319598,0.035290395772699636,-0.08611246035791932,0.05465160023535458,0.09904683050158154,0.01946828154057275,-0.023355599565796734,-0.007856401172962935,-0.013728719103219968,-0.016885566886804638,-0.012619866434564439,0.025829499013556145,-0.010053304143091158,-0.005364494995391863,0.024466596588294576,-0.003791970610339502,-0.005364494995391861,-0.027275206949713103,-0.0037919706103395016,-0.030244657367867443,-0.020997587095637676,-0.0037919706103395016,0.07395016679837119,-0.004043161681976628,-0.005364494995391863,-0.01911774490797014,-0.056403940251571576,0.06611472792758526,-0.019503147574430214,0.06600291172656213,-0.006572392026547607,-0.010053304143091161,-0.019117744907970153,-0.0037919706103395016,-0.02998501124063316,-0.003507618643499722,-0.012028420648763203,0.07648191433312662,-0.0037919706103394977,-0.031248380047399108,-0.008490751179843296,-0.0195031475744302,-0.07470186094112241,0.0699801490010925,0.006646296865776106,-0.02523143268925698,-0.007591750326458873,-0.00536449499539186,0.17364337359278276,-0.008490751179843308,-0.008490751179843296,-0.026289726175774845,-0.006572392026547606,-0.00048817372010187055,-0.00143348655451969,-0.007591750326458871,-0.013185571276262137,-0.017069718549972954,0.029989660074676548,-0.027065197270875717,-0.03646002535352815,-0.030758466563514025,-0.012028420648763197,1.0,-0.11031612997782726,-0.0322591996982365,-0.007591750326458879,-0.013185571276262157,-0.04791217761344055,-0.07350418945871155,-0.029985011240633214,-0.015246459460587397,-0.029459990237773463,-0.01706971854997295,-0.027835110713445195,0.06941721837636294,-0.0369036127689365,0.008039400388077668,-0.029723472602097664,-0.027835110713445188,0.03389929963734602,0.018024585065379597,-0.002670665411778627,-0.02804545502751511,-0.02379699486996884,0.026050728665085968,0.016762550561068502,0.029940369857341574,-0.020341137044943853,0.02084949836407528,-0.045158453303248934,0.02087154635609442,-0.23583543787142228,-0.06616426541060429,-0.1547163396818735,-0.038084356048731734,-0.05630155264239058,-0.09357770607048008
MSSubClass_20,0.09455166269438406,-0.24285195635257403,0.3486463797851667,0.11340494128327082,0.0019365270263053738,0.20882280951085405,-0.14159022027431845,-0.34547011510536396,-0.12617191294538796,-0.22173147257446177,0.05862547225304577,-0.029932719071031545,0.0362558998036843,-0.16708127406652523,-0.03520446986981552,-0.12196589561750437,-0.0029634318068857586,0.02109960059345022,0.03160629070837869,0.01062174587145739,-0.0007829616425203346,-0.005219113612756789,0.10629507059357529,0.10920748155637044,-0.045927121113679886,-0.06942229307331037,-0.028208672262106167,-0.0801720159028281,-0.13308680021345137,-0.02361643896178074,0.1213615045339068,-0.05977176800554846,-0.004007241391948806,-0.11935491570799539,-0.10473052423610556,-0.08266805207579773,0.03953609480383105,0.2495055598372698,-0.05998379761007594,0.04042281036578824,-0.07785715382305339,0.023722598895281544,-0.16742264878142898,-0.10052879179917774,0.12847620878631466,-0.01919622215505296,0.0025794292318074966,-0.023856832680700307,0.08968696780702276,0.01580222321038222,-0.0287930349738778,-0.07484124791750761,-0.039225953676337105,0.297224348583438,-0.27922056185701316,0.3339757270766469,-0.10232205524945448,-0.1463682072906214,-0.1326770210515691,-0.2216543735524091,-0.2615382305589373,-0.07494217282532936,0.7601350633259361,-0.05653378911564122,-0.06636033336781567,-0.501218246726842,-0.12281313603656815,-0.15751581686547345,0.04881810977237739,-0.20937541034129856,-0.06636033336781563,0.23272823288928762,-0.0528643165791634,-0.028208672262106188,-0.06531004430155093,-0.019939706583096944,0.04862838278019793,0.0831645181354731,-0.019939706583096937,-0.03831012352132979,0.08111898448556674,0.03437367328877158,-0.07057150972071388,0.012762291945881674,0.04862838278019793,-0.08957565478225236,0.038455998371580195,-0.039297144118788624,-0.027346142666702215,-0.053085343701517004,-0.034560280662806094,-0.011722577663609759,0.06376826345470231,-0.019939706583096937,-0.03598636962818926,0.04483144470844765,0.005664203601418609,-0.06253173695364266,0.03437367328877157,0.09527907428703879,0.003998309072817677,-0.10255539402668513,0.03577498342520736,-0.02629920540078875,-0.06203267102683107,0.07743714366477378,-0.03992047658517255,-0.02820867226210615,-0.04182949733836969,-0.020324737786823265,-0.04464778464646415,0.08837543630111029,0.028198437953732287,-0.08451605457856742,-0.006044597921013836,-0.039920476585172504,-0.0378583099761387,-0.004186541301381481,-0.05115232726939033,0.09704880306566321,-0.19172147737097994,-0.16174038811117192,-0.06325027354917435,-0.11031612997782726,1.0,-0.1696318465218209,-0.039920476585172567,-0.06933503694946598,-0.25194149995896126,-0.3865145912362045,-0.15767324894312945,-0.08017201590282808,-0.15491247734895056,-0.08975944550161859,-0.1463682072906214,0.012417714023211207,0.0019363097912797978,0.01254465593297702,-0.004764458845898821,0.05297655263876965,-0.005011016270506637,0.010754737521431624,0.00043792154723060086,-0.01457463091156198,-0.0073858024398675915,-0.04513027692676883,0.020078645669332873,-0.021707487879732475,0.0075380824097755934,-0.03361536364858953,0.019917658076038354,0.03392012610912807,0.14907864777010962,0.0045031405496932485,0.09147839002394384,-0.02184775836713454,-0.04464236499501484,0.04127392338024111
MSSubClass_30,-0.058668495563269224,-0.25717615983889264,-0.13836846361559788,-0.19937498832741019,-0.11216415078273219,-0.08862508588013698,-0.22265969210673636,-0.16320800721680517,-0.2168424734073718,-0.22791585371832912,-0.2287026642388218,-0.12170129339356389,-0.2381658167752548,0.3283571756219552,0.17215020671247364,-0.27558540478570337,-0.15358921081025315,-0.01624115509026941,-0.19119656391882625,-0.09429110167877244,-0.1344099743557902,-0.01289162960138535,-0.22997638177197943,-0.22339918071776665,-0.12161109659890025,-0.02417420916699473,-0.0082489223643749,-0.023444305667170734,0.219121186845992,-0.03114357664187429,-0.07536521840862015,0.027947723986761652,0.09295375795069351,-0.05326938547650985,0.19000607093044264,-0.024174209166994764,-0.04150453126762902,-0.0950645858719678,-0.01754076494662173,-0.051095679602337546,-0.03785835253182224,-0.052552726527138056,0.2012361545965072,0.020364973066410472,-0.02203254025318471,-0.04570544256354896,-0.0557207354053836,-0.029397136853186633,-0.03640851624311574,-0.019405423727103036,0.059776812263639206,-0.048076246680924736,0.007559939146297827,-0.16907995019096497,0.20556498388024216,0.09878401776202078,-0.032803917643119664,-0.04280173016774658,-0.038798084362911885,-0.06481729101493904,-0.06597202177603778,0.011207033606176846,0.21103310370245798,-0.016531896044087245,-0.019405423727103063,-0.1474714548579169,-0.035913637305502365,-0.04807624668092476,-0.021110493744900895,0.04746202952370289,-0.01940542372710305,-0.04486487374016228,0.031269765631666155,-0.008248922364374908,0.02929114620537893,-0.005830869671712123,-0.008248922364374904,-0.0241919238931285,-0.0058308696717121215,-0.04650686239412438,-0.09431421302338265,-0.005830869671712124,0.07762102011416341,-0.06294837339863989,-0.008248922364374906,0.14477024786540316,-0.1036199641368966,0.1600786610728712,0.0676357824276998,0.02929114620537887,-0.010106291761255996,-0.015458850358336444,-0.004516081893388082,-0.0058308696717121215,-0.04610760752528656,-0.09052543441711873,-0.018495964332695552,0.06284704503552045,-0.005830869671712116,-0.062211676227718046,-0.013056130606500013,0.16526133096397438,-0.10061081060271862,0.15768092703495468,0.06495768077242392,-0.000614597224488343,-0.011673747315725212,-0.0082489223643749,0.023698392576836744,-0.01305613060650003,0.04219590036593486,-0.06725318226860069,-0.010106291761255994,0.04880589804377445,0.05376467449176944,-0.011673747315725227,0.015475834046534846,0.0015216179846950294,0.011626633880029436,-0.06815148980325796,-0.05606416238671958,-0.04729694089520064,-0.01849596433269556,-0.0322591996982365,-0.1696318465218209,1.0,-0.01167374731572522,-0.02027530156729559,-0.07367400543404592,-0.11302654822533281,-0.04610760752528653,-0.023444305667170793,-0.045300288756981964,-0.02624791023598886,-0.04280173016774658,0.0373314223689472,-0.04325504817494971,-0.010466246898796876,0.003469167711161016,-0.007968661023426608,0.02475969182022633,-0.029108369465675667,0.03127176888235478,-0.008160079691685265,-0.00931683094898431,0.037725056625366134,-0.03141160992970889,-0.006596980904257317,0.018938445852843478,-0.0029185085535862135,0.0001991776975212003,-0.012626564902294359,-0.20298132649520279,-0.036148122529137995,-0.19983369918630814,0.03591363730550241,-0.1318319925915244,-0.23863980017239503
MSSubClass_40,0.01073159500764336,-0.01793175367218084,-0.005220382995960189,-0.030281519052055346,-0.029915435539857548,-0.03597494567502247,-0.05377915250202829,-0.013854088367378265,-0.05568827268195343,-0.0570262450761241,-0.036281771233218504,-0.009191664253856282,-0.020070813691995787,0.04498236362808257,0.0312449449448576,-0.03909500311090822,0.009505277190790288,0.024858658755979094,-0.0009197783302275051,-0.035257440691937286,-0.01137725749790437,0.006853282673750733,0.01365062232494956,0.013764068311184258,-0.0023498590090416426,-0.00568906116866409,-0.0019412682161517045,-0.005517288614325885,0.056428652563586625,0.08821220628296945,-0.017736147418702525,-0.009971922616735402,-0.014212806847152579,-0.012536202954956275,-0.008451770976614698,-0.005689061168664088,-0.00976750947785511,0.01392042856488813,-0.004127973082268792,-0.01202465175609704,-0.008909432437295368,-0.012367547319858438,0.0338553126921903,-0.006918203966304096,-0.01211109896364856,-0.010756135048252253,-0.013113093789102094,-0.006918203966304088,-0.008568233795634657,-0.004566794380933162,-0.004352765864448553,-0.011314070555035537,-0.0055172886143258935,-0.03700108868152426,0.051573929757892205,0.023247433479719474,-0.007719942057021906,-0.010072787050317241,-0.00913058514728798,-0.01525384060441348,-0.017998573260559158,-0.005157380567343922,0.05270223434350986,-0.0038905499319173884,-0.004566794380933159,-0.0347053391291092,-0.008451770976614701,-0.011314070555035534,-0.0049680587019745575,-0.003996400237596675,-0.00456679438093317,-0.025870110055915524,-0.003638023675491084,0.3523401812315337,-0.006177077638842527,-0.0013722134196707807,-0.0019412682161517052,-0.009870172753618229,-0.0013722134196707803,-0.010944737968266232,0.014297119134798659,-0.0013722134196707805,0.014551076616025485,0.0352518739023412,-0.0019412682161517045,-0.006918203966304088,-0.011269925585896273,-0.02124389519090201,-0.007057670952005781,-0.0061770776388425045,-0.0023783740605938884,-0.0036380236754910995,-0.006918203966304103,-0.0013722134196707803,-0.010850778933039299,0.01626094148109866,-0.004352765864448547,0.01532711258914214,-0.0013722134196707803,0.027017943795716436,-0.0030725772716427577,-0.007057670952005762,-0.010495905069686241,-0.020700495731320035,-0.008568233795634629,-0.009130585147287967,-0.0027472527472527505,-0.0019412682161517047,-0.004127973082268789,-0.0030725772716427542,-0.003072577271642752,-0.015827093456102028,-0.002378374060593889,0.020456892135617407,-0.014288948359961534,-0.0027472527472527466,-0.004771507933626235,-0.006177077638842504,0.024511593450977996,-0.016038497538760257,-0.013193914513796498,-0.011130671865405105,-0.00435276586444856,-0.007591750326458879,-0.039920476585172567,-0.01167374731572522,1.0,-0.00477150793362623,-0.017338144158487223,-0.026599213322551763,-0.010850778933039297,-0.005517288614325901,-0.010660787780742724,-0.006177077638842503,-0.010072787050317241,-0.010660787780742741,0.04141375972974987,-0.012536202954956298,-0.01075613504825221,-0.01007278705031725,-0.014665366087760286,0.027224842276558685,-0.021123679630080997,-0.02399694376175177,-0.02289876192285569,0.031524456637973694,0.05335655402146575,-0.027436065019102604,0.003093303674747518,0.00539340997883766,0.0022980437565396925,0.021000629882908982,0.01382753559573395,0.003366997005230364,0.012703099052816401,0.008451770976614677,-0.002876334507453229,-0.01636553587034311
MSSubClass_45,-0.03255168395694465,-0.11068909753089291,-0.05286596029873328,-0.08290579061509497,-0.05195799263793851,-0.06144878692874002,-0.09340518562907262,-0.06933380988738541,-0.08741845386776878,-0.09904482981325313,-0.07317000028212661,-0.0512794208594813,-0.09836177865342939,0.10923437529179128,0.0902981395914018,-0.12587556640415304,-0.04956332407078674,-5.922529031562828e-05,-0.024463639324824933,-0.04541788839158061,-0.0505831168485712,-0.01003938155130643,-0.09715307973504485,-0.09728345301278765,-0.04711637585128269,-0.009880925782424289,-0.0033716507168577953,-0.009582586247911655,0.13684787322733646,-0.012729573375982272,-0.030804653195790482,0.023998293678606026,-0.02468521350942398,-0.021773239435992582,0.08186012892865996,-0.009880925782424286,-0.01696449262338925,0.0031660884177227783,-0.007169582897510159,-0.02088476253620472,-0.015474159631352876,-0.02148031345685772,0.03041156887624926,-0.012015736500645845,-0.021034906543553257,0.019842567354704545,-0.02277520010186718,-0.012015736500645814,-0.014881555974024798,-0.00793174040562987,-0.007560009495377877,-0.01965060457904503,0.06328499667891666,-0.10140876285769868,0.11086083861369786,0.04037681403571428,-0.013408218377086195,-0.01749470753005112,-0.015858264046692154,-0.026493311012251296,-0.031260441978842854,0.9251805003181278,-0.09053710896820495,-0.006757219511337881,-0.007931740405629866,-0.06027723556171899,-0.014679279985591669,-0.019650604579045054,-0.008628667870074056,0.04813476561367468,-0.007931740405629864,-0.04493195447671286,-0.006318624614238613,-0.003371650716857799,-0.010728526885571875,-0.002383299907565848,-0.0033716507168577953,-0.01714280116645491,-0.0023832999075658486,-0.01900913707312345,-0.038549833530196594,-0.0023832999075658486,0.0888902924834589,-0.025729412754709535,-0.0033716507168577987,-0.012015736500645842,-0.06720383430344301,0.07206260858473777,0.04510303165153459,-0.010728526885571832,-0.004130828774528652,-0.0063186246142386045,-0.012015736500645871,-0.0023832999075658486,-0.018845946306467774,-0.03700121450585036,-0.007560009495377876,0.09096831196417653,-0.0023832999075658473,-0.02988084048865456,-0.0053365409655095775,-0.012257966790312498,-0.06609866136003356,0.0972744452572657,-0.014881555974024786,-0.01585826404669213,-0.004771507933626221,-0.0033716507168577974,-0.007169582897510151,-0.005336540965509603,-0.0053365409655095715,-0.027488953125100614,-0.004130828774528653,0.035530121216566304,-0.02481745828843443,-0.004771507933626227,-0.008287292817679552,-0.010728526885571858,0.0425724435926471,-0.02785612584286878,-0.02291557187125256,-0.01933207243690296,-0.007560009495377895,-0.013185571276262157,-0.06933503694946598,-0.02027530156729559,-0.00477150793362623,1.0,-0.03011338963599406,-0.04619828209242509,-0.01884594630646779,-0.009582586247911666,-0.018515964184725116,-0.010728526885571828,-0.01749470753005112,0.020324995168290245,0.008513290092709966,-0.02177323943599264,0.01984256735470452,-0.017494707530051126,-0.025471231471970363,-0.004081136557891616,0.007073871905036106,0.03849366032522009,-0.019092457144645098,-7.510642930355853e-05,-0.019332072436902985,-0.029187961698027017,0.07800130959318026,-0.00931624211173835,-0.013994218445104352,-0.03359493480319715,-0.06825617982086933,0.0058478976639544265,-0.07735707493341715,0.014679279985591591,-0.05058147124431049,-0.08291208642778074
MSSubClass_50,-0.0012492613778172393,0.024673665263653246,-0.15608151998423095,-0.19378544220962843,-0.1257975131496758,-0.07973995793028835,-0.13084796856783218,-0.03716960223305781,0.0795284851951885,0.02889141890255579,-0.21667758463338999,-0.03662207674234706,-0.07504475196608265,0.387883218054894,0.2410539053100604,-0.20284437614611808,-0.1640916436440337,0.03905986940885556,-0.15813334081512434,-0.08839616988002258,-0.16280295154780522,-0.023191328638959147,-0.07244025831264932,-0.05502866389266608,-0.034878336219071875,-0.03590414561142488,-0.012251507698221592,-0.03482007451073514,0.22675159366632724,0.05423975916720013,-0.11193432459723866,0.04966822061710273,0.09218984197118248,-0.06896312651818516,0.1512897280275836,-0.03590414561142484,-0.023378431569632572,-0.04575677113696186,-0.026051986827314123,-0.06534851063839392,-0.028418850149323528,-0.07805263586797694,0.17068133943354274,0.16882396259855714,-0.04501697093790666,-0.056217504927955526,-0.08275784261443428,-0.04366136963755769,-0.039646982321925296,-0.02882142511203901,0.0839381676977745,-0.07140405501411028,-0.012755270350286632,-0.14353683936493836,0.1901325482960734,0.14671651648698336,-0.04872120645385217,-0.06357020996003626,-0.05762389415874754,-0.09626827660264581,0.9408712295935482,-0.0325486644234714,-0.32898309482437177,-0.024553589269436963,-0.028821425112038987,-0.20405728960410546,-0.05333984058569116,-0.07140405501411033,-0.03135383813840893,0.1248744312800106,0.07743938464446837,-0.13432857800681397,-0.022959874733306098,-0.012251507698221592,0.0993552053610628,-0.008660154807472394,-0.012251507698221595,0.038759151833416966,0.07914419254606717,-0.046111685405710576,-0.11448805230898017,-0.008660154807472394,0.12393946441855284,-0.08471556668077729,-0.012251507698221593,0.04487418546082326,-0.13843120454890354,0.16947021147455005,0.0770435701909462,0.09935520536106247,-0.015010119606439542,-0.022959874733306095,-0.025954258617881615,0.07914419254606717,-0.045336417086105384,-0.09493818749571127,-0.027470673064726246,0.12920559773949322,-0.00866015480747239,-0.07756748175034547,0.01992994178864408,0.059674266225723596,-0.1387159583480163,0.17864801378445666,0.06134807234658825,-0.0032757769289210687,0.026609235132122697,-0.012251507698221592,0.03264539090089364,0.01992994178864412,0.019929941788644132,-0.09988612377443577,-0.015010119606439536,0.0680645154859746,0.03655761618432766,0.07055661442273242,-0.030113389635994057,0.020304197280871097,0.040953430653527384,-0.10122031279817455,-0.0832679090352054,-0.07024661039148886,-0.027470673064726253,-0.04791217761344055,-0.25194149995896126,-0.07367400543404592,-0.017338144158487223,-0.03011338963599406,1.0,-0.16786988221230698,-0.06848018245173965,-0.03482007451073508,-0.06728113224034231,-0.03898405877927247,-0.06357020996003626,0.0032867219772581262,0.021333294275193506,-0.03850139858861155,-0.021221389012030942,-0.05117537735564883,0.004826603375070599,0.03960939749335799,-0.014050179022660406,0.018490203555133505,-0.0067591776127954774,0.008028187999174827,0.008889231561885959,0.00016849474200051644,-0.02446287939014405,0.017065633352199128,0.019949289340882862,-0.015985792117422758,-0.06175015304165148,0.02124940252266774,-0.050285163156632395,0.009490647311418127,-0.05036138628766907,-0.1566922256381895
MSSubClass_60,0.07838905808154908,0.48466163675309765,-0.029460907791945122,0.2652633347961331,0.214076680239237,0.19383129756467746,0.3976961780752524,0.606094824094235,0.30580889975010433,0.43159162728321865,0.31268490409491967,0.2151946338648554,0.29770992353909975,-0.39125000110833746,-0.2841202970961564,0.4453775762407982,0.2975056333874592,-0.053127651205081415,0.26351254100874505,0.24168525667028432,0.26093302824946946,0.10071833158631337,0.13757494945537949,0.13507284798478258,0.24776418470035236,-0.055082136793444224,-0.018795579492765918,-0.053419015400492736,-0.10321895888538041,0.01566389409610769,0.12455210790843013,-0.09654928807834269,-0.1107323367484857,0.3287572649637052,-0.08183100713435883,-0.05508213679344424,-0.07572194902916506,-0.14139577908823892,-0.03996750452422695,0.11720280105025303,0.25276305064777493,0.054907587822505245,-0.14063411339439405,-0.06698283705154742,-0.07857326802916931,0.09409451176289245,0.06767315612265472,-0.0015681600647519402,0.012981905878967089,-0.02458846774749117,-0.04214397378885822,0.09618576566882744,-0.05341901540049259,0.1549093771066617,-0.20784933985882348,0.22508429300771662,-0.074745356362937,-0.09752586898746528,-0.08840336308164638,-0.14768941832189872,-0.17426423183594456,-0.049934344786276445,-0.5047075072601239,-0.03766874659952397,-0.04421622220967654,0.7627428800730062,-0.08183100713435879,-0.1013149216464794,-0.011966546378559352,0.05474888575570554,-0.044216222209676505,-0.04948387723632379,0.03848864601690563,-0.018795579492765935,-0.05980716772049518,-0.013285926280496416,-0.018795579492765925,-0.09556413433983035,-0.013285926280496416,0.004305194028289325,0.045072652398215236,-0.01328592628049642,-0.1615687008690064,-0.033188294534217476,-0.018795579492765935,-0.05389990165418825,0.3038115486139489,-0.17155733804196752,-0.016999788415990615,-0.05980716772049508,0.014453275717874041,-0.03522375868534479,-0.06698283705154749,-0.013285926280496416,-0.0024595629555186783,0.041881208296051145,-0.000986648215792655,-0.15752648106608869,-0.013285926280496402,-0.04055859914583802,-0.029749042340635648,-0.05549982629708626,0.31337917643894503,-0.17558542299671617,-0.05097844029637111,-0.08840336308164654,-0.026599213322551732,0.027093293516328176,-0.03996750452422689,0.028356110592244715,-0.0006964658741954882,0.10435827249758638,-0.023027687955475964,-0.032445240067188685,-0.07146191315024614,-0.02659921332255176,-0.046198282092425214,-0.03060366776333029,-0.0015208029925103935,0.0994872664050435,-0.12774497980316252,-0.10776842999512962,-0.04214397378885826,-0.07350418945871155,-0.3865145912362045,-0.11302654822533281,-0.026599213322551763,-0.04619828209242509,-0.16786988221230698,1.0,-0.10505847481429746,-0.053419015400492605,-0.10321895888538037,-0.05980716772049495,-0.09752586898746529,-0.01632028516109514,-0.03707797598346944,0.03617003060503482,0.00790467101138795,0.030685396905497816,-0.017714247005541032,-0.028017884123957216,-0.03807709227162598,0.005322711937948548,0.04662575570594957,9.241937021763377e-05,0.017523740567769924,0.023523459026233335,0.006591497705762891,0.007283660491299634,-0.021006923882854824,-0.020061034496478676,0.1338797711291424,0.03259964766185912,0.12299284872906613,0.07103165158738547,0.26281909352290217,0.3771970684281053
MSSubClass_70,-0.008229903889510079,0.11310063632470427,-0.1246113517038534,-0.0940153286746563,-0.11387867223947286,-0.03695086457413215,-0.06831469246615608,0.02077827747790853,0.13544811912209614,0.13788155027326301,-0.0740232987971517,0.02258925817972092,0.00479717531183248,0.3589693004361604,0.07023199280218881,-0.10387502597237258,-0.09468039978422986,0.07852013150517147,-0.04523233648069531,-0.08529783212842021,-0.0694692434117159,0.007108845864307277,-0.026706815194448303,-0.03750089526200328,-0.00024749865145747506,-0.022469991208287184,-0.007667395103803944,-0.02179154397923221,0.06388608513784663,-0.0037908143253085787,-0.0700521693741457,0.31766175265266045,-0.015156744068443681,-0.049514034360315866,0.05443341924084341,-0.02246999120828718,-0.0385785713296881,-0.07880651202015065,-0.016304187302033722,-0.04749356901459767,-0.03518943857372265,-0.04884789797585387,0.21118917800541426,0.10565556959335311,-0.047835008126619144,-0.042483329464030384,-0.05179257058748764,-0.02732471627414302,-0.033841811917742014,-0.018037392558695242,0.024641934967633873,-0.04468699814688172,0.077632375426015,-0.1461425906176606,0.16497634900803498,0.09182000516742617,-0.030491328007728632,-0.03978432113021672,-0.03606292179035508,-0.06024784302930456,-0.07108866840000011,-0.020370021093167847,-0.20588840431915273,0.03137315036492224,-0.018037392558695235,0.30515896350078486,-0.0333818206394122,-0.04468699814688174,-0.019622259639341683,-0.024134296515152562,0.22136799958398728,-0.023936979344395263,0.03558048544453312,-0.00766739510380395,0.034969752613989095,-0.005419808745550287,-0.0076673951038039425,0.03690490897771128,-0.005419808745550286,-0.025984194777239802,-0.07805634947756003,-0.005419808745550287,0.038182645238779955,-0.05851067917351269,-0.0076673951038039485,0.1854437411138512,-0.11672203243852582,0.17378726313651952,-0.027875566730774567,0.0052861253951378764,-0.00939382485917485,-0.014369042198753772,0.025867398072855492,-0.005419808745550286,-0.025476190476190506,-0.0742523499611724,-0.017192047651837572,0.03127089434500605,-0.00541980874555028,-0.05630710264114531,-0.012135707849456653,0.20692247611690334,-0.10677028934075196,0.14041761961555466,0.0745113578188882,0.004752478065395624,0.05515812624294974,-0.00766739510380394,-0.016304187302033698,-0.012135707849456666,-0.012135707849456664,-0.0625120103770766,-0.009393824859174851,0.05023725387127692,0.011548129007719864,-0.010850778933039311,0.019369444814980742,0.005286125395137931,0.033872245765258074,-0.06334698960087047,-0.05211178687282729,-0.04396263136272671,-0.017192047651837586,-0.029985011240633214,-0.15767324894312945,-0.04610760752528653,-0.010850778933039297,-0.01884594630646779,-0.06848018245173965,-0.10505847481429746,1.0,-0.021791543979232234,-0.042106737931762436,-0.024397501823713304,-0.03978432113021671,-0.04210673793176254,0.01935988162941731,0.011490598691212524,0.01008079004231227,-0.002550276995526696,-0.0180328048342379,-0.044323920535513026,0.016086533085537813,-0.003621382969656719,0.05063254288390965,-0.025107282856366826,0.006978195454401047,-0.015989983663293395,0.003959397873948373,0.02130226257272398,0.009076545580161393,-0.023283043369067946,-0.15521984419863832,0.013298572622593392,0.0049553798646446495,0.03338182063941229,-0.01136061103553637,-0.03688301717653507
MSSubClass_75,0.01176207777051882,0.15658435098253687,-0.03507138167399545,-0.01725855461135116,-0.060078961450382766,0.03411376532315075,0.035346861329453375,-0.0016493056638705564,0.09791383100535345,0.14865895446199998,-0.028832116857489962,0.05300129947668572,0.061071244890260855,0.20303347904429908,0.03979205255734847,-0.007288966632764911,-0.015290343945257981,0.06867045445657564,-0.021677252614323614,-0.015935394840421276,-0.03621398988061865,-0.00526554318252893,-0.02149890179642169,-0.04242322569586694,0.04695609501884178,-0.011425302037994895,-0.0038986354775828475,-0.011080332409972311,0.012273828219700134,-0.014719189662786073,-0.03561938169433753,0.015805261831925908,-0.028543481291928546,-0.025176369338214218,0.024887015894025352,-0.011425302037994904,-0.019616021455026385,-0.026708250910095824,-0.00829017967488452,-0.02414902461795383,-0.017892751293287927,-0.024837659397456947,0.19109087906792896,0.13824312077939813,-0.02432263594455685,-0.021601471322658067,-0.02633493519427699,-0.013893780982854077,-0.017207524430655596,-0.009171461441647955,-0.008741629458288434,-0.022721969326411736,-0.01108033240997233,-0.10652137594452289,0.1404945896114499,0.04668765921818352,-0.015503906022864384,-0.02022910828383702,-0.01833689074499647,-0.03063418215729592,-0.036146409690151995,-0.010357531578558588,-0.10468794507581101,0.5269137624527602,0.6755615120995685,-0.05540638514917005,-0.016973632959980545,-0.022721969326411726,-0.009977317791061324,0.03973714093179706,-0.00917146144164796,-0.03537828661607175,-0.007306217683650362,-0.0038986354775828514,0.10079372977439831,-0.002755806681546019,-0.0038986354775828484,-0.019822199398808155,-0.002755806681546019,0.010900037672623318,-0.044575123960586514,-0.0027558066815460197,0.01083259933746768,-0.029750887564168122,-0.0038986354775828514,0.03681851960456326,-0.077707708967308,0.12742235830701004,-0.014173871561726236,0.10079372977439817,-0.0047764721095446645,-0.007306217683650363,-0.013893780982854055,-0.002755806681546019,0.011349762489183466,-0.04278445773309488,-0.008741629458288417,0.012180031080000027,-0.0027558066815460166,-0.012348396442926525,-0.006170635597479473,0.035570966130870636,-0.07642979888471928,0.07396557345004597,0.06543387579551929,-0.018336890744996462,-0.005517288614325896,-0.0038986354775828475,-0.00829017967488451,-0.0061706355974794755,0.1064434640565208,-0.03178544187845339,-0.004776472109544656,0.021659271770822646,0.023156002521908428,-0.0055172886143258874,-0.009582586247911648,-0.01240538212607978,0.014937037409606925,-0.03221000322958451,-0.02649724689443046,-0.022353651011618153,-0.008741629458288441,-0.015246459460587397,-0.08017201590282808,-0.023444305667170793,-0.005517288614325901,-0.009582586247911666,-0.03482007451073508,-0.053419015400492605,-0.021791543979232234,1.0,-0.02140998606744685,-0.012405382126079766,-0.020229108283837012,-0.021409986067446898,0.0006780241799360203,0.0039039306885205382,-0.021601471322657963,-0.020229108283837016,0.04660973768201847,-0.012143322405311446,-0.023446771003264713,-0.013429245587531195,0.043678226951484066,0.015762452734806816,-0.02235365101161821,0.02496154927258295,-0.02528044812011746,0.027034477927084424,0.004615145317757155,-0.038845780802849145,-0.13227167400223552,0.006761916703879292,-0.03196817135400525,0.01697363295998049,0.03375655404276047,0.01526459840493449
MSSubClass_80,0.007718741798568579,-0.04727741518702695,-0.06201839662353435,0.0086164488094192,0.028692106873889022,0.05874990692735125,-0.03039873222068739,-0.03632175101323395,0.020411228502717024,-0.02812824282656453,-0.007009075059932245,0.05683851726982008,-0.06189741958575485,-0.020268751027856583,0.026666147936665146,0.01243593305403417,-0.07306806545882319,0.04150431972028976,-0.045849692149904225,-0.04541549756252733,0.0039377597186507456,0.046880525576860455,0.06042089653090286,0.05714657091062037,0.036024069083290644,-0.022076554059848298,-0.007533143245953503,-0.021409986067446807,-0.04136947218259627,0.04826593069798407,-0.03417546763319195,-0.03869631248501374,0.0003803667392695876,0.05985861762247154,-0.03279732337813937,-0.022076554059848295,0.05945529162667031,0.09772575949891224,-0.01601870997806572,0.04988005060636295,-0.034573290919757145,-0.04799259823369093,-0.05891086693038492,-0.026846275568352514,0.03293763050531325,-0.02393127988230378,-0.05088571125259192,-0.026846275568352434,0.03282685606508549,0.0633865480316791,-0.016891024383013615,-0.043904553464984494,-0.021409986067446804,0.10538567167944507,-0.08521331070850952,0.09021228753781735,-0.0299574416776329,-0.03908771961787268,-0.03543147992720297,-0.059192936539074065,-0.0698439450388578,-0.020013353262804765,-0.2022834119566233,-0.015097383091537785,-0.017721567766963722,-0.13467499693434687,-0.032797323378139315,0.9422592628254366,0.055381473553103175,-0.01126490686310772,0.02283249013235766,-0.012031265520757726,0.03664973005056338,-0.007533143245953512,0.036368753835412056,-0.005324910884747052,-0.007533143245953508,0.00026414806495966576,-0.005324910884747053,-0.04247134848157053,0.08966224444053175,-0.005324910884747054,-0.017053892852248776,0.10329893815549522,-0.007533143245953511,-0.026846275568352444,-0.062081104538059984,-0.03206976203337298,-0.02738748093741516,0.03636875383541196,0.0682122793169043,-0.014117448197845064,0.00018514672805759717,-0.005324910884747053,-0.042106737931762395,0.12844679155969135,0.02562776113284823,-0.03471657986627424,-0.0053249108847470495,0.051587002077726554,-0.01192321830078174,-0.027387480937415207,-0.05916962893797336,-0.029007241566344478,-0.03324926046298174,-0.014689715414886846,0.05642865256358664,-0.007533143245953504,-0.016018709978065714,-0.011923218300781769,-0.011923218300781758,-0.061417459565821016,-0.009229344168850174,0.05867600690584214,0.04128832288707255,-0.010660787780742718,0.020324995168290262,-0.023970315027885224,0.022008062368036006,-0.06223781876409838,-0.05119933823689991,-0.043192869943557,-0.01689102438301358,-0.029459990237773463,-0.15491247734895056,-0.045300288756981964,-0.010660787780742724,-0.018515964184725116,-0.06728113224034231,-0.10321895888538037,-0.042106737931762436,-0.02140998606744685,1.0,-0.023970315027885172,-0.03908771961787269,-0.023414826110482505,0.06543537894529156,-0.033146258286157464,0.029493289885530263,-0.0201659455322977,0.010663559847140548,-0.04275635005515389,0.029291193756610476,-0.009734719909604032,-0.01238739438388753,0.027288933419296266,-0.02593463510020907,-0.004045395229671164,-0.0005863850869615567,0.01661090869339032,-0.011867382281614816,0.0005176538498314926,0.05365812179610996,0.01306572195334124,0.0492947157101782,0.03279732337813945,0.059079995730294294,-0.028645606731152004
MSSubClass_85,-0.014166189879751854,-0.10627765647599535,-0.044912022998596375,0.017848669997231073,-0.03298505653125232,0.005011058711389342,-0.06742210082380455,-0.08975785697701723,-0.0529555456619942,-0.07744927031470922,0.005186414347407392,-0.038954267371549625,-0.0911033639608811,-0.01499629051525519,0.012279977069400004,-0.012851374926973748,-0.04021348159360093,0.039102523351608895,-0.01094866594362993,-0.030127795270764087,-0.007625185012659851,-0.018677947070346756,0.03069282722678178,0.037223453082063686,-0.05928148934695012,-0.012791605201270193,-0.0043648566739910325,-0.012405382126079752,-0.023970315027885224,-0.01647939480486765,0.01834431778265247,-0.022421431837205904,0.014700162286241226,-0.02818710401745481,-0.01900343736500839,-0.012791605201270196,0.07619406187775891,0.01497903434756403,-0.009281566920162387,-2.8023676876042892e-18,-0.02003246914148308,-0.027807889198844,-0.03413415652620312,-0.01555527901971994,0.1070851540468153,0.035662183549058805,-0.029484217825137354,-0.0155552790197199,-0.01926529891955375,-0.01026823741640202,-0.009787003658578361,-0.02543919277164589,-0.01240538212607977,0.06106260525712689,-0.04937432832685103,0.05227083734893171,-0.017357952049106676,-0.022648221104358716,-0.02052972133680107,-0.034297593404252515,-0.04046900472846814,-0.011596144624624934,-0.1172071301300184,-0.008747731351357963,-0.010268237416402017,-0.0780334370389633,0.7308619289299167,-0.025439192771645844,-0.011170462691178318,0.03379416274249458,-0.010268237416402018,-0.028473753595268134,-0.008179937109145857,-0.004364856673991034,-0.013888888888888888,-0.0030853618542539415,-0.004364856673991033,-0.022192651720471118,-0.003085361854253941,0.004841068446826887,0.08137771904561213,-0.0030853618542539415,-0.01669718613311136,0.0342339101923335,-0.0043648566739910325,-0.015555279019719908,-0.037672036312594505,-0.03083919366819449,0.028686024174322672,-0.013888888888888845,-0.005347670046445109,-0.008179937109145873,-0.015555279019719925,-0.003085361854253941,0.00528612539513786,0.08723974626352456,-0.00978700365857837,-0.015519465387275316,-0.0030853618542539415,0.02097599639159539,-0.006908555602413979,-0.015868864436859316,-0.03599360931193235,-0.029296831186265183,0.017744354268010024,-0.020529721336801088,-0.00617707763884251,-0.004364856673991033,0.06600225365448799,-0.006908555602413965,-0.006908555602413982,-0.03558652736750327,-0.005347670046445114,0.028598814835332616,-0.008906793179219226,-0.006177077638842507,-0.010728526885571858,0.03680555555555548,0.02440128437814155,-0.0360618602006596,-0.029665939689557747,-0.02502682883977178,-0.009787003658578387,-0.01706971854997295,-0.08975944550161859,-0.02624791023598886,-0.006177077638842503,-0.010728526885571828,-0.03898405877927247,-0.05980716772049495,-0.024397501823713304,-0.012405382126079766,-0.023970315027885172,1.0,-0.02264822110435872,0.0363687538354121,-0.030026867510779827,-0.02818710401745486,0.035662183549058736,-0.022648221104358664,-0.010265625739366272,0.0612138670589063,0.003492328655137408,-0.022819369140453984,0.028823843004819917,-0.03558652736750319,-0.02502682883977177,-0.018663806544238812,0.0069551580132332655,-0.03141052026796626,0.019137225449568338,0.02907696176342851,0.031090608978049397,0.007570545495625142,0.028562362593548,-0.01848983094973788,-0.05367869234469844,-0.049136529819502964
MSSubClass_90,-0.015346054256382614,0.018966669092227342,-0.04336812396874864,-0.041671522252836664,0.008384946807628132,0.012937846895460691,0.08466371552603305,-0.04344442489528578,0.16289762061413768,0.1389131917226585,-0.02419287231909668,-0.14266049961118485,-0.009657430405723418,0.025971148020746793,0.13587363160116808,0.06612542712056753,-0.13896325641282478,-0.035228549908129785,-0.15375529995259768,-0.19091941355526484,-0.24817955242800355,-0.25814283529883575,-0.14228849237938127,-0.1423935796915073,-0.17149751080358022,-0.020858911407218364,-0.007117649210979692,-0.020229108283837005,-0.03908771961787283,-0.02687248635887972,-0.06502948671915135,0.003694802341748214,0.06493854481772773,-0.04596391901367903,-0.007473287142415056,-0.020858911407218354,0.12835162064502623,0.091982688254626,-0.015135190545797237,-0.010174227545444689,-0.0326663849075437,-0.045345544057506834,-0.014171165652345052,-0.02536555669765992,0.05668365993781979,0.05439983548851831,-0.04807908607628062,-0.025365556697659806,-0.03141538196915644,-0.016744126417828,-0.015959392042222874,-0.04148297730782203,0.08626547619117049,0.018144757637742877,-0.01829590155305545,-0.4332859822614192,-0.028305124986745783,1.0,-0.03347724009936538,-0.05592812247121714,-0.017865876590804644,-0.01890950741399711,0.023227585624357786,-0.014264679874110156,-0.016744126417827965,-0.05499003222238023,0.18064738920113657,-0.02356429480207641,0.021125506084865995,0.0390087372282992,-0.016744126417827986,-0.05760548861159723,0.04016296139288873,0.09280319548162003,0.04094101507326389,0.13622976568610745,-0.007117649210979693,0.024775500955622344,-0.00503121293727101,-0.04012882141481581,0.0009587361421461998,-0.005031212937271012,0.03269014096600332,0.14337128692011225,-0.007117649210979691,0.03160938603862221,-0.08772791635413316,-0.046042142912076124,0.0020670905741345326,0.009146396984452543,0.07289272548045175,-0.013338793747273274,0.03160938603862231,-0.00503121293727101,-0.039784321130216696,-0.0039476186516327946,0.02884967023017217,0.024849108333025106,-0.0050312129372710145,0.1364781652233707,0.11525562724300796,0.0020670905741345196,-0.08512300095925882,-0.04344663786668698,-0.008203611890731159,0.032099822349302067,-0.010072787050317236,-0.0071176492109796975,-0.015135190545797279,0.05199501980887566,-0.011265587625256436,-0.05802995089119794,0.07289272548045178,0.020447778493469855,-0.008698474015381534,0.13133364654067523,0.2690372010550817,0.07273563316207494,-0.05459318450150127,-0.058805062794648956,-0.04837541481775272,-0.04081054702349467,-0.01595939204222286,-0.027835110713445195,-0.1463682072906214,-0.04280173016774658,-0.010072787050317241,-0.01749470753005112,-0.06357020996003626,-0.09752586898746529,-0.03978432113021671,-0.020229108283837012,-0.03908771961787269,-0.02264822110435872,1.0,-0.0012441714467227557,-0.002623825514441704,0.03571490493954811,-0.02066988078108154,-0.03693181818181824,-0.025285394461226428,-0.012785975555797939,-0.013492395535899948,0.019421363516382715,-0.0033671592665020767,0.03545461690641283,0.01375300485773447,0.007343720228658188,0.01134158086796107,-0.03483675461026025,0.008425764762664436,0.008728596853827772,-0.12910691789581108,-0.10319217336842013,-0.14715843157727726,-0.29822281191585615,-0.17340163929964594,-0.11465483002228453
MoSold_1,0.03507880371749418,0.007691242637582978,0.045131725743879234,0.012619886462007087,0.027935113920839093,0.044576244545592524,-0.01766353880829033,-0.008418695775495694,-0.044091787977730744,-0.017336978761296525,-0.016397377433786484,0.00786421452061114,0.02892415448041765,0.012201918382707592,0.030065274506029756,0.005736131482488091,-0.005874230640413898,-0.03843803752459582,-0.0035692244165328895,-0.03079118648151959,0.011061835541736016,-0.03426418970733184,-0.025245954740323248,-0.02128287690135905,0.0038885451352635475,-0.022076554059848333,-0.0075331432459535275,-0.021409986067446856,0.048403758177972406,-0.028441172515793273,0.03512478617855844,-0.019596712678347044,0.00038036673926958954,-0.017645445634719353,0.034142227598678174,0.010612866758993996,-0.018431407139537566,-0.028539381092602657,-0.01601870997806575,0.03378971170108459,0.007880035188607392,-0.0009241745293545534,-0.019541077922895445,0.00018514672805760552,0.016950615698877985,-0.006123089959692412,0.008691785482599867,-0.026846275568352455,0.01080148388906304,-0.01772156776696375,0.025627761132848325,-0.009898904627383787,-0.02140998606744684,0.0023638567132650765,0.003342755624123738,-0.004406922092364685,0.06734592839877215,-0.0012441714467227557,-0.014689715414886818,-0.019981644639324465,0.01007154066391055,0.05195584812560641,0.008128230574489526,-0.01509738309153782,0.02283249013235766,-0.03563852107948814,0.03414222759867823,-0.00989890462738382,-0.019278684699464383,0.005708017822276507,-0.017721567766963733,0.005640412205908574,-0.014117448197845078,-0.007533143245953531,0.036368753835412104,-0.005324910884747068,-0.00753314324595353,-0.038301469419155895,-0.005324910884747067,-0.007418680995367664,0.011532207506376905,-0.005324910884747068,-0.026856524176769783,0.02290637434578141,-0.00753314324595353,0.00018514672805762286,-0.010707105479033837,0.03844507617253752,-0.02738748093741519,0.036368753835411965,-0.009229344168850184,-0.014117448197845108,-0.026846275568352493,-0.005324910884747067,-0.00677579690855948,0.007808441172332504,-0.0168910243830136,-0.024801437729192813,-0.005324910884747068,0.016082434337242178,-0.011923218300781758,-0.00087175005636332,-0.007537661063478179,0.042842978697358945,-0.03324926046298175,0.026793813609745292,0.05642865256358655,-0.00753314324595353,-0.016018709978065745,-0.011923218300781736,0.048104018661774696,0.0019442497092628083,-0.00922934416885019,-0.024154034266533456,0.04128832288707256,-0.010660787780742767,0.020324995168290266,0.03636875383541206,-0.04196304041959979,0.00042922633630412084,-0.006757582097854831,-0.02593463510020917,-0.01689102438301363,0.06941721837636294,0.012417714023211207,0.0373314223689472,-0.010660787780742741,0.020324995168290245,0.0032867219772581262,-0.01632028516109514,-0.04210673793176254,-0.021409986067446898,-0.023414826110482505,0.0363687538354121,-0.0012441714467227557,1.0,-0.05182225009444548,-0.04864707093759569,-0.04173946980491505,-0.03908771961787272,-0.056909345434219015,-0.06650084266851444,-0.08197100390922787,-0.09312078223828536,-0.08885925823367966,-0.061417459565820856,-0.04319286994355704,-0.02111556007163632,-0.000586385086961494,0.007974182663351254,-0.011867382281614837,0.03290799473928954,-0.045867468903753,0.013065721953341023,-0.02730201155340223,-0.011829043939739013,0.0028866447425225108,0.005980457462011736
MoSold_10,-0.03200385533176626,-0.009478625047296562,0.02763696231940681,-0.009285306369712462,0.004952872745734137,-0.027674458578973538,0.008883160653549717,-0.057379317747756176,-0.049543057117425245,-0.030101617340285415,0.025774483902678925,0.015289146264309638,0.008718554687166008,-0.0005459674097991678,0.002421068318723031,-0.010008422473648452,0.01877858632137097,0.03722314023892114,0.04945939838010166,0.030075202389211873,-0.0036905863731754177,0.012613234028051755,0.03899048401982397,0.03337014199745225,0.018246372946855428,0.0524030223869159,-0.00943653405984998,-0.0268196231174684,0.021463768055390294,-0.014754192379640027,-0.010785032622073677,-0.032881784109308636,0.02158050538428009,0.002331461049662307,-0.004653629341027802,-0.02765461209326955,0.0002068608587918306,0.0339694758275873,0.053083831878885414,-0.032181445599840985,-0.043308885371407105,0.016729405563168247,0.0011960541824813352,-0.011562500101656761,-0.0066684918042941525,-0.00867280038768375,-0.01510709499206477,0.09877246818866307,-0.041650313631336845,-0.022199256321950557,0.04826122108849708,-0.013357304035924828,0.028175671477340375,0.026886541454617364,-0.04248415863803928,-0.002856896407372245,-0.03752675470346373,-0.002623825514441704,-0.027451455388204486,0.043220783342327304,0.015026601834653831,0.004305780417889113,0.021435793089379745,-0.018912021862112684,0.01090688691609625,-0.050540668872197964,-0.022868907726820265,0.05604363508311501,0.06727297488417884,-0.038478258325275926,0.010906886916096243,0.025720142358434887,-0.01768448792324408,-0.00943653405984999,0.04385946939776841,-0.0066703501166757995,-0.009436534059849983,-0.032237614608126755,0.10275337089845529,0.018335226615882265,0.011696850152045298,-0.006670350116675799,-0.011290971382369298,0.004555013044288742,-0.009436534059849988,-0.011562500101656773,-0.03830725853946362,0.0036386175411715514,0.09556862130199395,0.043859469397768316,-0.01156131215827009,-0.01768448792324411,-0.011562500101656834,0.10275337089845529,0.019359881629417295,0.011337869639898135,-0.021158860477222874,-0.008460088283746284,-0.006670350116675797,0.0033219118901137135,-0.014935844431046919,-0.012661433849193725,-0.040483365047349444,0.008304624725102966,0.06623163415414834,0.04027837117162421,0.041413759729749984,-0.009436534059849984,0.01650884625209319,-0.014935844431046962,-0.014935844431046952,0.0368594325590843,-0.011561312158270077,-0.05269917908162298,0.032075141976774954,0.0414137597297498,-0.023194371987281227,-0.0053980885412638156,-0.04497680266340907,0.03458420421112828,0.06889029997438831,-0.0400176726085884,-0.021158860477222874,-0.0369036127689365,0.0019363097912797978,-0.04325504817494971,0.04141375972974987,0.008513290092709966,0.021333294275193506,-0.03707797598346944,0.01935988162941731,0.0006780241799360203,0.06543537894529156,-0.030026867510779827,-0.002623825514441704,-0.05182225009444548,1.0,-0.060938671524817536,-0.052285734598998115,-0.048963969680790746,-0.07128856560669307,-0.08330353563729805,-0.10268252508340751,-0.11664950533676252,-0.11131122686476747,-0.0769357398551589,-0.054106363712649055,0.033854805305174145,-0.027787666562542883,0.024454808000839604,0.04340955764443294,-0.09402508537546728,-0.025638219412610297,0.016367023193865682,0.036738182988578026,0.0046536293410278625,0.011821779562613566,-0.004354335279267256
MoSold_11,0.016913749388725172,0.0457696087435474,0.042518786732725876,0.05564873119712331,0.013301085573218513,0.060188499662099465,-0.009017908616556256,0.022600488733247097,0.04659695226384978,0.05979877529486178,0.05024124707188592,0.05436366294460237,0.05367143829313057,-0.011041747101715864,0.014078615181251372,0.028385915000701215,0.009095304240228476,-0.031069360031709653,0.011772540120801853,-0.014113032247655213,0.03188328866849851,0.0006237755616994698,0.01727175899307082,0.020891795298214177,0.06359042207895226,-0.025960198057806274,-0.00885835217455684,0.0039039306885205786,-0.017645445634719308,0.032779201372229894,-0.011132583009632574,0.03694278007970966,-0.04088363512160768,0.009706780080477378,-3.958289530978432e-05,0.0022616107019831255,0.005860650871323367,-0.0014645528815359328,-0.018836675440098184,0.07015105203014999,-0.004004028610458679,0.038381211874027224,-0.012625661700410466,-0.008231915224378257,-0.013858815412195255,-0.01833341260915622,-0.021261029439857644,-0.03156899527795528,0.01794722205109164,0.014172503099160844,0.05355317419799529,-0.007590891511591059,0.032984230715255344,-0.024311824418453018,0.010228676443158722,-0.00011190102755178705,0.00677506647721648,0.03571490493954811,0.012056575774248316,-0.03575364205215411,-0.03284957618293448,-0.02353404490097423,0.016448488087353573,-0.017753271373258425,0.04918410127982899,0.012635995251895916,-0.019303258612735366,-0.007590891511591067,0.009558099994828,-0.020067942845320267,-0.02083909508150725,0.019258740481479845,0.027227958184920104,-0.00885835217455684,-0.002140792710186475,-0.00626165391724871,-0.00885835217455684,-0.028391896532879903,-0.006261653917248706,0.01058136224533075,0.05048514496548995,-0.006261653917248708,-0.024577250085829946,-0.009761130057221618,-0.00885835217455684,-0.031568995277955245,-0.01816207892534335,0.024815698399075204,0.013578326814667573,-0.002140792710186416,-0.010852943893212686,-0.01660094914692484,-0.008231915224378265,-0.006261653917248706,-0.0037605595716695916,0.03297517224256333,-0.019862444890336343,-0.022080251860656156,-0.006261653917248707,0.023667988032425605,-0.014020716627044166,-0.0093135405634094,-0.02083098080951793,0.02073957275653582,-0.0010679769290199805,-0.005850444195642408,-0.012536202954956275,-0.00885835217455684,-0.01883667544009817,0.03780269166532158,-0.01402071662704416,0.03718248427553879,-0.010852943893212664,-0.02285496934145169,0.018313065820517806,-0.012536202954956251,0.011759386699607825,-0.002140792710186505,-0.03805454915828809,0.03501835882776072,-0.009048884432188665,-0.020992077882794814,0.016845364653829627,0.008039400388077668,0.01254465593297702,-0.010466246898796876,-0.012536202954956298,-0.02177323943599264,-0.03850139858861155,0.03617003060503482,0.011490598691212524,0.0039039306885205382,-0.033146258286157464,-0.02818710401745486,0.03571490493954811,-0.04864707093759569,-0.060938671524817536,1.0,-0.049082157479194234,-0.045963919013679064,-0.06692067406930205,-0.07819947995532,-0.09639110753933432,-0.10950232285574125,-0.10449112378510057,-0.07222184269400286,-0.050791235596825406,-0.0072979481782315106,0.04491185072779846,0.00410610409378571,0.026636296291397507,-0.08826411415632675,-0.010551281566055884,0.0153642062414924,0.031515151650481334,0.019303258612735474,0.056612920951321755,0.03400130358128924
MoSold_12,-0.0010711750640713777,-0.0008366632570936522,0.005556989437806524,-0.0002413076875724538,-0.010875510023521091,-0.010418469594292034,0.01680570155776889,-0.03175568313379853,-0.021836852326609476,-0.031147893617382134,-0.0012117994303295285,0.036874719967377956,0.003023852322282406,-0.031208434392329662,-0.022091097679129344,-0.006318962320922878,0.016009915506681356,0.01060371549918597,0.009503723921094357,-0.002056533727411344,0.016399329707877774,0.01677184738955974,-0.02043990587907069,-0.01649161902669464,0.018499251517435054,-0.022274000922962358,-0.007600517687601891,-0.021601471322657977,-0.02393127988230374,0.022025392449082738,-0.035073666836306645,0.03673281497861511,-0.055646452630021555,0.012415332260881802,0.011171695819629804,0.010148772105477419,-0.018929232843491507,0.01837618642917967,-0.016161977085229668,-0.03112022534375476,0.007224528793749567,-0.001737345038332649,0.01865954868212529,-0.000275454727725391,0.00015204967185483275,0.02853893707884198,0.03729646453498758,-0.0002754547277253861,0.010144789122932135,0.022343193435791317,-0.017042093239600906,0.023159304951526283,-0.021601471322657963,-0.00436837429303215,0.0018582779674060671,0.03471068226663174,-0.030225373116123472,-0.02066988078108154,-0.015175795894679295,-0.007867082287827723,-0.02517511674192378,0.015498726699492819,0.004602732258266937,-0.015232410094600572,-0.017880064784005625,-0.01498271325787702,0.055434045607036936,0.023159304951526294,-0.019451108158694216,-0.0009166718336994622,0.02234319343579131,0.0038776658285979335,-0.014243710922284877,-0.007600517687601891,0.0057387421803082855,-0.005372535479949056,-0.00760051768760189,0.018732528650598018,-0.005372535479949051,0.009298913024860493,-0.028781118304024706,-0.005372535479949052,0.03995618303587209,-0.018131930138683618,-0.007600517687601888,-0.02708638155966324,0.01592965133867602,-0.023226532899744832,-0.0013329854120981788,0.005738742180308295,0.06749804274210038,-0.014243710922284892,0.05334639893615043,-0.005372535479949051,0.01008079004231227,-0.033553743668568094,-0.01704209323960089,0.03296499268551239,-0.005372535479949053,0.00307125878772566,-0.012029856413112647,-0.02763242732646794,0.019261676791184502,-0.030144311828940257,-0.03354663305842758,-0.03574836971662156,-0.010756135048252218,-0.00760051768760189,-0.016161977085229658,0.04750773803822464,-0.012029856413112652,0.026016053348915512,-0.009311888983126862,-0.0020608936682436864,0.02629648009736423,-0.010756135048252229,-0.018681566073312197,0.0057387421803083575,-0.030929976857182833,0.024223760161733405,0.03650123738352799,-0.04357917555339664,0.02512986630246229,-0.029723472602097664,-0.004764458845898821,0.003469167711161016,-0.01075613504825221,0.01984256735470452,-0.021221389012030942,0.00790467101138795,0.01008079004231227,-0.021601471322657963,0.029493289885530263,0.035662183549058736,-0.02066988078108154,-0.04173946980491505,-0.052285734598998115,-0.049082157479194234,1.0,-0.03943730984848144,-0.05741832757461081,-0.06709560862445747,-0.08270413089744823,-0.09395362989620468,-0.08965399194752437,-0.0619667610871919,-0.04357917555339669,-0.0058330510107267005,0.03916689930630495,0.014691750426237181,0.011058923030459203,-0.07573112330671501,-0.002269836944723576,0.013182578316295613,-0.026236332710909072,0.010959479074073767,0.02705627954963222,0.014464981029118232
MoSold_2,-0.01576941094922038,-0.020030596224148923,0.018174240514038393,0.03401260270395586,0.025444917651249344,1.4714116666829279e-05,0.010847251283465706,0.008016171121151487,-0.02290747789886312,-0.0316748498800589,0.035171150514317,-0.005027682805680539,-0.0017390284842564248,-0.052000891424767416,-0.017266303831205636,0.023761306576235177,0.009100779325931828,-0.0036353786145980073,0.007767114695898392,0.009437241828950896,0.04087130833156037,0.04650641811271787,0.042199383576199095,0.04259406586758449,-0.010228435849807727,0.01359132688977126,-0.007117649210979692,0.015269086541165445,-0.020165945532297783,-0.026872486358879677,0.05669237303720887,0.0036948023417482903,-0.022848747250681985,0.0030433753582572256,-0.007473287142415066,-0.020858911407218385,0.005228515427064167,-0.02061197434974094,0.03208142953297192,0.057653956090853095,-0.03266638490754367,-0.028810955065508854,-0.0280013139494198,-0.025365556697659847,0.02298734743406698,0.016864977353718343,0.014707555848021425,-0.02536555669765982,0.01500815818769417,-0.016744126417827954,-0.015959392042222853,-0.005645612296330784,-0.020229108283837036,0.045287530333546724,-0.03903504461785435,0.015435471625327924,-0.002668969601727895,-0.03693181818181824,-0.011618219283142899,0.012944228075322237,-0.053960221363740166,-0.01890950741399708,0.04540213336513531,-0.014264679874110139,-0.016744126417827954,0.0172668701178274,-0.030988371685359006,-0.023564294802076436,-0.01821535983848136,0.012177978896020496,-0.016744126417827954,-0.0017347977084094968,-0.013338793747273248,-0.007117649210979696,-0.022648221104358664,-0.005031212937271013,-0.007117649210979691,-0.03618893398012251,-0.005031212937271012,-0.003188040036738182,0.021543365076461735,-0.005031212937271013,-0.029293762683821205,0.04452788754588478,-0.007117649210979695,0.0031219146704812096,0.028289074476514,-0.024809821796589377,-0.02587691163175811,-0.022648221104358716,-0.008720295379563255,-0.013338793747273262,-0.025365556697659837,-0.005031212937271012,-0.0025502769955266925,0.027836516815557218,-0.015959392042222874,-0.027397000777310044,-0.00503121293727101,0.049171777605515915,-0.011265587625256413,-0.02587691163175807,0.023703252456255965,-0.04344663786668684,0.015008158187694147,-0.03347724009936544,-0.010072787050317252,-0.007117649210979689,-0.015135190545797251,-0.011265587625256404,-0.011265587625256424,-0.031320074377594875,-0.008720295379563248,0.053182160730823096,0.005865484771839858,-0.010072787050317241,-0.01749470753005115,-0.022648221104358702,0.03208569954268996,-0.03238801920074513,0.01407207026970886,-0.004434845769341916,-0.015959392042222884,-0.027835110713445188,0.05297655263876965,-0.007968661023426608,-0.01007278705031725,-0.017494707530051126,-0.05117537735564883,0.030685396905497816,-0.002550276995526696,-0.020229108283837016,-0.0201659455322977,-0.022648221104358664,-0.03693181818181824,-0.03908771961787272,-0.048963969680790746,-0.045963919013679064,-0.03943730984848144,1.0,-0.05377048390057113,-0.0628329576240686,-0.07744985489438656,-0.08798466199088549,-0.08395818433360147,-0.058029950891197904,-0.040810547023494625,-0.019640755108189634,-0.032885737687656465,-0.007530923330206594,-0.017859740693510946,0.09975539261517472,0.035714791278014565,0.012345075955117728,0.03043131978514171,0.03098837168535894,-0.010546064612376114,-0.007354529617364084
MoSold_3,0.002208223182675599,0.010536513971430385,0.0275030089605619,-0.011051998842854927,0.03369941942650194,0.0153973143705592,0.0004924245440767398,-0.013572709264426351,0.0005099052515712105,0.013178731120356179,-0.011713193496348112,8.41627446498289e-05,0.01589300895833811,-0.0034114409716046517,-0.008276893364656483,0.017397146994544265,-0.009032100727200013,-0.021493351731887527,-0.012866151527000257,0.015433560980529138,0.018360502070213645,0.009862450243322876,-0.03366582902194459,-0.03897115288926833,0.012220539840214284,0.01884177930237493,-0.010362864899440887,-0.004098322687390607,-0.043394764377947065,0.037859218605264935,-0.01643484225169867,0.04740271716534734,0.018180339861808285,-0.00858285215553267,0.005268656697423424,-0.030369307963219624,0.006484980974480625,-0.01707526200725513,-0.022035918068488727,-0.003633391409970645,0.0003720776008136829,0.04026578542121167,-0.031650088815803216,0.0851496741925388,0.00754980498697124,-0.030609642490206763,0.008477430082034785,-0.0165839790980558,0.003997042832137933,-0.02437843096558372,-0.023235905382305733,0.016392136415225623,0.02125570749731396,0.009268245116266574,-0.02094056422056778,-0.011219668750973405,0.032030348711031824,-0.025285394461226428,-0.017515900911773175,0.02679224804617202,-0.0015538522220400388,-0.027531094162935768,0.012091708353639471,0.050745692630148304,0.006146877104529707,-0.013235934503880449,-0.028321905652961648,0.01639213641522563,0.02967673831659229,-0.011751832148301026,-0.024378430965583682,0.014868625409331784,-0.019420473449473875,-0.010362864899440891,0.012443182714383461,-0.007325140422603417,-0.010362864899440886,-0.009145995935491395,-0.007325140422603417,-0.045232938881822934,0.0432407244429424,-0.007325140422603418,-0.021933365797883308,0.021773273127320365,-0.01036286489944089,0.003762751560063058,0.0033675047971252143,-0.014832472775083693,0.002241921147497283,0.012443182714383461,-0.012696220370376184,-0.019420473449473844,-0.03693070975617466,-0.007325140422603417,-0.044626638226144356,0.01491653036630491,0.040772437746310036,-0.018934018859499135,-0.007325140422603418,0.05069117355652397,0.07396378666971191,0.022200487460583184,-0.008837504430926733,-0.025517031683951107,0.020575686397255422,-0.048740828056081854,-0.014665366087760263,-0.010362864899440887,0.011687813986011802,-0.016402011269852447,0.02878088769992965,-0.017718193828002188,-0.01269622037037618,0.03906278276116064,0.006939469587864504,-0.01466536608776027,0.062236310860757864,0.012443182714383412,-0.006728014022516438,-0.019578739333780782,0.0076220778731409386,0.018524648775970945,-0.023235905382305796,0.03389929963734602,-0.005011016270506637,0.02475969182022633,-0.014665366087760286,-0.025471231471970363,0.004826603375070599,-0.017714247005541032,-0.0180328048342379,0.04660973768201847,0.010663559847140548,-0.010265625739366272,-0.025285394461226428,-0.056909345434219015,-0.07128856560669307,-0.06692067406930205,-0.05741832757461081,-0.05377048390057113,1.0,-0.09148096959963732,-0.11276228414203572,-0.12810032335226823,-0.12223801646607256,-0.08448808354857103,-0.05941767748603944,0.014151309923413851,-0.005599416337204698,-0.02646676291772727,-0.03466762572058506,0.06740797646612226,-0.011801453048084215,0.01797368070610668,-0.03596715768640595,0.02832190565296166,0.000506985878710832,0.008218710540249953
MoSold_4,-0.03253557860566137,-0.0365916882810631,-0.01504034896163682,-0.0510152860883328,-0.04372134423752026,-0.06874101950477057,-0.04073495113008328,0.00929158888369234,-0.02606815742641423,-0.007151204641615752,-0.04706931556616294,-0.04474301021419626,-0.03043048770933223,-0.003087208676783901,0.05788190039318005,-0.046359753172959726,-0.007353513813442518,-0.005168401700485626,-0.04243148531521928,-0.0059808975141178115,-0.015030652235697318,-0.010905715453510576,-0.030603656926134776,-0.02280095033023806,-0.05336196424087095,0.0077430507995094565,-0.012109421449406027,0.010129605624531133,-0.030884103748473692,0.0050026632310106916,-0.026625915591014657,-0.06220377618209365,0.0765853814878886,-0.03720074012777094,-0.023212703762021315,0.007743050799509457,0.016323486250710742,0.008159944821178568,0.0038756669742103455,-0.011171475570606052,0.014603020459396519,-0.025275249913285065,0.018109959559752937,-0.007406746239809384,0.030164062814722285,0.015332221660667604,0.00684011508693101,-0.025280877661498155,0.019372054177746168,-0.0016713942467277215,0.0009628398335269898,0.019366995567806203,-0.03441625043515405,-0.006574984781912716,0.006158671564166629,-0.03016860083476066,0.016184261252900272,-0.012785975555797939,0.02533552099313475,0.025845016969747232,0.04625567158487011,-0.008376893625767323,0.0041104179353671205,-0.024268830243838913,-0.0016713942467277282,-0.02002890669364329,0.03580435760942173,-0.04809021364650085,0.018377720756321447,-0.01230312839481193,-0.028487170073348278,0.002216974743954702,0.044444504913737345,0.05058474633829893,0.021315542993726313,-0.00855971909449199,-0.01210942144940603,-0.01056717397827549,-0.008559719094491984,-0.010326937953899884,-0.041586415001080755,-0.00855971909449199,0.03729281347253048,0.03162803635978751,-0.01210942144940603,-0.0074067462398093795,-0.013278998161493905,-0.012619374916022802,0.06117383915755059,0.04126470502631632,-0.014836040493755207,0.01087545309063518,0.010467385181879386,-0.008559719094491984,-0.009280820906352879,5.919032028357517e-05,-0.027152083305461573,0.02840738947530642,-0.008559719094491984,-0.0055851377327951375,-0.019166405141040368,-0.008958712997945161,-0.013041683023715063,-0.013746260888403791,0.019372054177746158,0.011620333507047718,-0.017137065897298125,-0.012109421449406025,-0.02574985021085322,0.02052572465458941,0.06021785445021898,-0.03169249833243691,-0.014836040493755186,0.01806758443454898,0.01138492908237975,0.027224842276558768,-0.029764151103244183,0.0013663809611362994,0.013915111810352697,-0.025458619716634903,0.005857164138604805,0.04468561715061832,0.0009628398335269866,0.018024585065379597,0.010754737521431624,-0.029108369465675667,0.027224842276558685,-0.004081136557891616,0.03960939749335799,-0.028017884123957216,-0.044323920535513026,-0.012143322405311446,-0.04275635005515389,0.0612138670589063,-0.012785975555797939,-0.06650084266851444,-0.08330353563729805,-0.07819947995532,-0.06709560862445747,-0.0628329576240686,-0.09148096959963732,1.0,-0.13176723189233666,-0.14969034319471877,-0.14284000350202097,-0.09872769944124962,-0.06943192883486832,-0.018763363191855627,-0.04869159713756751,-0.019182393626838882,-0.03651702989769318,0.15777170801283863,-0.017160784236178523,0.021002963637888162,-0.022056364553200813,-0.0210500922665609,-0.043487721371717226,-0.03877382453985999
MoSold_5,-0.042141151671879026,-0.05527122403326446,-0.04010809314765155,-0.01838420102259056,-0.05332717411311932,-0.008091896727101032,-0.047616181673936185,-0.03185825384620983,-0.030895390360628026,-0.036029167720317654,-0.017170804943837558,-0.006299009325447872,-0.05528872172368312,0.04705177293871135,-0.013672365135173272,-0.03514092195934855,-0.03703338900547519,0.005367245280064504,-0.01600420239106884,-0.01363883613013118,-0.009219700976716892,0.00983922227094615,-0.00624884494197945,0.0006340708435325155,-0.014619818303280416,0.06675015920464018,0.03848682424351279,0.052456301424155416,0.049520684241308496,-0.041950083323131035,0.01328082589362696,-0.033635287773507265,0.0314990871825365,0.017129817075741696,-0.014705325800552423,0.02991900559966113,-0.009286392174485845,-0.007870179785867484,-0.03174006505176561,-0.0380708507754675,-0.03263069322235022,-0.050901003797958484,0.008952603234484496,-0.007509770034171396,0.02395917407069628,0.0075860219766353525,-0.01691941372706013,-0.05319420440871387,0.03338258620706414,0.010578065630194531,-0.03346850111163245,-0.010365813752889173,-0.02344677100326472,-0.04267995090751523,0.06950914646177205,-0.018473750641892137,-0.004542955648169617,-0.013492395535899948,0.03495856308582436,0.015250951072914506,-0.029056198560129868,0.021160547450888103,0.014061864173545548,-0.003152755135749675,-0.03511417052390021,-0.017931098860618843,0.023005053008826694,0.03752687004210502,-0.038199499667036584,0.03620345036463922,0.010578065630194556,-0.029675081058619598,0.0006268422311531778,-0.014926448946153244,-0.013503670799864687,0.06496090850178803,-0.014926448946153244,0.05446363444704073,-0.010550975584685316,0.014580253615108308,-0.02211278239533354,-0.010550975584685316,0.001437313518179979,-0.02332700400976861,0.03848682424351274,0.038174664340371166,0.016707927783603773,-0.01579651984525691,-0.054266568765390426,-0.030499670254866752,0.02533935439603907,-0.027972834565211407,0.022946519548856986,-0.010550975584685316,0.026038371350319684,-0.005229007690460679,0.014437392636390435,-0.010620467897497406,-0.010550975584685329,-0.025609212522971943,-0.023625106204645363,0.020421582061787152,0.02317841034376145,0.0027406993871655987,-0.028657352517876822,0.023273695387723746,-0.021123679630080994,0.03848682424351278,-0.0065001440411023475,-0.023625106204645425,-0.02362510620464541,-0.05030522318208003,-0.018287364257518764,0.04063773426956117,-0.01644500654662348,0.01667113931589717,-0.03668821699900108,-0.030499670254866804,0.06491090251475441,-0.05271339103971541,0.015387577639192362,0.011640269814065692,0.038390339510401876,-0.002670665411778627,0.00043792154723060086,0.03127176888235478,-0.021123679630080997,0.007073871905036106,-0.014050179022660406,-0.03807709227162598,0.016086533085537813,-0.023446771003264713,0.029291193756610476,0.003492328655137408,-0.013492395535899948,-0.08197100390922787,-0.10268252508340751,-0.09639110753933432,-0.08270413089744823,-0.07744985489438656,-0.11276228414203572,-0.13176723189233666,1.0,-0.18451296577325102,-0.1760690243253403,-0.12169482839770632,-0.08558395174506382,-0.028243449377599542,-0.014042683856850976,-0.021781432131342433,-0.047901961707105985,0.14322716007296862,-0.03785393734807737,-0.06675276548112356,0.0027427323856331538,0.014705325800552508,-0.010245000607008252,-0.043713670898706286
MoSold_6,0.06420921137448653,-0.012409667790698745,-0.044670006726836846,-0.00562171538753584,0.02409255349275842,0.0038200758057232616,-0.036020727515362304,0.047271903667872324,-0.009339678036692512,-0.02784912853832269,0.002223223495820183,0.013780443635688727,-0.03161147762897893,0.015700781407966248,-0.0010831245661508495,-0.014488263190072653,-0.03517917953334382,0.009585572550219593,-0.020306755697763395,-0.024030135237233848,-0.046533262491192155,-0.04220284796815691,0.03658956731423334,0.02964769039232274,-0.0041403069313861295,-0.01595593126203034,-0.016956759532246568,-0.013429245587531212,-0.028264955982644356,0.04153513245114466,-0.04764043113048713,0.0015999037847290447,-0.023848052518821862,-0.005517028024002191,0.029802979509453917,0.01778144693140096,0.025209340027650788,0.015087602929267465,-0.012937584518296165,0.011209159992262598,0.020759272865224308,-0.027066896320133864,0.036693950374081886,-0.004633742414526551,-0.03154121810317791,0.01632087909967571,0.02380532255382082,0.023264253153344582,-0.04074536627241593,0.02289077439920982,-0.01607999394701332,0.02400817266751024,-0.030811070550116,-0.03745328642065798,0.04175374154977682,-0.01665443527030258,-0.02977430511984829,0.019421363516382715,-0.015534522489413938,0.03537744877210379,0.013630563197836792,0.029227250673317145,-0.021016634732280354,-0.009469714955750075,-0.018963365391455603,0.015280548498581724,0.006774479862032543,-0.011087629179363307,-0.004868627286780245,0.005600054564127645,0.001963704503877105,-0.007114145759858842,0.020616944693263285,-0.01695675953224657,-0.007251014493228291,-0.011986129886989725,0.03196985888095488,0.04314150146407239,-0.01198612988698972,-0.005160090648185915,0.017790727555531155,-0.01198612988698972,0.014551682546482562,-0.03260068627519639,-0.016956759532246575,0.00931525536940904,-0.03500575706180509,0.022366686883177805,-0.00691641774772,-0.03838772378767958,0.01918729351147449,0.0206169446932633,0.023264253153344655,-0.01198612988698972,-0.012737278031206401,0.005859304277405847,-0.016079993947013305,0.020038460256708576,-0.011986129886989721,-0.02202749350266519,0.004137178098101785,0.020449354370630165,-0.031732466752128374,0.03105091071070924,0.016083287489264683,-0.026237874464187325,-0.023996943761751776,0.03196985888095494,0.010182211560911132,0.004137178098101848,-0.026838616892814266,-0.05323703481468308,-0.020774829921839003,0.06114621815562844,-0.08202457278384583,0.010623152969629228,0.05853672169284553,-0.007251014493228339,0.07263053714027395,-0.04308043451567633,-0.023514419646357875,0.045266827488510374,0.02780185869343429,-0.02804545502751511,-0.01457463091156198,-0.008160079691685265,-0.02399694376175177,0.03849366032522009,0.018490203555133505,0.005322711937948548,-0.003621382969656719,-0.013429245587531195,-0.009734719909604032,-0.022819369140453984,0.019421363516382715,-0.09312078223828536,-0.11664950533676252,-0.10950232285574125,-0.09395362989620468,-0.08798466199088549,-0.12810032335226823,-0.14969034319471877,-0.18451296577325102,1.0,-0.20001810995585007,-0.1382478812544172,-0.09722516686960864,-0.028242140439091182,0.008611997374644138,-0.007484983742110006,0.0018395248496499337,0.03161608051778382,0.054750137047191665,0.0011237152363781588,0.03190787653624584,-0.0298029795094541,-0.0015640720162139563,-0.02032442970778208
MoSold_7,-0.018250278853919482,0.023235415760585375,-0.02208837902107151,0.0025126925893686944,-0.002132977007686262,0.014998274479720297,0.02974449933386318,-0.0022028840759565895,0.08070954854958551,0.05726023340135181,0.013728194554798645,-0.024466441749757515,0.004194856667352892,0.006407448974823486,0.009473683291567609,-0.008998807211433778,0.014184753104463273,0.007695961048713549,-0.007666489742068185,0.025346921212842703,-0.04647255832926772,-0.034679261174696226,0.022562586015439676,0.013319278545917046,-0.015105542608061016,-0.047419174444751994,0.03429768035585422,-0.028054294251178162,0.04496650350345652,-0.006638596997594431,0.005896490382609624,0.008399502417063207,-0.02237688610419546,0.02755002365728547,0.0008299342659091783,-0.030015455317216083,0.0015194942558763543,0.05139128899535966,0.06100510639399482,-0.014562936397513646,0.03874846968868983,0.005503835632818198,-0.04269588652060531,-9.857139012504089e-05,-0.015833580222592947,-0.02328691982643935,-0.0537916512264697,0.014292851568135622,-0.0010601789351222077,0.005116728809924211,-0.01364411927318657,-0.04904328334347003,0.025745096650818543,0.05724646186098832,-0.04159260904996781,0.06279610225755293,-0.02549392117588452,-0.0033671592665020767,0.0011950464063438984,-0.07147387237662811,-0.010224527557309035,-0.02382947729322473,-0.03494687521420642,0.018154312928631684,0.02670754979977789,0.05547686032015282,-0.011049516991222438,-0.02188657271838803,-0.021535123844484916,-0.01749703564707345,0.0698891917794851,0.014872897035004782,-0.030323470637381035,-0.01618076049046353,-0.0033004400387198632,-0.011437603779197543,0.034297680355854225,0.010125460173810712,-0.01143760377919754,-0.016578416002657474,-0.02901757041345337,0.0599252232192145,-0.022233868764230894,0.019191905290181884,0.03429768035585424,-9.857139012508744e-05,0.02132974379149716,-8.816083593618339e-05,0.011757613003683028,0.01276170148305005,-0.019824102981240762,0.07778951380847071,0.014292851568135685,-0.01143760377919754,-0.015202646463871086,-0.038411787895933705,0.05426638347290106,-0.012133968984778159,-0.011437603779197537,-0.004781726357853098,0.0383061395134814,-0.002359257872449567,0.020506215141467315,-0.014065942042552616,0.02239226417515702,0.012237880287749579,0.012819392358521834,-0.01618076049046353,-0.010554177485409908,-0.025610390417584724,0.0063478745479483316,0.01650632205452026,0.021405512905670252,-0.016906899204926794,-0.001380787935450831,-0.022898761922855716,-0.03977123120338528,-0.01936258156048977,0.00969085696904703,0.01311695696198078,-0.05476514327093218,-0.01927008120438115,-0.03628095352188246,-0.02379699486996884,-0.0073858024398675915,-0.00931683094898431,-0.02289876192285569,-0.019092457144645098,-0.0067591776127954774,0.04662575570594957,0.05063254288390965,0.043678226951484066,-0.01238739438388753,0.028823843004819917,-0.0033671592665020767,-0.08885925823367966,-0.11131122686476747,-0.10449112378510057,-0.08965399194752437,-0.08395818433360147,-0.12223801646607256,-0.14284000350202097,-0.1760690243253403,-0.20001810995585007,1.0,-0.13192118757347251,-0.09277581225179185,0.07576727059382059,-0.007731271611705452,0.001272367280405607,0.030220391546607238,-0.12673519130012886,0.02441966011926956,0.02806442286565642,0.016166675473273825,-0.04834773929443577,-0.01275575799172085,0.029761549236799138
MoSold_8,0.019117166977156576,0.026972205338640542,0.004755463904546053,0.021509690473592594,0.009243256935349895,-0.03623501026271486,0.05420783734055155,0.016193513921966725,0.003928961251919376,-0.001786213024338586,-0.00857780261936052,-0.014547154764956605,0.019835729836084243,-0.008418110963279588,-0.023858995497308737,0.04982411195664082,0.020269413984723116,0.03389250893350195,0.04319344428897224,0.021378851920469417,0.01616241534193493,0.025164254989061823,-0.018625187611615267,-0.012963177944810226,-0.001117043828518503,-0.03277503421698965,-0.011183766586863217,0.015762452734806778,0.001944249709262824,-0.04222399926407864,0.003796816981592297,0.036914265639089255,-0.013288861160595942,0.004361186184676255,-0.017194004375912956,0.0364412868391408,-0.02878511455448012,-0.04662475240854517,-0.023781508935672418,-0.012492170649701654,0.023580821250022165,0.017338511121726494,0.03295117864206083,-0.0016987889421035095,-0.0020712348603501127,-0.011690867123701943,0.04009116371386409,0.03645862421899074,-0.002725777465072969,0.0023133614805876026,0.004933092608855121,0.03082332699109072,0.03953640004143684,-0.019265499012690035,-0.008447845151424006,-0.03302506562784908,0.024201397065070223,0.03545461690641283,0.020595546210940167,-0.004852642442659333,0.02523284969788057,-0.004314153012970347,-0.028046987012073577,0.011114990297049451,0.0023133614805875917,0.009759439479830935,-0.017194004375912945,0.018822778349226032,0.02407364854005103,0.01590968822116259,-0.02630958565210645,-0.024313073015873644,0.014872460527664305,0.055735492498465856,-0.03558652736750334,-0.007905406612684223,-0.011183766586863219,-0.029643166231430082,-0.007905406612684221,0.03590700693439385,-0.0037958694469648027,-0.007905406612684223,0.045776962436533265,-0.019146801467411545,-0.011183766586863219,-0.0016987889421035077,-0.005357343047029248,0.005590511402140641,-0.04065968005729161,-0.0355865273675033,-0.013701960465134175,-0.020958880017533432,-0.020777495522650635,-0.007905406612684221,0.03723392967814936,0.0049863031720775355,0.0049330926088551365,0.04281291853809048,0.08670027908009409,-0.023937667293631136,-0.017701308217096118,-0.0032302141785742105,-0.005804999867197086,0.0039001363074630284,-0.04936212628155579,0.02059554621094018,0.03152445663797369,-0.011183766586863226,0.03946257675846548,0.02466575735169128,-0.01770130821709611,0.05192482050528072,0.040956133193597685,-0.0721455558356158,0.034726250029999975,-0.015827093456102,-7.510642930357417e-05,0.028294206185637823,-0.06519009588369301,0.04913797361724939,0.007634038356846091,-0.0032204076886121445,0.004933092608855123,0.026050728665085968,-0.04513027692676883,0.037725056625366134,0.031524456637973694,-7.510642930355853e-05,0.008028187999174827,9.241937021763377e-05,-0.025107282856366826,0.015762452734806816,0.027288933419296266,-0.03558652736750319,0.03545461690641283,-0.061417459565820856,-0.0769357398551589,-0.07222184269400286,-0.0619667610871919,-0.058029950891197904,-0.08448808354857103,-0.09872769944124962,-0.12169482839770632,-0.1382478812544172,-0.13192118757347251,1.0,-0.06412449091884195,-0.01950798275333755,0.07409878978681732,0.021928101688580573,0.010305172601814745,-0.11143441029087173,0.00941639063581392,-0.05798044138365026,-0.01331548754835916,0.01719400437591286,-0.001697821873156965,0.014185025824274812
MoSold_9,0.004245080491016171,0.05036471011941349,0.026562818865446067,0.0023380913968806447,-0.0022645894374155712,0.042033112806335295,0.06977920528135223,0.026007882784731602,0.0471803060600519,0.05057330993838848,-0.005995500906655264,-0.0032422089583399754,0.043402953578938454,-0.02190587993122531,-0.043103641788820694,0.03963206411613489,0.0473186402607118,-0.03135506252359306,0.01405368837505363,-0.014576993555301027,0.06774819304576572,0.05214068452366802,-0.04493857747038576,-0.04475050294108471,0.018794380446958588,0.008371889689392268,-0.007865173504087863,0.010023660969495383,-0.02593463510020916,0.019459820575432697,0.08356952569116033,-0.0036843303018752236,0.009140334048562165,-0.020992077882794873,-0.012795178978116143,-0.023049598604984966,-0.002140851021526158,-0.04396220700231384,-0.01672474944065703,0.013146303160634313,-0.03609714070381733,0.05545854528295873,0.0015638211320131428,-0.028029550001862573,-0.018335054190456772,0.02489066174330405,-0.010178558657244706,-0.0020466020636280466,-0.013543683676952481,-0.018502662262063187,0.023234087119599213,-0.01315302382239261,0.010023660969495425,0.019256916810157107,-0.022763772395802805,0.012334205396636468,0.015486776649175091,0.01375300485773447,-0.017055906543744555,-0.024111526007855308,0.025840769709127097,-0.02089546032396439,-0.0022072070696922625,0.029899306336429222,-0.018502662262063187,0.01316581666889827,-0.03424289574970006,-0.02949635555064213,-0.020128410563988765,0.022555481776043548,-0.01850266226206323,-0.011390089710103926,-0.014739687788449758,-0.00786517350408787,-0.025026828839771816,-0.005559611258532556,-0.007865173504087867,-0.002919878630972493,-0.005559611258532555,0.00619629424692684,-0.005439576334816206,-0.0055596112585325555,-0.023491498607435494,-0.021382767518360397,-0.007865173504087868,-0.0020466020636280588,0.05486547481342331,-0.00860842769920206,-0.028594609498283043,0.003972512514249523,-0.009636136051964865,-0.014739687788449774,-0.028029550001862562,-0.005559611258532555,0.006978195454401079,-0.00900801165033586,-0.017635511910057237,-0.021293623509689344,-0.005559611258532549,-0.024200876548877318,-0.012448745178599615,-0.003107350726919657,0.05850625055570766,0.004926338639282799,-0.0347147523796833,0.0028813420982627133,-0.011130671865405126,-0.007865173504087863,0.02634074294621997,-0.012448745178599601,-0.012448745178599608,0.06986449218766352,0.0648017403282927,-0.06640000370734075,-0.01804196438417154,-0.01113067186540514,0.018002353168756167,0.03297185386827071,-0.0500221653777923,0.06753899075309122,-0.024977341156620866,-0.01191896467487017,-0.017635511910057286,0.016762550561068502,0.020078645669332873,-0.03141160992970889,0.05335655402146575,-0.019332072436902985,0.008889231561885959,0.017523740567769924,0.006978195454401047,-0.02235365101161821,-0.02593463510020907,-0.02502682883977177,0.01375300485773447,-0.04319286994355704,-0.054106363712649055,-0.050791235596825406,-0.04357917555339669,-0.040810547023494625,-0.05941767748603944,-0.06943192883486832,-0.08558395174506382,-0.09722516686960864,-0.09277581225179185,-0.06412449091884195,1.0,0.011901462845167491,-0.025789330726558143,0.03222891276577653,0.04327464896195534,-0.07836813871749843,0.001357286083195158,0.013641605736675489,-0.05160862598304122,0.03424289574969998,0.011977367587754462,0.03947420969933852
YrSold_2006,-0.001435827659254401,0.011051306509045436,-0.006218156904858161,0.013487412177846643,-0.027660331575914052,-0.014399141123689044,0.007774721340435846,-0.00737255969968598,0.003962353481168942,0.012730417377863018,0.027052559091749827,0.014262631037639991,0.0016960427852857564,-0.046144290179845136,0.011771390391127753,-0.0002835850340650223,-0.003802792643998395,-0.024883579705337073,0.0008638364556705561,-0.021889101510213463,-0.0077914188534033025,0.025046473872863913,0.017696109803374636,0.014956948180304587,0.029271971682980197,0.05196165989526637,-0.019386917003219383,0.008949307647815324,0.02155985203327652,-0.00026640496884813944,-0.0014290426363052504,0.00028606196281417555,-0.016544532445790152,0.05165090017705489,-0.010156562058493914,-0.010196491228935817,0.004273081899920351,-0.020271045983477544,-0.04122494298913251,0.017592351685962758,0.0018384057838505261,0.003279604265389898,0.010588175949177702,-0.01769061657342554,0.00824518813059081,-0.03969489783244026,-0.0176717127463568,0.008009184617819501,-0.012277361143688185,0.012227095900591827,-0.0030456608926678055,-0.007916534750421584,-0.0070629339769523,-0.006300570527265293,0.014570494068520162,-0.019716839670282156,0.026976807284696556,0.007343720228658188,0.01727524655373113,-0.0032172862807435016,0.004772829738155263,-0.0343993910076992,-0.017136390579330283,0.006310659219369084,-0.0070510466640561955,0.01917385039537712,0.00045043408270860764,0.008248697047642091,0.0036220395611066356,0.01858495724745364,-0.02632918922870431,-0.006340702724031877,-0.03633195169305826,-0.019386917003219383,0.03870284093910584,-0.013703921723190838,-0.01938691700321938,0.0022602204989694554,-0.013703921723190831,-0.042650309387592,-0.008102247047874801,0.05001494998336527,-0.029427380529332872,-0.039664507908970505,0.025684577940570927,0.020859085213442034,0.025257963753589525,0.027275641233465382,0.017750260366964084,0.02436117906826964,-0.023752174033297175,-0.03633195169305822,0.008009184617819548,-0.013703921723190831,-0.049580452941578756,-0.0168180739921154,0.017166452304127604,-0.018969625034204164,0.05001494998336524,-0.019914228903890937,0.026385184588672055,0.03035501724233736,0.02666724223474729,0.017719350636245693,0.008662997816340712,-0.04188470646061006,-0.027436065019102607,-0.01938691700321938,0.0013712472190298961,-0.002149903929447366,-0.0021499039294473614,0.10097279059637826,0.013061174256101846,-0.0565608718562456,0.07409016517081944,0.0363484173501487,-0.029187961698027027,0.053044502809942023,-0.13316075886866385,0.09602164790371119,-0.0050066280215441215,0.020105492946180022,0.017166452304127555,0.029940369857341574,-0.021707487879732475,-0.006596980904257317,-0.027436065019102604,-0.029187961698027017,0.00016849474200051644,0.023523459026233335,-0.015989983663293395,0.02496154927258295,-0.004045395229671164,-0.018663806544238812,0.007343720228658188,-0.02111556007163632,0.033854805305174145,-0.0072979481782315106,-0.0058330510107267005,-0.019640755108189634,0.014151309923413851,-0.018763363191855627,-0.028243449377599542,-0.028242140439091182,0.07576727059382059,-0.01950798275333755,0.011901462845167491,1.0,-0.28231838548896104,-0.2684295911980914,-0.2872992133776611,-0.19317013162179772,-0.0038423138051877693,0.03362528214668298,0.017627258353774912,-0.00045043408270854514,0.03137813091055238,0.010732301265509666
YrSold_2007,0.01874919485060905,0.042456461221842864,0.04245957544302976,0.019938737369353334,0.04059103873770947,0.02537496198558544,0.021112105576721458,0.02293642977846324,0.05616963472714985,0.04907546449909787,0.03207431458831325,0.02116065797820529,0.05061932831541292,-0.03259600440310627,-0.05144810707210936,-0.03610729536124829,0.010714321318106085,0.016388244459122084,-0.003287974896639979,0.015770788074202655,0.0423670455418174,0.03732908484467187,0.001171122574843081,0.008944732493855764,0.030008385188980507,-0.027977704643717134,-0.019975740260252114,-0.009534093915607434,-0.02576645058589738,-0.0037004850902357077,-0.02052496637592438,0.06703171666535897,-0.03591804209954455,0.008680608567015085,0.03820125410788899,0.002585294817432913,-0.0003803111310802641,0.010433704562485721,-0.0005881656324767348,-0.033472176640506265,0.017473894090393013,0.004757340920328481,-0.008979501991855578,-0.045915591342772864,0.0024263397614059674,-0.010782443818346586,0.03217173579185712,-0.008006017340634271,0.025091989423420346,0.04779759341965807,-0.024913677433270835,0.0028037171326088604,0.037704968697922635,0.010558401049826565,-0.018972407976879702,0.02247962787236749,-0.02257989939580241,0.01134158086796107,-0.03577655929047837,-0.0042101132050842436,-0.03577206498996766,0.06468372060327503,0.011152214743548489,-0.017826663165160767,0.028839569406427713,-0.004549216001703068,0.00690866144049532,-0.0051446848355638395,0.0012311246629386884,-0.016328067566127386,0.02883956940642774,-0.0018502543412452072,0.05749419282953452,0.024347330833924298,-0.03535538656726931,-0.014120139929614839,-0.019975740260252114,-0.03846486714257381,-0.014120139929614835,0.018468212206306688,-0.018380762382081445,-0.014120139929614839,0.04777087740344419,-0.0021107443128084605,-0.019975740260252124,-0.020642542008013826,-0.010468849059363796,0.016856126254084506,0.014144398905778961,-0.03535538656726919,0.04793052647303447,-0.0137030264504658,-0.008006017340634292,-0.014120139929614835,0.02047574329099025,-0.03123317048033774,0.03471578002996752,0.049950976939215574,-0.014120139929614828,-0.02212243674001027,-0.003555707093491802,0.001748947283667752,-0.001974389404086556,0.012511772441028956,-0.03668592720085229,-0.045472823735271235,0.06581862819046069,-0.019975740260252114,-0.04247703506740455,-0.03161696307456233,-0.0316169630745623,0.07409878978681761,0.04793052647303436,-0.03150391419087395,-0.06304994611938755,0.0030933036747475234,0.005372539181162934,0.03516218773356832,-0.02119093963562173,0.06932552469567242,-0.011113430610803596,-0.01772153067068181,-0.024913677433270862,-0.020341137044943853,0.0075380824097755934,0.018938445852843478,0.003093303674747518,0.07800130959318026,-0.02446287939014405,0.006591497705762891,0.003959397873948373,-0.02528044812011746,-0.0005863850869615567,0.0069551580132332655,0.01134158086796107,-0.000586385086961494,-0.027787666562542883,0.04491185072779846,0.03916689930630495,-0.032885737687656465,-0.005599416337204698,-0.04869159713756751,-0.014042683856850976,0.008611997374644138,-0.007731271611705452,0.07409878978681732,-0.025789330726558143,-0.28231838548896104,1.0,-0.27658238754765946,-0.29602512160411476,-0.19903713286000885,0.029294842773133465,-0.016603668599782986,0.008971391548936067,0.034814795449362855,0.03114946658274367,0.034921337846149494
YrSold_2008,0.003641821481427088,-0.021573184713464644,-0.024011673839862732,-0.021072718237165722,0.008462852971046268,-0.012376846353658355,-0.02076969805846524,0.0020317182022972402,-0.00702732244341781,-0.03053685091171066,-0.050140599530928066,-0.02449040067757676,-0.026330590926477188,0.04314430914456004,0.006311417877023628,0.018203706298013787,-0.006907222728772747,0.022098273781558864,-0.008998947954232263,0.02612970219269582,-0.0016524207168759628,0.015820417718949164,-0.03486141948600785,-0.03600423795784686,-0.023726706182846065,-0.024211571093835305,0.02661522402746714,0.010831547806582239,0.016610908693390304,0.026688178852178095,0.026485748658079872,-0.014876171578014368,0.03458092710991179,-0.04808840316801778,-0.00755742931230831,-0.024211571093835264,-0.0018989540469874545,0.01472032453845095,-0.018835623661912805,-0.0015479876160990644,-0.025904316822402056,-0.03043656517127284,0.009287429895301904,0.036336952348768874,-0.01851977399761293,-0.01100707819473683,0.014996677392982393,-0.015674763758292402,-0.00966600286399293,0.013842467459196945,-0.00168105350340693,0.0038093372343099862,-0.005371382313919926,-0.03163476029390198,0.03601066301457212,-0.004676167013844811,0.01808116565715031,-0.03483675461026025,-0.009512712546604867,0.026802723090820147,0.02709730167753603,0.0014701370137810167,-0.01743289966457748,0.030489123679163378,0.01384246745919697,-0.0024095863681608994,-0.029024057320032354,0.011988208355034335,0.023220969038468518,0.018051348430675834,0.013842467459196971,-0.019341798292953162,-0.035593778018134854,-0.01899302371913149,0.01212684643256924,-0.013425492577827765,-0.018993023719131474,0.014739329156031803,-0.013425492577827765,0.002517659569196335,0.022433904151418372,-0.013425492577827767,0.05277328884410922,-0.009588350220378157,0.026615224027467178,0.04933988137553416,-0.03259527613538115,-0.05763040742494042,0.007478195355274874,-0.002385609134275896,-0.023269589730045174,-0.03559377801813488,0.010331094295238251,-0.013425492577827765,0.004307014837108115,0.03819690870329293,-0.02213387112819139,0.04979862177625253,-0.013425492577827748,0.002464333563923459,-0.030061550749983887,0.0074781953552748885,-0.031728549487012245,-0.049469150713665526,0.03271346915231246,0.05035177158289141,0.005393409978837625,0.02661522402746717,0.06737130595060357,-0.030061550749983977,-0.0011866401611835772,-0.06950857519259128,-0.023269589730045167,0.02084974149603417,-0.0002003394847028506,0.00539340997883765,-0.009316242111738395,-0.06043543140165654,0.06397691497153837,-0.06045465241398718,0.04193567758130146,-0.017581474642163225,-0.0016810535034069538,0.02084949836407528,-0.03361536364858953,-0.0029185085535862135,0.00539340997883766,-0.00931624211173835,0.017065633352199128,0.007283660491299634,0.02130226257272398,0.027034477927084424,0.01661090869339032,-0.03141052026796626,-0.03483675461026025,0.007974182663351254,0.024454808000839604,0.00410610409378571,0.014691750426237181,-0.007530923330206594,-0.02646676291772727,-0.019182393626838882,-0.021781432131342433,-0.007484983742110006,0.001272367280405607,0.021928101688580573,0.03222891276577653,-0.2684295911980914,-0.27658238754765946,1.0,-0.2814620175690428,-0.18924540147932245,-0.015177532552994684,-0.01979415728445278,-0.04520367392893589,0.018290743316170328,-0.03152038335352522,-0.022990440613435924
YrSold_2009,-0.012243635808454383,-0.012722849389617917,-0.008601996198652123,0.01494230547918038,-0.0029623161919254694,-0.015554782279482053,0.008865851216958287,-0.011022392196050645,-0.05546810224645581,-0.02800212127254814,0.018937583186343074,0.0045390176331599995,-0.013048055157382941,0.012608237854521752,0.004871483260568167,0.009951702374499015,0.0175062583661553,-0.019637162834593696,0.017288499129221323,0.018488133998223175,-0.017698523174921106,-0.06679128665187091,0.01876399100421918,0.014427381640190834,0.004091419722094644,0.016111597716346963,0.023575858934605894,0.004615145317757146,0.029702622831527373,-0.029388869861121963,0.022858542402583476,-0.024824275983361184,0.02474640308929733,0.012280817300832523,-0.036842243882201385,0.016111597716346966,0.014932756076173845,-0.03188312143872479,0.03975923051332609,0.030547964223859136,-0.01466290330905238,0.03032433031481399,-0.01312755633850764,0.027691838419569594,-0.04539079820131984,0.011058923030459218,-0.013170291847886957,-0.009859323276317288,-0.008131236731170588,-0.047821596587779666,-0.006203246682627635,-0.00037748480912665303,0.004615145317757141,0.014055500666422993,-0.015803376020345924,0.015604973261033979,-0.03578318587590933,0.008425764762664436,0.02924795641348085,-0.026580538764625464,0.017698826411132157,-0.00401735046741902,-0.0034879876571871677,0.0032543980489197046,-0.010264022075591184,-0.0036001323199121777,0.004486742724032994,-0.008250739399482104,-0.00016575525861555962,-0.028094696842960815,-0.010264022075591222,0.035960233852172924,-0.014587860174442894,-0.020328164081369386,0.005167050871383419,-0.014369255787343879,0.06747988195058123,-0.0051372411063934946,0.04769912719940786,0.023357561161691066,-0.0017841480731120105,-0.014369255787343877,-0.06777656149407696,0.012391746417040416,-0.02032816408136938,-0.047410484972204237,0.033216179268831025,0.02010256878978887,-0.012513733535047594,0.019137225449568303,-0.024905357100251012,0.07944426280430605,-0.009859323276317344,0.04769912719940786,0.02543673884810663,-0.013602081236778968,-0.025891812240532663,-0.07135954766390813,-0.014369255787343865,0.006170852379996268,0.023417139009017974,-0.024791993589596904,0.031834300218509096,0.025633378097253676,-0.018330210637965243,0.0388525484880833,-0.028768103322607794,-0.020328164081369376,-0.0017336047614816869,0.05121309262947825,0.051213092629478145,-0.060110827391864644,-0.02490535710025099,0.02244156985873139,-0.002445732783763602,-0.028768103322607774,0.0399623632358437,-0.022773298284986317,0.04508832492966561,-0.057678903342461244,-0.028406548549826997,0.011308553599215777,0.013485318875277496,-0.045158453303248934,0.019917658076038354,0.0001991776975212003,0.0022980437565396925,-0.013994218445104352,0.019949289340882862,-0.021006923882854824,0.009076545580161393,0.004615145317757155,-0.011867382281614816,0.019137225449568338,0.008425764762664436,-0.011867382281614837,0.04340955764443294,0.026636296291397507,0.011058923030459203,-0.017859740693510946,-0.03466762572058506,-0.03651702989769318,-0.047901961707105985,0.0018395248496499337,0.030220391546607238,0.010305172601814745,0.04327464896195534,-0.2872992133776611,-0.29602512160411476,-0.2814620175690428,1.0,-0.20254866364649693,-0.013212491271881687,0.03525781085494962,0.02661598890308097,-0.045815729330267334,0.002406019090592388,-0.010291517451967935
YrSold_2010,-0.010954431907215357,-0.02510269457123315,-0.005564120035006161,-0.035771029513771785,-0.023956705061101768,0.021245858695742963,-0.02254166493735152,-0.008403925573378218,0.0035511392490380294,-0.004693542965318667,-0.037391948975330686,-0.02054105668768795,-0.017399127462518368,0.02999367982319674,0.03707337952004665,0.011125284301189736,-0.023071224093335032,0.008272705804380363,-0.008064966505421598,-0.04927121591084904,-0.019593272988002577,-0.012741913507620196,-0.004678960376859832,-0.004153251077376283,-0.051282392564300706,-0.020397851157475638,-0.013667959912113574,-0.01859048081279207,-0.05346624763259857,0.009899351399297696,-0.03458458313861332,-0.03575384184835512,-0.008234219687853558,-0.03233690692237208,0.02099966197818536,0.018916819060233184,-0.021934371540805332,0.03522362381670985,0.024819711854006613,-0.01693248329025513,0.02662156499854897,-0.011599450398136405,0.0035944135066174653,5.566772348010544e-05,0.06854608676216246,0.0634821183747816,-0.0206736291125511,0.032565618235861765,0.005896593263630378,-0.03215360041756447,0.04605758467373655,0.0021359223936724954,-0.038845780802849096,0.015682169170187284,-0.018520664609249143,-0.018394410502010242,0.018785974244043446,0.008728596853827772,-0.0019221743473760268,0.010497576968348082,-0.016880756739685535,-0.03631176272267448,0.033654178732683976,-0.027392340771404115,-0.03215360041756446,-0.01071536806243544,0.02099966197818532,-0.008088492998989328,-0.034978797167052045,0.011412332954425267,-0.007766973607359727,-0.012118715227931827,0.03544192377512569,0.0433469585784173,-0.02534914615273258,0.07094223940387107,-0.013667959912113578,0.03486577904452855,-0.00966139447134431,-0.0032844831161922606,0.008165610123112852,-0.009661394471344311,-0.002180223360371232,0.04878445451669103,-0.013667959912113576,5.56677234801047e-05,-0.02087245704515629,-0.010248114915486408,-0.03374633718769544,-0.0072071101806788634,0.02982295130846401,0.004913777042569071,5.566772348009945e-05,-0.00966139447134431,-0.0020372662947934074,0.03136543685801999,-0.00507859298683785,-0.009841936226133233,-0.00966139447134431,0.04255413609667512,-0.02163320999451354,-0.01780146589512738,-0.032870965324513564,-0.009956014832028291,0.019141248901938596,-0.0019221743473760453,-0.01934268541846881,0.04334695857841729,-0.029063974847628554,0.014463346110617645,-0.021633209994513555,-0.058092036840159504,-0.016745507419191032,0.05686636521552296,-0.009192455226410557,-0.019342685418468796,-0.010238456320974367,-0.007207110180678856,0.05717525773510063,-0.060165294981723766,0.005094727879855622,0.004655884885257275,-0.005078592986837873,0.02087154635609442,0.03392012610912807,-0.012626564902294359,0.021000629882908982,-0.03359493480319715,-0.015985792117422758,-0.020061034496478676,-0.023283043369067946,-0.038845780802849145,0.0005176538498314926,0.02907696176342851,0.008728596853827772,0.03290799473928954,-0.09402508537546728,-0.08826411415632675,-0.07573112330671501,0.09975539261517472,0.06740797646612226,0.15777170801283863,0.14322716007296862,0.03161608051778382,-0.12673519130012886,-0.11143441029087173,-0.07836813871749843,-0.19317013162179772,-0.19903713286000885,-0.18924540147932245,-0.20254866364649693,1.0,0.0033086416413142567,-0.042219510129392936,-0.011893676555638277,-0.007581934849891789,-0.04348289837035995,-0.01639204004544267
CentralAir,0.04975493824508268,0.09366559623177143,0.20795754081444418,0.2307407974913727,0.12640868046224432,0.06734959455486601,0.10932635953709864,0.1346374126547249,0.007871718636602056,0.03450935278758149,0.2337258639072165,0.18630914070766472,0.17389240320588728,-0.38164791922042496,-0.2995529479121318,0.20163719172727637,0.2061123253792186,0.09446944625029426,0.2578302333775085,0.3062939899503998,0.2793951730834884,0.2667103592736301,0.2822809998129255,0.2974481402565157,0.1920805463413105,0.028634313277027822,0.009770835750932457,0.027769743713176472,-0.11695717654651215,0.03688951824525883,0.08926998435383911,-0.025432132849001008,-0.12635556498089873,0.05082270682614159,-0.22250111609269757,0.028634313277027833,0.04916205293516252,0.05107342082178681,0.020777008882922447,0.06052275326688013,0.04484315987587384,0.062248623090205166,-0.1937834754086665,-0.11501880859713833,0.035638237566564535,0.040036060152677744,0.06600112469459866,0.03482086302335284,0.04312583103982207,0.02298569431731344,-0.18011044715114508,0.056946239652993315,-0.1322716740022358,0.20323077250506824,-0.18556134751367528,0.08529377867941784,-0.2500913662547732,-0.12910691789581108,0.04595627077277753,0.07677598071022142,-0.07213829079033221,-0.08802382757298897,0.034655638785447765,-0.018036057450606328,-0.20181219651803867,0.029894918963254632,0.04253964770551172,0.056946239652993315,-0.004555630040236557,-0.005086229892399642,-0.07335625889783759,0.025256049604047735,-0.02189057519311736,0.009770835750932528,-0.23170685427851556,-0.09923774270334383,-0.0653103231772855,-0.011399972694694472,0.006906656085580779,0.04120853722825412,0.08851390722057084,0.006906656085580742,-0.03636685880472236,0.06395202788346833,0.009770835750932481,-0.11501880859713814,0.13663529500414903,-0.17227151141091884,-0.00647177091331131,-0.18392549732277638,-0.04935365660721889,-0.02189057519311736,-0.029396139099714863,0.006906656085580779,0.04062544070384118,0.07538350101819746,0.02190844107472312,-0.024146395225296047,0.006906656085580695,0.06784923910884698,-0.07960387999048466,-0.17445018039659196,0.13898165258207226,-0.15590952927467697,-0.026640056293297236,0.013106255924182563,-0.039299311693138626,0.009770835750932478,-0.08565959802608372,0.015464966460319017,-0.07960387999048472,0.07966129012341834,0.011970886921750967,-0.03737257047514634,-0.037515050743864804,-0.0924261589820112,-0.006741351093419203,-0.016690747977689657,-0.014820539230632243,0.08072533400542496,0.06640791342151947,0.05602315315808984,0.021908441074723204,-0.23583543787142228,0.14907864777010962,-0.20298132649520279,0.01382753559573395,-0.06825617982086933,-0.06175015304165148,0.1338797711291424,-0.15521984419863832,-0.13227167400223552,0.05365812179610996,0.031090608978049397,-0.12910691789581108,-0.045867468903753,-0.025638219412610297,-0.010551281566055884,-0.002269836944723576,0.035714791278014565,-0.011801453048084215,-0.017160784236178523,-0.03785393734807737,0.054750137047191665,0.02441966011926956,0.00941639063581392,0.001357286083195158,-0.0038423138051877693,0.029294842773133465,-0.015177532552994684,-0.013212491271881687,0.0033086416413142567,1.0,0.06986857817990928,0.25147099917644494,0.20483173183948405,0.2008144591616083,0.2513281638401552
Street,-0.19713093862382286,0.04412133574789902,0.005067534070866014,-0.04779429321486579,0.017108357232015158,-0.037349445946193695,0.04647060169887018,0.027627975457163605,0.028864970472944323,0.04682843005227291,-0.02002463274586721,-0.005348117366854567,0.03046372292184844,-0.02220323799305512,-0.06709127427362219,0.01041412696330368,0.10024738576613558,-0.015212327330521743,0.06566890322461877,0.04321105778874937,0.008506324784274596,-0.008399293534819536,0.028755702389050126,0.02873988332087586,0.023903638465288934,0.00697243889795716,0.002379192914327951,0.006761916703879383,0.013065721953341186,0.008982576583964426,0.021737190108486713,0.012221457825644998,-0.024967276368968602,0.015364206241492224,-0.194009655486212,0.006972438897956903,0.011970931758420915,0.027418974154358153,0.0050591897740641595,0.014737255788424915,0.010919283769822047,0.01515750410283461,0.018605821315421614,0.008478860221147319,0.01484320435439761,0.013182578316295733,0.016071236096264988,0.008478860221147013,-0.12398685117127864,0.0055970034134938795,-0.2542870265814181,0.013866376769979994,0.006761916703879384,0.045348049940267504,-0.0031274956533018346,0.058170656579942616,-0.06480591371615586,-0.10319217336842013,0.011190325636278635,0.018694907370529007,-0.012796023009530678,0.006320818112728935,-0.02176505315726392,0.0047682070688852265,0.005597003413494038,0.042534409340409814,-0.05776429857910765,0.013866376769980156,0.006088787712773955,0.017852621133488025,0.0055970034134939445,-0.022245982612896988,0.004458714194601961,0.002379192914327931,0.007570545495625227,0.0016817668047430174,0.0023791929143278183,0.012096754525324079,0.0016817668047430815,0.013413727586234634,-0.0026140586757586555,0.0016817668047430126,-0.0327974418861769,-0.022750868343634215,0.0023791929143280027,0.008478860221147168,0.04742213823958258,-0.03547332356512518,0.008649789133186814,0.007570545495625251,0.0029149041155186856,0.004458714194602127,0.008478860221147206,0.0016817668047430815,0.013298572622593324,-0.00458287442065855,0.005334692865344366,-0.033920290504869076,0.0016817668047429094,-0.015046790474676596,0.00376571048379361,0.00864978913318681,0.04664227702118287,-0.037304150562846056,0.01050111518092543,0.011190325636278677,0.0033669970052304364,0.002379192914327827,-0.13172631152470465,0.0037657104837932613,0.00376571048379329,0.01939747856162337,0.0029149041155188253,0.006538560590721775,0.017512348066260744,0.003366997005230085,-0.11273447163290352,0.007570545495625114,-0.0021403319747665206,0.019656572638029494,0.01617028891849933,0.013641605736675626,0.005334692865344428,-0.06616426541060429,0.0045031405496932485,-0.036148122529137995,0.003366997005230364,0.0058478976639544265,0.02124940252266774,0.03259964766185912,0.013298572622593392,0.006761916703879292,0.01306572195334124,0.007570545495625142,-0.10319217336842013,0.013065721953341023,0.016367023193865682,0.0153642062414924,0.013182578316295613,0.012345075955117728,0.01797368070610668,0.021002963637888162,-0.06675276548112356,0.0011237152363781588,0.02806442286565642,-0.05798044138365026,0.013641605736675489,0.03362528214668298,-0.016603668599782986,-0.01979415728445278,0.03525781085494962,-0.042219510129392936,0.06986857817990928,1.0,0.031201572766606626,-0.01035837987444417,0.024970151939278696,0.041035535500049444
HasGarage,0.07401457947836083,0.15101472249492842,0.1600981570760921,0.5363330077786219,0.1198445740249514,0.09592576683399372,0.11284618053309352,0.10721153347176261,-0.006672119199677421,0.08828482152767197,0.5732872764744831,0.18410997360485645,0.19063526903830555,-0.2311979609336041,-0.11456587569539822,0.14504476033596495,0.19840388044730084,0.07476103259937071,0.21393738343620045,0.12715413160988948,0.15670084761727476,0.11976174598954425,0.9665393143803993,0.9688040490758381,0.2018180691615662,0.02630580954567802,0.008976284567380765,-0.0032283128707246097,-0.10389873881698265,0.012073583599650668,0.062301109529707924,0.04610945275205746,-0.19488522119797105,0.05796650054941921,-0.11322487409393783,-0.11315127809662379,-0.03790429673432344,0.05372435843228399,0.019087450546317077,0.05560112460932987,0.04119657460294346,0.057186649026618235,-0.06416853243098403,-0.08333009301036941,0.015079308032713217,0.03454120915014147,0.060634002262228155,0.03198927741156356,0.03961889663136358,0.021116528660441555,-0.052429270097197375,0.05231544825822575,-0.08944788832056629,0.1015022819420561,-0.1083461072423372,0.11048041709771328,-0.1511022054409682,-0.14715843157727726,-0.0462677483198476,0.05938064876129206,-0.07262927994977326,-0.06826148133850136,0.0016641215733394824,-0.06307472748700002,-0.013485190581134964,0.0759746352043417,-0.07514856033667656,0.052315448258225886,-0.00887899527721828,-0.055739730547375195,-0.013485190581135044,0.06684884301719607,-0.026493844879432682,0.008976284567380921,-0.10014457995762505,-0.10802194125743991,0.008976284567380751,0.029186402209116086,0.006345016128972339,-0.054069610954749735,0.044300862975445165,0.006345016128972279,-0.023372939642926353,0.0342024930739366,0.008976284567380883,-0.014138470757209682,0.072462620371404,-0.06507473965305657,-0.0578613312415551,-0.07440319144739027,-0.05507766655464233,0.016821959738676645,0.00892540332717707,0.006345016128972339,-0.0553350751551981,0.04704185920575477,0.020126876198450164,-0.009537603865762957,0.006345016128972143,-0.011328890459738412,0.014207376248196284,-0.012613584261013937,0.06898579695416152,-0.044406681379983375,-0.05434404859571691,0.04221916882316721,0.01270309905281652,0.008976284567380735,-0.0573670838778884,-0.03700933812801739,-0.03700933812801723,0.051558634211165896,-0.12115276365388428,-0.023918569922175018,-0.09900565179545451,-0.15902398073525717,-0.011076952044456467,0.028562362593548014,0.04260792010687067,0.05277323330096056,0.061007711478586274,0.022017125370525602,-0.1249854163928449,-0.1547163396818735,0.09147839002394384,-0.19983369918630814,0.012703099052816401,-0.07735707493341715,-0.050285163156632395,0.12299284872906613,0.0049553798646446495,-0.03196817135400525,0.0492947157101782,0.028562362593548,-0.14715843157727726,-0.02730201155340223,0.036738182988578026,0.031515151650481334,-0.026236332710909072,0.03043131978514171,-0.03596715768640595,-0.022056364553200813,0.0027427323856331538,0.03190787653624584,0.016166675473273825,-0.01331548754835916,-0.05160862598304122,0.017627258353774912,0.008971391548936067,-0.04520367392893589,0.02661598890308097,-0.011893676555638277,0.25147099917644494,0.031201572766606626,1.0,0.09418671721530714,0.2020855614555044,0.2368317118200439
HasBasement,0.0197334329102806,0.06941716482781511,0.38879949395815705,0.08482989645542714,0.05987865824806958,0.02769943595780532,-0.01655840877427371,0.12281096254176917,0.005655214540685798,0.013837080346422087,0.07807526521243668,0.08575931517033884,0.25110192849804847,-0.07965771013106215,-0.13894691576515195,0.12096746226455518,0.1187896904029978,0.07565121787515337,0.1243380230041278,0.12891376549724604,0.7311051080816385,0.9117122336776082,0.08761138732865766,0.09689618113586626,0.0894793980964557,0.01750208171329827,0.0059722041896227325,0.016973632959980587,-0.03414222759867823,-0.009228094215478684,0.05456427558048744,0.030678067839754665,-0.1460648457780017,0.019303258612735467,-0.001728362234335543,0.017502081713298263,-0.018347747801264195,-0.05187829330751576,0.012699480644383707,0.036993175388653154,0.02740937562695793,0.03804807460631943,0.014086034731828932,0.02128347147934631,-0.0024766840136805153,-0.055434045607037054,0.04034170704213087,0.021283471479346245,0.026359696896185073,0.014049490074597496,0.013391043193216916,0.034807111664568846,-0.024887015894025612,-0.03020265985939948,0.018643729930543734,0.11662179283941446,-0.03671203529453982,-0.29822281191585615,0.02808973969523828,0.04692759609803314,-0.015567800258777824,0.0158663957795739,-0.07497229861952556,0.011969061467144394,0.014049490074597524,0.06889894945987805,-0.0017283622343355436,0.034807111664569026,-0.03110809653656114,0.009658060719478933,0.014049490074597465,-0.008258134710687662,0.011192178420242022,0.005972204189622868,-0.0559830992644842,-0.16235809316977123,-0.11185777036239428,-0.0894537665430668,0.004221538613690527,0.03367088040929163,0.01973515733024738,0.004221538613690599,0.007008963381284624,-0.03768222193017151,0.00597220418962284,-0.045903270920319775,0.06431370364568191,0.01527995267663365,-0.04419245473307668,-0.018489830949737794,-0.08892384527694999,-0.051898865956411876,-0.045903270920319816,0.004221538613690527,0.033381820639412196,0.015565700816810493,0.013391043193217034,0.005215779885604611,0.004221538613690479,-0.050026662002257916,-0.139745399563876,-0.0112399603968703,0.07124785610790597,-0.012852114093091385,-0.028384481579533608,0.002312857259633015,0.008451770976614715,0.005972204189622744,-0.04297992398264381,0.009452613864466953,0.009452613864466974,0.04869117675838847,0.0073169361198974076,-0.037200183154854884,0.026784855223440866,-0.0749238075764763,-0.13012983338578568,0.019003437365008445,-0.01862266278829847,0.04934154971440242,0.04059034752705332,0.0342428957497,0.013391043193216984,-0.038084356048731734,-0.02184775836713454,0.03591363730550241,0.008451770976614677,0.014679279985591591,0.009490647311418127,0.07103165158738547,0.03338182063941229,0.01697363295998049,0.03279732337813945,-0.01848983094973788,-0.29822281191585615,-0.011829043939739013,0.0046536293410278625,0.019303258612735474,0.010959479074073767,0.03098837168535894,0.02832190565296166,-0.0210500922665609,0.014705325800552508,-0.0298029795094541,-0.04834773929443577,0.01719400437591286,0.03424289574969998,-0.00045043408270854514,0.034814795449362855,0.018290743316170328,-0.045815729330267334,-0.007581934849891789,0.20483173183948405,-0.01035837987444417,0.09418671721530714,1.0,0.09177727522479957,0.15282922324994588
HasFireplace,0.18282709148346568,0.4452990015952486,0.3094225598605891,0.3041748152834701,0.2595767888203236,0.21282465548674662,0.28871331594959204,0.22428594580721795,0.10572071182297962,0.33038215037537266,0.34950093688364625,0.9004572893254429,0.45198618893343306,-0.22284474510352173,-0.17284039810516827,0.3325717815237182,0.3015029792969286,0.014298598120778043,0.29160332692257135,0.16905218842966419,0.2633105451212498,0.11431540570145649,0.22412102909415252,0.21458056977634032,0.9718677309721869,0.0899586458584206,0.0350602831056122,-0.09802036815625093,-0.06033087511872069,0.06234777503590719,-0.09990387662940699,0.13526538425355514,-0.13980329702214125,0.153639907996287,-0.10923588393205784,-0.0379280366666953,-0.07497652592313969,-0.08231984539522248,0.03949762926158512,0.1416334406193646,0.15260460483547894,0.18039818092059615,-0.14167862711499563,-0.023106002725346433,-0.050206532585499994,0.0061556614848370045,-0.031210034814817707,0.08264560849410742,0.09442967135251654,0.06661315923456446,-0.0710936285248035,-0.06173416880402503,-0.09802036815625094,0.23499117968831892,-0.1885155107791719,0.12428475563849449,-0.060424472100832356,-0.17340163929964594,-0.09476224095755938,0.04027661621788841,-0.05010857364281084,-0.033555303531646756,-0.0902476511484372,0.014511310728964858,0.0348822579352287,0.14397628033952486,-0.10050657957842887,0.04469462700867055,0.045913123157370436,-0.13864624863641606,-0.012714094013774942,0.1319240983960591,0.006121541226496878,0.03506028310561215,-0.07728438235170466,-0.027656242287800118,-0.03912524346568325,0.07264753021157197,-0.027656242287800115,0.03996555766881325,-0.02705912950798083,0.024782866465690948,-0.13432864462481528,0.11029379490624826,0.035060283105612204,0.019194641762435124,0.04993134607452759,-0.03800584286391981,0.034104373802527274,-0.06548153734820152,-0.017638376740227016,0.025982541650242243,0.06149528625021677,-0.027656242287800115,0.037016657624122686,-0.008539425343543652,-0.004557283879795063,-0.1274748260006267,0.02478286646569098,0.07921741175983185,0.008524903328065632,0.013357546405989854,0.055380134814435024,-0.043758808012935316,0.01687930375426235,-0.06230408921608441,0.02337021787305723,-0.0020324801800354554,-0.03061366401733798,0.008524903328065733,0.03200859928839756,0.10241261538882965,-0.04793488267049943,-0.04946687477048344,-0.09876036639687225,-0.05536943926847408,-0.035386214450752185,-0.006467312330686596,0.011362372368720782,0.09843516443848059,0.10499312773133329,-0.1028018847396839,-0.08772771468605567,-0.05630155264239058,-0.04464236499501484,-0.1318319925915244,-0.002876334507453229,-0.05058147124431049,-0.05036138628766907,0.26281909352290217,-0.01136061103553637,0.03375655404276047,0.059079995730294294,-0.05367869234469844,-0.17340163929964594,0.0028866447425225108,0.011821779562613566,0.056612920951321755,0.02705627954963222,-0.010546064612376114,0.000506985878710832,-0.043487721371717226,-0.010245000607008252,-0.0015640720162139563,-0.01275575799172085,-0.001697821873156965,0.011977367587754462,0.03137813091055238,0.03114946658274367,-0.03152038335352522,0.002406019090592388,-0.04348289837035995,0.2008144591616083,0.024970151939278696,0.2020855614555044,0.09177727522479957,1.0,0.4719080685164944
SalePrice,0.26384335387140556,0.7086244776126522,0.6135805515591946,0.6234314389183624,0.4726144990045736,0.3347708531397601,0.5606637627484448,0.2841076755947821,0.1682131543007403,0.5337231555820273,0.6404091972583513,0.4669288367515272,0.7822600527979835,-0.5233504175468142,-0.5090787380156289,0.6317310679319877,0.6826392416562586,0.018899118482413112,0.6595997207286626,0.42764870739880345,0.5452185412719261,0.2044517776894572,0.2677641796608335,0.2593942389495457,0.5139229935847528,0.019065649513505437,-0.02025041276298236,-0.10130283618166969,-0.1436478667158042,0.05571831053291119,0.07262599312707738,0.07115960252664812,-0.17994896448338465,0.03593962229468401,-0.16405585189091743,-0.1125441547459984,-0.057845054186763493,-0.18851259699796927,-0.037909739904049986,0.02348277302025521,0.330423625765358,0.40214859817526777,-0.1921887988609724,-0.06370549244437912,-0.1283940655054437,0.014560153318488735,0.1400579963436251,0.21536272276938623,0.126236307669713,0.06347063934055396,-0.11125658290808599,0.08994971967036074,-0.06542929310102465,0.24506340389709286,-0.2880651218971258,0.1374832486951528,-0.09734830194128398,-0.11465483002228453,-0.0987301986104888,0.0038043834533088984,-0.16346607100995553,-0.0876864058463647,-0.061811100535888175,0.03652572237598762,-0.025855674595624448,0.24288002726854338,-0.09308987468225177,-0.0386454334936101,0.016433478287942217,-0.224744116213091,-0.035121434493649246,0.2358969186646028,-0.00030831909381732456,0.02055710256278189,-0.10912582164200836,-0.026676602032987114,-0.051264124410563106,0.032371390691590105,-0.025028294581555425,0.1334917623503349,-0.09514764583955194,0.026728559393402882,-0.16706804265413447,-0.017719256492840126,0.036180551287503165,-0.02980225815683773,0.3050088024776266,-0.158619081651073,-0.0513174061431197,-0.09922021939101354,-0.02452440779344116,-0.0473769097215416,0.02475899569103653,-0.025028294581555425,0.1281831600269245,-0.0678636053438084,0.07440111895297524,-0.1623886705844275,0.0455192643397252,-0.05294086897596908,-0.016753527668945764,-0.04241569231469847,0.3063888808714816,-0.16180049517317943,-0.040329435645520134,-0.08104671129791086,0.019588066467574505,0.04135727608882869,-0.04179084064107886,0.014371054765972323,-0.02747512592890189,0.3575094050831932,-0.034894994917515264,-0.24259751727295026,-0.1180692306146022,-0.05068563355867178,-0.015525374015419794,-0.0464801960323448,-0.1539897904853657,0.3520598546714349,0.06294383548205998,-0.1130418814098979,-0.08221508458044861,-0.09357770607048008,0.04127392338024111,-0.23863980017239503,-0.01636553587034311,-0.08291208642778074,-0.1566922256381895,0.3771970684281053,-0.03688301717653507,0.01526459840493449,-0.028645606731152004,-0.049136529819502964,-0.11465483002228453,0.005980457462011736,-0.004354335279267256,0.03400130358128924,0.014464981029118232,-0.007354529617364084,0.008218710540249953,-0.03877382453985999,-0.043713670898706286,-0.02032442970778208,0.029761549236799138,0.014185025824274812,0.03947420969933852,0.010732301265509666,0.034921337846149494,-0.022990440613435924,-0.010291517451967935,-0.01639204004544267,0.2513281638401552,0.041035535500049444,0.2368317118200439,0.15282922324994588,0.4719080685164944,1.0
